canonical_tensor_name,canonical_dtype,canonical_shape,canonical_parameter_count,canonical_payload_bytes,subsystem,component,layer_id,expert_id,initial_text_scope,mapping_status,gguf_tensor_names,gguf_parameter_count,gguf_packed_bytes_allocated,mapping_rule,evidence_ids,confidence,notes
lm_head.weight,BF16,248320x2560,635699200,1271398400,text,lm_head,,,REQUIRED_INITIAL_TEXT,RENAMED_ONE_TO_ONE,output.weight,635699200,675430400,KQ-GGUF-RULE-TENSOR-NAME-v1,KQ-GGUF-EVIDENCE-002,PROVEN_CONVERTER,GGUF dimensions use reversed physical dimension order
model.language_model.embed_tokens.weight,BF16,248320x2560,635699200,1271398400,text,token_embedding,,,REQUIRED_INITIAL_TEXT,RENAMED_ONE_TO_ONE,token_embd.weight,635699200,675430400,KQ-GGUF-RULE-TENSOR-NAME-v1,KQ-GGUF-EVIDENCE-002,PROVEN_CONVERTER,GGUF dimensions use reversed physical dimension order
model.language_model.hyper_connection_mixer.hc_norm.weight,BF16,10240,10240,20480,text,final_gated_residual,,,REQUIRED_INITIAL_TEXT,RENAMED_ONE_TO_ONE,output_hc_norm.weight,10240,40960,KQ-GGUF-RULE-TENSOR-NAME-v1,KQ-GGUF-EVIDENCE-002,PROVEN_CONVERTER,GGUF dimensions use reversed physical dimension order
model.language_model.hyper_connection_mixer.input_mix_weight_down.weight,BF16,320x10240,3276800,6553600,text,final_gated_residual,,,REQUIRED_INITIAL_TEXT,RENAMED_ONE_TO_ONE,output_hc_down.weight,3276800,3481600,KQ-GGUF-RULE-TENSOR-NAME-v1,KQ-GGUF-EVIDENCE-002,PROVEN_CONVERTER,GGUF dimensions use reversed physical dimension order
model.language_model.hyper_connection_mixer.input_mix_weight_up.weight,BF16,10240x320,3276800,6553600,text,final_gated_residual,,,REQUIRED_INITIAL_TEXT,RENAMED_ONE_TO_ONE,output_hc_up.weight,3276800,3481600,KQ-GGUF-RULE-TENSOR-NAME-v1,KQ-GGUF-EVIDENCE-002,PROVEN_CONVERTER,GGUF dimensions use reversed physical dimension order
model.language_model.layers.0.attn_hyper_connection.block_inject_weight.weight,BF16,4x10240,40960,81920,text,gated_residual,0,,REQUIRED_INITIAL_TEXT,RENAMED_ONE_TO_ONE,blk.0.hc_attn_inject.weight,40960,163840,KQ-GGUF-RULE-TENSOR-NAME-v1,KQ-GGUF-EVIDENCE-002,PROVEN_CONVERTER,GGUF dimensions use reversed physical dimension order
model.language_model.layers.0.attn_hyper_connection.hc_norm.weight,BF16,10240,10240,20480,text,gated_residual,0,,REQUIRED_INITIAL_TEXT,RENAMED_ONE_TO_ONE,blk.0.hc_attn_norm.weight,10240,40960,KQ-GGUF-RULE-TENSOR-NAME-v1,KQ-GGUF-EVIDENCE-002,PROVEN_CONVERTER,GGUF dimensions use reversed physical dimension order
model.language_model.layers.0.attn_hyper_connection.input_mix_weight_down.weight,BF16,320x10240,3276800,6553600,text,gated_residual,0,,REQUIRED_INITIAL_TEXT,RENAMED_ONE_TO_ONE,blk.0.hc_attn_down.weight,3276800,3481600,KQ-GGUF-RULE-TENSOR-NAME-v1,KQ-GGUF-EVIDENCE-002,PROVEN_CONVERTER,GGUF dimensions use reversed physical dimension order
model.language_model.layers.0.attn_hyper_connection.input_mix_weight_up.weight,BF16,10240x320,3276800,6553600,text,gated_residual,0,,REQUIRED_INITIAL_TEXT,RENAMED_ONE_TO_ONE,blk.0.hc_attn_up.weight,3276800,3481600,KQ-GGUF-RULE-TENSOR-NAME-v1,KQ-GGUF-EVIDENCE-002,PROVEN_CONVERTER,GGUF dimensions use reversed physical dimension order
model.language_model.layers.0.linear_attn.A_log,BF16,48,48,96,text,gdn,0,,REQUIRED_INITIAL_TEXT,TRANSFORMED_LAYOUT,blk.0.ssm_a,48,192,KQ-GGUF-RULE-CONVERTER-TRANSFORM-v1,KQ-GGUF-EVIDENCE-003,PROVEN_CONVERTER,Converter stores -exp(A_log) in the one-to-one GGUF tensor
model.language_model.layers.0.linear_attn.conv1d.weight,BF16,10240x1x4,40960,81920,text,gdn,0,,REQUIRED_INITIAL_TEXT,TRANSFORMED_LAYOUT,blk.0.ssm_conv1d.weight,40960,163840,KQ-GGUF-RULE-CONVERTER-TRANSFORM-v1,KQ-GGUF-EVIDENCE-003,PROVEN_CONVERTER,Converter removes the singleton convolution dimension
model.language_model.layers.0.linear_attn.dt_bias,BF16,48,48,96,text,gdn,0,,REQUIRED_INITIAL_TEXT,RENAMED_ONE_TO_ONE,blk.0.ssm_dt.bias,48,192,KQ-GGUF-RULE-TENSOR-NAME-v1,KQ-GGUF-EVIDENCE-002,PROVEN_CONVERTER,GGUF dimensions use reversed physical dimension order
model.language_model.layers.0.linear_attn.in_proj_a.weight,BF16,48x2560,122880,245760,text,gdn,0,,REQUIRED_INITIAL_TEXT,TRANSFORMED_LAYOUT,blk.0.ssm_alpha.weight,122880,491520,KQ-GGUF-RULE-CONVERTER-TRANSFORM-v1,KQ-GGUF-EVIDENCE-003,PROVEN_CONVERTER,Converter reorders grouped GDN value-head rows or columns to tiled GGML order
model.language_model.layers.0.linear_attn.in_proj_b.weight,BF16,48x2560,122880,245760,text,gdn,0,,REQUIRED_INITIAL_TEXT,TRANSFORMED_LAYOUT,blk.0.ssm_beta.weight,122880,491520,KQ-GGUF-RULE-CONVERTER-TRANSFORM-v1,KQ-GGUF-EVIDENCE-003,PROVEN_CONVERTER,Converter reorders grouped GDN value-head rows or columns to tiled GGML order
model.language_model.layers.0.linear_attn.in_proj_qkv.weight,BF16,10240x2560,26214400,52428800,text,gdn,0,,REQUIRED_INITIAL_TEXT,TRANSFORMED_LAYOUT,blk.0.attn_qkv.weight,26214400,27852800,KQ-GGUF-RULE-CONVERTER-TRANSFORM-v1,KQ-GGUF-EVIDENCE-003,PROVEN_CONVERTER,Converter reorders grouped GDN value-head rows or columns to tiled GGML order
model.language_model.layers.0.linear_attn.in_proj_z.weight,BF16,6144x2560,15728640,31457280,text,gdn,0,,REQUIRED_INITIAL_TEXT,TRANSFORMED_LAYOUT,blk.0.attn_gate.weight,15728640,16711680,KQ-GGUF-RULE-CONVERTER-TRANSFORM-v1,KQ-GGUF-EVIDENCE-003,PROVEN_CONVERTER,Converter reorders grouped GDN value-head rows or columns to tiled GGML order
model.language_model.layers.0.linear_attn.norm.weight,BF16,128,128,256,text,gdn,0,,REQUIRED_INITIAL_TEXT,RENAMED_ONE_TO_ONE,blk.0.ssm_norm.weight,128,512,KQ-GGUF-RULE-TENSOR-NAME-v1,KQ-GGUF-EVIDENCE-002,PROVEN_CONVERTER,GGUF dimensions use reversed physical dimension order
model.language_model.layers.0.linear_attn.out_proj.weight,BF16,2560x6144,15728640,31457280,text,gdn,0,,REQUIRED_INITIAL_TEXT,TRANSFORMED_LAYOUT,blk.0.ssm_out.weight,15728640,16711680,KQ-GGUF-RULE-CONVERTER-TRANSFORM-v1,KQ-GGUF-EVIDENCE-003,PROVEN_CONVERTER,Converter reorders grouped GDN value-head rows or columns to tiled GGML order
model.language_model.layers.0.mlp.experts.down_proj,BF16,512x2560x640,838860800,1677721600,text,routed_experts,0,STACKED_0_511,REQUIRED_INITIAL_TEXT,RENAMED_ONE_TO_ONE,blk.0.ffn_down_exps.weight,838860800,629145600,KQ-GGUF-RULE-TENSOR-NAME-v1,KQ-GGUF-EVIDENCE-002,PROVEN_CONVERTER,GGUF dimensions use reversed physical dimension order
model.language_model.layers.0.mlp.experts.gate_up_proj,BF16,512x1280x2560,1677721600,3355443200,text,routed_experts,0,STACKED_0_511,REQUIRED_INITIAL_TEXT,SPLIT_IN_GGUF,blk.0.ffn_gate_exps.weight;blk.0.ffn_up_exps.weight,1677721600,943718400,KQ-GGUF-RULE-MOE-SPLIT-v1,KQ-GGUF-EVIDENCE-004,PROVEN_CONVERTER,Canonical projection is split along the converter-defined projection dimension
model.language_model.layers.0.mlp.gate.weight,BF16,512x2560,1310720,2621440,text,router,0,,REQUIRED_INITIAL_TEXT,RENAMED_ONE_TO_ONE,blk.0.ffn_gate_inp.weight,1310720,5242880,KQ-GGUF-RULE-TENSOR-NAME-v1,KQ-GGUF-EVIDENCE-002,PROVEN_CONVERTER,GGUF dimensions use reversed physical dimension order
model.language_model.layers.0.mlp.shared_expert.down_proj.weight,BF16,2560x640,1638400,3276800,text,shared_expert,0,,REQUIRED_INITIAL_TEXT,RENAMED_ONE_TO_ONE,blk.0.ffn_down_shexp.weight,1638400,1740800,KQ-GGUF-RULE-TENSOR-NAME-v1,KQ-GGUF-EVIDENCE-002,PROVEN_CONVERTER,GGUF dimensions use reversed physical dimension order
model.language_model.layers.0.mlp.shared_expert.gate_proj.weight,BF16,640x2560,1638400,3276800,text,shared_expert,0,,REQUIRED_INITIAL_TEXT,RENAMED_ONE_TO_ONE,blk.0.ffn_gate_shexp.weight,1638400,1740800,KQ-GGUF-RULE-TENSOR-NAME-v1,KQ-GGUF-EVIDENCE-002,PROVEN_CONVERTER,GGUF dimensions use reversed physical dimension order
model.language_model.layers.0.mlp.shared_expert.up_proj.weight,BF16,640x2560,1638400,3276800,text,shared_expert,0,,REQUIRED_INITIAL_TEXT,RENAMED_ONE_TO_ONE,blk.0.ffn_up_shexp.weight,1638400,1740800,KQ-GGUF-RULE-TENSOR-NAME-v1,KQ-GGUF-EVIDENCE-002,PROVEN_CONVERTER,GGUF dimensions use reversed physical dimension order
model.language_model.layers.0.mlp.shared_expert_gate.weight,BF16,1x2560,2560,5120,text,shared_expert,0,,REQUIRED_INITIAL_TEXT,RENAMED_ONE_TO_ONE,blk.0.ffn_gate_inp_shexp.weight,2560,10240,KQ-GGUF-RULE-TENSOR-NAME-v1,KQ-GGUF-EVIDENCE-002,PROVEN_CONVERTER,GGUF dimensions use reversed physical dimension order
model.language_model.layers.0.mlp_hyper_connection.block_inject_weight.weight,BF16,4x10240,40960,81920,text,gated_residual,0,,REQUIRED_INITIAL_TEXT,RENAMED_ONE_TO_ONE,blk.0.hc_ffn_inject.weight,40960,163840,KQ-GGUF-RULE-TENSOR-NAME-v1,KQ-GGUF-EVIDENCE-002,PROVEN_CONVERTER,GGUF dimensions use reversed physical dimension order
model.language_model.layers.0.mlp_hyper_connection.hc_norm.weight,BF16,10240,10240,20480,text,gated_residual,0,,REQUIRED_INITIAL_TEXT,RENAMED_ONE_TO_ONE,blk.0.hc_ffn_norm.weight,10240,40960,KQ-GGUF-RULE-TENSOR-NAME-v1,KQ-GGUF-EVIDENCE-002,PROVEN_CONVERTER,GGUF dimensions use reversed physical dimension order
model.language_model.layers.0.mlp_hyper_connection.input_mix_weight_down.weight,BF16,320x10240,3276800,6553600,text,gated_residual,0,,REQUIRED_INITIAL_TEXT,RENAMED_ONE_TO_ONE,blk.0.hc_ffn_down.weight,3276800,3481600,KQ-GGUF-RULE-TENSOR-NAME-v1,KQ-GGUF-EVIDENCE-002,PROVEN_CONVERTER,GGUF dimensions use reversed physical dimension order
model.language_model.layers.0.mlp_hyper_connection.input_mix_weight_up.weight,BF16,10240x320,3276800,6553600,text,gated_residual,0,,REQUIRED_INITIAL_TEXT,RENAMED_ONE_TO_ONE,blk.0.hc_ffn_up.weight,3276800,3481600,KQ-GGUF-RULE-TENSOR-NAME-v1,KQ-GGUF-EVIDENCE-002,PROVEN_CONVERTER,GGUF dimensions use reversed physical dimension order
model.language_model.layers.1.attn_hyper_connection.block_inject_weight.weight,BF16,4x10240,40960,81920,text,gated_residual,1,,REQUIRED_INITIAL_TEXT,RENAMED_ONE_TO_ONE,blk.1.hc_attn_inject.weight,40960,163840,KQ-GGUF-RULE-TENSOR-NAME-v1,KQ-GGUF-EVIDENCE-002,PROVEN_CONVERTER,GGUF dimensions use reversed physical dimension order
model.language_model.layers.1.attn_hyper_connection.hc_norm.weight,BF16,10240,10240,20480,text,gated_residual,1,,REQUIRED_INITIAL_TEXT,RENAMED_ONE_TO_ONE,blk.1.hc_attn_norm.weight,10240,40960,KQ-GGUF-RULE-TENSOR-NAME-v1,KQ-GGUF-EVIDENCE-002,PROVEN_CONVERTER,GGUF dimensions use reversed physical dimension order
model.language_model.layers.1.attn_hyper_connection.input_mix_weight_down.weight,BF16,320x10240,3276800,6553600,text,gated_residual,1,,REQUIRED_INITIAL_TEXT,RENAMED_ONE_TO_ONE,blk.1.hc_attn_down.weight,3276800,3481600,KQ-GGUF-RULE-TENSOR-NAME-v1,KQ-GGUF-EVIDENCE-002,PROVEN_CONVERTER,GGUF dimensions use reversed physical dimension order
model.language_model.layers.1.attn_hyper_connection.input_mix_weight_up.weight,BF16,10240x320,3276800,6553600,text,gated_residual,1,,REQUIRED_INITIAL_TEXT,RENAMED_ONE_TO_ONE,blk.1.hc_attn_up.weight,3276800,3481600,KQ-GGUF-RULE-TENSOR-NAME-v1,KQ-GGUF-EVIDENCE-002,PROVEN_CONVERTER,GGUF dimensions use reversed physical dimension order
model.language_model.layers.1.linear_attn.A_log,BF16,48,48,96,text,gdn,1,,REQUIRED_INITIAL_TEXT,TRANSFORMED_LAYOUT,blk.1.ssm_a,48,192,KQ-GGUF-RULE-CONVERTER-TRANSFORM-v1,KQ-GGUF-EVIDENCE-003,PROVEN_CONVERTER,Converter stores -exp(A_log) in the one-to-one GGUF tensor
model.language_model.layers.1.linear_attn.conv1d.weight,BF16,10240x1x4,40960,81920,text,gdn,1,,REQUIRED_INITIAL_TEXT,TRANSFORMED_LAYOUT,blk.1.ssm_conv1d.weight,40960,163840,KQ-GGUF-RULE-CONVERTER-TRANSFORM-v1,KQ-GGUF-EVIDENCE-003,PROVEN_CONVERTER,Converter removes the singleton convolution dimension
model.language_model.layers.1.linear_attn.dt_bias,BF16,48,48,96,text,gdn,1,,REQUIRED_INITIAL_TEXT,RENAMED_ONE_TO_ONE,blk.1.ssm_dt.bias,48,192,KQ-GGUF-RULE-TENSOR-NAME-v1,KQ-GGUF-EVIDENCE-002,PROVEN_CONVERTER,GGUF dimensions use reversed physical dimension order
model.language_model.layers.1.linear_attn.in_proj_a.weight,BF16,48x2560,122880,245760,text,gdn,1,,REQUIRED_INITIAL_TEXT,TRANSFORMED_LAYOUT,blk.1.ssm_alpha.weight,122880,491520,KQ-GGUF-RULE-CONVERTER-TRANSFORM-v1,KQ-GGUF-EVIDENCE-003,PROVEN_CONVERTER,Converter reorders grouped GDN value-head rows or columns to tiled GGML order
model.language_model.layers.1.linear_attn.in_proj_b.weight,BF16,48x2560,122880,245760,text,gdn,1,,REQUIRED_INITIAL_TEXT,TRANSFORMED_LAYOUT,blk.1.ssm_beta.weight,122880,491520,KQ-GGUF-RULE-CONVERTER-TRANSFORM-v1,KQ-GGUF-EVIDENCE-003,PROVEN_CONVERTER,Converter reorders grouped GDN value-head rows or columns to tiled GGML order
model.language_model.layers.1.linear_attn.in_proj_qkv.weight,BF16,10240x2560,26214400,52428800,text,gdn,1,,REQUIRED_INITIAL_TEXT,TRANSFORMED_LAYOUT,blk.1.attn_qkv.weight,26214400,27852800,KQ-GGUF-RULE-CONVERTER-TRANSFORM-v1,KQ-GGUF-EVIDENCE-003,PROVEN_CONVERTER,Converter reorders grouped GDN value-head rows or columns to tiled GGML order
model.language_model.layers.1.linear_attn.in_proj_z.weight,BF16,6144x2560,15728640,31457280,text,gdn,1,,REQUIRED_INITIAL_TEXT,TRANSFORMED_LAYOUT,blk.1.attn_gate.weight,15728640,16711680,KQ-GGUF-RULE-CONVERTER-TRANSFORM-v1,KQ-GGUF-EVIDENCE-003,PROVEN_CONVERTER,Converter reorders grouped GDN value-head rows or columns to tiled GGML order
model.language_model.layers.1.linear_attn.norm.weight,BF16,128,128,256,text,gdn,1,,REQUIRED_INITIAL_TEXT,RENAMED_ONE_TO_ONE,blk.1.ssm_norm.weight,128,512,KQ-GGUF-RULE-TENSOR-NAME-v1,KQ-GGUF-EVIDENCE-002,PROVEN_CONVERTER,GGUF dimensions use reversed physical dimension order
model.language_model.layers.1.linear_attn.out_proj.weight,BF16,2560x6144,15728640,31457280,text,gdn,1,,REQUIRED_INITIAL_TEXT,TRANSFORMED_LAYOUT,blk.1.ssm_out.weight,15728640,16711680,KQ-GGUF-RULE-CONVERTER-TRANSFORM-v1,KQ-GGUF-EVIDENCE-003,PROVEN_CONVERTER,Converter reorders grouped GDN value-head rows or columns to tiled GGML order
model.language_model.layers.1.mlp.experts.down_proj,BF16,512x2560x640,838860800,1677721600,text,routed_experts,1,STACKED_0_511,REQUIRED_INITIAL_TEXT,RENAMED_ONE_TO_ONE,blk.1.ffn_down_exps.weight,838860800,629145600,KQ-GGUF-RULE-TENSOR-NAME-v1,KQ-GGUF-EVIDENCE-002,PROVEN_CONVERTER,GGUF dimensions use reversed physical dimension order
model.language_model.layers.1.mlp.experts.gate_up_proj,BF16,512x1280x2560,1677721600,3355443200,text,routed_experts,1,STACKED_0_511,REQUIRED_INITIAL_TEXT,SPLIT_IN_GGUF,blk.1.ffn_gate_exps.weight;blk.1.ffn_up_exps.weight,1677721600,943718400,KQ-GGUF-RULE-MOE-SPLIT-v1,KQ-GGUF-EVIDENCE-004,PROVEN_CONVERTER,Canonical projection is split along the converter-defined projection dimension
model.language_model.layers.1.mlp.gate.weight,BF16,512x2560,1310720,2621440,text,router,1,,REQUIRED_INITIAL_TEXT,RENAMED_ONE_TO_ONE,blk.1.ffn_gate_inp.weight,1310720,5242880,KQ-GGUF-RULE-TENSOR-NAME-v1,KQ-GGUF-EVIDENCE-002,PROVEN_CONVERTER,GGUF dimensions use reversed physical dimension order
model.language_model.layers.1.mlp.shared_expert.down_proj.weight,BF16,2560x640,1638400,3276800,text,shared_expert,1,,REQUIRED_INITIAL_TEXT,RENAMED_ONE_TO_ONE,blk.1.ffn_down_shexp.weight,1638400,1740800,KQ-GGUF-RULE-TENSOR-NAME-v1,KQ-GGUF-EVIDENCE-002,PROVEN_CONVERTER,GGUF dimensions use reversed physical dimension order
model.language_model.layers.1.mlp.shared_expert.gate_proj.weight,BF16,640x2560,1638400,3276800,text,shared_expert,1,,REQUIRED_INITIAL_TEXT,RENAMED_ONE_TO_ONE,blk.1.ffn_gate_shexp.weight,1638400,1740800,KQ-GGUF-RULE-TENSOR-NAME-v1,KQ-GGUF-EVIDENCE-002,PROVEN_CONVERTER,GGUF dimensions use reversed physical dimension order
model.language_model.layers.1.mlp.shared_expert.up_proj.weight,BF16,640x2560,1638400,3276800,text,shared_expert,1,,REQUIRED_INITIAL_TEXT,RENAMED_ONE_TO_ONE,blk.1.ffn_up_shexp.weight,1638400,1740800,KQ-GGUF-RULE-TENSOR-NAME-v1,KQ-GGUF-EVIDENCE-002,PROVEN_CONVERTER,GGUF dimensions use reversed physical dimension order
model.language_model.layers.1.mlp.shared_expert_gate.weight,BF16,1x2560,2560,5120,text,shared_expert,1,,REQUIRED_INITIAL_TEXT,RENAMED_ONE_TO_ONE,blk.1.ffn_gate_inp_shexp.weight,2560,10240,KQ-GGUF-RULE-TENSOR-NAME-v1,KQ-GGUF-EVIDENCE-002,PROVEN_CONVERTER,GGUF dimensions use reversed physical dimension order
model.language_model.layers.1.mlp_hyper_connection.block_inject_weight.weight,BF16,4x10240,40960,81920,text,gated_residual,1,,REQUIRED_INITIAL_TEXT,RENAMED_ONE_TO_ONE,blk.1.hc_ffn_inject.weight,40960,163840,KQ-GGUF-RULE-TENSOR-NAME-v1,KQ-GGUF-EVIDENCE-002,PROVEN_CONVERTER,GGUF dimensions use reversed physical dimension order
model.language_model.layers.1.mlp_hyper_connection.hc_norm.weight,BF16,10240,10240,20480,text,gated_residual,1,,REQUIRED_INITIAL_TEXT,RENAMED_ONE_TO_ONE,blk.1.hc_ffn_norm.weight,10240,40960,KQ-GGUF-RULE-TENSOR-NAME-v1,KQ-GGUF-EVIDENCE-002,PROVEN_CONVERTER,GGUF dimensions use reversed physical dimension order
model.language_model.layers.1.mlp_hyper_connection.input_mix_weight_down.weight,BF16,320x10240,3276800,6553600,text,gated_residual,1,,REQUIRED_INITIAL_TEXT,RENAMED_ONE_TO_ONE,blk.1.hc_ffn_down.weight,3276800,3481600,KQ-GGUF-RULE-TENSOR-NAME-v1,KQ-GGUF-EVIDENCE-002,PROVEN_CONVERTER,GGUF dimensions use reversed physical dimension order
model.language_model.layers.1.mlp_hyper_connection.input_mix_weight_up.weight,BF16,10240x320,3276800,6553600,text,gated_residual,1,,REQUIRED_INITIAL_TEXT,RENAMED_ONE_TO_ONE,blk.1.hc_ffn_up.weight,3276800,3481600,KQ-GGUF-RULE-TENSOR-NAME-v1,KQ-GGUF-EVIDENCE-002,PROVEN_CONVERTER,GGUF dimensions use reversed physical dimension order
model.language_model.layers.1.ple.conv1d.weight,BF16,10240x1x4,40960,81920,ple_ngram,ple_dense,1,,REQUIRED_INITIAL_TEXT,TRANSFORMED_LAYOUT,blk.1.ple_conv1d.weight,40960,163840,KQ-GGUF-RULE-CONVERTER-TRANSFORM-v1,KQ-GGUF-EVIDENCE-003,PROVEN_CONVERTER,Converter removes the singleton convolution dimension
model.language_model.layers.1.ple.key_proj.weight,BF16,10240x2560,26214400,52428800,ple_ngram,ple_dense,1,,REQUIRED_INITIAL_TEXT,RENAMED_ONE_TO_ONE,blk.1.ple_key.weight,26214400,27852800,KQ-GGUF-RULE-TENSOR-NAME-v1,KQ-GGUF-EVIDENCE-002,PROVEN_CONVERTER,GGUF dimensions use reversed physical dimension order
model.language_model.layers.1.ple.norm_conv.weight,BF16,10240,10240,20480,ple_ngram,ple_dense,1,,REQUIRED_INITIAL_TEXT,TRANSFORMED_LAYOUT,blk.1.ple_norm_conv.weight,10240,40960,KQ-GGUF-RULE-CONVERTER-TRANSFORM-v1,KQ-GGUF-EVIDENCE-003,PROVEN_CONVERTER,Converter changes zero-centered norm gamma to stored gamma by adding one
model.language_model.layers.1.ple.norm_key.weight,BF16,10240,10240,20480,ple_ngram,ple_dense,1,,REQUIRED_INITIAL_TEXT,TRANSFORMED_LAYOUT,blk.1.ple_norm_key.weight,10240,40960,KQ-GGUF-RULE-CONVERTER-TRANSFORM-v1,KQ-GGUF-EVIDENCE-003,PROVEN_CONVERTER,Converter changes zero-centered norm gamma to stored gamma by adding one
model.language_model.layers.1.ple.norm_query.weight,BF16,10240,10240,20480,ple_ngram,ple_dense,1,,REQUIRED_INITIAL_TEXT,TRANSFORMED_LAYOUT,blk.1.ple_norm_query.weight,10240,40960,KQ-GGUF-RULE-CONVERTER-TRANSFORM-v1,KQ-GGUF-EVIDENCE-003,PROVEN_CONVERTER,Converter changes zero-centered norm gamma to stored gamma by adding one
model.language_model.layers.1.ple.ple_embedding.layer_multipliers,I64,3,3,24,ple_ngram,ple_address_metadata,1,,REQUIRED_INITIAL_TEXT,OMITTED_FORMAT_DERIVED,,0,0,KQ-GGUF-RULE-PLE-KV-v1,KQ-GGUF-EVIDENCE-003,PROVEN_CONVERTER,Exact int64 PLE address constants are represented as GGUF metadata
model.language_model.layers.1.ple.ple_embedding.ngram_embedding.shard_0.weight,BF16,2500012x160,400001920,800003840,ple_ngram,ple_embedding_table,1,,REQUIRED_INITIAL_TEXT,FUSED_INTO_GGUF,per_layer_token_embd.weight,51200245760,225001080,KQ-GGUF-RULE-PLE-FUSION-v1,KQ-GGUF-EVIDENCE-003,PROVEN_CONVERTER,One of 128 canonical PLE table shards concatenated in numeric shard order
model.language_model.layers.1.ple.ple_embedding.ngram_embedding.shard_1.weight,BF16,2500012x160,400001920,800003840,ple_ngram,ple_embedding_table,1,,REQUIRED_INITIAL_TEXT,FUSED_INTO_GGUF,per_layer_token_embd.weight,51200245760,225001080,KQ-GGUF-RULE-PLE-FUSION-v1,KQ-GGUF-EVIDENCE-003,PROVEN_CONVERTER,One of 128 canonical PLE table shards concatenated in numeric shard order
model.language_model.layers.1.ple.ple_embedding.ngram_embedding.shard_10.weight,BF16,2500012x160,400001920,800003840,ple_ngram,ple_embedding_table,1,,REQUIRED_INITIAL_TEXT,FUSED_INTO_GGUF,per_layer_token_embd.weight,51200245760,225001080,KQ-GGUF-RULE-PLE-FUSION-v1,KQ-GGUF-EVIDENCE-003,PROVEN_CONVERTER,One of 128 canonical PLE table shards concatenated in numeric shard order
model.language_model.layers.1.ple.ple_embedding.ngram_embedding.shard_100.weight,BF16,2500012x160,400001920,800003840,ple_ngram,ple_embedding_table,1,,REQUIRED_INITIAL_TEXT,FUSED_INTO_GGUF,per_layer_token_embd.weight,51200245760,225001080,KQ-GGUF-RULE-PLE-FUSION-v1,KQ-GGUF-EVIDENCE-003,PROVEN_CONVERTER,One of 128 canonical PLE table shards concatenated in numeric shard order
model.language_model.layers.1.ple.ple_embedding.ngram_embedding.shard_101.weight,BF16,2500012x160,400001920,800003840,ple_ngram,ple_embedding_table,1,,REQUIRED_INITIAL_TEXT,FUSED_INTO_GGUF,per_layer_token_embd.weight,51200245760,225001080,KQ-GGUF-RULE-PLE-FUSION-v1,KQ-GGUF-EVIDENCE-003,PROVEN_CONVERTER,One of 128 canonical PLE table shards concatenated in numeric shard order
model.language_model.layers.1.ple.ple_embedding.ngram_embedding.shard_102.weight,BF16,2500012x160,400001920,800003840,ple_ngram,ple_embedding_table,1,,REQUIRED_INITIAL_TEXT,FUSED_INTO_GGUF,per_layer_token_embd.weight,51200245760,225001080,KQ-GGUF-RULE-PLE-FUSION-v1,KQ-GGUF-EVIDENCE-003,PROVEN_CONVERTER,One of 128 canonical PLE table shards concatenated in numeric shard order
model.language_model.layers.1.ple.ple_embedding.ngram_embedding.shard_103.weight,BF16,2500012x160,400001920,800003840,ple_ngram,ple_embedding_table,1,,REQUIRED_INITIAL_TEXT,FUSED_INTO_GGUF,per_layer_token_embd.weight,51200245760,225001080,KQ-GGUF-RULE-PLE-FUSION-v1,KQ-GGUF-EVIDENCE-003,PROVEN_CONVERTER,One of 128 canonical PLE table shards concatenated in numeric shard order
model.language_model.layers.1.ple.ple_embedding.ngram_embedding.shard_104.weight,BF16,2500012x160,400001920,800003840,ple_ngram,ple_embedding_table,1,,REQUIRED_INITIAL_TEXT,FUSED_INTO_GGUF,per_layer_token_embd.weight,51200245760,225001080,KQ-GGUF-RULE-PLE-FUSION-v1,KQ-GGUF-EVIDENCE-003,PROVEN_CONVERTER,One of 128 canonical PLE table shards concatenated in numeric shard order
model.language_model.layers.1.ple.ple_embedding.ngram_embedding.shard_105.weight,BF16,2500012x160,400001920,800003840,ple_ngram,ple_embedding_table,1,,REQUIRED_INITIAL_TEXT,FUSED_INTO_GGUF,per_layer_token_embd.weight,51200245760,225001080,KQ-GGUF-RULE-PLE-FUSION-v1,KQ-GGUF-EVIDENCE-003,PROVEN_CONVERTER,One of 128 canonical PLE table shards concatenated in numeric shard order
model.language_model.layers.1.ple.ple_embedding.ngram_embedding.shard_106.weight,BF16,2500012x160,400001920,800003840,ple_ngram,ple_embedding_table,1,,REQUIRED_INITIAL_TEXT,FUSED_INTO_GGUF,per_layer_token_embd.weight,51200245760,225001080,KQ-GGUF-RULE-PLE-FUSION-v1,KQ-GGUF-EVIDENCE-003,PROVEN_CONVERTER,One of 128 canonical PLE table shards concatenated in numeric shard order
model.language_model.layers.1.ple.ple_embedding.ngram_embedding.shard_107.weight,BF16,2500012x160,400001920,800003840,ple_ngram,ple_embedding_table,1,,REQUIRED_INITIAL_TEXT,FUSED_INTO_GGUF,per_layer_token_embd.weight,51200245760,225001080,KQ-GGUF-RULE-PLE-FUSION-v1,KQ-GGUF-EVIDENCE-003,PROVEN_CONVERTER,One of 128 canonical PLE table shards concatenated in numeric shard order
model.language_model.layers.1.ple.ple_embedding.ngram_embedding.shard_108.weight,BF16,2500012x160,400001920,800003840,ple_ngram,ple_embedding_table,1,,REQUIRED_INITIAL_TEXT,FUSED_INTO_GGUF,per_layer_token_embd.weight,51200245760,225001080,KQ-GGUF-RULE-PLE-FUSION-v1,KQ-GGUF-EVIDENCE-003,PROVEN_CONVERTER,One of 128 canonical PLE table shards concatenated in numeric shard order
model.language_model.layers.1.ple.ple_embedding.ngram_embedding.shard_109.weight,BF16,2500012x160,400001920,800003840,ple_ngram,ple_embedding_table,1,,REQUIRED_INITIAL_TEXT,FUSED_INTO_GGUF,per_layer_token_embd.weight,51200245760,225001080,KQ-GGUF-RULE-PLE-FUSION-v1,KQ-GGUF-EVIDENCE-003,PROVEN_CONVERTER,One of 128 canonical PLE table shards concatenated in numeric shard order
model.language_model.layers.1.ple.ple_embedding.ngram_embedding.shard_11.weight,BF16,2500012x160,400001920,800003840,ple_ngram,ple_embedding_table,1,,REQUIRED_INITIAL_TEXT,FUSED_INTO_GGUF,per_layer_token_embd.weight,51200245760,225001080,KQ-GGUF-RULE-PLE-FUSION-v1,KQ-GGUF-EVIDENCE-003,PROVEN_CONVERTER,One of 128 canonical PLE table shards concatenated in numeric shard order
model.language_model.layers.1.ple.ple_embedding.ngram_embedding.shard_110.weight,BF16,2500012x160,400001920,800003840,ple_ngram,ple_embedding_table,1,,REQUIRED_INITIAL_TEXT,FUSED_INTO_GGUF,per_layer_token_embd.weight,51200245760,225001080,KQ-GGUF-RULE-PLE-FUSION-v1,KQ-GGUF-EVIDENCE-003,PROVEN_CONVERTER,One of 128 canonical PLE table shards concatenated in numeric shard order
model.language_model.layers.1.ple.ple_embedding.ngram_embedding.shard_111.weight,BF16,2500012x160,400001920,800003840,ple_ngram,ple_embedding_table,1,,REQUIRED_INITIAL_TEXT,FUSED_INTO_GGUF,per_layer_token_embd.weight,51200245760,225001080,KQ-GGUF-RULE-PLE-FUSION-v1,KQ-GGUF-EVIDENCE-003,PROVEN_CONVERTER,One of 128 canonical PLE table shards concatenated in numeric shard order
model.language_model.layers.1.ple.ple_embedding.ngram_embedding.shard_112.weight,BF16,2500012x160,400001920,800003840,ple_ngram,ple_embedding_table,1,,REQUIRED_INITIAL_TEXT,FUSED_INTO_GGUF,per_layer_token_embd.weight,51200245760,225001080,KQ-GGUF-RULE-PLE-FUSION-v1,KQ-GGUF-EVIDENCE-003,PROVEN_CONVERTER,One of 128 canonical PLE table shards concatenated in numeric shard order
model.language_model.layers.1.ple.ple_embedding.ngram_embedding.shard_113.weight,BF16,2500012x160,400001920,800003840,ple_ngram,ple_embedding_table,1,,REQUIRED_INITIAL_TEXT,FUSED_INTO_GGUF,per_layer_token_embd.weight,51200245760,225001080,KQ-GGUF-RULE-PLE-FUSION-v1,KQ-GGUF-EVIDENCE-003,PROVEN_CONVERTER,One of 128 canonical PLE table shards concatenated in numeric shard order
model.language_model.layers.1.ple.ple_embedding.ngram_embedding.shard_114.weight,BF16,2500012x160,400001920,800003840,ple_ngram,ple_embedding_table,1,,REQUIRED_INITIAL_TEXT,FUSED_INTO_GGUF,per_layer_token_embd.weight,51200245760,225001080,KQ-GGUF-RULE-PLE-FUSION-v1,KQ-GGUF-EVIDENCE-003,PROVEN_CONVERTER,One of 128 canonical PLE table shards concatenated in numeric shard order
model.language_model.layers.1.ple.ple_embedding.ngram_embedding.shard_115.weight,BF16,2500012x160,400001920,800003840,ple_ngram,ple_embedding_table,1,,REQUIRED_INITIAL_TEXT,FUSED_INTO_GGUF,per_layer_token_embd.weight,51200245760,225001080,KQ-GGUF-RULE-PLE-FUSION-v1,KQ-GGUF-EVIDENCE-003,PROVEN_CONVERTER,One of 128 canonical PLE table shards concatenated in numeric shard order
model.language_model.layers.1.ple.ple_embedding.ngram_embedding.shard_116.weight,BF16,2500012x160,400001920,800003840,ple_ngram,ple_embedding_table,1,,REQUIRED_INITIAL_TEXT,FUSED_INTO_GGUF,per_layer_token_embd.weight,51200245760,225001080,KQ-GGUF-RULE-PLE-FUSION-v1,KQ-GGUF-EVIDENCE-003,PROVEN_CONVERTER,One of 128 canonical PLE table shards concatenated in numeric shard order
model.language_model.layers.1.ple.ple_embedding.ngram_embedding.shard_117.weight,BF16,2500012x160,400001920,800003840,ple_ngram,ple_embedding_table,1,,REQUIRED_INITIAL_TEXT,FUSED_INTO_GGUF,per_layer_token_embd.weight,51200245760,225001080,KQ-GGUF-RULE-PLE-FUSION-v1,KQ-GGUF-EVIDENCE-003,PROVEN_CONVERTER,One of 128 canonical PLE table shards concatenated in numeric shard order
model.language_model.layers.1.ple.ple_embedding.ngram_embedding.shard_118.weight,BF16,2500012x160,400001920,800003840,ple_ngram,ple_embedding_table,1,,REQUIRED_INITIAL_TEXT,FUSED_INTO_GGUF,per_layer_token_embd.weight,51200245760,225001080,KQ-GGUF-RULE-PLE-FUSION-v1,KQ-GGUF-EVIDENCE-003,PROVEN_CONVERTER,One of 128 canonical PLE table shards concatenated in numeric shard order
model.language_model.layers.1.ple.ple_embedding.ngram_embedding.shard_119.weight,BF16,2500012x160,400001920,800003840,ple_ngram,ple_embedding_table,1,,REQUIRED_INITIAL_TEXT,FUSED_INTO_GGUF,per_layer_token_embd.weight,51200245760,225001080,KQ-GGUF-RULE-PLE-FUSION-v1,KQ-GGUF-EVIDENCE-003,PROVEN_CONVERTER,One of 128 canonical PLE table shards concatenated in numeric shard order
model.language_model.layers.1.ple.ple_embedding.ngram_embedding.shard_12.weight,BF16,2500012x160,400001920,800003840,ple_ngram,ple_embedding_table,1,,REQUIRED_INITIAL_TEXT,FUSED_INTO_GGUF,per_layer_token_embd.weight,51200245760,225001080,KQ-GGUF-RULE-PLE-FUSION-v1,KQ-GGUF-EVIDENCE-003,PROVEN_CONVERTER,One of 128 canonical PLE table shards concatenated in numeric shard order
model.language_model.layers.1.ple.ple_embedding.ngram_embedding.shard_120.weight,BF16,2500012x160,400001920,800003840,ple_ngram,ple_embedding_table,1,,REQUIRED_INITIAL_TEXT,FUSED_INTO_GGUF,per_layer_token_embd.weight,51200245760,225001080,KQ-GGUF-RULE-PLE-FUSION-v1,KQ-GGUF-EVIDENCE-003,PROVEN_CONVERTER,One of 128 canonical PLE table shards concatenated in numeric shard order
model.language_model.layers.1.ple.ple_embedding.ngram_embedding.shard_121.weight,BF16,2500012x160,400001920,800003840,ple_ngram,ple_embedding_table,1,,REQUIRED_INITIAL_TEXT,FUSED_INTO_GGUF,per_layer_token_embd.weight,51200245760,225001080,KQ-GGUF-RULE-PLE-FUSION-v1,KQ-GGUF-EVIDENCE-003,PROVEN_CONVERTER,One of 128 canonical PLE table shards concatenated in numeric shard order
model.language_model.layers.1.ple.ple_embedding.ngram_embedding.shard_122.weight,BF16,2500012x160,400001920,800003840,ple_ngram,ple_embedding_table,1,,REQUIRED_INITIAL_TEXT,FUSED_INTO_GGUF,per_layer_token_embd.weight,51200245760,225001080,KQ-GGUF-RULE-PLE-FUSION-v1,KQ-GGUF-EVIDENCE-003,PROVEN_CONVERTER,One of 128 canonical PLE table shards concatenated in numeric shard order
model.language_model.layers.1.ple.ple_embedding.ngram_embedding.shard_123.weight,BF16,2500012x160,400001920,800003840,ple_ngram,ple_embedding_table,1,,REQUIRED_INITIAL_TEXT,FUSED_INTO_GGUF,per_layer_token_embd.weight,51200245760,225001080,KQ-GGUF-RULE-PLE-FUSION-v1,KQ-GGUF-EVIDENCE-003,PROVEN_CONVERTER,One of 128 canonical PLE table shards concatenated in numeric shard order
model.language_model.layers.1.ple.ple_embedding.ngram_embedding.shard_124.weight,BF16,2500012x160,400001920,800003840,ple_ngram,ple_embedding_table,1,,REQUIRED_INITIAL_TEXT,FUSED_INTO_GGUF,per_layer_token_embd.weight,51200245760,225001080,KQ-GGUF-RULE-PLE-FUSION-v1,KQ-GGUF-EVIDENCE-003,PROVEN_CONVERTER,One of 128 canonical PLE table shards concatenated in numeric shard order
model.language_model.layers.1.ple.ple_embedding.ngram_embedding.shard_125.weight,BF16,2500012x160,400001920,800003840,ple_ngram,ple_embedding_table,1,,REQUIRED_INITIAL_TEXT,FUSED_INTO_GGUF,per_layer_token_embd.weight,51200245760,225001080,KQ-GGUF-RULE-PLE-FUSION-v1,KQ-GGUF-EVIDENCE-003,PROVEN_CONVERTER,One of 128 canonical PLE table shards concatenated in numeric shard order
model.language_model.layers.1.ple.ple_embedding.ngram_embedding.shard_126.weight,BF16,2500012x160,400001920,800003840,ple_ngram,ple_embedding_table,1,,REQUIRED_INITIAL_TEXT,FUSED_INTO_GGUF,per_layer_token_embd.weight,51200245760,225001080,KQ-GGUF-RULE-PLE-FUSION-v1,KQ-GGUF-EVIDENCE-003,PROVEN_CONVERTER,One of 128 canonical PLE table shards concatenated in numeric shard order
model.language_model.layers.1.ple.ple_embedding.ngram_embedding.shard_127.weight,BF16,2500012x160,400001920,800003840,ple_ngram,ple_embedding_table,1,,REQUIRED_INITIAL_TEXT,FUSED_INTO_GGUF,per_layer_token_embd.weight,51200245760,225001080,KQ-GGUF-RULE-PLE-FUSION-v1,KQ-GGUF-EVIDENCE-003,PROVEN_CONVERTER,One of 128 canonical PLE table shards concatenated in numeric shard order
model.language_model.layers.1.ple.ple_embedding.ngram_embedding.shard_13.weight,BF16,2500012x160,400001920,800003840,ple_ngram,ple_embedding_table,1,,REQUIRED_INITIAL_TEXT,FUSED_INTO_GGUF,per_layer_token_embd.weight,51200245760,225001080,KQ-GGUF-RULE-PLE-FUSION-v1,KQ-GGUF-EVIDENCE-003,PROVEN_CONVERTER,One of 128 canonical PLE table shards concatenated in numeric shard order
model.language_model.layers.1.ple.ple_embedding.ngram_embedding.shard_14.weight,BF16,2500012x160,400001920,800003840,ple_ngram,ple_embedding_table,1,,REQUIRED_INITIAL_TEXT,FUSED_INTO_GGUF,per_layer_token_embd.weight,51200245760,225001080,KQ-GGUF-RULE-PLE-FUSION-v1,KQ-GGUF-EVIDENCE-003,PROVEN_CONVERTER,One of 128 canonical PLE table shards concatenated in numeric shard order
model.language_model.layers.1.ple.ple_embedding.ngram_embedding.shard_15.weight,BF16,2500012x160,400001920,800003840,ple_ngram,ple_embedding_table,1,,REQUIRED_INITIAL_TEXT,FUSED_INTO_GGUF,per_layer_token_embd.weight,51200245760,225001080,KQ-GGUF-RULE-PLE-FUSION-v1,KQ-GGUF-EVIDENCE-003,PROVEN_CONVERTER,One of 128 canonical PLE table shards concatenated in numeric shard order
model.language_model.layers.1.ple.ple_embedding.ngram_embedding.shard_16.weight,BF16,2500012x160,400001920,800003840,ple_ngram,ple_embedding_table,1,,REQUIRED_INITIAL_TEXT,FUSED_INTO_GGUF,per_layer_token_embd.weight,51200245760,225001080,KQ-GGUF-RULE-PLE-FUSION-v1,KQ-GGUF-EVIDENCE-003,PROVEN_CONVERTER,One of 128 canonical PLE table shards concatenated in numeric shard order
model.language_model.layers.1.ple.ple_embedding.ngram_embedding.shard_17.weight,BF16,2500012x160,400001920,800003840,ple_ngram,ple_embedding_table,1,,REQUIRED_INITIAL_TEXT,FUSED_INTO_GGUF,per_layer_token_embd.weight,51200245760,225001080,KQ-GGUF-RULE-PLE-FUSION-v1,KQ-GGUF-EVIDENCE-003,PROVEN_CONVERTER,One of 128 canonical PLE table shards concatenated in numeric shard order
model.language_model.layers.1.ple.ple_embedding.ngram_embedding.shard_18.weight,BF16,2500012x160,400001920,800003840,ple_ngram,ple_embedding_table,1,,REQUIRED_INITIAL_TEXT,FUSED_INTO_GGUF,per_layer_token_embd.weight,51200245760,225001080,KQ-GGUF-RULE-PLE-FUSION-v1,KQ-GGUF-EVIDENCE-003,PROVEN_CONVERTER,One of 128 canonical PLE table shards concatenated in numeric shard order
model.language_model.layers.1.ple.ple_embedding.ngram_embedding.shard_19.weight,BF16,2500012x160,400001920,800003840,ple_ngram,ple_embedding_table,1,,REQUIRED_INITIAL_TEXT,FUSED_INTO_GGUF,per_layer_token_embd.weight,51200245760,225001080,KQ-GGUF-RULE-PLE-FUSION-v1,KQ-GGUF-EVIDENCE-003,PROVEN_CONVERTER,One of 128 canonical PLE table shards concatenated in numeric shard order
model.language_model.layers.1.ple.ple_embedding.ngram_embedding.shard_2.weight,BF16,2500012x160,400001920,800003840,ple_ngram,ple_embedding_table,1,,REQUIRED_INITIAL_TEXT,FUSED_INTO_GGUF,per_layer_token_embd.weight,51200245760,225001080,KQ-GGUF-RULE-PLE-FUSION-v1,KQ-GGUF-EVIDENCE-003,PROVEN_CONVERTER,One of 128 canonical PLE table shards concatenated in numeric shard order
model.language_model.layers.1.ple.ple_embedding.ngram_embedding.shard_20.weight,BF16,2500012x160,400001920,800003840,ple_ngram,ple_embedding_table,1,,REQUIRED_INITIAL_TEXT,FUSED_INTO_GGUF,per_layer_token_embd.weight,51200245760,225001080,KQ-GGUF-RULE-PLE-FUSION-v1,KQ-GGUF-EVIDENCE-003,PROVEN_CONVERTER,One of 128 canonical PLE table shards concatenated in numeric shard order
model.language_model.layers.1.ple.ple_embedding.ngram_embedding.shard_21.weight,BF16,2500012x160,400001920,800003840,ple_ngram,ple_embedding_table,1,,REQUIRED_INITIAL_TEXT,FUSED_INTO_GGUF,per_layer_token_embd.weight,51200245760,225001080,KQ-GGUF-RULE-PLE-FUSION-v1,KQ-GGUF-EVIDENCE-003,PROVEN_CONVERTER,One of 128 canonical PLE table shards concatenated in numeric shard order
model.language_model.layers.1.ple.ple_embedding.ngram_embedding.shard_22.weight,BF16,2500012x160,400001920,800003840,ple_ngram,ple_embedding_table,1,,REQUIRED_INITIAL_TEXT,FUSED_INTO_GGUF,per_layer_token_embd.weight,51200245760,225001080,KQ-GGUF-RULE-PLE-FUSION-v1,KQ-GGUF-EVIDENCE-003,PROVEN_CONVERTER,One of 128 canonical PLE table shards concatenated in numeric shard order
model.language_model.layers.1.ple.ple_embedding.ngram_embedding.shard_23.weight,BF16,2500012x160,400001920,800003840,ple_ngram,ple_embedding_table,1,,REQUIRED_INITIAL_TEXT,FUSED_INTO_GGUF,per_layer_token_embd.weight,51200245760,225001080,KQ-GGUF-RULE-PLE-FUSION-v1,KQ-GGUF-EVIDENCE-003,PROVEN_CONVERTER,One of 128 canonical PLE table shards concatenated in numeric shard order
model.language_model.layers.1.ple.ple_embedding.ngram_embedding.shard_24.weight,BF16,2500012x160,400001920,800003840,ple_ngram,ple_embedding_table,1,,REQUIRED_INITIAL_TEXT,FUSED_INTO_GGUF,per_layer_token_embd.weight,51200245760,225001080,KQ-GGUF-RULE-PLE-FUSION-v1,KQ-GGUF-EVIDENCE-003,PROVEN_CONVERTER,One of 128 canonical PLE table shards concatenated in numeric shard order
model.language_model.layers.1.ple.ple_embedding.ngram_embedding.shard_25.weight,BF16,2500012x160,400001920,800003840,ple_ngram,ple_embedding_table,1,,REQUIRED_INITIAL_TEXT,FUSED_INTO_GGUF,per_layer_token_embd.weight,51200245760,225001080,KQ-GGUF-RULE-PLE-FUSION-v1,KQ-GGUF-EVIDENCE-003,PROVEN_CONVERTER,One of 128 canonical PLE table shards concatenated in numeric shard order
model.language_model.layers.1.ple.ple_embedding.ngram_embedding.shard_26.weight,BF16,2500012x160,400001920,800003840,ple_ngram,ple_embedding_table,1,,REQUIRED_INITIAL_TEXT,FUSED_INTO_GGUF,per_layer_token_embd.weight,51200245760,225001080,KQ-GGUF-RULE-PLE-FUSION-v1,KQ-GGUF-EVIDENCE-003,PROVEN_CONVERTER,One of 128 canonical PLE table shards concatenated in numeric shard order
model.language_model.layers.1.ple.ple_embedding.ngram_embedding.shard_27.weight,BF16,2500012x160,400001920,800003840,ple_ngram,ple_embedding_table,1,,REQUIRED_INITIAL_TEXT,FUSED_INTO_GGUF,per_layer_token_embd.weight,51200245760,225001080,KQ-GGUF-RULE-PLE-FUSION-v1,KQ-GGUF-EVIDENCE-003,PROVEN_CONVERTER,One of 128 canonical PLE table shards concatenated in numeric shard order
model.language_model.layers.1.ple.ple_embedding.ngram_embedding.shard_28.weight,BF16,2500012x160,400001920,800003840,ple_ngram,ple_embedding_table,1,,REQUIRED_INITIAL_TEXT,FUSED_INTO_GGUF,per_layer_token_embd.weight,51200245760,225001080,KQ-GGUF-RULE-PLE-FUSION-v1,KQ-GGUF-EVIDENCE-003,PROVEN_CONVERTER,One of 128 canonical PLE table shards concatenated in numeric shard order
model.language_model.layers.1.ple.ple_embedding.ngram_embedding.shard_29.weight,BF16,2500012x160,400001920,800003840,ple_ngram,ple_embedding_table,1,,REQUIRED_INITIAL_TEXT,FUSED_INTO_GGUF,per_layer_token_embd.weight,51200245760,225001080,KQ-GGUF-RULE-PLE-FUSION-v1,KQ-GGUF-EVIDENCE-003,PROVEN_CONVERTER,One of 128 canonical PLE table shards concatenated in numeric shard order
model.language_model.layers.1.ple.ple_embedding.ngram_embedding.shard_3.weight,BF16,2500012x160,400001920,800003840,ple_ngram,ple_embedding_table,1,,REQUIRED_INITIAL_TEXT,FUSED_INTO_GGUF,per_layer_token_embd.weight,51200245760,225001080,KQ-GGUF-RULE-PLE-FUSION-v1,KQ-GGUF-EVIDENCE-003,PROVEN_CONVERTER,One of 128 canonical PLE table shards concatenated in numeric shard order
model.language_model.layers.1.ple.ple_embedding.ngram_embedding.shard_30.weight,BF16,2500012x160,400001920,800003840,ple_ngram,ple_embedding_table,1,,REQUIRED_INITIAL_TEXT,FUSED_INTO_GGUF,per_layer_token_embd.weight,51200245760,225001080,KQ-GGUF-RULE-PLE-FUSION-v1,KQ-GGUF-EVIDENCE-003,PROVEN_CONVERTER,One of 128 canonical PLE table shards concatenated in numeric shard order
model.language_model.layers.1.ple.ple_embedding.ngram_embedding.shard_31.weight,BF16,2500012x160,400001920,800003840,ple_ngram,ple_embedding_table,1,,REQUIRED_INITIAL_TEXT,FUSED_INTO_GGUF,per_layer_token_embd.weight,51200245760,225001080,KQ-GGUF-RULE-PLE-FUSION-v1,KQ-GGUF-EVIDENCE-003,PROVEN_CONVERTER,One of 128 canonical PLE table shards concatenated in numeric shard order
model.language_model.layers.1.ple.ple_embedding.ngram_embedding.shard_32.weight,BF16,2500012x160,400001920,800003840,ple_ngram,ple_embedding_table,1,,REQUIRED_INITIAL_TEXT,FUSED_INTO_GGUF,per_layer_token_embd.weight,51200245760,225001080,KQ-GGUF-RULE-PLE-FUSION-v1,KQ-GGUF-EVIDENCE-003,PROVEN_CONVERTER,One of 128 canonical PLE table shards concatenated in numeric shard order
model.language_model.layers.1.ple.ple_embedding.ngram_embedding.shard_33.weight,BF16,2500012x160,400001920,800003840,ple_ngram,ple_embedding_table,1,,REQUIRED_INITIAL_TEXT,FUSED_INTO_GGUF,per_layer_token_embd.weight,51200245760,225001080,KQ-GGUF-RULE-PLE-FUSION-v1,KQ-GGUF-EVIDENCE-003,PROVEN_CONVERTER,One of 128 canonical PLE table shards concatenated in numeric shard order
model.language_model.layers.1.ple.ple_embedding.ngram_embedding.shard_34.weight,BF16,2500012x160,400001920,800003840,ple_ngram,ple_embedding_table,1,,REQUIRED_INITIAL_TEXT,FUSED_INTO_GGUF,per_layer_token_embd.weight,51200245760,225001080,KQ-GGUF-RULE-PLE-FUSION-v1,KQ-GGUF-EVIDENCE-003,PROVEN_CONVERTER,One of 128 canonical PLE table shards concatenated in numeric shard order
model.language_model.layers.1.ple.ple_embedding.ngram_embedding.shard_35.weight,BF16,2500012x160,400001920,800003840,ple_ngram,ple_embedding_table,1,,REQUIRED_INITIAL_TEXT,FUSED_INTO_GGUF,per_layer_token_embd.weight,51200245760,225001080,KQ-GGUF-RULE-PLE-FUSION-v1,KQ-GGUF-EVIDENCE-003,PROVEN_CONVERTER,One of 128 canonical PLE table shards concatenated in numeric shard order
model.language_model.layers.1.ple.ple_embedding.ngram_embedding.shard_36.weight,BF16,2500012x160,400001920,800003840,ple_ngram,ple_embedding_table,1,,REQUIRED_INITIAL_TEXT,FUSED_INTO_GGUF,per_layer_token_embd.weight,51200245760,225001080,KQ-GGUF-RULE-PLE-FUSION-v1,KQ-GGUF-EVIDENCE-003,PROVEN_CONVERTER,One of 128 canonical PLE table shards concatenated in numeric shard order
model.language_model.layers.1.ple.ple_embedding.ngram_embedding.shard_37.weight,BF16,2500012x160,400001920,800003840,ple_ngram,ple_embedding_table,1,,REQUIRED_INITIAL_TEXT,FUSED_INTO_GGUF,per_layer_token_embd.weight,51200245760,225001080,KQ-GGUF-RULE-PLE-FUSION-v1,KQ-GGUF-EVIDENCE-003,PROVEN_CONVERTER,One of 128 canonical PLE table shards concatenated in numeric shard order
model.language_model.layers.1.ple.ple_embedding.ngram_embedding.shard_38.weight,BF16,2500012x160,400001920,800003840,ple_ngram,ple_embedding_table,1,,REQUIRED_INITIAL_TEXT,FUSED_INTO_GGUF,per_layer_token_embd.weight,51200245760,225001080,KQ-GGUF-RULE-PLE-FUSION-v1,KQ-GGUF-EVIDENCE-003,PROVEN_CONVERTER,One of 128 canonical PLE table shards concatenated in numeric shard order
model.language_model.layers.1.ple.ple_embedding.ngram_embedding.shard_39.weight,BF16,2500012x160,400001920,800003840,ple_ngram,ple_embedding_table,1,,REQUIRED_INITIAL_TEXT,FUSED_INTO_GGUF,per_layer_token_embd.weight,51200245760,225001080,KQ-GGUF-RULE-PLE-FUSION-v1,KQ-GGUF-EVIDENCE-003,PROVEN_CONVERTER,One of 128 canonical PLE table shards concatenated in numeric shard order
model.language_model.layers.1.ple.ple_embedding.ngram_embedding.shard_4.weight,BF16,2500012x160,400001920,800003840,ple_ngram,ple_embedding_table,1,,REQUIRED_INITIAL_TEXT,FUSED_INTO_GGUF,per_layer_token_embd.weight,51200245760,225001080,KQ-GGUF-RULE-PLE-FUSION-v1,KQ-GGUF-EVIDENCE-003,PROVEN_CONVERTER,One of 128 canonical PLE table shards concatenated in numeric shard order
model.language_model.layers.1.ple.ple_embedding.ngram_embedding.shard_40.weight,BF16,2500012x160,400001920,800003840,ple_ngram,ple_embedding_table,1,,REQUIRED_INITIAL_TEXT,FUSED_INTO_GGUF,per_layer_token_embd.weight,51200245760,225001080,KQ-GGUF-RULE-PLE-FUSION-v1,KQ-GGUF-EVIDENCE-003,PROVEN_CONVERTER,One of 128 canonical PLE table shards concatenated in numeric shard order
model.language_model.layers.1.ple.ple_embedding.ngram_embedding.shard_41.weight,BF16,2500012x160,400001920,800003840,ple_ngram,ple_embedding_table,1,,REQUIRED_INITIAL_TEXT,FUSED_INTO_GGUF,per_layer_token_embd.weight,51200245760,225001080,KQ-GGUF-RULE-PLE-FUSION-v1,KQ-GGUF-EVIDENCE-003,PROVEN_CONVERTER,One of 128 canonical PLE table shards concatenated in numeric shard order
model.language_model.layers.1.ple.ple_embedding.ngram_embedding.shard_42.weight,BF16,2500012x160,400001920,800003840,ple_ngram,ple_embedding_table,1,,REQUIRED_INITIAL_TEXT,FUSED_INTO_GGUF,per_layer_token_embd.weight,51200245760,225001080,KQ-GGUF-RULE-PLE-FUSION-v1,KQ-GGUF-EVIDENCE-003,PROVEN_CONVERTER,One of 128 canonical PLE table shards concatenated in numeric shard order
model.language_model.layers.1.ple.ple_embedding.ngram_embedding.shard_43.weight,BF16,2500012x160,400001920,800003840,ple_ngram,ple_embedding_table,1,,REQUIRED_INITIAL_TEXT,FUSED_INTO_GGUF,per_layer_token_embd.weight,51200245760,225001080,KQ-GGUF-RULE-PLE-FUSION-v1,KQ-GGUF-EVIDENCE-003,PROVEN_CONVERTER,One of 128 canonical PLE table shards concatenated in numeric shard order
model.language_model.layers.1.ple.ple_embedding.ngram_embedding.shard_44.weight,BF16,2500012x160,400001920,800003840,ple_ngram,ple_embedding_table,1,,REQUIRED_INITIAL_TEXT,FUSED_INTO_GGUF,per_layer_token_embd.weight,51200245760,225001080,KQ-GGUF-RULE-PLE-FUSION-v1,KQ-GGUF-EVIDENCE-003,PROVEN_CONVERTER,One of 128 canonical PLE table shards concatenated in numeric shard order
model.language_model.layers.1.ple.ple_embedding.ngram_embedding.shard_45.weight,BF16,2500012x160,400001920,800003840,ple_ngram,ple_embedding_table,1,,REQUIRED_INITIAL_TEXT,FUSED_INTO_GGUF,per_layer_token_embd.weight,51200245760,225001080,KQ-GGUF-RULE-PLE-FUSION-v1,KQ-GGUF-EVIDENCE-003,PROVEN_CONVERTER,One of 128 canonical PLE table shards concatenated in numeric shard order
model.language_model.layers.1.ple.ple_embedding.ngram_embedding.shard_46.weight,BF16,2500012x160,400001920,800003840,ple_ngram,ple_embedding_table,1,,REQUIRED_INITIAL_TEXT,FUSED_INTO_GGUF,per_layer_token_embd.weight,51200245760,225001080,KQ-GGUF-RULE-PLE-FUSION-v1,KQ-GGUF-EVIDENCE-003,PROVEN_CONVERTER,One of 128 canonical PLE table shards concatenated in numeric shard order
model.language_model.layers.1.ple.ple_embedding.ngram_embedding.shard_47.weight,BF16,2500012x160,400001920,800003840,ple_ngram,ple_embedding_table,1,,REQUIRED_INITIAL_TEXT,FUSED_INTO_GGUF,per_layer_token_embd.weight,51200245760,225001080,KQ-GGUF-RULE-PLE-FUSION-v1,KQ-GGUF-EVIDENCE-003,PROVEN_CONVERTER,One of 128 canonical PLE table shards concatenated in numeric shard order
model.language_model.layers.1.ple.ple_embedding.ngram_embedding.shard_48.weight,BF16,2500012x160,400001920,800003840,ple_ngram,ple_embedding_table,1,,REQUIRED_INITIAL_TEXT,FUSED_INTO_GGUF,per_layer_token_embd.weight,51200245760,225001080,KQ-GGUF-RULE-PLE-FUSION-v1,KQ-GGUF-EVIDENCE-003,PROVEN_CONVERTER,One of 128 canonical PLE table shards concatenated in numeric shard order
model.language_model.layers.1.ple.ple_embedding.ngram_embedding.shard_49.weight,BF16,2500012x160,400001920,800003840,ple_ngram,ple_embedding_table,1,,REQUIRED_INITIAL_TEXT,FUSED_INTO_GGUF,per_layer_token_embd.weight,51200245760,225001080,KQ-GGUF-RULE-PLE-FUSION-v1,KQ-GGUF-EVIDENCE-003,PROVEN_CONVERTER,One of 128 canonical PLE table shards concatenated in numeric shard order
model.language_model.layers.1.ple.ple_embedding.ngram_embedding.shard_5.weight,BF16,2500012x160,400001920,800003840,ple_ngram,ple_embedding_table,1,,REQUIRED_INITIAL_TEXT,FUSED_INTO_GGUF,per_layer_token_embd.weight,51200245760,225001080,KQ-GGUF-RULE-PLE-FUSION-v1,KQ-GGUF-EVIDENCE-003,PROVEN_CONVERTER,One of 128 canonical PLE table shards concatenated in numeric shard order
model.language_model.layers.1.ple.ple_embedding.ngram_embedding.shard_50.weight,BF16,2500012x160,400001920,800003840,ple_ngram,ple_embedding_table,1,,REQUIRED_INITIAL_TEXT,FUSED_INTO_GGUF,per_layer_token_embd.weight,51200245760,225001080,KQ-GGUF-RULE-PLE-FUSION-v1,KQ-GGUF-EVIDENCE-003,PROVEN_CONVERTER,One of 128 canonical PLE table shards concatenated in numeric shard order
model.language_model.layers.1.ple.ple_embedding.ngram_embedding.shard_51.weight,BF16,2500012x160,400001920,800003840,ple_ngram,ple_embedding_table,1,,REQUIRED_INITIAL_TEXT,FUSED_INTO_GGUF,per_layer_token_embd.weight,51200245760,225001080,KQ-GGUF-RULE-PLE-FUSION-v1,KQ-GGUF-EVIDENCE-003,PROVEN_CONVERTER,One of 128 canonical PLE table shards concatenated in numeric shard order
model.language_model.layers.1.ple.ple_embedding.ngram_embedding.shard_52.weight,BF16,2500012x160,400001920,800003840,ple_ngram,ple_embedding_table,1,,REQUIRED_INITIAL_TEXT,FUSED_INTO_GGUF,per_layer_token_embd.weight,51200245760,225001080,KQ-GGUF-RULE-PLE-FUSION-v1,KQ-GGUF-EVIDENCE-003,PROVEN_CONVERTER,One of 128 canonical PLE table shards concatenated in numeric shard order
model.language_model.layers.1.ple.ple_embedding.ngram_embedding.shard_53.weight,BF16,2500012x160,400001920,800003840,ple_ngram,ple_embedding_table,1,,REQUIRED_INITIAL_TEXT,FUSED_INTO_GGUF,per_layer_token_embd.weight,51200245760,225001080,KQ-GGUF-RULE-PLE-FUSION-v1,KQ-GGUF-EVIDENCE-003,PROVEN_CONVERTER,One of 128 canonical PLE table shards concatenated in numeric shard order
model.language_model.layers.1.ple.ple_embedding.ngram_embedding.shard_54.weight,BF16,2500012x160,400001920,800003840,ple_ngram,ple_embedding_table,1,,REQUIRED_INITIAL_TEXT,FUSED_INTO_GGUF,per_layer_token_embd.weight,51200245760,225001080,KQ-GGUF-RULE-PLE-FUSION-v1,KQ-GGUF-EVIDENCE-003,PROVEN_CONVERTER,One of 128 canonical PLE table shards concatenated in numeric shard order
model.language_model.layers.1.ple.ple_embedding.ngram_embedding.shard_55.weight,BF16,2500012x160,400001920,800003840,ple_ngram,ple_embedding_table,1,,REQUIRED_INITIAL_TEXT,FUSED_INTO_GGUF,per_layer_token_embd.weight,51200245760,225001080,KQ-GGUF-RULE-PLE-FUSION-v1,KQ-GGUF-EVIDENCE-003,PROVEN_CONVERTER,One of 128 canonical PLE table shards concatenated in numeric shard order
model.language_model.layers.1.ple.ple_embedding.ngram_embedding.shard_56.weight,BF16,2500012x160,400001920,800003840,ple_ngram,ple_embedding_table,1,,REQUIRED_INITIAL_TEXT,FUSED_INTO_GGUF,per_layer_token_embd.weight,51200245760,225001080,KQ-GGUF-RULE-PLE-FUSION-v1,KQ-GGUF-EVIDENCE-003,PROVEN_CONVERTER,One of 128 canonical PLE table shards concatenated in numeric shard order
model.language_model.layers.1.ple.ple_embedding.ngram_embedding.shard_57.weight,BF16,2500012x160,400001920,800003840,ple_ngram,ple_embedding_table,1,,REQUIRED_INITIAL_TEXT,FUSED_INTO_GGUF,per_layer_token_embd.weight,51200245760,225001080,KQ-GGUF-RULE-PLE-FUSION-v1,KQ-GGUF-EVIDENCE-003,PROVEN_CONVERTER,One of 128 canonical PLE table shards concatenated in numeric shard order
model.language_model.layers.1.ple.ple_embedding.ngram_embedding.shard_58.weight,BF16,2500012x160,400001920,800003840,ple_ngram,ple_embedding_table,1,,REQUIRED_INITIAL_TEXT,FUSED_INTO_GGUF,per_layer_token_embd.weight,51200245760,225001080,KQ-GGUF-RULE-PLE-FUSION-v1,KQ-GGUF-EVIDENCE-003,PROVEN_CONVERTER,One of 128 canonical PLE table shards concatenated in numeric shard order
model.language_model.layers.1.ple.ple_embedding.ngram_embedding.shard_59.weight,BF16,2500012x160,400001920,800003840,ple_ngram,ple_embedding_table,1,,REQUIRED_INITIAL_TEXT,FUSED_INTO_GGUF,per_layer_token_embd.weight,51200245760,225001080,KQ-GGUF-RULE-PLE-FUSION-v1,KQ-GGUF-EVIDENCE-003,PROVEN_CONVERTER,One of 128 canonical PLE table shards concatenated in numeric shard order
model.language_model.layers.1.ple.ple_embedding.ngram_embedding.shard_6.weight,BF16,2500012x160,400001920,800003840,ple_ngram,ple_embedding_table,1,,REQUIRED_INITIAL_TEXT,FUSED_INTO_GGUF,per_layer_token_embd.weight,51200245760,225001080,KQ-GGUF-RULE-PLE-FUSION-v1,KQ-GGUF-EVIDENCE-003,PROVEN_CONVERTER,One of 128 canonical PLE table shards concatenated in numeric shard order
model.language_model.layers.1.ple.ple_embedding.ngram_embedding.shard_60.weight,BF16,2500012x160,400001920,800003840,ple_ngram,ple_embedding_table,1,,REQUIRED_INITIAL_TEXT,FUSED_INTO_GGUF,per_layer_token_embd.weight,51200245760,225001080,KQ-GGUF-RULE-PLE-FUSION-v1,KQ-GGUF-EVIDENCE-003,PROVEN_CONVERTER,One of 128 canonical PLE table shards concatenated in numeric shard order
model.language_model.layers.1.ple.ple_embedding.ngram_embedding.shard_61.weight,BF16,2500012x160,400001920,800003840,ple_ngram,ple_embedding_table,1,,REQUIRED_INITIAL_TEXT,FUSED_INTO_GGUF,per_layer_token_embd.weight,51200245760,225001080,KQ-GGUF-RULE-PLE-FUSION-v1,KQ-GGUF-EVIDENCE-003,PROVEN_CONVERTER,One of 128 canonical PLE table shards concatenated in numeric shard order
model.language_model.layers.1.ple.ple_embedding.ngram_embedding.shard_62.weight,BF16,2500012x160,400001920,800003840,ple_ngram,ple_embedding_table,1,,REQUIRED_INITIAL_TEXT,FUSED_INTO_GGUF,per_layer_token_embd.weight,51200245760,225001080,KQ-GGUF-RULE-PLE-FUSION-v1,KQ-GGUF-EVIDENCE-003,PROVEN_CONVERTER,One of 128 canonical PLE table shards concatenated in numeric shard order
model.language_model.layers.1.ple.ple_embedding.ngram_embedding.shard_63.weight,BF16,2500012x160,400001920,800003840,ple_ngram,ple_embedding_table,1,,REQUIRED_INITIAL_TEXT,FUSED_INTO_GGUF,per_layer_token_embd.weight,51200245760,225001080,KQ-GGUF-RULE-PLE-FUSION-v1,KQ-GGUF-EVIDENCE-003,PROVEN_CONVERTER,One of 128 canonical PLE table shards concatenated in numeric shard order
model.language_model.layers.1.ple.ple_embedding.ngram_embedding.shard_64.weight,BF16,2500012x160,400001920,800003840,ple_ngram,ple_embedding_table,1,,REQUIRED_INITIAL_TEXT,FUSED_INTO_GGUF,per_layer_token_embd.weight,51200245760,225001080,KQ-GGUF-RULE-PLE-FUSION-v1,KQ-GGUF-EVIDENCE-003,PROVEN_CONVERTER,One of 128 canonical PLE table shards concatenated in numeric shard order
model.language_model.layers.1.ple.ple_embedding.ngram_embedding.shard_65.weight,BF16,2500012x160,400001920,800003840,ple_ngram,ple_embedding_table,1,,REQUIRED_INITIAL_TEXT,FUSED_INTO_GGUF,per_layer_token_embd.weight,51200245760,225001080,KQ-GGUF-RULE-PLE-FUSION-v1,KQ-GGUF-EVIDENCE-003,PROVEN_CONVERTER,One of 128 canonical PLE table shards concatenated in numeric shard order
model.language_model.layers.1.ple.ple_embedding.ngram_embedding.shard_66.weight,BF16,2500012x160,400001920,800003840,ple_ngram,ple_embedding_table,1,,REQUIRED_INITIAL_TEXT,FUSED_INTO_GGUF,per_layer_token_embd.weight,51200245760,225001080,KQ-GGUF-RULE-PLE-FUSION-v1,KQ-GGUF-EVIDENCE-003,PROVEN_CONVERTER,One of 128 canonical PLE table shards concatenated in numeric shard order
model.language_model.layers.1.ple.ple_embedding.ngram_embedding.shard_67.weight,BF16,2500012x160,400001920,800003840,ple_ngram,ple_embedding_table,1,,REQUIRED_INITIAL_TEXT,FUSED_INTO_GGUF,per_layer_token_embd.weight,51200245760,225001080,KQ-GGUF-RULE-PLE-FUSION-v1,KQ-GGUF-EVIDENCE-003,PROVEN_CONVERTER,One of 128 canonical PLE table shards concatenated in numeric shard order
model.language_model.layers.1.ple.ple_embedding.ngram_embedding.shard_68.weight,BF16,2500012x160,400001920,800003840,ple_ngram,ple_embedding_table,1,,REQUIRED_INITIAL_TEXT,FUSED_INTO_GGUF,per_layer_token_embd.weight,51200245760,225001080,KQ-GGUF-RULE-PLE-FUSION-v1,KQ-GGUF-EVIDENCE-003,PROVEN_CONVERTER,One of 128 canonical PLE table shards concatenated in numeric shard order
model.language_model.layers.1.ple.ple_embedding.ngram_embedding.shard_69.weight,BF16,2500012x160,400001920,800003840,ple_ngram,ple_embedding_table,1,,REQUIRED_INITIAL_TEXT,FUSED_INTO_GGUF,per_layer_token_embd.weight,51200245760,225001080,KQ-GGUF-RULE-PLE-FUSION-v1,KQ-GGUF-EVIDENCE-003,PROVEN_CONVERTER,One of 128 canonical PLE table shards concatenated in numeric shard order
model.language_model.layers.1.ple.ple_embedding.ngram_embedding.shard_7.weight,BF16,2500012x160,400001920,800003840,ple_ngram,ple_embedding_table,1,,REQUIRED_INITIAL_TEXT,FUSED_INTO_GGUF,per_layer_token_embd.weight,51200245760,225001080,KQ-GGUF-RULE-PLE-FUSION-v1,KQ-GGUF-EVIDENCE-003,PROVEN_CONVERTER,One of 128 canonical PLE table shards concatenated in numeric shard order
model.language_model.layers.1.ple.ple_embedding.ngram_embedding.shard_70.weight,BF16,2500012x160,400001920,800003840,ple_ngram,ple_embedding_table,1,,REQUIRED_INITIAL_TEXT,FUSED_INTO_GGUF,per_layer_token_embd.weight,51200245760,225001080,KQ-GGUF-RULE-PLE-FUSION-v1,KQ-GGUF-EVIDENCE-003,PROVEN_CONVERTER,One of 128 canonical PLE table shards concatenated in numeric shard order
model.language_model.layers.1.ple.ple_embedding.ngram_embedding.shard_71.weight,BF16,2500012x160,400001920,800003840,ple_ngram,ple_embedding_table,1,,REQUIRED_INITIAL_TEXT,FUSED_INTO_GGUF,per_layer_token_embd.weight,51200245760,225001080,KQ-GGUF-RULE-PLE-FUSION-v1,KQ-GGUF-EVIDENCE-003,PROVEN_CONVERTER,One of 128 canonical PLE table shards concatenated in numeric shard order
model.language_model.layers.1.ple.ple_embedding.ngram_embedding.shard_72.weight,BF16,2500012x160,400001920,800003840,ple_ngram,ple_embedding_table,1,,REQUIRED_INITIAL_TEXT,FUSED_INTO_GGUF,per_layer_token_embd.weight,51200245760,225001080,KQ-GGUF-RULE-PLE-FUSION-v1,KQ-GGUF-EVIDENCE-003,PROVEN_CONVERTER,One of 128 canonical PLE table shards concatenated in numeric shard order
model.language_model.layers.1.ple.ple_embedding.ngram_embedding.shard_73.weight,BF16,2500012x160,400001920,800003840,ple_ngram,ple_embedding_table,1,,REQUIRED_INITIAL_TEXT,FUSED_INTO_GGUF,per_layer_token_embd.weight,51200245760,225001080,KQ-GGUF-RULE-PLE-FUSION-v1,KQ-GGUF-EVIDENCE-003,PROVEN_CONVERTER,One of 128 canonical PLE table shards concatenated in numeric shard order
model.language_model.layers.1.ple.ple_embedding.ngram_embedding.shard_74.weight,BF16,2500012x160,400001920,800003840,ple_ngram,ple_embedding_table,1,,REQUIRED_INITIAL_TEXT,FUSED_INTO_GGUF,per_layer_token_embd.weight,51200245760,225001080,KQ-GGUF-RULE-PLE-FUSION-v1,KQ-GGUF-EVIDENCE-003,PROVEN_CONVERTER,One of 128 canonical PLE table shards concatenated in numeric shard order
model.language_model.layers.1.ple.ple_embedding.ngram_embedding.shard_75.weight,BF16,2500012x160,400001920,800003840,ple_ngram,ple_embedding_table,1,,REQUIRED_INITIAL_TEXT,FUSED_INTO_GGUF,per_layer_token_embd.weight,51200245760,225001080,KQ-GGUF-RULE-PLE-FUSION-v1,KQ-GGUF-EVIDENCE-003,PROVEN_CONVERTER,One of 128 canonical PLE table shards concatenated in numeric shard order
model.language_model.layers.1.ple.ple_embedding.ngram_embedding.shard_76.weight,BF16,2500012x160,400001920,800003840,ple_ngram,ple_embedding_table,1,,REQUIRED_INITIAL_TEXT,FUSED_INTO_GGUF,per_layer_token_embd.weight,51200245760,225001080,KQ-GGUF-RULE-PLE-FUSION-v1,KQ-GGUF-EVIDENCE-003,PROVEN_CONVERTER,One of 128 canonical PLE table shards concatenated in numeric shard order
model.language_model.layers.1.ple.ple_embedding.ngram_embedding.shard_77.weight,BF16,2500012x160,400001920,800003840,ple_ngram,ple_embedding_table,1,,REQUIRED_INITIAL_TEXT,FUSED_INTO_GGUF,per_layer_token_embd.weight,51200245760,225001080,KQ-GGUF-RULE-PLE-FUSION-v1,KQ-GGUF-EVIDENCE-003,PROVEN_CONVERTER,One of 128 canonical PLE table shards concatenated in numeric shard order
model.language_model.layers.1.ple.ple_embedding.ngram_embedding.shard_78.weight,BF16,2500012x160,400001920,800003840,ple_ngram,ple_embedding_table,1,,REQUIRED_INITIAL_TEXT,FUSED_INTO_GGUF,per_layer_token_embd.weight,51200245760,225001080,KQ-GGUF-RULE-PLE-FUSION-v1,KQ-GGUF-EVIDENCE-003,PROVEN_CONVERTER,One of 128 canonical PLE table shards concatenated in numeric shard order
model.language_model.layers.1.ple.ple_embedding.ngram_embedding.shard_79.weight,BF16,2500012x160,400001920,800003840,ple_ngram,ple_embedding_table,1,,REQUIRED_INITIAL_TEXT,FUSED_INTO_GGUF,per_layer_token_embd.weight,51200245760,225001080,KQ-GGUF-RULE-PLE-FUSION-v1,KQ-GGUF-EVIDENCE-003,PROVEN_CONVERTER,One of 128 canonical PLE table shards concatenated in numeric shard order
model.language_model.layers.1.ple.ple_embedding.ngram_embedding.shard_8.weight,BF16,2500012x160,400001920,800003840,ple_ngram,ple_embedding_table,1,,REQUIRED_INITIAL_TEXT,FUSED_INTO_GGUF,per_layer_token_embd.weight,51200245760,225001080,KQ-GGUF-RULE-PLE-FUSION-v1,KQ-GGUF-EVIDENCE-003,PROVEN_CONVERTER,One of 128 canonical PLE table shards concatenated in numeric shard order
model.language_model.layers.1.ple.ple_embedding.ngram_embedding.shard_80.weight,BF16,2500012x160,400001920,800003840,ple_ngram,ple_embedding_table,1,,REQUIRED_INITIAL_TEXT,FUSED_INTO_GGUF,per_layer_token_embd.weight,51200245760,225001080,KQ-GGUF-RULE-PLE-FUSION-v1,KQ-GGUF-EVIDENCE-003,PROVEN_CONVERTER,One of 128 canonical PLE table shards concatenated in numeric shard order
model.language_model.layers.1.ple.ple_embedding.ngram_embedding.shard_81.weight,BF16,2500012x160,400001920,800003840,ple_ngram,ple_embedding_table,1,,REQUIRED_INITIAL_TEXT,FUSED_INTO_GGUF,per_layer_token_embd.weight,51200245760,225001080,KQ-GGUF-RULE-PLE-FUSION-v1,KQ-GGUF-EVIDENCE-003,PROVEN_CONVERTER,One of 128 canonical PLE table shards concatenated in numeric shard order
model.language_model.layers.1.ple.ple_embedding.ngram_embedding.shard_82.weight,BF16,2500012x160,400001920,800003840,ple_ngram,ple_embedding_table,1,,REQUIRED_INITIAL_TEXT,FUSED_INTO_GGUF,per_layer_token_embd.weight,51200245760,225001080,KQ-GGUF-RULE-PLE-FUSION-v1,KQ-GGUF-EVIDENCE-003,PROVEN_CONVERTER,One of 128 canonical PLE table shards concatenated in numeric shard order
model.language_model.layers.1.ple.ple_embedding.ngram_embedding.shard_83.weight,BF16,2500012x160,400001920,800003840,ple_ngram,ple_embedding_table,1,,REQUIRED_INITIAL_TEXT,FUSED_INTO_GGUF,per_layer_token_embd.weight,51200245760,225001080,KQ-GGUF-RULE-PLE-FUSION-v1,KQ-GGUF-EVIDENCE-003,PROVEN_CONVERTER,One of 128 canonical PLE table shards concatenated in numeric shard order
model.language_model.layers.1.ple.ple_embedding.ngram_embedding.shard_84.weight,BF16,2500012x160,400001920,800003840,ple_ngram,ple_embedding_table,1,,REQUIRED_INITIAL_TEXT,FUSED_INTO_GGUF,per_layer_token_embd.weight,51200245760,225001080,KQ-GGUF-RULE-PLE-FUSION-v1,KQ-GGUF-EVIDENCE-003,PROVEN_CONVERTER,One of 128 canonical PLE table shards concatenated in numeric shard order
model.language_model.layers.1.ple.ple_embedding.ngram_embedding.shard_85.weight,BF16,2500012x160,400001920,800003840,ple_ngram,ple_embedding_table,1,,REQUIRED_INITIAL_TEXT,FUSED_INTO_GGUF,per_layer_token_embd.weight,51200245760,225001080,KQ-GGUF-RULE-PLE-FUSION-v1,KQ-GGUF-EVIDENCE-003,PROVEN_CONVERTER,One of 128 canonical PLE table shards concatenated in numeric shard order
model.language_model.layers.1.ple.ple_embedding.ngram_embedding.shard_86.weight,BF16,2500012x160,400001920,800003840,ple_ngram,ple_embedding_table,1,,REQUIRED_INITIAL_TEXT,FUSED_INTO_GGUF,per_layer_token_embd.weight,51200245760,225001080,KQ-GGUF-RULE-PLE-FUSION-v1,KQ-GGUF-EVIDENCE-003,PROVEN_CONVERTER,One of 128 canonical PLE table shards concatenated in numeric shard order
model.language_model.layers.1.ple.ple_embedding.ngram_embedding.shard_87.weight,BF16,2500012x160,400001920,800003840,ple_ngram,ple_embedding_table,1,,REQUIRED_INITIAL_TEXT,FUSED_INTO_GGUF,per_layer_token_embd.weight,51200245760,225001080,KQ-GGUF-RULE-PLE-FUSION-v1,KQ-GGUF-EVIDENCE-003,PROVEN_CONVERTER,One of 128 canonical PLE table shards concatenated in numeric shard order
model.language_model.layers.1.ple.ple_embedding.ngram_embedding.shard_88.weight,BF16,2500012x160,400001920,800003840,ple_ngram,ple_embedding_table,1,,REQUIRED_INITIAL_TEXT,FUSED_INTO_GGUF,per_layer_token_embd.weight,51200245760,225001080,KQ-GGUF-RULE-PLE-FUSION-v1,KQ-GGUF-EVIDENCE-003,PROVEN_CONVERTER,One of 128 canonical PLE table shards concatenated in numeric shard order
model.language_model.layers.1.ple.ple_embedding.ngram_embedding.shard_89.weight,BF16,2500012x160,400001920,800003840,ple_ngram,ple_embedding_table,1,,REQUIRED_INITIAL_TEXT,FUSED_INTO_GGUF,per_layer_token_embd.weight,51200245760,225001080,KQ-GGUF-RULE-PLE-FUSION-v1,KQ-GGUF-EVIDENCE-003,PROVEN_CONVERTER,One of 128 canonical PLE table shards concatenated in numeric shard order
model.language_model.layers.1.ple.ple_embedding.ngram_embedding.shard_9.weight,BF16,2500012x160,400001920,800003840,ple_ngram,ple_embedding_table,1,,REQUIRED_INITIAL_TEXT,FUSED_INTO_GGUF,per_layer_token_embd.weight,51200245760,225001080,KQ-GGUF-RULE-PLE-FUSION-v1,KQ-GGUF-EVIDENCE-003,PROVEN_CONVERTER,One of 128 canonical PLE table shards concatenated in numeric shard order
model.language_model.layers.1.ple.ple_embedding.ngram_embedding.shard_90.weight,BF16,2500012x160,400001920,800003840,ple_ngram,ple_embedding_table,1,,REQUIRED_INITIAL_TEXT,FUSED_INTO_GGUF,per_layer_token_embd.weight,51200245760,225001080,KQ-GGUF-RULE-PLE-FUSION-v1,KQ-GGUF-EVIDENCE-003,PROVEN_CONVERTER,One of 128 canonical PLE table shards concatenated in numeric shard order
model.language_model.layers.1.ple.ple_embedding.ngram_embedding.shard_91.weight,BF16,2500012x160,400001920,800003840,ple_ngram,ple_embedding_table,1,,REQUIRED_INITIAL_TEXT,FUSED_INTO_GGUF,per_layer_token_embd.weight,51200245760,225001080,KQ-GGUF-RULE-PLE-FUSION-v1,KQ-GGUF-EVIDENCE-003,PROVEN_CONVERTER,One of 128 canonical PLE table shards concatenated in numeric shard order
model.language_model.layers.1.ple.ple_embedding.ngram_embedding.shard_92.weight,BF16,2500012x160,400001920,800003840,ple_ngram,ple_embedding_table,1,,REQUIRED_INITIAL_TEXT,FUSED_INTO_GGUF,per_layer_token_embd.weight,51200245760,225001080,KQ-GGUF-RULE-PLE-FUSION-v1,KQ-GGUF-EVIDENCE-003,PROVEN_CONVERTER,One of 128 canonical PLE table shards concatenated in numeric shard order
model.language_model.layers.1.ple.ple_embedding.ngram_embedding.shard_93.weight,BF16,2500012x160,400001920,800003840,ple_ngram,ple_embedding_table,1,,REQUIRED_INITIAL_TEXT,FUSED_INTO_GGUF,per_layer_token_embd.weight,51200245760,225001080,KQ-GGUF-RULE-PLE-FUSION-v1,KQ-GGUF-EVIDENCE-003,PROVEN_CONVERTER,One of 128 canonical PLE table shards concatenated in numeric shard order
model.language_model.layers.1.ple.ple_embedding.ngram_embedding.shard_94.weight,BF16,2500012x160,400001920,800003840,ple_ngram,ple_embedding_table,1,,REQUIRED_INITIAL_TEXT,FUSED_INTO_GGUF,per_layer_token_embd.weight,51200245760,225001080,KQ-GGUF-RULE-PLE-FUSION-v1,KQ-GGUF-EVIDENCE-003,PROVEN_CONVERTER,One of 128 canonical PLE table shards concatenated in numeric shard order
model.language_model.layers.1.ple.ple_embedding.ngram_embedding.shard_95.weight,BF16,2500012x160,400001920,800003840,ple_ngram,ple_embedding_table,1,,REQUIRED_INITIAL_TEXT,FUSED_INTO_GGUF,per_layer_token_embd.weight,51200245760,225001080,KQ-GGUF-RULE-PLE-FUSION-v1,KQ-GGUF-EVIDENCE-003,PROVEN_CONVERTER,One of 128 canonical PLE table shards concatenated in numeric shard order
model.language_model.layers.1.ple.ple_embedding.ngram_embedding.shard_96.weight,BF16,2500012x160,400001920,800003840,ple_ngram,ple_embedding_table,1,,REQUIRED_INITIAL_TEXT,FUSED_INTO_GGUF,per_layer_token_embd.weight,51200245760,225001080,KQ-GGUF-RULE-PLE-FUSION-v1,KQ-GGUF-EVIDENCE-003,PROVEN_CONVERTER,One of 128 canonical PLE table shards concatenated in numeric shard order
model.language_model.layers.1.ple.ple_embedding.ngram_embedding.shard_97.weight,BF16,2500012x160,400001920,800003840,ple_ngram,ple_embedding_table,1,,REQUIRED_INITIAL_TEXT,FUSED_INTO_GGUF,per_layer_token_embd.weight,51200245760,225001080,KQ-GGUF-RULE-PLE-FUSION-v1,KQ-GGUF-EVIDENCE-003,PROVEN_CONVERTER,One of 128 canonical PLE table shards concatenated in numeric shard order
model.language_model.layers.1.ple.ple_embedding.ngram_embedding.shard_98.weight,BF16,2500012x160,400001920,800003840,ple_ngram,ple_embedding_table,1,,REQUIRED_INITIAL_TEXT,FUSED_INTO_GGUF,per_layer_token_embd.weight,51200245760,225001080,KQ-GGUF-RULE-PLE-FUSION-v1,KQ-GGUF-EVIDENCE-003,PROVEN_CONVERTER,One of 128 canonical PLE table shards concatenated in numeric shard order
model.language_model.layers.1.ple.ple_embedding.ngram_embedding.shard_99.weight,BF16,2500012x160,400001920,800003840,ple_ngram,ple_embedding_table,1,,REQUIRED_INITIAL_TEXT,FUSED_INTO_GGUF,per_layer_token_embd.weight,51200245760,225001080,KQ-GGUF-RULE-PLE-FUSION-v1,KQ-GGUF-EVIDENCE-003,PROVEN_CONVERTER,One of 128 canonical PLE table shards concatenated in numeric shard order
model.language_model.layers.1.ple.ple_embedding.ngram_heads_offsets,I64,16,16,128,ple_ngram,ple_address_metadata,1,,REQUIRED_INITIAL_TEXT,OMITTED_FORMAT_DERIVED,,0,0,KQ-GGUF-RULE-PLE-KV-v1,KQ-GGUF-EVIDENCE-003,PROVEN_CONVERTER,Exact int64 PLE address constants are represented as GGUF metadata
model.language_model.layers.1.ple.ple_embedding.ngram_heads_vocab_sizes,I64,16,16,128,ple_ngram,ple_address_metadata,1,,REQUIRED_INITIAL_TEXT,OMITTED_FORMAT_DERIVED,,0,0,KQ-GGUF-RULE-PLE-KV-v1,KQ-GGUF-EVIDENCE-003,PROVEN_CONVERTER,Exact int64 PLE address constants are represented as GGUF metadata
model.language_model.layers.1.ple.value_proj.weight,BF16,2560x2560,6553600,13107200,ple_ngram,ple_dense,1,,REQUIRED_INITIAL_TEXT,RENAMED_ONE_TO_ONE,blk.1.ple_value.weight,6553600,6963200,KQ-GGUF-RULE-TENSOR-NAME-v1,KQ-GGUF-EVIDENCE-002,PROVEN_CONVERTER,GGUF dimensions use reversed physical dimension order
model.language_model.layers.10.attn_hyper_connection.block_inject_weight.weight,BF16,4x10240,40960,81920,text,gated_residual,10,,REQUIRED_INITIAL_TEXT,RENAMED_ONE_TO_ONE,blk.10.hc_attn_inject.weight,40960,163840,KQ-GGUF-RULE-TENSOR-NAME-v1,KQ-GGUF-EVIDENCE-002,PROVEN_CONVERTER,GGUF dimensions use reversed physical dimension order
model.language_model.layers.10.attn_hyper_connection.hc_norm.weight,BF16,10240,10240,20480,text,gated_residual,10,,REQUIRED_INITIAL_TEXT,RENAMED_ONE_TO_ONE,blk.10.hc_attn_norm.weight,10240,40960,KQ-GGUF-RULE-TENSOR-NAME-v1,KQ-GGUF-EVIDENCE-002,PROVEN_CONVERTER,GGUF dimensions use reversed physical dimension order
model.language_model.layers.10.attn_hyper_connection.input_mix_weight_down.weight,BF16,320x10240,3276800,6553600,text,gated_residual,10,,REQUIRED_INITIAL_TEXT,RENAMED_ONE_TO_ONE,blk.10.hc_attn_down.weight,3276800,3481600,KQ-GGUF-RULE-TENSOR-NAME-v1,KQ-GGUF-EVIDENCE-002,PROVEN_CONVERTER,GGUF dimensions use reversed physical dimension order
model.language_model.layers.10.attn_hyper_connection.input_mix_weight_up.weight,BF16,10240x320,3276800,6553600,text,gated_residual,10,,REQUIRED_INITIAL_TEXT,RENAMED_ONE_TO_ONE,blk.10.hc_attn_up.weight,3276800,3481600,KQ-GGUF-RULE-TENSOR-NAME-v1,KQ-GGUF-EVIDENCE-002,PROVEN_CONVERTER,GGUF dimensions use reversed physical dimension order
model.language_model.layers.10.linear_attn.A_log,BF16,48,48,96,text,gdn,10,,REQUIRED_INITIAL_TEXT,TRANSFORMED_LAYOUT,blk.10.ssm_a,48,192,KQ-GGUF-RULE-CONVERTER-TRANSFORM-v1,KQ-GGUF-EVIDENCE-003,PROVEN_CONVERTER,Converter stores -exp(A_log) in the one-to-one GGUF tensor
model.language_model.layers.10.linear_attn.conv1d.weight,BF16,10240x1x4,40960,81920,text,gdn,10,,REQUIRED_INITIAL_TEXT,TRANSFORMED_LAYOUT,blk.10.ssm_conv1d.weight,40960,163840,KQ-GGUF-RULE-CONVERTER-TRANSFORM-v1,KQ-GGUF-EVIDENCE-003,PROVEN_CONVERTER,Converter removes the singleton convolution dimension
model.language_model.layers.10.linear_attn.dt_bias,BF16,48,48,96,text,gdn,10,,REQUIRED_INITIAL_TEXT,RENAMED_ONE_TO_ONE,blk.10.ssm_dt.bias,48,192,KQ-GGUF-RULE-TENSOR-NAME-v1,KQ-GGUF-EVIDENCE-002,PROVEN_CONVERTER,GGUF dimensions use reversed physical dimension order
model.language_model.layers.10.linear_attn.in_proj_a.weight,BF16,48x2560,122880,245760,text,gdn,10,,REQUIRED_INITIAL_TEXT,TRANSFORMED_LAYOUT,blk.10.ssm_alpha.weight,122880,491520,KQ-GGUF-RULE-CONVERTER-TRANSFORM-v1,KQ-GGUF-EVIDENCE-003,PROVEN_CONVERTER,Converter reorders grouped GDN value-head rows or columns to tiled GGML order
model.language_model.layers.10.linear_attn.in_proj_b.weight,BF16,48x2560,122880,245760,text,gdn,10,,REQUIRED_INITIAL_TEXT,TRANSFORMED_LAYOUT,blk.10.ssm_beta.weight,122880,491520,KQ-GGUF-RULE-CONVERTER-TRANSFORM-v1,KQ-GGUF-EVIDENCE-003,PROVEN_CONVERTER,Converter reorders grouped GDN value-head rows or columns to tiled GGML order
model.language_model.layers.10.linear_attn.in_proj_qkv.weight,BF16,10240x2560,26214400,52428800,text,gdn,10,,REQUIRED_INITIAL_TEXT,TRANSFORMED_LAYOUT,blk.10.attn_qkv.weight,26214400,27852800,KQ-GGUF-RULE-CONVERTER-TRANSFORM-v1,KQ-GGUF-EVIDENCE-003,PROVEN_CONVERTER,Converter reorders grouped GDN value-head rows or columns to tiled GGML order
model.language_model.layers.10.linear_attn.in_proj_z.weight,BF16,6144x2560,15728640,31457280,text,gdn,10,,REQUIRED_INITIAL_TEXT,TRANSFORMED_LAYOUT,blk.10.attn_gate.weight,15728640,16711680,KQ-GGUF-RULE-CONVERTER-TRANSFORM-v1,KQ-GGUF-EVIDENCE-003,PROVEN_CONVERTER,Converter reorders grouped GDN value-head rows or columns to tiled GGML order
model.language_model.layers.10.linear_attn.norm.weight,BF16,128,128,256,text,gdn,10,,REQUIRED_INITIAL_TEXT,RENAMED_ONE_TO_ONE,blk.10.ssm_norm.weight,128,512,KQ-GGUF-RULE-TENSOR-NAME-v1,KQ-GGUF-EVIDENCE-002,PROVEN_CONVERTER,GGUF dimensions use reversed physical dimension order
model.language_model.layers.10.linear_attn.out_proj.weight,BF16,2560x6144,15728640,31457280,text,gdn,10,,REQUIRED_INITIAL_TEXT,TRANSFORMED_LAYOUT,blk.10.ssm_out.weight,15728640,16711680,KQ-GGUF-RULE-CONVERTER-TRANSFORM-v1,KQ-GGUF-EVIDENCE-003,PROVEN_CONVERTER,Converter reorders grouped GDN value-head rows or columns to tiled GGML order
model.language_model.layers.10.mlp.experts.down_proj,BF16,512x2560x640,838860800,1677721600,text,routed_experts,10,STACKED_0_511,REQUIRED_INITIAL_TEXT,RENAMED_ONE_TO_ONE,blk.10.ffn_down_exps.weight,838860800,629145600,KQ-GGUF-RULE-TENSOR-NAME-v1,KQ-GGUF-EVIDENCE-002,PROVEN_CONVERTER,GGUF dimensions use reversed physical dimension order
model.language_model.layers.10.mlp.experts.gate_up_proj,BF16,512x1280x2560,1677721600,3355443200,text,routed_experts,10,STACKED_0_511,REQUIRED_INITIAL_TEXT,SPLIT_IN_GGUF,blk.10.ffn_gate_exps.weight;blk.10.ffn_up_exps.weight,1677721600,943718400,KQ-GGUF-RULE-MOE-SPLIT-v1,KQ-GGUF-EVIDENCE-004,PROVEN_CONVERTER,Canonical projection is split along the converter-defined projection dimension
model.language_model.layers.10.mlp.gate.weight,BF16,512x2560,1310720,2621440,text,router,10,,REQUIRED_INITIAL_TEXT,RENAMED_ONE_TO_ONE,blk.10.ffn_gate_inp.weight,1310720,5242880,KQ-GGUF-RULE-TENSOR-NAME-v1,KQ-GGUF-EVIDENCE-002,PROVEN_CONVERTER,GGUF dimensions use reversed physical dimension order
model.language_model.layers.10.mlp.shared_expert.down_proj.weight,BF16,2560x640,1638400,3276800,text,shared_expert,10,,REQUIRED_INITIAL_TEXT,RENAMED_ONE_TO_ONE,blk.10.ffn_down_shexp.weight,1638400,1740800,KQ-GGUF-RULE-TENSOR-NAME-v1,KQ-GGUF-EVIDENCE-002,PROVEN_CONVERTER,GGUF dimensions use reversed physical dimension order
model.language_model.layers.10.mlp.shared_expert.gate_proj.weight,BF16,640x2560,1638400,3276800,text,shared_expert,10,,REQUIRED_INITIAL_TEXT,RENAMED_ONE_TO_ONE,blk.10.ffn_gate_shexp.weight,1638400,1740800,KQ-GGUF-RULE-TENSOR-NAME-v1,KQ-GGUF-EVIDENCE-002,PROVEN_CONVERTER,GGUF dimensions use reversed physical dimension order
model.language_model.layers.10.mlp.shared_expert.up_proj.weight,BF16,640x2560,1638400,3276800,text,shared_expert,10,,REQUIRED_INITIAL_TEXT,RENAMED_ONE_TO_ONE,blk.10.ffn_up_shexp.weight,1638400,1740800,KQ-GGUF-RULE-TENSOR-NAME-v1,KQ-GGUF-EVIDENCE-002,PROVEN_CONVERTER,GGUF dimensions use reversed physical dimension order
model.language_model.layers.10.mlp.shared_expert_gate.weight,BF16,1x2560,2560,5120,text,shared_expert,10,,REQUIRED_INITIAL_TEXT,RENAMED_ONE_TO_ONE,blk.10.ffn_gate_inp_shexp.weight,2560,10240,KQ-GGUF-RULE-TENSOR-NAME-v1,KQ-GGUF-EVIDENCE-002,PROVEN_CONVERTER,GGUF dimensions use reversed physical dimension order
model.language_model.layers.10.mlp_hyper_connection.block_inject_weight.weight,BF16,4x10240,40960,81920,text,gated_residual,10,,REQUIRED_INITIAL_TEXT,RENAMED_ONE_TO_ONE,blk.10.hc_ffn_inject.weight,40960,163840,KQ-GGUF-RULE-TENSOR-NAME-v1,KQ-GGUF-EVIDENCE-002,PROVEN_CONVERTER,GGUF dimensions use reversed physical dimension order
model.language_model.layers.10.mlp_hyper_connection.hc_norm.weight,BF16,10240,10240,20480,text,gated_residual,10,,REQUIRED_INITIAL_TEXT,RENAMED_ONE_TO_ONE,blk.10.hc_ffn_norm.weight,10240,40960,KQ-GGUF-RULE-TENSOR-NAME-v1,KQ-GGUF-EVIDENCE-002,PROVEN_CONVERTER,GGUF dimensions use reversed physical dimension order
model.language_model.layers.10.mlp_hyper_connection.input_mix_weight_down.weight,BF16,320x10240,3276800,6553600,text,gated_residual,10,,REQUIRED_INITIAL_TEXT,RENAMED_ONE_TO_ONE,blk.10.hc_ffn_down.weight,3276800,3481600,KQ-GGUF-RULE-TENSOR-NAME-v1,KQ-GGUF-EVIDENCE-002,PROVEN_CONVERTER,GGUF dimensions use reversed physical dimension order
model.language_model.layers.10.mlp_hyper_connection.input_mix_weight_up.weight,BF16,10240x320,3276800,6553600,text,gated_residual,10,,REQUIRED_INITIAL_TEXT,RENAMED_ONE_TO_ONE,blk.10.hc_ffn_up.weight,3276800,3481600,KQ-GGUF-RULE-TENSOR-NAME-v1,KQ-GGUF-EVIDENCE-002,PROVEN_CONVERTER,GGUF dimensions use reversed physical dimension order
model.language_model.layers.11.attn_hyper_connection.block_inject_weight.weight,BF16,4x10240,40960,81920,text,gated_residual,11,,REQUIRED_INITIAL_TEXT,RENAMED_ONE_TO_ONE,blk.11.hc_attn_inject.weight,40960,163840,KQ-GGUF-RULE-TENSOR-NAME-v1,KQ-GGUF-EVIDENCE-002,PROVEN_CONVERTER,GGUF dimensions use reversed physical dimension order
model.language_model.layers.11.attn_hyper_connection.hc_norm.weight,BF16,10240,10240,20480,text,gated_residual,11,,REQUIRED_INITIAL_TEXT,RENAMED_ONE_TO_ONE,blk.11.hc_attn_norm.weight,10240,40960,KQ-GGUF-RULE-TENSOR-NAME-v1,KQ-GGUF-EVIDENCE-002,PROVEN_CONVERTER,GGUF dimensions use reversed physical dimension order
model.language_model.layers.11.attn_hyper_connection.input_mix_weight_down.weight,BF16,320x10240,3276800,6553600,text,gated_residual,11,,REQUIRED_INITIAL_TEXT,RENAMED_ONE_TO_ONE,blk.11.hc_attn_down.weight,3276800,3481600,KQ-GGUF-RULE-TENSOR-NAME-v1,KQ-GGUF-EVIDENCE-002,PROVEN_CONVERTER,GGUF dimensions use reversed physical dimension order
model.language_model.layers.11.attn_hyper_connection.input_mix_weight_up.weight,BF16,10240x320,3276800,6553600,text,gated_residual,11,,REQUIRED_INITIAL_TEXT,RENAMED_ONE_TO_ONE,blk.11.hc_attn_up.weight,3276800,3481600,KQ-GGUF-RULE-TENSOR-NAME-v1,KQ-GGUF-EVIDENCE-002,PROVEN_CONVERTER,GGUF dimensions use reversed physical dimension order
model.language_model.layers.11.mlp.experts.down_proj,BF16,512x2560x640,838860800,1677721600,text,routed_experts,11,STACKED_0_511,REQUIRED_INITIAL_TEXT,RENAMED_ONE_TO_ONE,blk.11.ffn_down_exps.weight,838860800,629145600,KQ-GGUF-RULE-TENSOR-NAME-v1,KQ-GGUF-EVIDENCE-002,PROVEN_CONVERTER,GGUF dimensions use reversed physical dimension order
model.language_model.layers.11.mlp.experts.gate_up_proj,BF16,512x1280x2560,1677721600,3355443200,text,routed_experts,11,STACKED_0_511,REQUIRED_INITIAL_TEXT,SPLIT_IN_GGUF,blk.11.ffn_gate_exps.weight;blk.11.ffn_up_exps.weight,1677721600,943718400,KQ-GGUF-RULE-MOE-SPLIT-v1,KQ-GGUF-EVIDENCE-004,PROVEN_CONVERTER,Canonical projection is split along the converter-defined projection dimension
model.language_model.layers.11.mlp.gate.weight,BF16,512x2560,1310720,2621440,text,router,11,,REQUIRED_INITIAL_TEXT,RENAMED_ONE_TO_ONE,blk.11.ffn_gate_inp.weight,1310720,5242880,KQ-GGUF-RULE-TENSOR-NAME-v1,KQ-GGUF-EVIDENCE-002,PROVEN_CONVERTER,GGUF dimensions use reversed physical dimension order
model.language_model.layers.11.mlp.shared_expert.down_proj.weight,BF16,2560x640,1638400,3276800,text,shared_expert,11,,REQUIRED_INITIAL_TEXT,RENAMED_ONE_TO_ONE,blk.11.ffn_down_shexp.weight,1638400,1740800,KQ-GGUF-RULE-TENSOR-NAME-v1,KQ-GGUF-EVIDENCE-002,PROVEN_CONVERTER,GGUF dimensions use reversed physical dimension order
model.language_model.layers.11.mlp.shared_expert.gate_proj.weight,BF16,640x2560,1638400,3276800,text,shared_expert,11,,REQUIRED_INITIAL_TEXT,RENAMED_ONE_TO_ONE,blk.11.ffn_gate_shexp.weight,1638400,1740800,KQ-GGUF-RULE-TENSOR-NAME-v1,KQ-GGUF-EVIDENCE-002,PROVEN_CONVERTER,GGUF dimensions use reversed physical dimension order
model.language_model.layers.11.mlp.shared_expert.up_proj.weight,BF16,640x2560,1638400,3276800,text,shared_expert,11,,REQUIRED_INITIAL_TEXT,RENAMED_ONE_TO_ONE,blk.11.ffn_up_shexp.weight,1638400,1740800,KQ-GGUF-RULE-TENSOR-NAME-v1,KQ-GGUF-EVIDENCE-002,PROVEN_CONVERTER,GGUF dimensions use reversed physical dimension order
model.language_model.layers.11.mlp.shared_expert_gate.weight,BF16,1x2560,2560,5120,text,shared_expert,11,,REQUIRED_INITIAL_TEXT,RENAMED_ONE_TO_ONE,blk.11.ffn_gate_inp_shexp.weight,2560,10240,KQ-GGUF-RULE-TENSOR-NAME-v1,KQ-GGUF-EVIDENCE-002,PROVEN_CONVERTER,GGUF dimensions use reversed physical dimension order
model.language_model.layers.11.mlp_hyper_connection.block_inject_weight.weight,BF16,4x10240,40960,81920,text,gated_residual,11,,REQUIRED_INITIAL_TEXT,RENAMED_ONE_TO_ONE,blk.11.hc_ffn_inject.weight,40960,163840,KQ-GGUF-RULE-TENSOR-NAME-v1,KQ-GGUF-EVIDENCE-002,PROVEN_CONVERTER,GGUF dimensions use reversed physical dimension order
model.language_model.layers.11.mlp_hyper_connection.hc_norm.weight,BF16,10240,10240,20480,text,gated_residual,11,,REQUIRED_INITIAL_TEXT,RENAMED_ONE_TO_ONE,blk.11.hc_ffn_norm.weight,10240,40960,KQ-GGUF-RULE-TENSOR-NAME-v1,KQ-GGUF-EVIDENCE-002,PROVEN_CONVERTER,GGUF dimensions use reversed physical dimension order
model.language_model.layers.11.mlp_hyper_connection.input_mix_weight_down.weight,BF16,320x10240,3276800,6553600,text,gated_residual,11,,REQUIRED_INITIAL_TEXT,RENAMED_ONE_TO_ONE,blk.11.hc_ffn_down.weight,3276800,3481600,KQ-GGUF-RULE-TENSOR-NAME-v1,KQ-GGUF-EVIDENCE-002,PROVEN_CONVERTER,GGUF dimensions use reversed physical dimension order
model.language_model.layers.11.mlp_hyper_connection.input_mix_weight_up.weight,BF16,10240x320,3276800,6553600,text,gated_residual,11,,REQUIRED_INITIAL_TEXT,RENAMED_ONE_TO_ONE,blk.11.hc_ffn_up.weight,3276800,3481600,KQ-GGUF-RULE-TENSOR-NAME-v1,KQ-GGUF-EVIDENCE-002,PROVEN_CONVERTER,GGUF dimensions use reversed physical dimension order
model.language_model.layers.11.self_attn.indexer.index_qk_proj.weight,BF16,640x2560,1638400,3276800,text,qsa_indexer,11,,REQUIRED_INITIAL_TEXT,SPLIT_IN_GGUF,blk.11.indexer.q_proj.weight;blk.11.indexer.k_proj.weight,1638400,3276800,KQ-GGUF-RULE-QSA-SPLIT-v1,KQ-GGUF-EVIDENCE-003,PROVEN_CONVERTER,Canonical projection is split along the converter-defined projection dimension
model.language_model.layers.11.self_attn.indexer.k_layernorm.weight,BF16,128,128,256,text,qsa_indexer,11,,REQUIRED_INITIAL_TEXT,RENAMED_ONE_TO_ONE,blk.11.indexer.k_norm.weight,128,512,KQ-GGUF-RULE-TENSOR-NAME-v1,KQ-GGUF-EVIDENCE-002,PROVEN_CONVERTER,GGUF dimensions use reversed physical dimension order
model.language_model.layers.11.self_attn.indexer.q_layernorm.weight,BF16,128,128,256,text,qsa_indexer,11,,REQUIRED_INITIAL_TEXT,RENAMED_ONE_TO_ONE,blk.11.indexer.q_norm.weight,128,512,KQ-GGUF-RULE-TENSOR-NAME-v1,KQ-GGUF-EVIDENCE-002,PROVEN_CONVERTER,GGUF dimensions use reversed physical dimension order
model.language_model.layers.11.self_attn.k_norm.weight,BF16,256,256,512,text,qsa_attention,11,,REQUIRED_INITIAL_TEXT,RENAMED_ONE_TO_ONE,blk.11.attn_k_norm.weight,256,1024,KQ-GGUF-RULE-TENSOR-NAME-v1,KQ-GGUF-EVIDENCE-002,PROVEN_CONVERTER,GGUF dimensions use reversed physical dimension order
model.language_model.layers.11.self_attn.k_proj.weight,BF16,512x2560,1310720,2621440,text,qsa_attention,11,,REQUIRED_INITIAL_TEXT,RENAMED_ONE_TO_ONE,blk.11.attn_k.weight,1310720,1392640,KQ-GGUF-RULE-TENSOR-NAME-v1,KQ-GGUF-EVIDENCE-002,PROVEN_CONVERTER,GGUF dimensions use reversed physical dimension order
model.language_model.layers.11.self_attn.o_proj.weight,BF16,2560x6144,15728640,31457280,text,qsa_attention,11,,REQUIRED_INITIAL_TEXT,RENAMED_ONE_TO_ONE,blk.11.attn_output.weight,15728640,16711680,KQ-GGUF-RULE-TENSOR-NAME-v1,KQ-GGUF-EVIDENCE-002,PROVEN_CONVERTER,GGUF dimensions use reversed physical dimension order
model.language_model.layers.11.self_attn.q_norm.weight,BF16,256,256,512,text,qsa_attention,11,,REQUIRED_INITIAL_TEXT,RENAMED_ONE_TO_ONE,blk.11.attn_q_norm.weight,256,1024,KQ-GGUF-RULE-TENSOR-NAME-v1,KQ-GGUF-EVIDENCE-002,PROVEN_CONVERTER,GGUF dimensions use reversed physical dimension order
model.language_model.layers.11.self_attn.q_proj.weight,BF16,12288x2560,31457280,62914560,text,qsa_attention,11,,REQUIRED_INITIAL_TEXT,RENAMED_ONE_TO_ONE,blk.11.attn_q.weight,31457280,33423360,KQ-GGUF-RULE-TENSOR-NAME-v1,KQ-GGUF-EVIDENCE-002,PROVEN_CONVERTER,GGUF dimensions use reversed physical dimension order
model.language_model.layers.11.self_attn.v_proj.weight,BF16,512x2560,1310720,2621440,text,qsa_attention,11,,REQUIRED_INITIAL_TEXT,RENAMED_ONE_TO_ONE,blk.11.attn_v.weight,1310720,1392640,KQ-GGUF-RULE-TENSOR-NAME-v1,KQ-GGUF-EVIDENCE-002,PROVEN_CONVERTER,GGUF dimensions use reversed physical dimension order
model.language_model.layers.12.attn_hyper_connection.block_inject_weight.weight,BF16,4x10240,40960,81920,text,gated_residual,12,,REQUIRED_INITIAL_TEXT,RENAMED_ONE_TO_ONE,blk.12.hc_attn_inject.weight,40960,163840,KQ-GGUF-RULE-TENSOR-NAME-v1,KQ-GGUF-EVIDENCE-002,PROVEN_CONVERTER,GGUF dimensions use reversed physical dimension order
model.language_model.layers.12.attn_hyper_connection.hc_norm.weight,BF16,10240,10240,20480,text,gated_residual,12,,REQUIRED_INITIAL_TEXT,RENAMED_ONE_TO_ONE,blk.12.hc_attn_norm.weight,10240,40960,KQ-GGUF-RULE-TENSOR-NAME-v1,KQ-GGUF-EVIDENCE-002,PROVEN_CONVERTER,GGUF dimensions use reversed physical dimension order
model.language_model.layers.12.attn_hyper_connection.input_mix_weight_down.weight,BF16,320x10240,3276800,6553600,text,gated_residual,12,,REQUIRED_INITIAL_TEXT,RENAMED_ONE_TO_ONE,blk.12.hc_attn_down.weight,3276800,3481600,KQ-GGUF-RULE-TENSOR-NAME-v1,KQ-GGUF-EVIDENCE-002,PROVEN_CONVERTER,GGUF dimensions use reversed physical dimension order
model.language_model.layers.12.attn_hyper_connection.input_mix_weight_up.weight,BF16,10240x320,3276800,6553600,text,gated_residual,12,,REQUIRED_INITIAL_TEXT,RENAMED_ONE_TO_ONE,blk.12.hc_attn_up.weight,3276800,3481600,KQ-GGUF-RULE-TENSOR-NAME-v1,KQ-GGUF-EVIDENCE-002,PROVEN_CONVERTER,GGUF dimensions use reversed physical dimension order
model.language_model.layers.12.linear_attn.A_log,BF16,48,48,96,text,gdn,12,,REQUIRED_INITIAL_TEXT,TRANSFORMED_LAYOUT,blk.12.ssm_a,48,192,KQ-GGUF-RULE-CONVERTER-TRANSFORM-v1,KQ-GGUF-EVIDENCE-003,PROVEN_CONVERTER,Converter stores -exp(A_log) in the one-to-one GGUF tensor
model.language_model.layers.12.linear_attn.conv1d.weight,BF16,10240x1x4,40960,81920,text,gdn,12,,REQUIRED_INITIAL_TEXT,TRANSFORMED_LAYOUT,blk.12.ssm_conv1d.weight,40960,163840,KQ-GGUF-RULE-CONVERTER-TRANSFORM-v1,KQ-GGUF-EVIDENCE-003,PROVEN_CONVERTER,Converter removes the singleton convolution dimension
model.language_model.layers.12.linear_attn.dt_bias,BF16,48,48,96,text,gdn,12,,REQUIRED_INITIAL_TEXT,RENAMED_ONE_TO_ONE,blk.12.ssm_dt.bias,48,192,KQ-GGUF-RULE-TENSOR-NAME-v1,KQ-GGUF-EVIDENCE-002,PROVEN_CONVERTER,GGUF dimensions use reversed physical dimension order
model.language_model.layers.12.linear_attn.in_proj_a.weight,BF16,48x2560,122880,245760,text,gdn,12,,REQUIRED_INITIAL_TEXT,TRANSFORMED_LAYOUT,blk.12.ssm_alpha.weight,122880,491520,KQ-GGUF-RULE-CONVERTER-TRANSFORM-v1,KQ-GGUF-EVIDENCE-003,PROVEN_CONVERTER,Converter reorders grouped GDN value-head rows or columns to tiled GGML order
model.language_model.layers.12.linear_attn.in_proj_b.weight,BF16,48x2560,122880,245760,text,gdn,12,,REQUIRED_INITIAL_TEXT,TRANSFORMED_LAYOUT,blk.12.ssm_beta.weight,122880,491520,KQ-GGUF-RULE-CONVERTER-TRANSFORM-v1,KQ-GGUF-EVIDENCE-003,PROVEN_CONVERTER,Converter reorders grouped GDN value-head rows or columns to tiled GGML order
model.language_model.layers.12.linear_attn.in_proj_qkv.weight,BF16,10240x2560,26214400,52428800,text,gdn,12,,REQUIRED_INITIAL_TEXT,TRANSFORMED_LAYOUT,blk.12.attn_qkv.weight,26214400,27852800,KQ-GGUF-RULE-CONVERTER-TRANSFORM-v1,KQ-GGUF-EVIDENCE-003,PROVEN_CONVERTER,Converter reorders grouped GDN value-head rows or columns to tiled GGML order
model.language_model.layers.12.linear_attn.in_proj_z.weight,BF16,6144x2560,15728640,31457280,text,gdn,12,,REQUIRED_INITIAL_TEXT,TRANSFORMED_LAYOUT,blk.12.attn_gate.weight,15728640,16711680,KQ-GGUF-RULE-CONVERTER-TRANSFORM-v1,KQ-GGUF-EVIDENCE-003,PROVEN_CONVERTER,Converter reorders grouped GDN value-head rows or columns to tiled GGML order
model.language_model.layers.12.linear_attn.norm.weight,BF16,128,128,256,text,gdn,12,,REQUIRED_INITIAL_TEXT,RENAMED_ONE_TO_ONE,blk.12.ssm_norm.weight,128,512,KQ-GGUF-RULE-TENSOR-NAME-v1,KQ-GGUF-EVIDENCE-002,PROVEN_CONVERTER,GGUF dimensions use reversed physical dimension order
model.language_model.layers.12.linear_attn.out_proj.weight,BF16,2560x6144,15728640,31457280,text,gdn,12,,REQUIRED_INITIAL_TEXT,TRANSFORMED_LAYOUT,blk.12.ssm_out.weight,15728640,16711680,KQ-GGUF-RULE-CONVERTER-TRANSFORM-v1,KQ-GGUF-EVIDENCE-003,PROVEN_CONVERTER,Converter reorders grouped GDN value-head rows or columns to tiled GGML order
model.language_model.layers.12.mlp.experts.down_proj,BF16,512x2560x640,838860800,1677721600,text,routed_experts,12,STACKED_0_511,REQUIRED_INITIAL_TEXT,RENAMED_ONE_TO_ONE,blk.12.ffn_down_exps.weight,838860800,629145600,KQ-GGUF-RULE-TENSOR-NAME-v1,KQ-GGUF-EVIDENCE-002,PROVEN_CONVERTER,GGUF dimensions use reversed physical dimension order
model.language_model.layers.12.mlp.experts.gate_up_proj,BF16,512x1280x2560,1677721600,3355443200,text,routed_experts,12,STACKED_0_511,REQUIRED_INITIAL_TEXT,SPLIT_IN_GGUF,blk.12.ffn_gate_exps.weight;blk.12.ffn_up_exps.weight,1677721600,943718400,KQ-GGUF-RULE-MOE-SPLIT-v1,KQ-GGUF-EVIDENCE-004,PROVEN_CONVERTER,Canonical projection is split along the converter-defined projection dimension
model.language_model.layers.12.mlp.gate.weight,BF16,512x2560,1310720,2621440,text,router,12,,REQUIRED_INITIAL_TEXT,RENAMED_ONE_TO_ONE,blk.12.ffn_gate_inp.weight,1310720,5242880,KQ-GGUF-RULE-TENSOR-NAME-v1,KQ-GGUF-EVIDENCE-002,PROVEN_CONVERTER,GGUF dimensions use reversed physical dimension order
model.language_model.layers.12.mlp.shared_expert.down_proj.weight,BF16,2560x640,1638400,3276800,text,shared_expert,12,,REQUIRED_INITIAL_TEXT,RENAMED_ONE_TO_ONE,blk.12.ffn_down_shexp.weight,1638400,1740800,KQ-GGUF-RULE-TENSOR-NAME-v1,KQ-GGUF-EVIDENCE-002,PROVEN_CONVERTER,GGUF dimensions use reversed physical dimension order
model.language_model.layers.12.mlp.shared_expert.gate_proj.weight,BF16,640x2560,1638400,3276800,text,shared_expert,12,,REQUIRED_INITIAL_TEXT,RENAMED_ONE_TO_ONE,blk.12.ffn_gate_shexp.weight,1638400,1740800,KQ-GGUF-RULE-TENSOR-NAME-v1,KQ-GGUF-EVIDENCE-002,PROVEN_CONVERTER,GGUF dimensions use reversed physical dimension order
model.language_model.layers.12.mlp.shared_expert.up_proj.weight,BF16,640x2560,1638400,3276800,text,shared_expert,12,,REQUIRED_INITIAL_TEXT,RENAMED_ONE_TO_ONE,blk.12.ffn_up_shexp.weight,1638400,1740800,KQ-GGUF-RULE-TENSOR-NAME-v1,KQ-GGUF-EVIDENCE-002,PROVEN_CONVERTER,GGUF dimensions use reversed physical dimension order
model.language_model.layers.12.mlp.shared_expert_gate.weight,BF16,1x2560,2560,5120,text,shared_expert,12,,REQUIRED_INITIAL_TEXT,RENAMED_ONE_TO_ONE,blk.12.ffn_gate_inp_shexp.weight,2560,10240,KQ-GGUF-RULE-TENSOR-NAME-v1,KQ-GGUF-EVIDENCE-002,PROVEN_CONVERTER,GGUF dimensions use reversed physical dimension order
model.language_model.layers.12.mlp_hyper_connection.block_inject_weight.weight,BF16,4x10240,40960,81920,text,gated_residual,12,,REQUIRED_INITIAL_TEXT,RENAMED_ONE_TO_ONE,blk.12.hc_ffn_inject.weight,40960,163840,KQ-GGUF-RULE-TENSOR-NAME-v1,KQ-GGUF-EVIDENCE-002,PROVEN_CONVERTER,GGUF dimensions use reversed physical dimension order
model.language_model.layers.12.mlp_hyper_connection.hc_norm.weight,BF16,10240,10240,20480,text,gated_residual,12,,REQUIRED_INITIAL_TEXT,RENAMED_ONE_TO_ONE,blk.12.hc_ffn_norm.weight,10240,40960,KQ-GGUF-RULE-TENSOR-NAME-v1,KQ-GGUF-EVIDENCE-002,PROVEN_CONVERTER,GGUF dimensions use reversed physical dimension order
model.language_model.layers.12.mlp_hyper_connection.input_mix_weight_down.weight,BF16,320x10240,3276800,6553600,text,gated_residual,12,,REQUIRED_INITIAL_TEXT,RENAMED_ONE_TO_ONE,blk.12.hc_ffn_down.weight,3276800,3481600,KQ-GGUF-RULE-TENSOR-NAME-v1,KQ-GGUF-EVIDENCE-002,PROVEN_CONVERTER,GGUF dimensions use reversed physical dimension order
model.language_model.layers.12.mlp_hyper_connection.input_mix_weight_up.weight,BF16,10240x320,3276800,6553600,text,gated_residual,12,,REQUIRED_INITIAL_TEXT,RENAMED_ONE_TO_ONE,blk.12.hc_ffn_up.weight,3276800,3481600,KQ-GGUF-RULE-TENSOR-NAME-v1,KQ-GGUF-EVIDENCE-002,PROVEN_CONVERTER,GGUF dimensions use reversed physical dimension order
model.language_model.layers.13.attn_hyper_connection.block_inject_weight.weight,BF16,4x10240,40960,81920,text,gated_residual,13,,REQUIRED_INITIAL_TEXT,RENAMED_ONE_TO_ONE,blk.13.hc_attn_inject.weight,40960,163840,KQ-GGUF-RULE-TENSOR-NAME-v1,KQ-GGUF-EVIDENCE-002,PROVEN_CONVERTER,GGUF dimensions use reversed physical dimension order
model.language_model.layers.13.attn_hyper_connection.hc_norm.weight,BF16,10240,10240,20480,text,gated_residual,13,,REQUIRED_INITIAL_TEXT,RENAMED_ONE_TO_ONE,blk.13.hc_attn_norm.weight,10240,40960,KQ-GGUF-RULE-TENSOR-NAME-v1,KQ-GGUF-EVIDENCE-002,PROVEN_CONVERTER,GGUF dimensions use reversed physical dimension order
model.language_model.layers.13.attn_hyper_connection.input_mix_weight_down.weight,BF16,320x10240,3276800,6553600,text,gated_residual,13,,REQUIRED_INITIAL_TEXT,RENAMED_ONE_TO_ONE,blk.13.hc_attn_down.weight,3276800,3481600,KQ-GGUF-RULE-TENSOR-NAME-v1,KQ-GGUF-EVIDENCE-002,PROVEN_CONVERTER,GGUF dimensions use reversed physical dimension order
model.language_model.layers.13.attn_hyper_connection.input_mix_weight_up.weight,BF16,10240x320,3276800,6553600,text,gated_residual,13,,REQUIRED_INITIAL_TEXT,RENAMED_ONE_TO_ONE,blk.13.hc_attn_up.weight,3276800,3481600,KQ-GGUF-RULE-TENSOR-NAME-v1,KQ-GGUF-EVIDENCE-002,PROVEN_CONVERTER,GGUF dimensions use reversed physical dimension order
model.language_model.layers.13.linear_attn.A_log,BF16,48,48,96,text,gdn,13,,REQUIRED_INITIAL_TEXT,TRANSFORMED_LAYOUT,blk.13.ssm_a,48,192,KQ-GGUF-RULE-CONVERTER-TRANSFORM-v1,KQ-GGUF-EVIDENCE-003,PROVEN_CONVERTER,Converter stores -exp(A_log) in the one-to-one GGUF tensor
model.language_model.layers.13.linear_attn.conv1d.weight,BF16,10240x1x4,40960,81920,text,gdn,13,,REQUIRED_INITIAL_TEXT,TRANSFORMED_LAYOUT,blk.13.ssm_conv1d.weight,40960,163840,KQ-GGUF-RULE-CONVERTER-TRANSFORM-v1,KQ-GGUF-EVIDENCE-003,PROVEN_CONVERTER,Converter removes the singleton convolution dimension
model.language_model.layers.13.linear_attn.dt_bias,BF16,48,48,96,text,gdn,13,,REQUIRED_INITIAL_TEXT,RENAMED_ONE_TO_ONE,blk.13.ssm_dt.bias,48,192,KQ-GGUF-RULE-TENSOR-NAME-v1,KQ-GGUF-EVIDENCE-002,PROVEN_CONVERTER,GGUF dimensions use reversed physical dimension order
model.language_model.layers.13.linear_attn.in_proj_a.weight,BF16,48x2560,122880,245760,text,gdn,13,,REQUIRED_INITIAL_TEXT,TRANSFORMED_LAYOUT,blk.13.ssm_alpha.weight,122880,491520,KQ-GGUF-RULE-CONVERTER-TRANSFORM-v1,KQ-GGUF-EVIDENCE-003,PROVEN_CONVERTER,Converter reorders grouped GDN value-head rows or columns to tiled GGML order
model.language_model.layers.13.linear_attn.in_proj_b.weight,BF16,48x2560,122880,245760,text,gdn,13,,REQUIRED_INITIAL_TEXT,TRANSFORMED_LAYOUT,blk.13.ssm_beta.weight,122880,491520,KQ-GGUF-RULE-CONVERTER-TRANSFORM-v1,KQ-GGUF-EVIDENCE-003,PROVEN_CONVERTER,Converter reorders grouped GDN value-head rows or columns to tiled GGML order
model.language_model.layers.13.linear_attn.in_proj_qkv.weight,BF16,10240x2560,26214400,52428800,text,gdn,13,,REQUIRED_INITIAL_TEXT,TRANSFORMED_LAYOUT,blk.13.attn_qkv.weight,26214400,27852800,KQ-GGUF-RULE-CONVERTER-TRANSFORM-v1,KQ-GGUF-EVIDENCE-003,PROVEN_CONVERTER,Converter reorders grouped GDN value-head rows or columns to tiled GGML order
model.language_model.layers.13.linear_attn.in_proj_z.weight,BF16,6144x2560,15728640,31457280,text,gdn,13,,REQUIRED_INITIAL_TEXT,TRANSFORMED_LAYOUT,blk.13.attn_gate.weight,15728640,16711680,KQ-GGUF-RULE-CONVERTER-TRANSFORM-v1,KQ-GGUF-EVIDENCE-003,PROVEN_CONVERTER,Converter reorders grouped GDN value-head rows or columns to tiled GGML order
model.language_model.layers.13.linear_attn.norm.weight,BF16,128,128,256,text,gdn,13,,REQUIRED_INITIAL_TEXT,RENAMED_ONE_TO_ONE,blk.13.ssm_norm.weight,128,512,KQ-GGUF-RULE-TENSOR-NAME-v1,KQ-GGUF-EVIDENCE-002,PROVEN_CONVERTER,GGUF dimensions use reversed physical dimension order
model.language_model.layers.13.linear_attn.out_proj.weight,BF16,2560x6144,15728640,31457280,text,gdn,13,,REQUIRED_INITIAL_TEXT,TRANSFORMED_LAYOUT,blk.13.ssm_out.weight,15728640,16711680,KQ-GGUF-RULE-CONVERTER-TRANSFORM-v1,KQ-GGUF-EVIDENCE-003,PROVEN_CONVERTER,Converter reorders grouped GDN value-head rows or columns to tiled GGML order
model.language_model.layers.13.mlp.experts.down_proj,BF16,512x2560x640,838860800,1677721600,text,routed_experts,13,STACKED_0_511,REQUIRED_INITIAL_TEXT,RENAMED_ONE_TO_ONE,blk.13.ffn_down_exps.weight,838860800,629145600,KQ-GGUF-RULE-TENSOR-NAME-v1,KQ-GGUF-EVIDENCE-002,PROVEN_CONVERTER,GGUF dimensions use reversed physical dimension order
model.language_model.layers.13.mlp.experts.gate_up_proj,BF16,512x1280x2560,1677721600,3355443200,text,routed_experts,13,STACKED_0_511,REQUIRED_INITIAL_TEXT,SPLIT_IN_GGUF,blk.13.ffn_gate_exps.weight;blk.13.ffn_up_exps.weight,1677721600,943718400,KQ-GGUF-RULE-MOE-SPLIT-v1,KQ-GGUF-EVIDENCE-004,PROVEN_CONVERTER,Canonical projection is split along the converter-defined projection dimension
model.language_model.layers.13.mlp.gate.weight,BF16,512x2560,1310720,2621440,text,router,13,,REQUIRED_INITIAL_TEXT,RENAMED_ONE_TO_ONE,blk.13.ffn_gate_inp.weight,1310720,5242880,KQ-GGUF-RULE-TENSOR-NAME-v1,KQ-GGUF-EVIDENCE-002,PROVEN_CONVERTER,GGUF dimensions use reversed physical dimension order
model.language_model.layers.13.mlp.shared_expert.down_proj.weight,BF16,2560x640,1638400,3276800,text,shared_expert,13,,REQUIRED_INITIAL_TEXT,RENAMED_ONE_TO_ONE,blk.13.ffn_down_shexp.weight,1638400,1740800,KQ-GGUF-RULE-TENSOR-NAME-v1,KQ-GGUF-EVIDENCE-002,PROVEN_CONVERTER,GGUF dimensions use reversed physical dimension order
model.language_model.layers.13.mlp.shared_expert.gate_proj.weight,BF16,640x2560,1638400,3276800,text,shared_expert,13,,REQUIRED_INITIAL_TEXT,RENAMED_ONE_TO_ONE,blk.13.ffn_gate_shexp.weight,1638400,1740800,KQ-GGUF-RULE-TENSOR-NAME-v1,KQ-GGUF-EVIDENCE-002,PROVEN_CONVERTER,GGUF dimensions use reversed physical dimension order
model.language_model.layers.13.mlp.shared_expert.up_proj.weight,BF16,640x2560,1638400,3276800,text,shared_expert,13,,REQUIRED_INITIAL_TEXT,RENAMED_ONE_TO_ONE,blk.13.ffn_up_shexp.weight,1638400,1740800,KQ-GGUF-RULE-TENSOR-NAME-v1,KQ-GGUF-EVIDENCE-002,PROVEN_CONVERTER,GGUF dimensions use reversed physical dimension order
model.language_model.layers.13.mlp.shared_expert_gate.weight,BF16,1x2560,2560,5120,text,shared_expert,13,,REQUIRED_INITIAL_TEXT,RENAMED_ONE_TO_ONE,blk.13.ffn_gate_inp_shexp.weight,2560,10240,KQ-GGUF-RULE-TENSOR-NAME-v1,KQ-GGUF-EVIDENCE-002,PROVEN_CONVERTER,GGUF dimensions use reversed physical dimension order
model.language_model.layers.13.mlp_hyper_connection.block_inject_weight.weight,BF16,4x10240,40960,81920,text,gated_residual,13,,REQUIRED_INITIAL_TEXT,RENAMED_ONE_TO_ONE,blk.13.hc_ffn_inject.weight,40960,163840,KQ-GGUF-RULE-TENSOR-NAME-v1,KQ-GGUF-EVIDENCE-002,PROVEN_CONVERTER,GGUF dimensions use reversed physical dimension order
model.language_model.layers.13.mlp_hyper_connection.hc_norm.weight,BF16,10240,10240,20480,text,gated_residual,13,,REQUIRED_INITIAL_TEXT,RENAMED_ONE_TO_ONE,blk.13.hc_ffn_norm.weight,10240,40960,KQ-GGUF-RULE-TENSOR-NAME-v1,KQ-GGUF-EVIDENCE-002,PROVEN_CONVERTER,GGUF dimensions use reversed physical dimension order
model.language_model.layers.13.mlp_hyper_connection.input_mix_weight_down.weight,BF16,320x10240,3276800,6553600,text,gated_residual,13,,REQUIRED_INITIAL_TEXT,RENAMED_ONE_TO_ONE,blk.13.hc_ffn_down.weight,3276800,3481600,KQ-GGUF-RULE-TENSOR-NAME-v1,KQ-GGUF-EVIDENCE-002,PROVEN_CONVERTER,GGUF dimensions use reversed physical dimension order
model.language_model.layers.13.mlp_hyper_connection.input_mix_weight_up.weight,BF16,10240x320,3276800,6553600,text,gated_residual,13,,REQUIRED_INITIAL_TEXT,RENAMED_ONE_TO_ONE,blk.13.hc_ffn_up.weight,3276800,3481600,KQ-GGUF-RULE-TENSOR-NAME-v1,KQ-GGUF-EVIDENCE-002,PROVEN_CONVERTER,GGUF dimensions use reversed physical dimension order
model.language_model.layers.14.attn_hyper_connection.block_inject_weight.weight,BF16,4x10240,40960,81920,text,gated_residual,14,,REQUIRED_INITIAL_TEXT,RENAMED_ONE_TO_ONE,blk.14.hc_attn_inject.weight,40960,163840,KQ-GGUF-RULE-TENSOR-NAME-v1,KQ-GGUF-EVIDENCE-002,PROVEN_CONVERTER,GGUF dimensions use reversed physical dimension order
model.language_model.layers.14.attn_hyper_connection.hc_norm.weight,BF16,10240,10240,20480,text,gated_residual,14,,REQUIRED_INITIAL_TEXT,RENAMED_ONE_TO_ONE,blk.14.hc_attn_norm.weight,10240,40960,KQ-GGUF-RULE-TENSOR-NAME-v1,KQ-GGUF-EVIDENCE-002,PROVEN_CONVERTER,GGUF dimensions use reversed physical dimension order
model.language_model.layers.14.attn_hyper_connection.input_mix_weight_down.weight,BF16,320x10240,3276800,6553600,text,gated_residual,14,,REQUIRED_INITIAL_TEXT,RENAMED_ONE_TO_ONE,blk.14.hc_attn_down.weight,3276800,3481600,KQ-GGUF-RULE-TENSOR-NAME-v1,KQ-GGUF-EVIDENCE-002,PROVEN_CONVERTER,GGUF dimensions use reversed physical dimension order
model.language_model.layers.14.attn_hyper_connection.input_mix_weight_up.weight,BF16,10240x320,3276800,6553600,text,gated_residual,14,,REQUIRED_INITIAL_TEXT,RENAMED_ONE_TO_ONE,blk.14.hc_attn_up.weight,3276800,3481600,KQ-GGUF-RULE-TENSOR-NAME-v1,KQ-GGUF-EVIDENCE-002,PROVEN_CONVERTER,GGUF dimensions use reversed physical dimension order
model.language_model.layers.14.linear_attn.A_log,BF16,48,48,96,text,gdn,14,,REQUIRED_INITIAL_TEXT,TRANSFORMED_LAYOUT,blk.14.ssm_a,48,192,KQ-GGUF-RULE-CONVERTER-TRANSFORM-v1,KQ-GGUF-EVIDENCE-003,PROVEN_CONVERTER,Converter stores -exp(A_log) in the one-to-one GGUF tensor
model.language_model.layers.14.linear_attn.conv1d.weight,BF16,10240x1x4,40960,81920,text,gdn,14,,REQUIRED_INITIAL_TEXT,TRANSFORMED_LAYOUT,blk.14.ssm_conv1d.weight,40960,163840,KQ-GGUF-RULE-CONVERTER-TRANSFORM-v1,KQ-GGUF-EVIDENCE-003,PROVEN_CONVERTER,Converter removes the singleton convolution dimension
model.language_model.layers.14.linear_attn.dt_bias,BF16,48,48,96,text,gdn,14,,REQUIRED_INITIAL_TEXT,RENAMED_ONE_TO_ONE,blk.14.ssm_dt.bias,48,192,KQ-GGUF-RULE-TENSOR-NAME-v1,KQ-GGUF-EVIDENCE-002,PROVEN_CONVERTER,GGUF dimensions use reversed physical dimension order
model.language_model.layers.14.linear_attn.in_proj_a.weight,BF16,48x2560,122880,245760,text,gdn,14,,REQUIRED_INITIAL_TEXT,TRANSFORMED_LAYOUT,blk.14.ssm_alpha.weight,122880,491520,KQ-GGUF-RULE-CONVERTER-TRANSFORM-v1,KQ-GGUF-EVIDENCE-003,PROVEN_CONVERTER,Converter reorders grouped GDN value-head rows or columns to tiled GGML order
model.language_model.layers.14.linear_attn.in_proj_b.weight,BF16,48x2560,122880,245760,text,gdn,14,,REQUIRED_INITIAL_TEXT,TRANSFORMED_LAYOUT,blk.14.ssm_beta.weight,122880,491520,KQ-GGUF-RULE-CONVERTER-TRANSFORM-v1,KQ-GGUF-EVIDENCE-003,PROVEN_CONVERTER,Converter reorders grouped GDN value-head rows or columns to tiled GGML order
model.language_model.layers.14.linear_attn.in_proj_qkv.weight,BF16,10240x2560,26214400,52428800,text,gdn,14,,REQUIRED_INITIAL_TEXT,TRANSFORMED_LAYOUT,blk.14.attn_qkv.weight,26214400,27852800,KQ-GGUF-RULE-CONVERTER-TRANSFORM-v1,KQ-GGUF-EVIDENCE-003,PROVEN_CONVERTER,Converter reorders grouped GDN value-head rows or columns to tiled GGML order
model.language_model.layers.14.linear_attn.in_proj_z.weight,BF16,6144x2560,15728640,31457280,text,gdn,14,,REQUIRED_INITIAL_TEXT,TRANSFORMED_LAYOUT,blk.14.attn_gate.weight,15728640,16711680,KQ-GGUF-RULE-CONVERTER-TRANSFORM-v1,KQ-GGUF-EVIDENCE-003,PROVEN_CONVERTER,Converter reorders grouped GDN value-head rows or columns to tiled GGML order
model.language_model.layers.14.linear_attn.norm.weight,BF16,128,128,256,text,gdn,14,,REQUIRED_INITIAL_TEXT,RENAMED_ONE_TO_ONE,blk.14.ssm_norm.weight,128,512,KQ-GGUF-RULE-TENSOR-NAME-v1,KQ-GGUF-EVIDENCE-002,PROVEN_CONVERTER,GGUF dimensions use reversed physical dimension order
model.language_model.layers.14.linear_attn.out_proj.weight,BF16,2560x6144,15728640,31457280,text,gdn,14,,REQUIRED_INITIAL_TEXT,TRANSFORMED_LAYOUT,blk.14.ssm_out.weight,15728640,16711680,KQ-GGUF-RULE-CONVERTER-TRANSFORM-v1,KQ-GGUF-EVIDENCE-003,PROVEN_CONVERTER,Converter reorders grouped GDN value-head rows or columns to tiled GGML order
model.language_model.layers.14.mlp.experts.down_proj,BF16,512x2560x640,838860800,1677721600,text,routed_experts,14,STACKED_0_511,REQUIRED_INITIAL_TEXT,RENAMED_ONE_TO_ONE,blk.14.ffn_down_exps.weight,838860800,629145600,KQ-GGUF-RULE-TENSOR-NAME-v1,KQ-GGUF-EVIDENCE-002,PROVEN_CONVERTER,GGUF dimensions use reversed physical dimension order
model.language_model.layers.14.mlp.experts.gate_up_proj,BF16,512x1280x2560,1677721600,3355443200,text,routed_experts,14,STACKED_0_511,REQUIRED_INITIAL_TEXT,SPLIT_IN_GGUF,blk.14.ffn_gate_exps.weight;blk.14.ffn_up_exps.weight,1677721600,943718400,KQ-GGUF-RULE-MOE-SPLIT-v1,KQ-GGUF-EVIDENCE-004,PROVEN_CONVERTER,Canonical projection is split along the converter-defined projection dimension
model.language_model.layers.14.mlp.gate.weight,BF16,512x2560,1310720,2621440,text,router,14,,REQUIRED_INITIAL_TEXT,RENAMED_ONE_TO_ONE,blk.14.ffn_gate_inp.weight,1310720,5242880,KQ-GGUF-RULE-TENSOR-NAME-v1,KQ-GGUF-EVIDENCE-002,PROVEN_CONVERTER,GGUF dimensions use reversed physical dimension order
model.language_model.layers.14.mlp.shared_expert.down_proj.weight,BF16,2560x640,1638400,3276800,text,shared_expert,14,,REQUIRED_INITIAL_TEXT,RENAMED_ONE_TO_ONE,blk.14.ffn_down_shexp.weight,1638400,1740800,KQ-GGUF-RULE-TENSOR-NAME-v1,KQ-GGUF-EVIDENCE-002,PROVEN_CONVERTER,GGUF dimensions use reversed physical dimension order
model.language_model.layers.14.mlp.shared_expert.gate_proj.weight,BF16,640x2560,1638400,3276800,text,shared_expert,14,,REQUIRED_INITIAL_TEXT,RENAMED_ONE_TO_ONE,blk.14.ffn_gate_shexp.weight,1638400,1740800,KQ-GGUF-RULE-TENSOR-NAME-v1,KQ-GGUF-EVIDENCE-002,PROVEN_CONVERTER,GGUF dimensions use reversed physical dimension order
model.language_model.layers.14.mlp.shared_expert.up_proj.weight,BF16,640x2560,1638400,3276800,text,shared_expert,14,,REQUIRED_INITIAL_TEXT,RENAMED_ONE_TO_ONE,blk.14.ffn_up_shexp.weight,1638400,1740800,KQ-GGUF-RULE-TENSOR-NAME-v1,KQ-GGUF-EVIDENCE-002,PROVEN_CONVERTER,GGUF dimensions use reversed physical dimension order
model.language_model.layers.14.mlp.shared_expert_gate.weight,BF16,1x2560,2560,5120,text,shared_expert,14,,REQUIRED_INITIAL_TEXT,RENAMED_ONE_TO_ONE,blk.14.ffn_gate_inp_shexp.weight,2560,10240,KQ-GGUF-RULE-TENSOR-NAME-v1,KQ-GGUF-EVIDENCE-002,PROVEN_CONVERTER,GGUF dimensions use reversed physical dimension order
model.language_model.layers.14.mlp_hyper_connection.block_inject_weight.weight,BF16,4x10240,40960,81920,text,gated_residual,14,,REQUIRED_INITIAL_TEXT,RENAMED_ONE_TO_ONE,blk.14.hc_ffn_inject.weight,40960,163840,KQ-GGUF-RULE-TENSOR-NAME-v1,KQ-GGUF-EVIDENCE-002,PROVEN_CONVERTER,GGUF dimensions use reversed physical dimension order
model.language_model.layers.14.mlp_hyper_connection.hc_norm.weight,BF16,10240,10240,20480,text,gated_residual,14,,REQUIRED_INITIAL_TEXT,RENAMED_ONE_TO_ONE,blk.14.hc_ffn_norm.weight,10240,40960,KQ-GGUF-RULE-TENSOR-NAME-v1,KQ-GGUF-EVIDENCE-002,PROVEN_CONVERTER,GGUF dimensions use reversed physical dimension order
model.language_model.layers.14.mlp_hyper_connection.input_mix_weight_down.weight,BF16,320x10240,3276800,6553600,text,gated_residual,14,,REQUIRED_INITIAL_TEXT,RENAMED_ONE_TO_ONE,blk.14.hc_ffn_down.weight,3276800,3481600,KQ-GGUF-RULE-TENSOR-NAME-v1,KQ-GGUF-EVIDENCE-002,PROVEN_CONVERTER,GGUF dimensions use reversed physical dimension order
model.language_model.layers.14.mlp_hyper_connection.input_mix_weight_up.weight,BF16,10240x320,3276800,6553600,text,gated_residual,14,,REQUIRED_INITIAL_TEXT,RENAMED_ONE_TO_ONE,blk.14.hc_ffn_up.weight,3276800,3481600,KQ-GGUF-RULE-TENSOR-NAME-v1,KQ-GGUF-EVIDENCE-002,PROVEN_CONVERTER,GGUF dimensions use reversed physical dimension order
model.language_model.layers.15.attn_hyper_connection.block_inject_weight.weight,BF16,4x10240,40960,81920,text,gated_residual,15,,REQUIRED_INITIAL_TEXT,RENAMED_ONE_TO_ONE,blk.15.hc_attn_inject.weight,40960,163840,KQ-GGUF-RULE-TENSOR-NAME-v1,KQ-GGUF-EVIDENCE-002,PROVEN_CONVERTER,GGUF dimensions use reversed physical dimension order
model.language_model.layers.15.attn_hyper_connection.hc_norm.weight,BF16,10240,10240,20480,text,gated_residual,15,,REQUIRED_INITIAL_TEXT,RENAMED_ONE_TO_ONE,blk.15.hc_attn_norm.weight,10240,40960,KQ-GGUF-RULE-TENSOR-NAME-v1,KQ-GGUF-EVIDENCE-002,PROVEN_CONVERTER,GGUF dimensions use reversed physical dimension order
model.language_model.layers.15.attn_hyper_connection.input_mix_weight_down.weight,BF16,320x10240,3276800,6553600,text,gated_residual,15,,REQUIRED_INITIAL_TEXT,RENAMED_ONE_TO_ONE,blk.15.hc_attn_down.weight,3276800,3481600,KQ-GGUF-RULE-TENSOR-NAME-v1,KQ-GGUF-EVIDENCE-002,PROVEN_CONVERTER,GGUF dimensions use reversed physical dimension order
model.language_model.layers.15.attn_hyper_connection.input_mix_weight_up.weight,BF16,10240x320,3276800,6553600,text,gated_residual,15,,REQUIRED_INITIAL_TEXT,RENAMED_ONE_TO_ONE,blk.15.hc_attn_up.weight,3276800,3481600,KQ-GGUF-RULE-TENSOR-NAME-v1,KQ-GGUF-EVIDENCE-002,PROVEN_CONVERTER,GGUF dimensions use reversed physical dimension order
model.language_model.layers.15.mlp.experts.down_proj,BF16,512x2560x640,838860800,1677721600,text,routed_experts,15,STACKED_0_511,REQUIRED_INITIAL_TEXT,RENAMED_ONE_TO_ONE,blk.15.ffn_down_exps.weight,838860800,629145600,KQ-GGUF-RULE-TENSOR-NAME-v1,KQ-GGUF-EVIDENCE-002,PROVEN_CONVERTER,GGUF dimensions use reversed physical dimension order
model.language_model.layers.15.mlp.experts.gate_up_proj,BF16,512x1280x2560,1677721600,3355443200,text,routed_experts,15,STACKED_0_511,REQUIRED_INITIAL_TEXT,SPLIT_IN_GGUF,blk.15.ffn_gate_exps.weight;blk.15.ffn_up_exps.weight,1677721600,943718400,KQ-GGUF-RULE-MOE-SPLIT-v1,KQ-GGUF-EVIDENCE-004,PROVEN_CONVERTER,Canonical projection is split along the converter-defined projection dimension
model.language_model.layers.15.mlp.gate.weight,BF16,512x2560,1310720,2621440,text,router,15,,REQUIRED_INITIAL_TEXT,RENAMED_ONE_TO_ONE,blk.15.ffn_gate_inp.weight,1310720,5242880,KQ-GGUF-RULE-TENSOR-NAME-v1,KQ-GGUF-EVIDENCE-002,PROVEN_CONVERTER,GGUF dimensions use reversed physical dimension order
model.language_model.layers.15.mlp.shared_expert.down_proj.weight,BF16,2560x640,1638400,3276800,text,shared_expert,15,,REQUIRED_INITIAL_TEXT,RENAMED_ONE_TO_ONE,blk.15.ffn_down_shexp.weight,1638400,1740800,KQ-GGUF-RULE-TENSOR-NAME-v1,KQ-GGUF-EVIDENCE-002,PROVEN_CONVERTER,GGUF dimensions use reversed physical dimension order
model.language_model.layers.15.mlp.shared_expert.gate_proj.weight,BF16,640x2560,1638400,3276800,text,shared_expert,15,,REQUIRED_INITIAL_TEXT,RENAMED_ONE_TO_ONE,blk.15.ffn_gate_shexp.weight,1638400,1740800,KQ-GGUF-RULE-TENSOR-NAME-v1,KQ-GGUF-EVIDENCE-002,PROVEN_CONVERTER,GGUF dimensions use reversed physical dimension order
model.language_model.layers.15.mlp.shared_expert.up_proj.weight,BF16,640x2560,1638400,3276800,text,shared_expert,15,,REQUIRED_INITIAL_TEXT,RENAMED_ONE_TO_ONE,blk.15.ffn_up_shexp.weight,1638400,1740800,KQ-GGUF-RULE-TENSOR-NAME-v1,KQ-GGUF-EVIDENCE-002,PROVEN_CONVERTER,GGUF dimensions use reversed physical dimension order
model.language_model.layers.15.mlp.shared_expert_gate.weight,BF16,1x2560,2560,5120,text,shared_expert,15,,REQUIRED_INITIAL_TEXT,RENAMED_ONE_TO_ONE,blk.15.ffn_gate_inp_shexp.weight,2560,10240,KQ-GGUF-RULE-TENSOR-NAME-v1,KQ-GGUF-EVIDENCE-002,PROVEN_CONVERTER,GGUF dimensions use reversed physical dimension order
model.language_model.layers.15.mlp_hyper_connection.block_inject_weight.weight,BF16,4x10240,40960,81920,text,gated_residual,15,,REQUIRED_INITIAL_TEXT,RENAMED_ONE_TO_ONE,blk.15.hc_ffn_inject.weight,40960,163840,KQ-GGUF-RULE-TENSOR-NAME-v1,KQ-GGUF-EVIDENCE-002,PROVEN_CONVERTER,GGUF dimensions use reversed physical dimension order
model.language_model.layers.15.mlp_hyper_connection.hc_norm.weight,BF16,10240,10240,20480,text,gated_residual,15,,REQUIRED_INITIAL_TEXT,RENAMED_ONE_TO_ONE,blk.15.hc_ffn_norm.weight,10240,40960,KQ-GGUF-RULE-TENSOR-NAME-v1,KQ-GGUF-EVIDENCE-002,PROVEN_CONVERTER,GGUF dimensions use reversed physical dimension order
model.language_model.layers.15.mlp_hyper_connection.input_mix_weight_down.weight,BF16,320x10240,3276800,6553600,text,gated_residual,15,,REQUIRED_INITIAL_TEXT,RENAMED_ONE_TO_ONE,blk.15.hc_ffn_down.weight,3276800,3481600,KQ-GGUF-RULE-TENSOR-NAME-v1,KQ-GGUF-EVIDENCE-002,PROVEN_CONVERTER,GGUF dimensions use reversed physical dimension order
model.language_model.layers.15.mlp_hyper_connection.input_mix_weight_up.weight,BF16,10240x320,3276800,6553600,text,gated_residual,15,,REQUIRED_INITIAL_TEXT,RENAMED_ONE_TO_ONE,blk.15.hc_ffn_up.weight,3276800,3481600,KQ-GGUF-RULE-TENSOR-NAME-v1,KQ-GGUF-EVIDENCE-002,PROVEN_CONVERTER,GGUF dimensions use reversed physical dimension order
model.language_model.layers.15.self_attn.indexer.index_qk_proj.weight,BF16,640x2560,1638400,3276800,text,qsa_indexer,15,,REQUIRED_INITIAL_TEXT,SPLIT_IN_GGUF,blk.15.indexer.q_proj.weight;blk.15.indexer.k_proj.weight,1638400,3276800,KQ-GGUF-RULE-QSA-SPLIT-v1,KQ-GGUF-EVIDENCE-003,PROVEN_CONVERTER,Canonical projection is split along the converter-defined projection dimension
model.language_model.layers.15.self_attn.indexer.k_layernorm.weight,BF16,128,128,256,text,qsa_indexer,15,,REQUIRED_INITIAL_TEXT,RENAMED_ONE_TO_ONE,blk.15.indexer.k_norm.weight,128,512,KQ-GGUF-RULE-TENSOR-NAME-v1,KQ-GGUF-EVIDENCE-002,PROVEN_CONVERTER,GGUF dimensions use reversed physical dimension order
model.language_model.layers.15.self_attn.indexer.q_layernorm.weight,BF16,128,128,256,text,qsa_indexer,15,,REQUIRED_INITIAL_TEXT,RENAMED_ONE_TO_ONE,blk.15.indexer.q_norm.weight,128,512,KQ-GGUF-RULE-TENSOR-NAME-v1,KQ-GGUF-EVIDENCE-002,PROVEN_CONVERTER,GGUF dimensions use reversed physical dimension order
model.language_model.layers.15.self_attn.k_norm.weight,BF16,256,256,512,text,qsa_attention,15,,REQUIRED_INITIAL_TEXT,RENAMED_ONE_TO_ONE,blk.15.attn_k_norm.weight,256,1024,KQ-GGUF-RULE-TENSOR-NAME-v1,KQ-GGUF-EVIDENCE-002,PROVEN_CONVERTER,GGUF dimensions use reversed physical dimension order
model.language_model.layers.15.self_attn.k_proj.weight,BF16,512x2560,1310720,2621440,text,qsa_attention,15,,REQUIRED_INITIAL_TEXT,RENAMED_ONE_TO_ONE,blk.15.attn_k.weight,1310720,1392640,KQ-GGUF-RULE-TENSOR-NAME-v1,KQ-GGUF-EVIDENCE-002,PROVEN_CONVERTER,GGUF dimensions use reversed physical dimension order
model.language_model.layers.15.self_attn.o_proj.weight,BF16,2560x6144,15728640,31457280,text,qsa_attention,15,,REQUIRED_INITIAL_TEXT,RENAMED_ONE_TO_ONE,blk.15.attn_output.weight,15728640,16711680,KQ-GGUF-RULE-TENSOR-NAME-v1,KQ-GGUF-EVIDENCE-002,PROVEN_CONVERTER,GGUF dimensions use reversed physical dimension order
model.language_model.layers.15.self_attn.q_norm.weight,BF16,256,256,512,text,qsa_attention,15,,REQUIRED_INITIAL_TEXT,RENAMED_ONE_TO_ONE,blk.15.attn_q_norm.weight,256,1024,KQ-GGUF-RULE-TENSOR-NAME-v1,KQ-GGUF-EVIDENCE-002,PROVEN_CONVERTER,GGUF dimensions use reversed physical dimension order
model.language_model.layers.15.self_attn.q_proj.weight,BF16,12288x2560,31457280,62914560,text,qsa_attention,15,,REQUIRED_INITIAL_TEXT,RENAMED_ONE_TO_ONE,blk.15.attn_q.weight,31457280,33423360,KQ-GGUF-RULE-TENSOR-NAME-v1,KQ-GGUF-EVIDENCE-002,PROVEN_CONVERTER,GGUF dimensions use reversed physical dimension order
model.language_model.layers.15.self_attn.v_proj.weight,BF16,512x2560,1310720,2621440,text,qsa_attention,15,,REQUIRED_INITIAL_TEXT,RENAMED_ONE_TO_ONE,blk.15.attn_v.weight,1310720,1392640,KQ-GGUF-RULE-TENSOR-NAME-v1,KQ-GGUF-EVIDENCE-002,PROVEN_CONVERTER,GGUF dimensions use reversed physical dimension order
model.language_model.layers.16.attn_hyper_connection.block_inject_weight.weight,BF16,4x10240,40960,81920,text,gated_residual,16,,REQUIRED_INITIAL_TEXT,RENAMED_ONE_TO_ONE,blk.16.hc_attn_inject.weight,40960,163840,KQ-GGUF-RULE-TENSOR-NAME-v1,KQ-GGUF-EVIDENCE-002,PROVEN_CONVERTER,GGUF dimensions use reversed physical dimension order
model.language_model.layers.16.attn_hyper_connection.hc_norm.weight,BF16,10240,10240,20480,text,gated_residual,16,,REQUIRED_INITIAL_TEXT,RENAMED_ONE_TO_ONE,blk.16.hc_attn_norm.weight,10240,40960,KQ-GGUF-RULE-TENSOR-NAME-v1,KQ-GGUF-EVIDENCE-002,PROVEN_CONVERTER,GGUF dimensions use reversed physical dimension order
model.language_model.layers.16.attn_hyper_connection.input_mix_weight_down.weight,BF16,320x10240,3276800,6553600,text,gated_residual,16,,REQUIRED_INITIAL_TEXT,RENAMED_ONE_TO_ONE,blk.16.hc_attn_down.weight,3276800,3481600,KQ-GGUF-RULE-TENSOR-NAME-v1,KQ-GGUF-EVIDENCE-002,PROVEN_CONVERTER,GGUF dimensions use reversed physical dimension order
model.language_model.layers.16.attn_hyper_connection.input_mix_weight_up.weight,BF16,10240x320,3276800,6553600,text,gated_residual,16,,REQUIRED_INITIAL_TEXT,RENAMED_ONE_TO_ONE,blk.16.hc_attn_up.weight,3276800,3481600,KQ-GGUF-RULE-TENSOR-NAME-v1,KQ-GGUF-EVIDENCE-002,PROVEN_CONVERTER,GGUF dimensions use reversed physical dimension order
model.language_model.layers.16.linear_attn.A_log,BF16,48,48,96,text,gdn,16,,REQUIRED_INITIAL_TEXT,TRANSFORMED_LAYOUT,blk.16.ssm_a,48,192,KQ-GGUF-RULE-CONVERTER-TRANSFORM-v1,KQ-GGUF-EVIDENCE-003,PROVEN_CONVERTER,Converter stores -exp(A_log) in the one-to-one GGUF tensor
model.language_model.layers.16.linear_attn.conv1d.weight,BF16,10240x1x4,40960,81920,text,gdn,16,,REQUIRED_INITIAL_TEXT,TRANSFORMED_LAYOUT,blk.16.ssm_conv1d.weight,40960,163840,KQ-GGUF-RULE-CONVERTER-TRANSFORM-v1,KQ-GGUF-EVIDENCE-003,PROVEN_CONVERTER,Converter removes the singleton convolution dimension
model.language_model.layers.16.linear_attn.dt_bias,BF16,48,48,96,text,gdn,16,,REQUIRED_INITIAL_TEXT,RENAMED_ONE_TO_ONE,blk.16.ssm_dt.bias,48,192,KQ-GGUF-RULE-TENSOR-NAME-v1,KQ-GGUF-EVIDENCE-002,PROVEN_CONVERTER,GGUF dimensions use reversed physical dimension order
model.language_model.layers.16.linear_attn.in_proj_a.weight,BF16,48x2560,122880,245760,text,gdn,16,,REQUIRED_INITIAL_TEXT,TRANSFORMED_LAYOUT,blk.16.ssm_alpha.weight,122880,491520,KQ-GGUF-RULE-CONVERTER-TRANSFORM-v1,KQ-GGUF-EVIDENCE-003,PROVEN_CONVERTER,Converter reorders grouped GDN value-head rows or columns to tiled GGML order
model.language_model.layers.16.linear_attn.in_proj_b.weight,BF16,48x2560,122880,245760,text,gdn,16,,REQUIRED_INITIAL_TEXT,TRANSFORMED_LAYOUT,blk.16.ssm_beta.weight,122880,491520,KQ-GGUF-RULE-CONVERTER-TRANSFORM-v1,KQ-GGUF-EVIDENCE-003,PROVEN_CONVERTER,Converter reorders grouped GDN value-head rows or columns to tiled GGML order
model.language_model.layers.16.linear_attn.in_proj_qkv.weight,BF16,10240x2560,26214400,52428800,text,gdn,16,,REQUIRED_INITIAL_TEXT,TRANSFORMED_LAYOUT,blk.16.attn_qkv.weight,26214400,27852800,KQ-GGUF-RULE-CONVERTER-TRANSFORM-v1,KQ-GGUF-EVIDENCE-003,PROVEN_CONVERTER,Converter reorders grouped GDN value-head rows or columns to tiled GGML order
model.language_model.layers.16.linear_attn.in_proj_z.weight,BF16,6144x2560,15728640,31457280,text,gdn,16,,REQUIRED_INITIAL_TEXT,TRANSFORMED_LAYOUT,blk.16.attn_gate.weight,15728640,16711680,KQ-GGUF-RULE-CONVERTER-TRANSFORM-v1,KQ-GGUF-EVIDENCE-003,PROVEN_CONVERTER,Converter reorders grouped GDN value-head rows or columns to tiled GGML order
model.language_model.layers.16.linear_attn.norm.weight,BF16,128,128,256,text,gdn,16,,REQUIRED_INITIAL_TEXT,RENAMED_ONE_TO_ONE,blk.16.ssm_norm.weight,128,512,KQ-GGUF-RULE-TENSOR-NAME-v1,KQ-GGUF-EVIDENCE-002,PROVEN_CONVERTER,GGUF dimensions use reversed physical dimension order
model.language_model.layers.16.linear_attn.out_proj.weight,BF16,2560x6144,15728640,31457280,text,gdn,16,,REQUIRED_INITIAL_TEXT,TRANSFORMED_LAYOUT,blk.16.ssm_out.weight,15728640,16711680,KQ-GGUF-RULE-CONVERTER-TRANSFORM-v1,KQ-GGUF-EVIDENCE-003,PROVEN_CONVERTER,Converter reorders grouped GDN value-head rows or columns to tiled GGML order
model.language_model.layers.16.mlp.experts.down_proj,BF16,512x2560x640,838860800,1677721600,text,routed_experts,16,STACKED_0_511,REQUIRED_INITIAL_TEXT,RENAMED_ONE_TO_ONE,blk.16.ffn_down_exps.weight,838860800,629145600,KQ-GGUF-RULE-TENSOR-NAME-v1,KQ-GGUF-EVIDENCE-002,PROVEN_CONVERTER,GGUF dimensions use reversed physical dimension order
model.language_model.layers.16.mlp.experts.gate_up_proj,BF16,512x1280x2560,1677721600,3355443200,text,routed_experts,16,STACKED_0_511,REQUIRED_INITIAL_TEXT,SPLIT_IN_GGUF,blk.16.ffn_gate_exps.weight;blk.16.ffn_up_exps.weight,1677721600,943718400,KQ-GGUF-RULE-MOE-SPLIT-v1,KQ-GGUF-EVIDENCE-004,PROVEN_CONVERTER,Canonical projection is split along the converter-defined projection dimension
model.language_model.layers.16.mlp.gate.weight,BF16,512x2560,1310720,2621440,text,router,16,,REQUIRED_INITIAL_TEXT,RENAMED_ONE_TO_ONE,blk.16.ffn_gate_inp.weight,1310720,5242880,KQ-GGUF-RULE-TENSOR-NAME-v1,KQ-GGUF-EVIDENCE-002,PROVEN_CONVERTER,GGUF dimensions use reversed physical dimension order
model.language_model.layers.16.mlp.shared_expert.down_proj.weight,BF16,2560x640,1638400,3276800,text,shared_expert,16,,REQUIRED_INITIAL_TEXT,RENAMED_ONE_TO_ONE,blk.16.ffn_down_shexp.weight,1638400,1740800,KQ-GGUF-RULE-TENSOR-NAME-v1,KQ-GGUF-EVIDENCE-002,PROVEN_CONVERTER,GGUF dimensions use reversed physical dimension order
model.language_model.layers.16.mlp.shared_expert.gate_proj.weight,BF16,640x2560,1638400,3276800,text,shared_expert,16,,REQUIRED_INITIAL_TEXT,RENAMED_ONE_TO_ONE,blk.16.ffn_gate_shexp.weight,1638400,1740800,KQ-GGUF-RULE-TENSOR-NAME-v1,KQ-GGUF-EVIDENCE-002,PROVEN_CONVERTER,GGUF dimensions use reversed physical dimension order
model.language_model.layers.16.mlp.shared_expert.up_proj.weight,BF16,640x2560,1638400,3276800,text,shared_expert,16,,REQUIRED_INITIAL_TEXT,RENAMED_ONE_TO_ONE,blk.16.ffn_up_shexp.weight,1638400,1740800,KQ-GGUF-RULE-TENSOR-NAME-v1,KQ-GGUF-EVIDENCE-002,PROVEN_CONVERTER,GGUF dimensions use reversed physical dimension order
model.language_model.layers.16.mlp.shared_expert_gate.weight,BF16,1x2560,2560,5120,text,shared_expert,16,,REQUIRED_INITIAL_TEXT,RENAMED_ONE_TO_ONE,blk.16.ffn_gate_inp_shexp.weight,2560,10240,KQ-GGUF-RULE-TENSOR-NAME-v1,KQ-GGUF-EVIDENCE-002,PROVEN_CONVERTER,GGUF dimensions use reversed physical dimension order
model.language_model.layers.16.mlp_hyper_connection.block_inject_weight.weight,BF16,4x10240,40960,81920,text,gated_residual,16,,REQUIRED_INITIAL_TEXT,RENAMED_ONE_TO_ONE,blk.16.hc_ffn_inject.weight,40960,163840,KQ-GGUF-RULE-TENSOR-NAME-v1,KQ-GGUF-EVIDENCE-002,PROVEN_CONVERTER,GGUF dimensions use reversed physical dimension order
model.language_model.layers.16.mlp_hyper_connection.hc_norm.weight,BF16,10240,10240,20480,text,gated_residual,16,,REQUIRED_INITIAL_TEXT,RENAMED_ONE_TO_ONE,blk.16.hc_ffn_norm.weight,10240,40960,KQ-GGUF-RULE-TENSOR-NAME-v1,KQ-GGUF-EVIDENCE-002,PROVEN_CONVERTER,GGUF dimensions use reversed physical dimension order
model.language_model.layers.16.mlp_hyper_connection.input_mix_weight_down.weight,BF16,320x10240,3276800,6553600,text,gated_residual,16,,REQUIRED_INITIAL_TEXT,RENAMED_ONE_TO_ONE,blk.16.hc_ffn_down.weight,3276800,3481600,KQ-GGUF-RULE-TENSOR-NAME-v1,KQ-GGUF-EVIDENCE-002,PROVEN_CONVERTER,GGUF dimensions use reversed physical dimension order
model.language_model.layers.16.mlp_hyper_connection.input_mix_weight_up.weight,BF16,10240x320,3276800,6553600,text,gated_residual,16,,REQUIRED_INITIAL_TEXT,RENAMED_ONE_TO_ONE,blk.16.hc_ffn_up.weight,3276800,3481600,KQ-GGUF-RULE-TENSOR-NAME-v1,KQ-GGUF-EVIDENCE-002,PROVEN_CONVERTER,GGUF dimensions use reversed physical dimension order
model.language_model.layers.17.attn_hyper_connection.block_inject_weight.weight,BF16,4x10240,40960,81920,text,gated_residual,17,,REQUIRED_INITIAL_TEXT,RENAMED_ONE_TO_ONE,blk.17.hc_attn_inject.weight,40960,163840,KQ-GGUF-RULE-TENSOR-NAME-v1,KQ-GGUF-EVIDENCE-002,PROVEN_CONVERTER,GGUF dimensions use reversed physical dimension order
model.language_model.layers.17.attn_hyper_connection.hc_norm.weight,BF16,10240,10240,20480,text,gated_residual,17,,REQUIRED_INITIAL_TEXT,RENAMED_ONE_TO_ONE,blk.17.hc_attn_norm.weight,10240,40960,KQ-GGUF-RULE-TENSOR-NAME-v1,KQ-GGUF-EVIDENCE-002,PROVEN_CONVERTER,GGUF dimensions use reversed physical dimension order
model.language_model.layers.17.attn_hyper_connection.input_mix_weight_down.weight,BF16,320x10240,3276800,6553600,text,gated_residual,17,,REQUIRED_INITIAL_TEXT,RENAMED_ONE_TO_ONE,blk.17.hc_attn_down.weight,3276800,3481600,KQ-GGUF-RULE-TENSOR-NAME-v1,KQ-GGUF-EVIDENCE-002,PROVEN_CONVERTER,GGUF dimensions use reversed physical dimension order
model.language_model.layers.17.attn_hyper_connection.input_mix_weight_up.weight,BF16,10240x320,3276800,6553600,text,gated_residual,17,,REQUIRED_INITIAL_TEXT,RENAMED_ONE_TO_ONE,blk.17.hc_attn_up.weight,3276800,3481600,KQ-GGUF-RULE-TENSOR-NAME-v1,KQ-GGUF-EVIDENCE-002,PROVEN_CONVERTER,GGUF dimensions use reversed physical dimension order
model.language_model.layers.17.linear_attn.A_log,BF16,48,48,96,text,gdn,17,,REQUIRED_INITIAL_TEXT,TRANSFORMED_LAYOUT,blk.17.ssm_a,48,192,KQ-GGUF-RULE-CONVERTER-TRANSFORM-v1,KQ-GGUF-EVIDENCE-003,PROVEN_CONVERTER,Converter stores -exp(A_log) in the one-to-one GGUF tensor
model.language_model.layers.17.linear_attn.conv1d.weight,BF16,10240x1x4,40960,81920,text,gdn,17,,REQUIRED_INITIAL_TEXT,TRANSFORMED_LAYOUT,blk.17.ssm_conv1d.weight,40960,163840,KQ-GGUF-RULE-CONVERTER-TRANSFORM-v1,KQ-GGUF-EVIDENCE-003,PROVEN_CONVERTER,Converter removes the singleton convolution dimension
model.language_model.layers.17.linear_attn.dt_bias,BF16,48,48,96,text,gdn,17,,REQUIRED_INITIAL_TEXT,RENAMED_ONE_TO_ONE,blk.17.ssm_dt.bias,48,192,KQ-GGUF-RULE-TENSOR-NAME-v1,KQ-GGUF-EVIDENCE-002,PROVEN_CONVERTER,GGUF dimensions use reversed physical dimension order
model.language_model.layers.17.linear_attn.in_proj_a.weight,BF16,48x2560,122880,245760,text,gdn,17,,REQUIRED_INITIAL_TEXT,TRANSFORMED_LAYOUT,blk.17.ssm_alpha.weight,122880,491520,KQ-GGUF-RULE-CONVERTER-TRANSFORM-v1,KQ-GGUF-EVIDENCE-003,PROVEN_CONVERTER,Converter reorders grouped GDN value-head rows or columns to tiled GGML order
model.language_model.layers.17.linear_attn.in_proj_b.weight,BF16,48x2560,122880,245760,text,gdn,17,,REQUIRED_INITIAL_TEXT,TRANSFORMED_LAYOUT,blk.17.ssm_beta.weight,122880,491520,KQ-GGUF-RULE-CONVERTER-TRANSFORM-v1,KQ-GGUF-EVIDENCE-003,PROVEN_CONVERTER,Converter reorders grouped GDN value-head rows or columns to tiled GGML order
model.language_model.layers.17.linear_attn.in_proj_qkv.weight,BF16,10240x2560,26214400,52428800,text,gdn,17,,REQUIRED_INITIAL_TEXT,TRANSFORMED_LAYOUT,blk.17.attn_qkv.weight,26214400,27852800,KQ-GGUF-RULE-CONVERTER-TRANSFORM-v1,KQ-GGUF-EVIDENCE-003,PROVEN_CONVERTER,Converter reorders grouped GDN value-head rows or columns to tiled GGML order
model.language_model.layers.17.linear_attn.in_proj_z.weight,BF16,6144x2560,15728640,31457280,text,gdn,17,,REQUIRED_INITIAL_TEXT,TRANSFORMED_LAYOUT,blk.17.attn_gate.weight,15728640,16711680,KQ-GGUF-RULE-CONVERTER-TRANSFORM-v1,KQ-GGUF-EVIDENCE-003,PROVEN_CONVERTER,Converter reorders grouped GDN value-head rows or columns to tiled GGML order
model.language_model.layers.17.linear_attn.norm.weight,BF16,128,128,256,text,gdn,17,,REQUIRED_INITIAL_TEXT,RENAMED_ONE_TO_ONE,blk.17.ssm_norm.weight,128,512,KQ-GGUF-RULE-TENSOR-NAME-v1,KQ-GGUF-EVIDENCE-002,PROVEN_CONVERTER,GGUF dimensions use reversed physical dimension order
model.language_model.layers.17.linear_attn.out_proj.weight,BF16,2560x6144,15728640,31457280,text,gdn,17,,REQUIRED_INITIAL_TEXT,TRANSFORMED_LAYOUT,blk.17.ssm_out.weight,15728640,16711680,KQ-GGUF-RULE-CONVERTER-TRANSFORM-v1,KQ-GGUF-EVIDENCE-003,PROVEN_CONVERTER,Converter reorders grouped GDN value-head rows or columns to tiled GGML order
model.language_model.layers.17.mlp.experts.down_proj,BF16,512x2560x640,838860800,1677721600,text,routed_experts,17,STACKED_0_511,REQUIRED_INITIAL_TEXT,RENAMED_ONE_TO_ONE,blk.17.ffn_down_exps.weight,838860800,629145600,KQ-GGUF-RULE-TENSOR-NAME-v1,KQ-GGUF-EVIDENCE-002,PROVEN_CONVERTER,GGUF dimensions use reversed physical dimension order
model.language_model.layers.17.mlp.experts.gate_up_proj,BF16,512x1280x2560,1677721600,3355443200,text,routed_experts,17,STACKED_0_511,REQUIRED_INITIAL_TEXT,SPLIT_IN_GGUF,blk.17.ffn_gate_exps.weight;blk.17.ffn_up_exps.weight,1677721600,943718400,KQ-GGUF-RULE-MOE-SPLIT-v1,KQ-GGUF-EVIDENCE-004,PROVEN_CONVERTER,Canonical projection is split along the converter-defined projection dimension
model.language_model.layers.17.mlp.gate.weight,BF16,512x2560,1310720,2621440,text,router,17,,REQUIRED_INITIAL_TEXT,RENAMED_ONE_TO_ONE,blk.17.ffn_gate_inp.weight,1310720,5242880,KQ-GGUF-RULE-TENSOR-NAME-v1,KQ-GGUF-EVIDENCE-002,PROVEN_CONVERTER,GGUF dimensions use reversed physical dimension order
model.language_model.layers.17.mlp.shared_expert.down_proj.weight,BF16,2560x640,1638400,3276800,text,shared_expert,17,,REQUIRED_INITIAL_TEXT,RENAMED_ONE_TO_ONE,blk.17.ffn_down_shexp.weight,1638400,1740800,KQ-GGUF-RULE-TENSOR-NAME-v1,KQ-GGUF-EVIDENCE-002,PROVEN_CONVERTER,GGUF dimensions use reversed physical dimension order
model.language_model.layers.17.mlp.shared_expert.gate_proj.weight,BF16,640x2560,1638400,3276800,text,shared_expert,17,,REQUIRED_INITIAL_TEXT,RENAMED_ONE_TO_ONE,blk.17.ffn_gate_shexp.weight,1638400,1740800,KQ-GGUF-RULE-TENSOR-NAME-v1,KQ-GGUF-EVIDENCE-002,PROVEN_CONVERTER,GGUF dimensions use reversed physical dimension order
model.language_model.layers.17.mlp.shared_expert.up_proj.weight,BF16,640x2560,1638400,3276800,text,shared_expert,17,,REQUIRED_INITIAL_TEXT,RENAMED_ONE_TO_ONE,blk.17.ffn_up_shexp.weight,1638400,1740800,KQ-GGUF-RULE-TENSOR-NAME-v1,KQ-GGUF-EVIDENCE-002,PROVEN_CONVERTER,GGUF dimensions use reversed physical dimension order
model.language_model.layers.17.mlp.shared_expert_gate.weight,BF16,1x2560,2560,5120,text,shared_expert,17,,REQUIRED_INITIAL_TEXT,RENAMED_ONE_TO_ONE,blk.17.ffn_gate_inp_shexp.weight,2560,10240,KQ-GGUF-RULE-TENSOR-NAME-v1,KQ-GGUF-EVIDENCE-002,PROVEN_CONVERTER,GGUF dimensions use reversed physical dimension order
model.language_model.layers.17.mlp_hyper_connection.block_inject_weight.weight,BF16,4x10240,40960,81920,text,gated_residual,17,,REQUIRED_INITIAL_TEXT,RENAMED_ONE_TO_ONE,blk.17.hc_ffn_inject.weight,40960,163840,KQ-GGUF-RULE-TENSOR-NAME-v1,KQ-GGUF-EVIDENCE-002,PROVEN_CONVERTER,GGUF dimensions use reversed physical dimension order
model.language_model.layers.17.mlp_hyper_connection.hc_norm.weight,BF16,10240,10240,20480,text,gated_residual,17,,REQUIRED_INITIAL_TEXT,RENAMED_ONE_TO_ONE,blk.17.hc_ffn_norm.weight,10240,40960,KQ-GGUF-RULE-TENSOR-NAME-v1,KQ-GGUF-EVIDENCE-002,PROVEN_CONVERTER,GGUF dimensions use reversed physical dimension order
model.language_model.layers.17.mlp_hyper_connection.input_mix_weight_down.weight,BF16,320x10240,3276800,6553600,text,gated_residual,17,,REQUIRED_INITIAL_TEXT,RENAMED_ONE_TO_ONE,blk.17.hc_ffn_down.weight,3276800,3481600,KQ-GGUF-RULE-TENSOR-NAME-v1,KQ-GGUF-EVIDENCE-002,PROVEN_CONVERTER,GGUF dimensions use reversed physical dimension order
model.language_model.layers.17.mlp_hyper_connection.input_mix_weight_up.weight,BF16,10240x320,3276800,6553600,text,gated_residual,17,,REQUIRED_INITIAL_TEXT,RENAMED_ONE_TO_ONE,blk.17.hc_ffn_up.weight,3276800,3481600,KQ-GGUF-RULE-TENSOR-NAME-v1,KQ-GGUF-EVIDENCE-002,PROVEN_CONVERTER,GGUF dimensions use reversed physical dimension order
model.language_model.layers.18.attn_hyper_connection.block_inject_weight.weight,BF16,4x10240,40960,81920,text,gated_residual,18,,REQUIRED_INITIAL_TEXT,RENAMED_ONE_TO_ONE,blk.18.hc_attn_inject.weight,40960,163840,KQ-GGUF-RULE-TENSOR-NAME-v1,KQ-GGUF-EVIDENCE-002,PROVEN_CONVERTER,GGUF dimensions use reversed physical dimension order
model.language_model.layers.18.attn_hyper_connection.hc_norm.weight,BF16,10240,10240,20480,text,gated_residual,18,,REQUIRED_INITIAL_TEXT,RENAMED_ONE_TO_ONE,blk.18.hc_attn_norm.weight,10240,40960,KQ-GGUF-RULE-TENSOR-NAME-v1,KQ-GGUF-EVIDENCE-002,PROVEN_CONVERTER,GGUF dimensions use reversed physical dimension order
model.language_model.layers.18.attn_hyper_connection.input_mix_weight_down.weight,BF16,320x10240,3276800,6553600,text,gated_residual,18,,REQUIRED_INITIAL_TEXT,RENAMED_ONE_TO_ONE,blk.18.hc_attn_down.weight,3276800,3481600,KQ-GGUF-RULE-TENSOR-NAME-v1,KQ-GGUF-EVIDENCE-002,PROVEN_CONVERTER,GGUF dimensions use reversed physical dimension order
model.language_model.layers.18.attn_hyper_connection.input_mix_weight_up.weight,BF16,10240x320,3276800,6553600,text,gated_residual,18,,REQUIRED_INITIAL_TEXT,RENAMED_ONE_TO_ONE,blk.18.hc_attn_up.weight,3276800,3481600,KQ-GGUF-RULE-TENSOR-NAME-v1,KQ-GGUF-EVIDENCE-002,PROVEN_CONVERTER,GGUF dimensions use reversed physical dimension order
model.language_model.layers.18.linear_attn.A_log,BF16,48,48,96,text,gdn,18,,REQUIRED_INITIAL_TEXT,TRANSFORMED_LAYOUT,blk.18.ssm_a,48,192,KQ-GGUF-RULE-CONVERTER-TRANSFORM-v1,KQ-GGUF-EVIDENCE-003,PROVEN_CONVERTER,Converter stores -exp(A_log) in the one-to-one GGUF tensor
model.language_model.layers.18.linear_attn.conv1d.weight,BF16,10240x1x4,40960,81920,text,gdn,18,,REQUIRED_INITIAL_TEXT,TRANSFORMED_LAYOUT,blk.18.ssm_conv1d.weight,40960,163840,KQ-GGUF-RULE-CONVERTER-TRANSFORM-v1,KQ-GGUF-EVIDENCE-003,PROVEN_CONVERTER,Converter removes the singleton convolution dimension
model.language_model.layers.18.linear_attn.dt_bias,BF16,48,48,96,text,gdn,18,,REQUIRED_INITIAL_TEXT,RENAMED_ONE_TO_ONE,blk.18.ssm_dt.bias,48,192,KQ-GGUF-RULE-TENSOR-NAME-v1,KQ-GGUF-EVIDENCE-002,PROVEN_CONVERTER,GGUF dimensions use reversed physical dimension order
model.language_model.layers.18.linear_attn.in_proj_a.weight,BF16,48x2560,122880,245760,text,gdn,18,,REQUIRED_INITIAL_TEXT,TRANSFORMED_LAYOUT,blk.18.ssm_alpha.weight,122880,491520,KQ-GGUF-RULE-CONVERTER-TRANSFORM-v1,KQ-GGUF-EVIDENCE-003,PROVEN_CONVERTER,Converter reorders grouped GDN value-head rows or columns to tiled GGML order
model.language_model.layers.18.linear_attn.in_proj_b.weight,BF16,48x2560,122880,245760,text,gdn,18,,REQUIRED_INITIAL_TEXT,TRANSFORMED_LAYOUT,blk.18.ssm_beta.weight,122880,491520,KQ-GGUF-RULE-CONVERTER-TRANSFORM-v1,KQ-GGUF-EVIDENCE-003,PROVEN_CONVERTER,Converter reorders grouped GDN value-head rows or columns to tiled GGML order
model.language_model.layers.18.linear_attn.in_proj_qkv.weight,BF16,10240x2560,26214400,52428800,text,gdn,18,,REQUIRED_INITIAL_TEXT,TRANSFORMED_LAYOUT,blk.18.attn_qkv.weight,26214400,27852800,KQ-GGUF-RULE-CONVERTER-TRANSFORM-v1,KQ-GGUF-EVIDENCE-003,PROVEN_CONVERTER,Converter reorders grouped GDN value-head rows or columns to tiled GGML order
model.language_model.layers.18.linear_attn.in_proj_z.weight,BF16,6144x2560,15728640,31457280,text,gdn,18,,REQUIRED_INITIAL_TEXT,TRANSFORMED_LAYOUT,blk.18.attn_gate.weight,15728640,16711680,KQ-GGUF-RULE-CONVERTER-TRANSFORM-v1,KQ-GGUF-EVIDENCE-003,PROVEN_CONVERTER,Converter reorders grouped GDN value-head rows or columns to tiled GGML order
model.language_model.layers.18.linear_attn.norm.weight,BF16,128,128,256,text,gdn,18,,REQUIRED_INITIAL_TEXT,RENAMED_ONE_TO_ONE,blk.18.ssm_norm.weight,128,512,KQ-GGUF-RULE-TENSOR-NAME-v1,KQ-GGUF-EVIDENCE-002,PROVEN_CONVERTER,GGUF dimensions use reversed physical dimension order
model.language_model.layers.18.linear_attn.out_proj.weight,BF16,2560x6144,15728640,31457280,text,gdn,18,,REQUIRED_INITIAL_TEXT,TRANSFORMED_LAYOUT,blk.18.ssm_out.weight,15728640,16711680,KQ-GGUF-RULE-CONVERTER-TRANSFORM-v1,KQ-GGUF-EVIDENCE-003,PROVEN_CONVERTER,Converter reorders grouped GDN value-head rows or columns to tiled GGML order
model.language_model.layers.18.mlp.experts.down_proj,BF16,512x2560x640,838860800,1677721600,text,routed_experts,18,STACKED_0_511,REQUIRED_INITIAL_TEXT,RENAMED_ONE_TO_ONE,blk.18.ffn_down_exps.weight,838860800,629145600,KQ-GGUF-RULE-TENSOR-NAME-v1,KQ-GGUF-EVIDENCE-002,PROVEN_CONVERTER,GGUF dimensions use reversed physical dimension order
model.language_model.layers.18.mlp.experts.gate_up_proj,BF16,512x1280x2560,1677721600,3355443200,text,routed_experts,18,STACKED_0_511,REQUIRED_INITIAL_TEXT,SPLIT_IN_GGUF,blk.18.ffn_gate_exps.weight;blk.18.ffn_up_exps.weight,1677721600,943718400,KQ-GGUF-RULE-MOE-SPLIT-v1,KQ-GGUF-EVIDENCE-004,PROVEN_CONVERTER,Canonical projection is split along the converter-defined projection dimension
model.language_model.layers.18.mlp.gate.weight,BF16,512x2560,1310720,2621440,text,router,18,,REQUIRED_INITIAL_TEXT,RENAMED_ONE_TO_ONE,blk.18.ffn_gate_inp.weight,1310720,5242880,KQ-GGUF-RULE-TENSOR-NAME-v1,KQ-GGUF-EVIDENCE-002,PROVEN_CONVERTER,GGUF dimensions use reversed physical dimension order
model.language_model.layers.18.mlp.shared_expert.down_proj.weight,BF16,2560x640,1638400,3276800,text,shared_expert,18,,REQUIRED_INITIAL_TEXT,RENAMED_ONE_TO_ONE,blk.18.ffn_down_shexp.weight,1638400,1740800,KQ-GGUF-RULE-TENSOR-NAME-v1,KQ-GGUF-EVIDENCE-002,PROVEN_CONVERTER,GGUF dimensions use reversed physical dimension order
model.language_model.layers.18.mlp.shared_expert.gate_proj.weight,BF16,640x2560,1638400,3276800,text,shared_expert,18,,REQUIRED_INITIAL_TEXT,RENAMED_ONE_TO_ONE,blk.18.ffn_gate_shexp.weight,1638400,1740800,KQ-GGUF-RULE-TENSOR-NAME-v1,KQ-GGUF-EVIDENCE-002,PROVEN_CONVERTER,GGUF dimensions use reversed physical dimension order
model.language_model.layers.18.mlp.shared_expert.up_proj.weight,BF16,640x2560,1638400,3276800,text,shared_expert,18,,REQUIRED_INITIAL_TEXT,RENAMED_ONE_TO_ONE,blk.18.ffn_up_shexp.weight,1638400,1740800,KQ-GGUF-RULE-TENSOR-NAME-v1,KQ-GGUF-EVIDENCE-002,PROVEN_CONVERTER,GGUF dimensions use reversed physical dimension order
model.language_model.layers.18.mlp.shared_expert_gate.weight,BF16,1x2560,2560,5120,text,shared_expert,18,,REQUIRED_INITIAL_TEXT,RENAMED_ONE_TO_ONE,blk.18.ffn_gate_inp_shexp.weight,2560,10240,KQ-GGUF-RULE-TENSOR-NAME-v1,KQ-GGUF-EVIDENCE-002,PROVEN_CONVERTER,GGUF dimensions use reversed physical dimension order
model.language_model.layers.18.mlp_hyper_connection.block_inject_weight.weight,BF16,4x10240,40960,81920,text,gated_residual,18,,REQUIRED_INITIAL_TEXT,RENAMED_ONE_TO_ONE,blk.18.hc_ffn_inject.weight,40960,163840,KQ-GGUF-RULE-TENSOR-NAME-v1,KQ-GGUF-EVIDENCE-002,PROVEN_CONVERTER,GGUF dimensions use reversed physical dimension order
model.language_model.layers.18.mlp_hyper_connection.hc_norm.weight,BF16,10240,10240,20480,text,gated_residual,18,,REQUIRED_INITIAL_TEXT,RENAMED_ONE_TO_ONE,blk.18.hc_ffn_norm.weight,10240,40960,KQ-GGUF-RULE-TENSOR-NAME-v1,KQ-GGUF-EVIDENCE-002,PROVEN_CONVERTER,GGUF dimensions use reversed physical dimension order
model.language_model.layers.18.mlp_hyper_connection.input_mix_weight_down.weight,BF16,320x10240,3276800,6553600,text,gated_residual,18,,REQUIRED_INITIAL_TEXT,RENAMED_ONE_TO_ONE,blk.18.hc_ffn_down.weight,3276800,3481600,KQ-GGUF-RULE-TENSOR-NAME-v1,KQ-GGUF-EVIDENCE-002,PROVEN_CONVERTER,GGUF dimensions use reversed physical dimension order
model.language_model.layers.18.mlp_hyper_connection.input_mix_weight_up.weight,BF16,10240x320,3276800,6553600,text,gated_residual,18,,REQUIRED_INITIAL_TEXT,RENAMED_ONE_TO_ONE,blk.18.hc_ffn_up.weight,3276800,3481600,KQ-GGUF-RULE-TENSOR-NAME-v1,KQ-GGUF-EVIDENCE-002,PROVEN_CONVERTER,GGUF dimensions use reversed physical dimension order
model.language_model.layers.19.attn_hyper_connection.block_inject_weight.weight,BF16,4x10240,40960,81920,text,gated_residual,19,,REQUIRED_INITIAL_TEXT,RENAMED_ONE_TO_ONE,blk.19.hc_attn_inject.weight,40960,163840,KQ-GGUF-RULE-TENSOR-NAME-v1,KQ-GGUF-EVIDENCE-002,PROVEN_CONVERTER,GGUF dimensions use reversed physical dimension order
model.language_model.layers.19.attn_hyper_connection.hc_norm.weight,BF16,10240,10240,20480,text,gated_residual,19,,REQUIRED_INITIAL_TEXT,RENAMED_ONE_TO_ONE,blk.19.hc_attn_norm.weight,10240,40960,KQ-GGUF-RULE-TENSOR-NAME-v1,KQ-GGUF-EVIDENCE-002,PROVEN_CONVERTER,GGUF dimensions use reversed physical dimension order
model.language_model.layers.19.attn_hyper_connection.input_mix_weight_down.weight,BF16,320x10240,3276800,6553600,text,gated_residual,19,,REQUIRED_INITIAL_TEXT,RENAMED_ONE_TO_ONE,blk.19.hc_attn_down.weight,3276800,3481600,KQ-GGUF-RULE-TENSOR-NAME-v1,KQ-GGUF-EVIDENCE-002,PROVEN_CONVERTER,GGUF dimensions use reversed physical dimension order
model.language_model.layers.19.attn_hyper_connection.input_mix_weight_up.weight,BF16,10240x320,3276800,6553600,text,gated_residual,19,,REQUIRED_INITIAL_TEXT,RENAMED_ONE_TO_ONE,blk.19.hc_attn_up.weight,3276800,3481600,KQ-GGUF-RULE-TENSOR-NAME-v1,KQ-GGUF-EVIDENCE-002,PROVEN_CONVERTER,GGUF dimensions use reversed physical dimension order
model.language_model.layers.19.mlp.experts.down_proj,BF16,512x2560x640,838860800,1677721600,text,routed_experts,19,STACKED_0_511,REQUIRED_INITIAL_TEXT,RENAMED_ONE_TO_ONE,blk.19.ffn_down_exps.weight,838860800,629145600,KQ-GGUF-RULE-TENSOR-NAME-v1,KQ-GGUF-EVIDENCE-002,PROVEN_CONVERTER,GGUF dimensions use reversed physical dimension order
model.language_model.layers.19.mlp.experts.gate_up_proj,BF16,512x1280x2560,1677721600,3355443200,text,routed_experts,19,STACKED_0_511,REQUIRED_INITIAL_TEXT,SPLIT_IN_GGUF,blk.19.ffn_gate_exps.weight;blk.19.ffn_up_exps.weight,1677721600,943718400,KQ-GGUF-RULE-MOE-SPLIT-v1,KQ-GGUF-EVIDENCE-004,PROVEN_CONVERTER,Canonical projection is split along the converter-defined projection dimension
model.language_model.layers.19.mlp.gate.weight,BF16,512x2560,1310720,2621440,text,router,19,,REQUIRED_INITIAL_TEXT,RENAMED_ONE_TO_ONE,blk.19.ffn_gate_inp.weight,1310720,5242880,KQ-GGUF-RULE-TENSOR-NAME-v1,KQ-GGUF-EVIDENCE-002,PROVEN_CONVERTER,GGUF dimensions use reversed physical dimension order
model.language_model.layers.19.mlp.shared_expert.down_proj.weight,BF16,2560x640,1638400,3276800,text,shared_expert,19,,REQUIRED_INITIAL_TEXT,RENAMED_ONE_TO_ONE,blk.19.ffn_down_shexp.weight,1638400,1740800,KQ-GGUF-RULE-TENSOR-NAME-v1,KQ-GGUF-EVIDENCE-002,PROVEN_CONVERTER,GGUF dimensions use reversed physical dimension order
model.language_model.layers.19.mlp.shared_expert.gate_proj.weight,BF16,640x2560,1638400,3276800,text,shared_expert,19,,REQUIRED_INITIAL_TEXT,RENAMED_ONE_TO_ONE,blk.19.ffn_gate_shexp.weight,1638400,1740800,KQ-GGUF-RULE-TENSOR-NAME-v1,KQ-GGUF-EVIDENCE-002,PROVEN_CONVERTER,GGUF dimensions use reversed physical dimension order
model.language_model.layers.19.mlp.shared_expert.up_proj.weight,BF16,640x2560,1638400,3276800,text,shared_expert,19,,REQUIRED_INITIAL_TEXT,RENAMED_ONE_TO_ONE,blk.19.ffn_up_shexp.weight,1638400,1740800,KQ-GGUF-RULE-TENSOR-NAME-v1,KQ-GGUF-EVIDENCE-002,PROVEN_CONVERTER,GGUF dimensions use reversed physical dimension order
model.language_model.layers.19.mlp.shared_expert_gate.weight,BF16,1x2560,2560,5120,text,shared_expert,19,,REQUIRED_INITIAL_TEXT,RENAMED_ONE_TO_ONE,blk.19.ffn_gate_inp_shexp.weight,2560,10240,KQ-GGUF-RULE-TENSOR-NAME-v1,KQ-GGUF-EVIDENCE-002,PROVEN_CONVERTER,GGUF dimensions use reversed physical dimension order
model.language_model.layers.19.mlp_hyper_connection.block_inject_weight.weight,BF16,4x10240,40960,81920,text,gated_residual,19,,REQUIRED_INITIAL_TEXT,RENAMED_ONE_TO_ONE,blk.19.hc_ffn_inject.weight,40960,163840,KQ-GGUF-RULE-TENSOR-NAME-v1,KQ-GGUF-EVIDENCE-002,PROVEN_CONVERTER,GGUF dimensions use reversed physical dimension order
model.language_model.layers.19.mlp_hyper_connection.hc_norm.weight,BF16,10240,10240,20480,text,gated_residual,19,,REQUIRED_INITIAL_TEXT,RENAMED_ONE_TO_ONE,blk.19.hc_ffn_norm.weight,10240,40960,KQ-GGUF-RULE-TENSOR-NAME-v1,KQ-GGUF-EVIDENCE-002,PROVEN_CONVERTER,GGUF dimensions use reversed physical dimension order
model.language_model.layers.19.mlp_hyper_connection.input_mix_weight_down.weight,BF16,320x10240,3276800,6553600,text,gated_residual,19,,REQUIRED_INITIAL_TEXT,RENAMED_ONE_TO_ONE,blk.19.hc_ffn_down.weight,3276800,3481600,KQ-GGUF-RULE-TENSOR-NAME-v1,KQ-GGUF-EVIDENCE-002,PROVEN_CONVERTER,GGUF dimensions use reversed physical dimension order
model.language_model.layers.19.mlp_hyper_connection.input_mix_weight_up.weight,BF16,10240x320,3276800,6553600,text,gated_residual,19,,REQUIRED_INITIAL_TEXT,RENAMED_ONE_TO_ONE,blk.19.hc_ffn_up.weight,3276800,3481600,KQ-GGUF-RULE-TENSOR-NAME-v1,KQ-GGUF-EVIDENCE-002,PROVEN_CONVERTER,GGUF dimensions use reversed physical dimension order
model.language_model.layers.19.self_attn.indexer.index_qk_proj.weight,BF16,640x2560,1638400,3276800,text,qsa_indexer,19,,REQUIRED_INITIAL_TEXT,SPLIT_IN_GGUF,blk.19.indexer.q_proj.weight;blk.19.indexer.k_proj.weight,1638400,3276800,KQ-GGUF-RULE-QSA-SPLIT-v1,KQ-GGUF-EVIDENCE-003,PROVEN_CONVERTER,Canonical projection is split along the converter-defined projection dimension
model.language_model.layers.19.self_attn.indexer.k_layernorm.weight,BF16,128,128,256,text,qsa_indexer,19,,REQUIRED_INITIAL_TEXT,RENAMED_ONE_TO_ONE,blk.19.indexer.k_norm.weight,128,512,KQ-GGUF-RULE-TENSOR-NAME-v1,KQ-GGUF-EVIDENCE-002,PROVEN_CONVERTER,GGUF dimensions use reversed physical dimension order
model.language_model.layers.19.self_attn.indexer.q_layernorm.weight,BF16,128,128,256,text,qsa_indexer,19,,REQUIRED_INITIAL_TEXT,RENAMED_ONE_TO_ONE,blk.19.indexer.q_norm.weight,128,512,KQ-GGUF-RULE-TENSOR-NAME-v1,KQ-GGUF-EVIDENCE-002,PROVEN_CONVERTER,GGUF dimensions use reversed physical dimension order
model.language_model.layers.19.self_attn.k_norm.weight,BF16,256,256,512,text,qsa_attention,19,,REQUIRED_INITIAL_TEXT,RENAMED_ONE_TO_ONE,blk.19.attn_k_norm.weight,256,1024,KQ-GGUF-RULE-TENSOR-NAME-v1,KQ-GGUF-EVIDENCE-002,PROVEN_CONVERTER,GGUF dimensions use reversed physical dimension order
model.language_model.layers.19.self_attn.k_proj.weight,BF16,512x2560,1310720,2621440,text,qsa_attention,19,,REQUIRED_INITIAL_TEXT,RENAMED_ONE_TO_ONE,blk.19.attn_k.weight,1310720,1392640,KQ-GGUF-RULE-TENSOR-NAME-v1,KQ-GGUF-EVIDENCE-002,PROVEN_CONVERTER,GGUF dimensions use reversed physical dimension order
model.language_model.layers.19.self_attn.o_proj.weight,BF16,2560x6144,15728640,31457280,text,qsa_attention,19,,REQUIRED_INITIAL_TEXT,RENAMED_ONE_TO_ONE,blk.19.attn_output.weight,15728640,16711680,KQ-GGUF-RULE-TENSOR-NAME-v1,KQ-GGUF-EVIDENCE-002,PROVEN_CONVERTER,GGUF dimensions use reversed physical dimension order
model.language_model.layers.19.self_attn.q_norm.weight,BF16,256,256,512,text,qsa_attention,19,,REQUIRED_INITIAL_TEXT,RENAMED_ONE_TO_ONE,blk.19.attn_q_norm.weight,256,1024,KQ-GGUF-RULE-TENSOR-NAME-v1,KQ-GGUF-EVIDENCE-002,PROVEN_CONVERTER,GGUF dimensions use reversed physical dimension order
model.language_model.layers.19.self_attn.q_proj.weight,BF16,12288x2560,31457280,62914560,text,qsa_attention,19,,REQUIRED_INITIAL_TEXT,RENAMED_ONE_TO_ONE,blk.19.attn_q.weight,31457280,33423360,KQ-GGUF-RULE-TENSOR-NAME-v1,KQ-GGUF-EVIDENCE-002,PROVEN_CONVERTER,GGUF dimensions use reversed physical dimension order
model.language_model.layers.19.self_attn.v_proj.weight,BF16,512x2560,1310720,2621440,text,qsa_attention,19,,REQUIRED_INITIAL_TEXT,RENAMED_ONE_TO_ONE,blk.19.attn_v.weight,1310720,1392640,KQ-GGUF-RULE-TENSOR-NAME-v1,KQ-GGUF-EVIDENCE-002,PROVEN_CONVERTER,GGUF dimensions use reversed physical dimension order
model.language_model.layers.2.attn_hyper_connection.block_inject_weight.weight,BF16,4x10240,40960,81920,text,gated_residual,2,,REQUIRED_INITIAL_TEXT,RENAMED_ONE_TO_ONE,blk.2.hc_attn_inject.weight,40960,163840,KQ-GGUF-RULE-TENSOR-NAME-v1,KQ-GGUF-EVIDENCE-002,PROVEN_CONVERTER,GGUF dimensions use reversed physical dimension order
model.language_model.layers.2.attn_hyper_connection.hc_norm.weight,BF16,10240,10240,20480,text,gated_residual,2,,REQUIRED_INITIAL_TEXT,RENAMED_ONE_TO_ONE,blk.2.hc_attn_norm.weight,10240,40960,KQ-GGUF-RULE-TENSOR-NAME-v1,KQ-GGUF-EVIDENCE-002,PROVEN_CONVERTER,GGUF dimensions use reversed physical dimension order
model.language_model.layers.2.attn_hyper_connection.input_mix_weight_down.weight,BF16,320x10240,3276800,6553600,text,gated_residual,2,,REQUIRED_INITIAL_TEXT,RENAMED_ONE_TO_ONE,blk.2.hc_attn_down.weight,3276800,3481600,KQ-GGUF-RULE-TENSOR-NAME-v1,KQ-GGUF-EVIDENCE-002,PROVEN_CONVERTER,GGUF dimensions use reversed physical dimension order
model.language_model.layers.2.attn_hyper_connection.input_mix_weight_up.weight,BF16,10240x320,3276800,6553600,text,gated_residual,2,,REQUIRED_INITIAL_TEXT,RENAMED_ONE_TO_ONE,blk.2.hc_attn_up.weight,3276800,3481600,KQ-GGUF-RULE-TENSOR-NAME-v1,KQ-GGUF-EVIDENCE-002,PROVEN_CONVERTER,GGUF dimensions use reversed physical dimension order
model.language_model.layers.2.linear_attn.A_log,BF16,48,48,96,text,gdn,2,,REQUIRED_INITIAL_TEXT,TRANSFORMED_LAYOUT,blk.2.ssm_a,48,192,KQ-GGUF-RULE-CONVERTER-TRANSFORM-v1,KQ-GGUF-EVIDENCE-003,PROVEN_CONVERTER,Converter stores -exp(A_log) in the one-to-one GGUF tensor
model.language_model.layers.2.linear_attn.conv1d.weight,BF16,10240x1x4,40960,81920,text,gdn,2,,REQUIRED_INITIAL_TEXT,TRANSFORMED_LAYOUT,blk.2.ssm_conv1d.weight,40960,163840,KQ-GGUF-RULE-CONVERTER-TRANSFORM-v1,KQ-GGUF-EVIDENCE-003,PROVEN_CONVERTER,Converter removes the singleton convolution dimension
model.language_model.layers.2.linear_attn.dt_bias,BF16,48,48,96,text,gdn,2,,REQUIRED_INITIAL_TEXT,RENAMED_ONE_TO_ONE,blk.2.ssm_dt.bias,48,192,KQ-GGUF-RULE-TENSOR-NAME-v1,KQ-GGUF-EVIDENCE-002,PROVEN_CONVERTER,GGUF dimensions use reversed physical dimension order
model.language_model.layers.2.linear_attn.in_proj_a.weight,BF16,48x2560,122880,245760,text,gdn,2,,REQUIRED_INITIAL_TEXT,TRANSFORMED_LAYOUT,blk.2.ssm_alpha.weight,122880,491520,KQ-GGUF-RULE-CONVERTER-TRANSFORM-v1,KQ-GGUF-EVIDENCE-003,PROVEN_CONVERTER,Converter reorders grouped GDN value-head rows or columns to tiled GGML order
model.language_model.layers.2.linear_attn.in_proj_b.weight,BF16,48x2560,122880,245760,text,gdn,2,,REQUIRED_INITIAL_TEXT,TRANSFORMED_LAYOUT,blk.2.ssm_beta.weight,122880,491520,KQ-GGUF-RULE-CONVERTER-TRANSFORM-v1,KQ-GGUF-EVIDENCE-003,PROVEN_CONVERTER,Converter reorders grouped GDN value-head rows or columns to tiled GGML order
model.language_model.layers.2.linear_attn.in_proj_qkv.weight,BF16,10240x2560,26214400,52428800,text,gdn,2,,REQUIRED_INITIAL_TEXT,TRANSFORMED_LAYOUT,blk.2.attn_qkv.weight,26214400,27852800,KQ-GGUF-RULE-CONVERTER-TRANSFORM-v1,KQ-GGUF-EVIDENCE-003,PROVEN_CONVERTER,Converter reorders grouped GDN value-head rows or columns to tiled GGML order
model.language_model.layers.2.linear_attn.in_proj_z.weight,BF16,6144x2560,15728640,31457280,text,gdn,2,,REQUIRED_INITIAL_TEXT,TRANSFORMED_LAYOUT,blk.2.attn_gate.weight,15728640,16711680,KQ-GGUF-RULE-CONVERTER-TRANSFORM-v1,KQ-GGUF-EVIDENCE-003,PROVEN_CONVERTER,Converter reorders grouped GDN value-head rows or columns to tiled GGML order
model.language_model.layers.2.linear_attn.norm.weight,BF16,128,128,256,text,gdn,2,,REQUIRED_INITIAL_TEXT,RENAMED_ONE_TO_ONE,blk.2.ssm_norm.weight,128,512,KQ-GGUF-RULE-TENSOR-NAME-v1,KQ-GGUF-EVIDENCE-002,PROVEN_CONVERTER,GGUF dimensions use reversed physical dimension order
model.language_model.layers.2.linear_attn.out_proj.weight,BF16,2560x6144,15728640,31457280,text,gdn,2,,REQUIRED_INITIAL_TEXT,TRANSFORMED_LAYOUT,blk.2.ssm_out.weight,15728640,16711680,KQ-GGUF-RULE-CONVERTER-TRANSFORM-v1,KQ-GGUF-EVIDENCE-003,PROVEN_CONVERTER,Converter reorders grouped GDN value-head rows or columns to tiled GGML order
model.language_model.layers.2.mlp.experts.down_proj,BF16,512x2560x640,838860800,1677721600,text,routed_experts,2,STACKED_0_511,REQUIRED_INITIAL_TEXT,RENAMED_ONE_TO_ONE,blk.2.ffn_down_exps.weight,838860800,891289600,KQ-GGUF-RULE-TENSOR-NAME-v1,KQ-GGUF-EVIDENCE-002,PROVEN_CONVERTER,GGUF dimensions use reversed physical dimension order
model.language_model.layers.2.mlp.experts.gate_up_proj,BF16,512x1280x2560,1677721600,3355443200,text,routed_experts,2,STACKED_0_511,REQUIRED_INITIAL_TEXT,SPLIT_IN_GGUF,blk.2.ffn_gate_exps.weight;blk.2.ffn_up_exps.weight,1677721600,1153433600,KQ-GGUF-RULE-MOE-SPLIT-v1,KQ-GGUF-EVIDENCE-004,PROVEN_CONVERTER,Canonical projection is split along the converter-defined projection dimension
model.language_model.layers.2.mlp.gate.weight,BF16,512x2560,1310720,2621440,text,router,2,,REQUIRED_INITIAL_TEXT,RENAMED_ONE_TO_ONE,blk.2.ffn_gate_inp.weight,1310720,5242880,KQ-GGUF-RULE-TENSOR-NAME-v1,KQ-GGUF-EVIDENCE-002,PROVEN_CONVERTER,GGUF dimensions use reversed physical dimension order
model.language_model.layers.2.mlp.shared_expert.down_proj.weight,BF16,2560x640,1638400,3276800,text,shared_expert,2,,REQUIRED_INITIAL_TEXT,RENAMED_ONE_TO_ONE,blk.2.ffn_down_shexp.weight,1638400,1740800,KQ-GGUF-RULE-TENSOR-NAME-v1,KQ-GGUF-EVIDENCE-002,PROVEN_CONVERTER,GGUF dimensions use reversed physical dimension order
model.language_model.layers.2.mlp.shared_expert.gate_proj.weight,BF16,640x2560,1638400,3276800,text,shared_expert,2,,REQUIRED_INITIAL_TEXT,RENAMED_ONE_TO_ONE,blk.2.ffn_gate_shexp.weight,1638400,1740800,KQ-GGUF-RULE-TENSOR-NAME-v1,KQ-GGUF-EVIDENCE-002,PROVEN_CONVERTER,GGUF dimensions use reversed physical dimension order
model.language_model.layers.2.mlp.shared_expert.up_proj.weight,BF16,640x2560,1638400,3276800,text,shared_expert,2,,REQUIRED_INITIAL_TEXT,RENAMED_ONE_TO_ONE,blk.2.ffn_up_shexp.weight,1638400,1740800,KQ-GGUF-RULE-TENSOR-NAME-v1,KQ-GGUF-EVIDENCE-002,PROVEN_CONVERTER,GGUF dimensions use reversed physical dimension order
model.language_model.layers.2.mlp.shared_expert_gate.weight,BF16,1x2560,2560,5120,text,shared_expert,2,,REQUIRED_INITIAL_TEXT,RENAMED_ONE_TO_ONE,blk.2.ffn_gate_inp_shexp.weight,2560,10240,KQ-GGUF-RULE-TENSOR-NAME-v1,KQ-GGUF-EVIDENCE-002,PROVEN_CONVERTER,GGUF dimensions use reversed physical dimension order
model.language_model.layers.2.mlp_hyper_connection.block_inject_weight.weight,BF16,4x10240,40960,81920,text,gated_residual,2,,REQUIRED_INITIAL_TEXT,RENAMED_ONE_TO_ONE,blk.2.hc_ffn_inject.weight,40960,163840,KQ-GGUF-RULE-TENSOR-NAME-v1,KQ-GGUF-EVIDENCE-002,PROVEN_CONVERTER,GGUF dimensions use reversed physical dimension order
model.language_model.layers.2.mlp_hyper_connection.hc_norm.weight,BF16,10240,10240,20480,text,gated_residual,2,,REQUIRED_INITIAL_TEXT,RENAMED_ONE_TO_ONE,blk.2.hc_ffn_norm.weight,10240,40960,KQ-GGUF-RULE-TENSOR-NAME-v1,KQ-GGUF-EVIDENCE-002,PROVEN_CONVERTER,GGUF dimensions use reversed physical dimension order
model.language_model.layers.2.mlp_hyper_connection.input_mix_weight_down.weight,BF16,320x10240,3276800,6553600,text,gated_residual,2,,REQUIRED_INITIAL_TEXT,RENAMED_ONE_TO_ONE,blk.2.hc_ffn_down.weight,3276800,3481600,KQ-GGUF-RULE-TENSOR-NAME-v1,KQ-GGUF-EVIDENCE-002,PROVEN_CONVERTER,GGUF dimensions use reversed physical dimension order
model.language_model.layers.2.mlp_hyper_connection.input_mix_weight_up.weight,BF16,10240x320,3276800,6553600,text,gated_residual,2,,REQUIRED_INITIAL_TEXT,RENAMED_ONE_TO_ONE,blk.2.hc_ffn_up.weight,3276800,3481600,KQ-GGUF-RULE-TENSOR-NAME-v1,KQ-GGUF-EVIDENCE-002,PROVEN_CONVERTER,GGUF dimensions use reversed physical dimension order
model.language_model.layers.20.attn_hyper_connection.block_inject_weight.weight,BF16,4x10240,40960,81920,text,gated_residual,20,,REQUIRED_INITIAL_TEXT,RENAMED_ONE_TO_ONE,blk.20.hc_attn_inject.weight,40960,163840,KQ-GGUF-RULE-TENSOR-NAME-v1,KQ-GGUF-EVIDENCE-002,PROVEN_CONVERTER,GGUF dimensions use reversed physical dimension order
model.language_model.layers.20.attn_hyper_connection.hc_norm.weight,BF16,10240,10240,20480,text,gated_residual,20,,REQUIRED_INITIAL_TEXT,RENAMED_ONE_TO_ONE,blk.20.hc_attn_norm.weight,10240,40960,KQ-GGUF-RULE-TENSOR-NAME-v1,KQ-GGUF-EVIDENCE-002,PROVEN_CONVERTER,GGUF dimensions use reversed physical dimension order
model.language_model.layers.20.attn_hyper_connection.input_mix_weight_down.weight,BF16,320x10240,3276800,6553600,text,gated_residual,20,,REQUIRED_INITIAL_TEXT,RENAMED_ONE_TO_ONE,blk.20.hc_attn_down.weight,3276800,3481600,KQ-GGUF-RULE-TENSOR-NAME-v1,KQ-GGUF-EVIDENCE-002,PROVEN_CONVERTER,GGUF dimensions use reversed physical dimension order
model.language_model.layers.20.attn_hyper_connection.input_mix_weight_up.weight,BF16,10240x320,3276800,6553600,text,gated_residual,20,,REQUIRED_INITIAL_TEXT,RENAMED_ONE_TO_ONE,blk.20.hc_attn_up.weight,3276800,3481600,KQ-GGUF-RULE-TENSOR-NAME-v1,KQ-GGUF-EVIDENCE-002,PROVEN_CONVERTER,GGUF dimensions use reversed physical dimension order
model.language_model.layers.20.linear_attn.A_log,BF16,48,48,96,text,gdn,20,,REQUIRED_INITIAL_TEXT,TRANSFORMED_LAYOUT,blk.20.ssm_a,48,192,KQ-GGUF-RULE-CONVERTER-TRANSFORM-v1,KQ-GGUF-EVIDENCE-003,PROVEN_CONVERTER,Converter stores -exp(A_log) in the one-to-one GGUF tensor
model.language_model.layers.20.linear_attn.conv1d.weight,BF16,10240x1x4,40960,81920,text,gdn,20,,REQUIRED_INITIAL_TEXT,TRANSFORMED_LAYOUT,blk.20.ssm_conv1d.weight,40960,163840,KQ-GGUF-RULE-CONVERTER-TRANSFORM-v1,KQ-GGUF-EVIDENCE-003,PROVEN_CONVERTER,Converter removes the singleton convolution dimension
model.language_model.layers.20.linear_attn.dt_bias,BF16,48,48,96,text,gdn,20,,REQUIRED_INITIAL_TEXT,RENAMED_ONE_TO_ONE,blk.20.ssm_dt.bias,48,192,KQ-GGUF-RULE-TENSOR-NAME-v1,KQ-GGUF-EVIDENCE-002,PROVEN_CONVERTER,GGUF dimensions use reversed physical dimension order
model.language_model.layers.20.linear_attn.in_proj_a.weight,BF16,48x2560,122880,245760,text,gdn,20,,REQUIRED_INITIAL_TEXT,TRANSFORMED_LAYOUT,blk.20.ssm_alpha.weight,122880,491520,KQ-GGUF-RULE-CONVERTER-TRANSFORM-v1,KQ-GGUF-EVIDENCE-003,PROVEN_CONVERTER,Converter reorders grouped GDN value-head rows or columns to tiled GGML order
model.language_model.layers.20.linear_attn.in_proj_b.weight,BF16,48x2560,122880,245760,text,gdn,20,,REQUIRED_INITIAL_TEXT,TRANSFORMED_LAYOUT,blk.20.ssm_beta.weight,122880,491520,KQ-GGUF-RULE-CONVERTER-TRANSFORM-v1,KQ-GGUF-EVIDENCE-003,PROVEN_CONVERTER,Converter reorders grouped GDN value-head rows or columns to tiled GGML order
model.language_model.layers.20.linear_attn.in_proj_qkv.weight,BF16,10240x2560,26214400,52428800,text,gdn,20,,REQUIRED_INITIAL_TEXT,TRANSFORMED_LAYOUT,blk.20.attn_qkv.weight,26214400,27852800,KQ-GGUF-RULE-CONVERTER-TRANSFORM-v1,KQ-GGUF-EVIDENCE-003,PROVEN_CONVERTER,Converter reorders grouped GDN value-head rows or columns to tiled GGML order
model.language_model.layers.20.linear_attn.in_proj_z.weight,BF16,6144x2560,15728640,31457280,text,gdn,20,,REQUIRED_INITIAL_TEXT,TRANSFORMED_LAYOUT,blk.20.attn_gate.weight,15728640,16711680,KQ-GGUF-RULE-CONVERTER-TRANSFORM-v1,KQ-GGUF-EVIDENCE-003,PROVEN_CONVERTER,Converter reorders grouped GDN value-head rows or columns to tiled GGML order
model.language_model.layers.20.linear_attn.norm.weight,BF16,128,128,256,text,gdn,20,,REQUIRED_INITIAL_TEXT,RENAMED_ONE_TO_ONE,blk.20.ssm_norm.weight,128,512,KQ-GGUF-RULE-TENSOR-NAME-v1,KQ-GGUF-EVIDENCE-002,PROVEN_CONVERTER,GGUF dimensions use reversed physical dimension order
model.language_model.layers.20.linear_attn.out_proj.weight,BF16,2560x6144,15728640,31457280,text,gdn,20,,REQUIRED_INITIAL_TEXT,TRANSFORMED_LAYOUT,blk.20.ssm_out.weight,15728640,16711680,KQ-GGUF-RULE-CONVERTER-TRANSFORM-v1,KQ-GGUF-EVIDENCE-003,PROVEN_CONVERTER,Converter reorders grouped GDN value-head rows or columns to tiled GGML order
model.language_model.layers.20.mlp.experts.down_proj,BF16,512x2560x640,838860800,1677721600,text,routed_experts,20,STACKED_0_511,REQUIRED_INITIAL_TEXT,RENAMED_ONE_TO_ONE,blk.20.ffn_down_exps.weight,838860800,629145600,KQ-GGUF-RULE-TENSOR-NAME-v1,KQ-GGUF-EVIDENCE-002,PROVEN_CONVERTER,GGUF dimensions use reversed physical dimension order
model.language_model.layers.20.mlp.experts.gate_up_proj,BF16,512x1280x2560,1677721600,3355443200,text,routed_experts,20,STACKED_0_511,REQUIRED_INITIAL_TEXT,SPLIT_IN_GGUF,blk.20.ffn_gate_exps.weight;blk.20.ffn_up_exps.weight,1677721600,943718400,KQ-GGUF-RULE-MOE-SPLIT-v1,KQ-GGUF-EVIDENCE-004,PROVEN_CONVERTER,Canonical projection is split along the converter-defined projection dimension
model.language_model.layers.20.mlp.gate.weight,BF16,512x2560,1310720,2621440,text,router,20,,REQUIRED_INITIAL_TEXT,RENAMED_ONE_TO_ONE,blk.20.ffn_gate_inp.weight,1310720,5242880,KQ-GGUF-RULE-TENSOR-NAME-v1,KQ-GGUF-EVIDENCE-002,PROVEN_CONVERTER,GGUF dimensions use reversed physical dimension order
model.language_model.layers.20.mlp.shared_expert.down_proj.weight,BF16,2560x640,1638400,3276800,text,shared_expert,20,,REQUIRED_INITIAL_TEXT,RENAMED_ONE_TO_ONE,blk.20.ffn_down_shexp.weight,1638400,1740800,KQ-GGUF-RULE-TENSOR-NAME-v1,KQ-GGUF-EVIDENCE-002,PROVEN_CONVERTER,GGUF dimensions use reversed physical dimension order
model.language_model.layers.20.mlp.shared_expert.gate_proj.weight,BF16,640x2560,1638400,3276800,text,shared_expert,20,,REQUIRED_INITIAL_TEXT,RENAMED_ONE_TO_ONE,blk.20.ffn_gate_shexp.weight,1638400,1740800,KQ-GGUF-RULE-TENSOR-NAME-v1,KQ-GGUF-EVIDENCE-002,PROVEN_CONVERTER,GGUF dimensions use reversed physical dimension order
model.language_model.layers.20.mlp.shared_expert.up_proj.weight,BF16,640x2560,1638400,3276800,text,shared_expert,20,,REQUIRED_INITIAL_TEXT,RENAMED_ONE_TO_ONE,blk.20.ffn_up_shexp.weight,1638400,1740800,KQ-GGUF-RULE-TENSOR-NAME-v1,KQ-GGUF-EVIDENCE-002,PROVEN_CONVERTER,GGUF dimensions use reversed physical dimension order
model.language_model.layers.20.mlp.shared_expert_gate.weight,BF16,1x2560,2560,5120,text,shared_expert,20,,REQUIRED_INITIAL_TEXT,RENAMED_ONE_TO_ONE,blk.20.ffn_gate_inp_shexp.weight,2560,10240,KQ-GGUF-RULE-TENSOR-NAME-v1,KQ-GGUF-EVIDENCE-002,PROVEN_CONVERTER,GGUF dimensions use reversed physical dimension order
model.language_model.layers.20.mlp_hyper_connection.block_inject_weight.weight,BF16,4x10240,40960,81920,text,gated_residual,20,,REQUIRED_INITIAL_TEXT,RENAMED_ONE_TO_ONE,blk.20.hc_ffn_inject.weight,40960,163840,KQ-GGUF-RULE-TENSOR-NAME-v1,KQ-GGUF-EVIDENCE-002,PROVEN_CONVERTER,GGUF dimensions use reversed physical dimension order
model.language_model.layers.20.mlp_hyper_connection.hc_norm.weight,BF16,10240,10240,20480,text,gated_residual,20,,REQUIRED_INITIAL_TEXT,RENAMED_ONE_TO_ONE,blk.20.hc_ffn_norm.weight,10240,40960,KQ-GGUF-RULE-TENSOR-NAME-v1,KQ-GGUF-EVIDENCE-002,PROVEN_CONVERTER,GGUF dimensions use reversed physical dimension order
model.language_model.layers.20.mlp_hyper_connection.input_mix_weight_down.weight,BF16,320x10240,3276800,6553600,text,gated_residual,20,,REQUIRED_INITIAL_TEXT,RENAMED_ONE_TO_ONE,blk.20.hc_ffn_down.weight,3276800,3481600,KQ-GGUF-RULE-TENSOR-NAME-v1,KQ-GGUF-EVIDENCE-002,PROVEN_CONVERTER,GGUF dimensions use reversed physical dimension order
model.language_model.layers.20.mlp_hyper_connection.input_mix_weight_up.weight,BF16,10240x320,3276800,6553600,text,gated_residual,20,,REQUIRED_INITIAL_TEXT,RENAMED_ONE_TO_ONE,blk.20.hc_ffn_up.weight,3276800,3481600,KQ-GGUF-RULE-TENSOR-NAME-v1,KQ-GGUF-EVIDENCE-002,PROVEN_CONVERTER,GGUF dimensions use reversed physical dimension order
model.language_model.layers.21.attn_hyper_connection.block_inject_weight.weight,BF16,4x10240,40960,81920,text,gated_residual,21,,REQUIRED_INITIAL_TEXT,RENAMED_ONE_TO_ONE,blk.21.hc_attn_inject.weight,40960,163840,KQ-GGUF-RULE-TENSOR-NAME-v1,KQ-GGUF-EVIDENCE-002,PROVEN_CONVERTER,GGUF dimensions use reversed physical dimension order
model.language_model.layers.21.attn_hyper_connection.hc_norm.weight,BF16,10240,10240,20480,text,gated_residual,21,,REQUIRED_INITIAL_TEXT,RENAMED_ONE_TO_ONE,blk.21.hc_attn_norm.weight,10240,40960,KQ-GGUF-RULE-TENSOR-NAME-v1,KQ-GGUF-EVIDENCE-002,PROVEN_CONVERTER,GGUF dimensions use reversed physical dimension order
model.language_model.layers.21.attn_hyper_connection.input_mix_weight_down.weight,BF16,320x10240,3276800,6553600,text,gated_residual,21,,REQUIRED_INITIAL_TEXT,RENAMED_ONE_TO_ONE,blk.21.hc_attn_down.weight,3276800,3481600,KQ-GGUF-RULE-TENSOR-NAME-v1,KQ-GGUF-EVIDENCE-002,PROVEN_CONVERTER,GGUF dimensions use reversed physical dimension order
model.language_model.layers.21.attn_hyper_connection.input_mix_weight_up.weight,BF16,10240x320,3276800,6553600,text,gated_residual,21,,REQUIRED_INITIAL_TEXT,RENAMED_ONE_TO_ONE,blk.21.hc_attn_up.weight,3276800,3481600,KQ-GGUF-RULE-TENSOR-NAME-v1,KQ-GGUF-EVIDENCE-002,PROVEN_CONVERTER,GGUF dimensions use reversed physical dimension order
model.language_model.layers.21.linear_attn.A_log,BF16,48,48,96,text,gdn,21,,REQUIRED_INITIAL_TEXT,TRANSFORMED_LAYOUT,blk.21.ssm_a,48,192,KQ-GGUF-RULE-CONVERTER-TRANSFORM-v1,KQ-GGUF-EVIDENCE-003,PROVEN_CONVERTER,Converter stores -exp(A_log) in the one-to-one GGUF tensor
model.language_model.layers.21.linear_attn.conv1d.weight,BF16,10240x1x4,40960,81920,text,gdn,21,,REQUIRED_INITIAL_TEXT,TRANSFORMED_LAYOUT,blk.21.ssm_conv1d.weight,40960,163840,KQ-GGUF-RULE-CONVERTER-TRANSFORM-v1,KQ-GGUF-EVIDENCE-003,PROVEN_CONVERTER,Converter removes the singleton convolution dimension
model.language_model.layers.21.linear_attn.dt_bias,BF16,48,48,96,text,gdn,21,,REQUIRED_INITIAL_TEXT,RENAMED_ONE_TO_ONE,blk.21.ssm_dt.bias,48,192,KQ-GGUF-RULE-TENSOR-NAME-v1,KQ-GGUF-EVIDENCE-002,PROVEN_CONVERTER,GGUF dimensions use reversed physical dimension order
model.language_model.layers.21.linear_attn.in_proj_a.weight,BF16,48x2560,122880,245760,text,gdn,21,,REQUIRED_INITIAL_TEXT,TRANSFORMED_LAYOUT,blk.21.ssm_alpha.weight,122880,491520,KQ-GGUF-RULE-CONVERTER-TRANSFORM-v1,KQ-GGUF-EVIDENCE-003,PROVEN_CONVERTER,Converter reorders grouped GDN value-head rows or columns to tiled GGML order
model.language_model.layers.21.linear_attn.in_proj_b.weight,BF16,48x2560,122880,245760,text,gdn,21,,REQUIRED_INITIAL_TEXT,TRANSFORMED_LAYOUT,blk.21.ssm_beta.weight,122880,491520,KQ-GGUF-RULE-CONVERTER-TRANSFORM-v1,KQ-GGUF-EVIDENCE-003,PROVEN_CONVERTER,Converter reorders grouped GDN value-head rows or columns to tiled GGML order
model.language_model.layers.21.linear_attn.in_proj_qkv.weight,BF16,10240x2560,26214400,52428800,text,gdn,21,,REQUIRED_INITIAL_TEXT,TRANSFORMED_LAYOUT,blk.21.attn_qkv.weight,26214400,27852800,KQ-GGUF-RULE-CONVERTER-TRANSFORM-v1,KQ-GGUF-EVIDENCE-003,PROVEN_CONVERTER,Converter reorders grouped GDN value-head rows or columns to tiled GGML order
model.language_model.layers.21.linear_attn.in_proj_z.weight,BF16,6144x2560,15728640,31457280,text,gdn,21,,REQUIRED_INITIAL_TEXT,TRANSFORMED_LAYOUT,blk.21.attn_gate.weight,15728640,16711680,KQ-GGUF-RULE-CONVERTER-TRANSFORM-v1,KQ-GGUF-EVIDENCE-003,PROVEN_CONVERTER,Converter reorders grouped GDN value-head rows or columns to tiled GGML order
model.language_model.layers.21.linear_attn.norm.weight,BF16,128,128,256,text,gdn,21,,REQUIRED_INITIAL_TEXT,RENAMED_ONE_TO_ONE,blk.21.ssm_norm.weight,128,512,KQ-GGUF-RULE-TENSOR-NAME-v1,KQ-GGUF-EVIDENCE-002,PROVEN_CONVERTER,GGUF dimensions use reversed physical dimension order
model.language_model.layers.21.linear_attn.out_proj.weight,BF16,2560x6144,15728640,31457280,text,gdn,21,,REQUIRED_INITIAL_TEXT,TRANSFORMED_LAYOUT,blk.21.ssm_out.weight,15728640,16711680,KQ-GGUF-RULE-CONVERTER-TRANSFORM-v1,KQ-GGUF-EVIDENCE-003,PROVEN_CONVERTER,Converter reorders grouped GDN value-head rows or columns to tiled GGML order
model.language_model.layers.21.mlp.experts.down_proj,BF16,512x2560x640,838860800,1677721600,text,routed_experts,21,STACKED_0_511,REQUIRED_INITIAL_TEXT,RENAMED_ONE_TO_ONE,blk.21.ffn_down_exps.weight,838860800,629145600,KQ-GGUF-RULE-TENSOR-NAME-v1,KQ-GGUF-EVIDENCE-002,PROVEN_CONVERTER,GGUF dimensions use reversed physical dimension order
model.language_model.layers.21.mlp.experts.gate_up_proj,BF16,512x1280x2560,1677721600,3355443200,text,routed_experts,21,STACKED_0_511,REQUIRED_INITIAL_TEXT,SPLIT_IN_GGUF,blk.21.ffn_gate_exps.weight;blk.21.ffn_up_exps.weight,1677721600,943718400,KQ-GGUF-RULE-MOE-SPLIT-v1,KQ-GGUF-EVIDENCE-004,PROVEN_CONVERTER,Canonical projection is split along the converter-defined projection dimension
model.language_model.layers.21.mlp.gate.weight,BF16,512x2560,1310720,2621440,text,router,21,,REQUIRED_INITIAL_TEXT,RENAMED_ONE_TO_ONE,blk.21.ffn_gate_inp.weight,1310720,5242880,KQ-GGUF-RULE-TENSOR-NAME-v1,KQ-GGUF-EVIDENCE-002,PROVEN_CONVERTER,GGUF dimensions use reversed physical dimension order
model.language_model.layers.21.mlp.shared_expert.down_proj.weight,BF16,2560x640,1638400,3276800,text,shared_expert,21,,REQUIRED_INITIAL_TEXT,RENAMED_ONE_TO_ONE,blk.21.ffn_down_shexp.weight,1638400,1740800,KQ-GGUF-RULE-TENSOR-NAME-v1,KQ-GGUF-EVIDENCE-002,PROVEN_CONVERTER,GGUF dimensions use reversed physical dimension order
model.language_model.layers.21.mlp.shared_expert.gate_proj.weight,BF16,640x2560,1638400,3276800,text,shared_expert,21,,REQUIRED_INITIAL_TEXT,RENAMED_ONE_TO_ONE,blk.21.ffn_gate_shexp.weight,1638400,1740800,KQ-GGUF-RULE-TENSOR-NAME-v1,KQ-GGUF-EVIDENCE-002,PROVEN_CONVERTER,GGUF dimensions use reversed physical dimension order
model.language_model.layers.21.mlp.shared_expert.up_proj.weight,BF16,640x2560,1638400,3276800,text,shared_expert,21,,REQUIRED_INITIAL_TEXT,RENAMED_ONE_TO_ONE,blk.21.ffn_up_shexp.weight,1638400,1740800,KQ-GGUF-RULE-TENSOR-NAME-v1,KQ-GGUF-EVIDENCE-002,PROVEN_CONVERTER,GGUF dimensions use reversed physical dimension order
model.language_model.layers.21.mlp.shared_expert_gate.weight,BF16,1x2560,2560,5120,text,shared_expert,21,,REQUIRED_INITIAL_TEXT,RENAMED_ONE_TO_ONE,blk.21.ffn_gate_inp_shexp.weight,2560,10240,KQ-GGUF-RULE-TENSOR-NAME-v1,KQ-GGUF-EVIDENCE-002,PROVEN_CONVERTER,GGUF dimensions use reversed physical dimension order
model.language_model.layers.21.mlp_hyper_connection.block_inject_weight.weight,BF16,4x10240,40960,81920,text,gated_residual,21,,REQUIRED_INITIAL_TEXT,RENAMED_ONE_TO_ONE,blk.21.hc_ffn_inject.weight,40960,163840,KQ-GGUF-RULE-TENSOR-NAME-v1,KQ-GGUF-EVIDENCE-002,PROVEN_CONVERTER,GGUF dimensions use reversed physical dimension order
model.language_model.layers.21.mlp_hyper_connection.hc_norm.weight,BF16,10240,10240,20480,text,gated_residual,21,,REQUIRED_INITIAL_TEXT,RENAMED_ONE_TO_ONE,blk.21.hc_ffn_norm.weight,10240,40960,KQ-GGUF-RULE-TENSOR-NAME-v1,KQ-GGUF-EVIDENCE-002,PROVEN_CONVERTER,GGUF dimensions use reversed physical dimension order
model.language_model.layers.21.mlp_hyper_connection.input_mix_weight_down.weight,BF16,320x10240,3276800,6553600,text,gated_residual,21,,REQUIRED_INITIAL_TEXT,RENAMED_ONE_TO_ONE,blk.21.hc_ffn_down.weight,3276800,3481600,KQ-GGUF-RULE-TENSOR-NAME-v1,KQ-GGUF-EVIDENCE-002,PROVEN_CONVERTER,GGUF dimensions use reversed physical dimension order
model.language_model.layers.21.mlp_hyper_connection.input_mix_weight_up.weight,BF16,10240x320,3276800,6553600,text,gated_residual,21,,REQUIRED_INITIAL_TEXT,RENAMED_ONE_TO_ONE,blk.21.hc_ffn_up.weight,3276800,3481600,KQ-GGUF-RULE-TENSOR-NAME-v1,KQ-GGUF-EVIDENCE-002,PROVEN_CONVERTER,GGUF dimensions use reversed physical dimension order
model.language_model.layers.22.attn_hyper_connection.block_inject_weight.weight,BF16,4x10240,40960,81920,text,gated_residual,22,,REQUIRED_INITIAL_TEXT,RENAMED_ONE_TO_ONE,blk.22.hc_attn_inject.weight,40960,163840,KQ-GGUF-RULE-TENSOR-NAME-v1,KQ-GGUF-EVIDENCE-002,PROVEN_CONVERTER,GGUF dimensions use reversed physical dimension order
model.language_model.layers.22.attn_hyper_connection.hc_norm.weight,BF16,10240,10240,20480,text,gated_residual,22,,REQUIRED_INITIAL_TEXT,RENAMED_ONE_TO_ONE,blk.22.hc_attn_norm.weight,10240,40960,KQ-GGUF-RULE-TENSOR-NAME-v1,KQ-GGUF-EVIDENCE-002,PROVEN_CONVERTER,GGUF dimensions use reversed physical dimension order
model.language_model.layers.22.attn_hyper_connection.input_mix_weight_down.weight,BF16,320x10240,3276800,6553600,text,gated_residual,22,,REQUIRED_INITIAL_TEXT,RENAMED_ONE_TO_ONE,blk.22.hc_attn_down.weight,3276800,3481600,KQ-GGUF-RULE-TENSOR-NAME-v1,KQ-GGUF-EVIDENCE-002,PROVEN_CONVERTER,GGUF dimensions use reversed physical dimension order
model.language_model.layers.22.attn_hyper_connection.input_mix_weight_up.weight,BF16,10240x320,3276800,6553600,text,gated_residual,22,,REQUIRED_INITIAL_TEXT,RENAMED_ONE_TO_ONE,blk.22.hc_attn_up.weight,3276800,3481600,KQ-GGUF-RULE-TENSOR-NAME-v1,KQ-GGUF-EVIDENCE-002,PROVEN_CONVERTER,GGUF dimensions use reversed physical dimension order
model.language_model.layers.22.linear_attn.A_log,BF16,48,48,96,text,gdn,22,,REQUIRED_INITIAL_TEXT,TRANSFORMED_LAYOUT,blk.22.ssm_a,48,192,KQ-GGUF-RULE-CONVERTER-TRANSFORM-v1,KQ-GGUF-EVIDENCE-003,PROVEN_CONVERTER,Converter stores -exp(A_log) in the one-to-one GGUF tensor
model.language_model.layers.22.linear_attn.conv1d.weight,BF16,10240x1x4,40960,81920,text,gdn,22,,REQUIRED_INITIAL_TEXT,TRANSFORMED_LAYOUT,blk.22.ssm_conv1d.weight,40960,163840,KQ-GGUF-RULE-CONVERTER-TRANSFORM-v1,KQ-GGUF-EVIDENCE-003,PROVEN_CONVERTER,Converter removes the singleton convolution dimension
model.language_model.layers.22.linear_attn.dt_bias,BF16,48,48,96,text,gdn,22,,REQUIRED_INITIAL_TEXT,RENAMED_ONE_TO_ONE,blk.22.ssm_dt.bias,48,192,KQ-GGUF-RULE-TENSOR-NAME-v1,KQ-GGUF-EVIDENCE-002,PROVEN_CONVERTER,GGUF dimensions use reversed physical dimension order
model.language_model.layers.22.linear_attn.in_proj_a.weight,BF16,48x2560,122880,245760,text,gdn,22,,REQUIRED_INITIAL_TEXT,TRANSFORMED_LAYOUT,blk.22.ssm_alpha.weight,122880,491520,KQ-GGUF-RULE-CONVERTER-TRANSFORM-v1,KQ-GGUF-EVIDENCE-003,PROVEN_CONVERTER,Converter reorders grouped GDN value-head rows or columns to tiled GGML order
model.language_model.layers.22.linear_attn.in_proj_b.weight,BF16,48x2560,122880,245760,text,gdn,22,,REQUIRED_INITIAL_TEXT,TRANSFORMED_LAYOUT,blk.22.ssm_beta.weight,122880,491520,KQ-GGUF-RULE-CONVERTER-TRANSFORM-v1,KQ-GGUF-EVIDENCE-003,PROVEN_CONVERTER,Converter reorders grouped GDN value-head rows or columns to tiled GGML order
model.language_model.layers.22.linear_attn.in_proj_qkv.weight,BF16,10240x2560,26214400,52428800,text,gdn,22,,REQUIRED_INITIAL_TEXT,TRANSFORMED_LAYOUT,blk.22.attn_qkv.weight,26214400,27852800,KQ-GGUF-RULE-CONVERTER-TRANSFORM-v1,KQ-GGUF-EVIDENCE-003,PROVEN_CONVERTER,Converter reorders grouped GDN value-head rows or columns to tiled GGML order
model.language_model.layers.22.linear_attn.in_proj_z.weight,BF16,6144x2560,15728640,31457280,text,gdn,22,,REQUIRED_INITIAL_TEXT,TRANSFORMED_LAYOUT,blk.22.attn_gate.weight,15728640,16711680,KQ-GGUF-RULE-CONVERTER-TRANSFORM-v1,KQ-GGUF-EVIDENCE-003,PROVEN_CONVERTER,Converter reorders grouped GDN value-head rows or columns to tiled GGML order
model.language_model.layers.22.linear_attn.norm.weight,BF16,128,128,256,text,gdn,22,,REQUIRED_INITIAL_TEXT,RENAMED_ONE_TO_ONE,blk.22.ssm_norm.weight,128,512,KQ-GGUF-RULE-TENSOR-NAME-v1,KQ-GGUF-EVIDENCE-002,PROVEN_CONVERTER,GGUF dimensions use reversed physical dimension order
model.language_model.layers.22.linear_attn.out_proj.weight,BF16,2560x6144,15728640,31457280,text,gdn,22,,REQUIRED_INITIAL_TEXT,TRANSFORMED_LAYOUT,blk.22.ssm_out.weight,15728640,16711680,KQ-GGUF-RULE-CONVERTER-TRANSFORM-v1,KQ-GGUF-EVIDENCE-003,PROVEN_CONVERTER,Converter reorders grouped GDN value-head rows or columns to tiled GGML order
model.language_model.layers.22.mlp.experts.down_proj,BF16,512x2560x640,838860800,1677721600,text,routed_experts,22,STACKED_0_511,REQUIRED_INITIAL_TEXT,RENAMED_ONE_TO_ONE,blk.22.ffn_down_exps.weight,838860800,629145600,KQ-GGUF-RULE-TENSOR-NAME-v1,KQ-GGUF-EVIDENCE-002,PROVEN_CONVERTER,GGUF dimensions use reversed physical dimension order
model.language_model.layers.22.mlp.experts.gate_up_proj,BF16,512x1280x2560,1677721600,3355443200,text,routed_experts,22,STACKED_0_511,REQUIRED_INITIAL_TEXT,SPLIT_IN_GGUF,blk.22.ffn_gate_exps.weight;blk.22.ffn_up_exps.weight,1677721600,943718400,KQ-GGUF-RULE-MOE-SPLIT-v1,KQ-GGUF-EVIDENCE-004,PROVEN_CONVERTER,Canonical projection is split along the converter-defined projection dimension
model.language_model.layers.22.mlp.gate.weight,BF16,512x2560,1310720,2621440,text,router,22,,REQUIRED_INITIAL_TEXT,RENAMED_ONE_TO_ONE,blk.22.ffn_gate_inp.weight,1310720,5242880,KQ-GGUF-RULE-TENSOR-NAME-v1,KQ-GGUF-EVIDENCE-002,PROVEN_CONVERTER,GGUF dimensions use reversed physical dimension order
model.language_model.layers.22.mlp.shared_expert.down_proj.weight,BF16,2560x640,1638400,3276800,text,shared_expert,22,,REQUIRED_INITIAL_TEXT,RENAMED_ONE_TO_ONE,blk.22.ffn_down_shexp.weight,1638400,1740800,KQ-GGUF-RULE-TENSOR-NAME-v1,KQ-GGUF-EVIDENCE-002,PROVEN_CONVERTER,GGUF dimensions use reversed physical dimension order
model.language_model.layers.22.mlp.shared_expert.gate_proj.weight,BF16,640x2560,1638400,3276800,text,shared_expert,22,,REQUIRED_INITIAL_TEXT,RENAMED_ONE_TO_ONE,blk.22.ffn_gate_shexp.weight,1638400,1740800,KQ-GGUF-RULE-TENSOR-NAME-v1,KQ-GGUF-EVIDENCE-002,PROVEN_CONVERTER,GGUF dimensions use reversed physical dimension order
model.language_model.layers.22.mlp.shared_expert.up_proj.weight,BF16,640x2560,1638400,3276800,text,shared_expert,22,,REQUIRED_INITIAL_TEXT,RENAMED_ONE_TO_ONE,blk.22.ffn_up_shexp.weight,1638400,1740800,KQ-GGUF-RULE-TENSOR-NAME-v1,KQ-GGUF-EVIDENCE-002,PROVEN_CONVERTER,GGUF dimensions use reversed physical dimension order
model.language_model.layers.22.mlp.shared_expert_gate.weight,BF16,1x2560,2560,5120,text,shared_expert,22,,REQUIRED_INITIAL_TEXT,RENAMED_ONE_TO_ONE,blk.22.ffn_gate_inp_shexp.weight,2560,10240,KQ-GGUF-RULE-TENSOR-NAME-v1,KQ-GGUF-EVIDENCE-002,PROVEN_CONVERTER,GGUF dimensions use reversed physical dimension order
model.language_model.layers.22.mlp_hyper_connection.block_inject_weight.weight,BF16,4x10240,40960,81920,text,gated_residual,22,,REQUIRED_INITIAL_TEXT,RENAMED_ONE_TO_ONE,blk.22.hc_ffn_inject.weight,40960,163840,KQ-GGUF-RULE-TENSOR-NAME-v1,KQ-GGUF-EVIDENCE-002,PROVEN_CONVERTER,GGUF dimensions use reversed physical dimension order
model.language_model.layers.22.mlp_hyper_connection.hc_norm.weight,BF16,10240,10240,20480,text,gated_residual,22,,REQUIRED_INITIAL_TEXT,RENAMED_ONE_TO_ONE,blk.22.hc_ffn_norm.weight,10240,40960,KQ-GGUF-RULE-TENSOR-NAME-v1,KQ-GGUF-EVIDENCE-002,PROVEN_CONVERTER,GGUF dimensions use reversed physical dimension order
model.language_model.layers.22.mlp_hyper_connection.input_mix_weight_down.weight,BF16,320x10240,3276800,6553600,text,gated_residual,22,,REQUIRED_INITIAL_TEXT,RENAMED_ONE_TO_ONE,blk.22.hc_ffn_down.weight,3276800,3481600,KQ-GGUF-RULE-TENSOR-NAME-v1,KQ-GGUF-EVIDENCE-002,PROVEN_CONVERTER,GGUF dimensions use reversed physical dimension order
model.language_model.layers.22.mlp_hyper_connection.input_mix_weight_up.weight,BF16,10240x320,3276800,6553600,text,gated_residual,22,,REQUIRED_INITIAL_TEXT,RENAMED_ONE_TO_ONE,blk.22.hc_ffn_up.weight,3276800,3481600,KQ-GGUF-RULE-TENSOR-NAME-v1,KQ-GGUF-EVIDENCE-002,PROVEN_CONVERTER,GGUF dimensions use reversed physical dimension order
model.language_model.layers.23.attn_hyper_connection.block_inject_weight.weight,BF16,4x10240,40960,81920,text,gated_residual,23,,REQUIRED_INITIAL_TEXT,RENAMED_ONE_TO_ONE,blk.23.hc_attn_inject.weight,40960,163840,KQ-GGUF-RULE-TENSOR-NAME-v1,KQ-GGUF-EVIDENCE-002,PROVEN_CONVERTER,GGUF dimensions use reversed physical dimension order
model.language_model.layers.23.attn_hyper_connection.hc_norm.weight,BF16,10240,10240,20480,text,gated_residual,23,,REQUIRED_INITIAL_TEXT,RENAMED_ONE_TO_ONE,blk.23.hc_attn_norm.weight,10240,40960,KQ-GGUF-RULE-TENSOR-NAME-v1,KQ-GGUF-EVIDENCE-002,PROVEN_CONVERTER,GGUF dimensions use reversed physical dimension order
model.language_model.layers.23.attn_hyper_connection.input_mix_weight_down.weight,BF16,320x10240,3276800,6553600,text,gated_residual,23,,REQUIRED_INITIAL_TEXT,RENAMED_ONE_TO_ONE,blk.23.hc_attn_down.weight,3276800,3481600,KQ-GGUF-RULE-TENSOR-NAME-v1,KQ-GGUF-EVIDENCE-002,PROVEN_CONVERTER,GGUF dimensions use reversed physical dimension order
model.language_model.layers.23.attn_hyper_connection.input_mix_weight_up.weight,BF16,10240x320,3276800,6553600,text,gated_residual,23,,REQUIRED_INITIAL_TEXT,RENAMED_ONE_TO_ONE,blk.23.hc_attn_up.weight,3276800,3481600,KQ-GGUF-RULE-TENSOR-NAME-v1,KQ-GGUF-EVIDENCE-002,PROVEN_CONVERTER,GGUF dimensions use reversed physical dimension order
model.language_model.layers.23.mlp.experts.down_proj,BF16,512x2560x640,838860800,1677721600,text,routed_experts,23,STACKED_0_511,REQUIRED_INITIAL_TEXT,RENAMED_ONE_TO_ONE,blk.23.ffn_down_exps.weight,838860800,629145600,KQ-GGUF-RULE-TENSOR-NAME-v1,KQ-GGUF-EVIDENCE-002,PROVEN_CONVERTER,GGUF dimensions use reversed physical dimension order
model.language_model.layers.23.mlp.experts.gate_up_proj,BF16,512x1280x2560,1677721600,3355443200,text,routed_experts,23,STACKED_0_511,REQUIRED_INITIAL_TEXT,SPLIT_IN_GGUF,blk.23.ffn_gate_exps.weight;blk.23.ffn_up_exps.weight,1677721600,943718400,KQ-GGUF-RULE-MOE-SPLIT-v1,KQ-GGUF-EVIDENCE-004,PROVEN_CONVERTER,Canonical projection is split along the converter-defined projection dimension
model.language_model.layers.23.mlp.gate.weight,BF16,512x2560,1310720,2621440,text,router,23,,REQUIRED_INITIAL_TEXT,RENAMED_ONE_TO_ONE,blk.23.ffn_gate_inp.weight,1310720,5242880,KQ-GGUF-RULE-TENSOR-NAME-v1,KQ-GGUF-EVIDENCE-002,PROVEN_CONVERTER,GGUF dimensions use reversed physical dimension order
model.language_model.layers.23.mlp.shared_expert.down_proj.weight,BF16,2560x640,1638400,3276800,text,shared_expert,23,,REQUIRED_INITIAL_TEXT,RENAMED_ONE_TO_ONE,blk.23.ffn_down_shexp.weight,1638400,1740800,KQ-GGUF-RULE-TENSOR-NAME-v1,KQ-GGUF-EVIDENCE-002,PROVEN_CONVERTER,GGUF dimensions use reversed physical dimension order
model.language_model.layers.23.mlp.shared_expert.gate_proj.weight,BF16,640x2560,1638400,3276800,text,shared_expert,23,,REQUIRED_INITIAL_TEXT,RENAMED_ONE_TO_ONE,blk.23.ffn_gate_shexp.weight,1638400,1740800,KQ-GGUF-RULE-TENSOR-NAME-v1,KQ-GGUF-EVIDENCE-002,PROVEN_CONVERTER,GGUF dimensions use reversed physical dimension order
model.language_model.layers.23.mlp.shared_expert.up_proj.weight,BF16,640x2560,1638400,3276800,text,shared_expert,23,,REQUIRED_INITIAL_TEXT,RENAMED_ONE_TO_ONE,blk.23.ffn_up_shexp.weight,1638400,1740800,KQ-GGUF-RULE-TENSOR-NAME-v1,KQ-GGUF-EVIDENCE-002,PROVEN_CONVERTER,GGUF dimensions use reversed physical dimension order
model.language_model.layers.23.mlp.shared_expert_gate.weight,BF16,1x2560,2560,5120,text,shared_expert,23,,REQUIRED_INITIAL_TEXT,RENAMED_ONE_TO_ONE,blk.23.ffn_gate_inp_shexp.weight,2560,10240,KQ-GGUF-RULE-TENSOR-NAME-v1,KQ-GGUF-EVIDENCE-002,PROVEN_CONVERTER,GGUF dimensions use reversed physical dimension order
model.language_model.layers.23.mlp_hyper_connection.block_inject_weight.weight,BF16,4x10240,40960,81920,text,gated_residual,23,,REQUIRED_INITIAL_TEXT,RENAMED_ONE_TO_ONE,blk.23.hc_ffn_inject.weight,40960,163840,KQ-GGUF-RULE-TENSOR-NAME-v1,KQ-GGUF-EVIDENCE-002,PROVEN_CONVERTER,GGUF dimensions use reversed physical dimension order
model.language_model.layers.23.mlp_hyper_connection.hc_norm.weight,BF16,10240,10240,20480,text,gated_residual,23,,REQUIRED_INITIAL_TEXT,RENAMED_ONE_TO_ONE,blk.23.hc_ffn_norm.weight,10240,40960,KQ-GGUF-RULE-TENSOR-NAME-v1,KQ-GGUF-EVIDENCE-002,PROVEN_CONVERTER,GGUF dimensions use reversed physical dimension order
model.language_model.layers.23.mlp_hyper_connection.input_mix_weight_down.weight,BF16,320x10240,3276800,6553600,text,gated_residual,23,,REQUIRED_INITIAL_TEXT,RENAMED_ONE_TO_ONE,blk.23.hc_ffn_down.weight,3276800,3481600,KQ-GGUF-RULE-TENSOR-NAME-v1,KQ-GGUF-EVIDENCE-002,PROVEN_CONVERTER,GGUF dimensions use reversed physical dimension order
model.language_model.layers.23.mlp_hyper_connection.input_mix_weight_up.weight,BF16,10240x320,3276800,6553600,text,gated_residual,23,,REQUIRED_INITIAL_TEXT,RENAMED_ONE_TO_ONE,blk.23.hc_ffn_up.weight,3276800,3481600,KQ-GGUF-RULE-TENSOR-NAME-v1,KQ-GGUF-EVIDENCE-002,PROVEN_CONVERTER,GGUF dimensions use reversed physical dimension order
model.language_model.layers.23.self_attn.indexer.index_qk_proj.weight,BF16,640x2560,1638400,3276800,text,qsa_indexer,23,,REQUIRED_INITIAL_TEXT,SPLIT_IN_GGUF,blk.23.indexer.q_proj.weight;blk.23.indexer.k_proj.weight,1638400,3276800,KQ-GGUF-RULE-QSA-SPLIT-v1,KQ-GGUF-EVIDENCE-003,PROVEN_CONVERTER,Canonical projection is split along the converter-defined projection dimension
model.language_model.layers.23.self_attn.indexer.k_layernorm.weight,BF16,128,128,256,text,qsa_indexer,23,,REQUIRED_INITIAL_TEXT,RENAMED_ONE_TO_ONE,blk.23.indexer.k_norm.weight,128,512,KQ-GGUF-RULE-TENSOR-NAME-v1,KQ-GGUF-EVIDENCE-002,PROVEN_CONVERTER,GGUF dimensions use reversed physical dimension order
model.language_model.layers.23.self_attn.indexer.q_layernorm.weight,BF16,128,128,256,text,qsa_indexer,23,,REQUIRED_INITIAL_TEXT,RENAMED_ONE_TO_ONE,blk.23.indexer.q_norm.weight,128,512,KQ-GGUF-RULE-TENSOR-NAME-v1,KQ-GGUF-EVIDENCE-002,PROVEN_CONVERTER,GGUF dimensions use reversed physical dimension order
model.language_model.layers.23.self_attn.k_norm.weight,BF16,256,256,512,text,qsa_attention,23,,REQUIRED_INITIAL_TEXT,RENAMED_ONE_TO_ONE,blk.23.attn_k_norm.weight,256,1024,KQ-GGUF-RULE-TENSOR-NAME-v1,KQ-GGUF-EVIDENCE-002,PROVEN_CONVERTER,GGUF dimensions use reversed physical dimension order
model.language_model.layers.23.self_attn.k_proj.weight,BF16,512x2560,1310720,2621440,text,qsa_attention,23,,REQUIRED_INITIAL_TEXT,RENAMED_ONE_TO_ONE,blk.23.attn_k.weight,1310720,1392640,KQ-GGUF-RULE-TENSOR-NAME-v1,KQ-GGUF-EVIDENCE-002,PROVEN_CONVERTER,GGUF dimensions use reversed physical dimension order
model.language_model.layers.23.self_attn.o_proj.weight,BF16,2560x6144,15728640,31457280,text,qsa_attention,23,,REQUIRED_INITIAL_TEXT,RENAMED_ONE_TO_ONE,blk.23.attn_output.weight,15728640,16711680,KQ-GGUF-RULE-TENSOR-NAME-v1,KQ-GGUF-EVIDENCE-002,PROVEN_CONVERTER,GGUF dimensions use reversed physical dimension order
model.language_model.layers.23.self_attn.q_norm.weight,BF16,256,256,512,text,qsa_attention,23,,REQUIRED_INITIAL_TEXT,RENAMED_ONE_TO_ONE,blk.23.attn_q_norm.weight,256,1024,KQ-GGUF-RULE-TENSOR-NAME-v1,KQ-GGUF-EVIDENCE-002,PROVEN_CONVERTER,GGUF dimensions use reversed physical dimension order
model.language_model.layers.23.self_attn.q_proj.weight,BF16,12288x2560,31457280,62914560,text,qsa_attention,23,,REQUIRED_INITIAL_TEXT,RENAMED_ONE_TO_ONE,blk.23.attn_q.weight,31457280,33423360,KQ-GGUF-RULE-TENSOR-NAME-v1,KQ-GGUF-EVIDENCE-002,PROVEN_CONVERTER,GGUF dimensions use reversed physical dimension order
model.language_model.layers.23.self_attn.v_proj.weight,BF16,512x2560,1310720,2621440,text,qsa_attention,23,,REQUIRED_INITIAL_TEXT,RENAMED_ONE_TO_ONE,blk.23.attn_v.weight,1310720,1392640,KQ-GGUF-RULE-TENSOR-NAME-v1,KQ-GGUF-EVIDENCE-002,PROVEN_CONVERTER,GGUF dimensions use reversed physical dimension order
model.language_model.layers.24.attn_hyper_connection.block_inject_weight.weight,BF16,4x10240,40960,81920,text,gated_residual,24,,REQUIRED_INITIAL_TEXT,RENAMED_ONE_TO_ONE,blk.24.hc_attn_inject.weight,40960,163840,KQ-GGUF-RULE-TENSOR-NAME-v1,KQ-GGUF-EVIDENCE-002,PROVEN_CONVERTER,GGUF dimensions use reversed physical dimension order
model.language_model.layers.24.attn_hyper_connection.hc_norm.weight,BF16,10240,10240,20480,text,gated_residual,24,,REQUIRED_INITIAL_TEXT,RENAMED_ONE_TO_ONE,blk.24.hc_attn_norm.weight,10240,40960,KQ-GGUF-RULE-TENSOR-NAME-v1,KQ-GGUF-EVIDENCE-002,PROVEN_CONVERTER,GGUF dimensions use reversed physical dimension order
model.language_model.layers.24.attn_hyper_connection.input_mix_weight_down.weight,BF16,320x10240,3276800,6553600,text,gated_residual,24,,REQUIRED_INITIAL_TEXT,RENAMED_ONE_TO_ONE,blk.24.hc_attn_down.weight,3276800,3481600,KQ-GGUF-RULE-TENSOR-NAME-v1,KQ-GGUF-EVIDENCE-002,PROVEN_CONVERTER,GGUF dimensions use reversed physical dimension order
model.language_model.layers.24.attn_hyper_connection.input_mix_weight_up.weight,BF16,10240x320,3276800,6553600,text,gated_residual,24,,REQUIRED_INITIAL_TEXT,RENAMED_ONE_TO_ONE,blk.24.hc_attn_up.weight,3276800,3481600,KQ-GGUF-RULE-TENSOR-NAME-v1,KQ-GGUF-EVIDENCE-002,PROVEN_CONVERTER,GGUF dimensions use reversed physical dimension order
model.language_model.layers.24.linear_attn.A_log,BF16,48,48,96,text,gdn,24,,REQUIRED_INITIAL_TEXT,TRANSFORMED_LAYOUT,blk.24.ssm_a,48,192,KQ-GGUF-RULE-CONVERTER-TRANSFORM-v1,KQ-GGUF-EVIDENCE-003,PROVEN_CONVERTER,Converter stores -exp(A_log) in the one-to-one GGUF tensor
model.language_model.layers.24.linear_attn.conv1d.weight,BF16,10240x1x4,40960,81920,text,gdn,24,,REQUIRED_INITIAL_TEXT,TRANSFORMED_LAYOUT,blk.24.ssm_conv1d.weight,40960,163840,KQ-GGUF-RULE-CONVERTER-TRANSFORM-v1,KQ-GGUF-EVIDENCE-003,PROVEN_CONVERTER,Converter removes the singleton convolution dimension
model.language_model.layers.24.linear_attn.dt_bias,BF16,48,48,96,text,gdn,24,,REQUIRED_INITIAL_TEXT,RENAMED_ONE_TO_ONE,blk.24.ssm_dt.bias,48,192,KQ-GGUF-RULE-TENSOR-NAME-v1,KQ-GGUF-EVIDENCE-002,PROVEN_CONVERTER,GGUF dimensions use reversed physical dimension order
model.language_model.layers.24.linear_attn.in_proj_a.weight,BF16,48x2560,122880,245760,text,gdn,24,,REQUIRED_INITIAL_TEXT,TRANSFORMED_LAYOUT,blk.24.ssm_alpha.weight,122880,491520,KQ-GGUF-RULE-CONVERTER-TRANSFORM-v1,KQ-GGUF-EVIDENCE-003,PROVEN_CONVERTER,Converter reorders grouped GDN value-head rows or columns to tiled GGML order
model.language_model.layers.24.linear_attn.in_proj_b.weight,BF16,48x2560,122880,245760,text,gdn,24,,REQUIRED_INITIAL_TEXT,TRANSFORMED_LAYOUT,blk.24.ssm_beta.weight,122880,491520,KQ-GGUF-RULE-CONVERTER-TRANSFORM-v1,KQ-GGUF-EVIDENCE-003,PROVEN_CONVERTER,Converter reorders grouped GDN value-head rows or columns to tiled GGML order
model.language_model.layers.24.linear_attn.in_proj_qkv.weight,BF16,10240x2560,26214400,52428800,text,gdn,24,,REQUIRED_INITIAL_TEXT,TRANSFORMED_LAYOUT,blk.24.attn_qkv.weight,26214400,27852800,KQ-GGUF-RULE-CONVERTER-TRANSFORM-v1,KQ-GGUF-EVIDENCE-003,PROVEN_CONVERTER,Converter reorders grouped GDN value-head rows or columns to tiled GGML order
model.language_model.layers.24.linear_attn.in_proj_z.weight,BF16,6144x2560,15728640,31457280,text,gdn,24,,REQUIRED_INITIAL_TEXT,TRANSFORMED_LAYOUT,blk.24.attn_gate.weight,15728640,16711680,KQ-GGUF-RULE-CONVERTER-TRANSFORM-v1,KQ-GGUF-EVIDENCE-003,PROVEN_CONVERTER,Converter reorders grouped GDN value-head rows or columns to tiled GGML order
model.language_model.layers.24.linear_attn.norm.weight,BF16,128,128,256,text,gdn,24,,REQUIRED_INITIAL_TEXT,RENAMED_ONE_TO_ONE,blk.24.ssm_norm.weight,128,512,KQ-GGUF-RULE-TENSOR-NAME-v1,KQ-GGUF-EVIDENCE-002,PROVEN_CONVERTER,GGUF dimensions use reversed physical dimension order
model.language_model.layers.24.linear_attn.out_proj.weight,BF16,2560x6144,15728640,31457280,text,gdn,24,,REQUIRED_INITIAL_TEXT,TRANSFORMED_LAYOUT,blk.24.ssm_out.weight,15728640,16711680,KQ-GGUF-RULE-CONVERTER-TRANSFORM-v1,KQ-GGUF-EVIDENCE-003,PROVEN_CONVERTER,Converter reorders grouped GDN value-head rows or columns to tiled GGML order
model.language_model.layers.24.mlp.experts.down_proj,BF16,512x2560x640,838860800,1677721600,text,routed_experts,24,STACKED_0_511,REQUIRED_INITIAL_TEXT,RENAMED_ONE_TO_ONE,blk.24.ffn_down_exps.weight,838860800,629145600,KQ-GGUF-RULE-TENSOR-NAME-v1,KQ-GGUF-EVIDENCE-002,PROVEN_CONVERTER,GGUF dimensions use reversed physical dimension order
model.language_model.layers.24.mlp.experts.gate_up_proj,BF16,512x1280x2560,1677721600,3355443200,text,routed_experts,24,STACKED_0_511,REQUIRED_INITIAL_TEXT,SPLIT_IN_GGUF,blk.24.ffn_gate_exps.weight;blk.24.ffn_up_exps.weight,1677721600,943718400,KQ-GGUF-RULE-MOE-SPLIT-v1,KQ-GGUF-EVIDENCE-004,PROVEN_CONVERTER,Canonical projection is split along the converter-defined projection dimension
model.language_model.layers.24.mlp.gate.weight,BF16,512x2560,1310720,2621440,text,router,24,,REQUIRED_INITIAL_TEXT,RENAMED_ONE_TO_ONE,blk.24.ffn_gate_inp.weight,1310720,5242880,KQ-GGUF-RULE-TENSOR-NAME-v1,KQ-GGUF-EVIDENCE-002,PROVEN_CONVERTER,GGUF dimensions use reversed physical dimension order
model.language_model.layers.24.mlp.shared_expert.down_proj.weight,BF16,2560x640,1638400,3276800,text,shared_expert,24,,REQUIRED_INITIAL_TEXT,RENAMED_ONE_TO_ONE,blk.24.ffn_down_shexp.weight,1638400,1740800,KQ-GGUF-RULE-TENSOR-NAME-v1,KQ-GGUF-EVIDENCE-002,PROVEN_CONVERTER,GGUF dimensions use reversed physical dimension order
model.language_model.layers.24.mlp.shared_expert.gate_proj.weight,BF16,640x2560,1638400,3276800,text,shared_expert,24,,REQUIRED_INITIAL_TEXT,RENAMED_ONE_TO_ONE,blk.24.ffn_gate_shexp.weight,1638400,1740800,KQ-GGUF-RULE-TENSOR-NAME-v1,KQ-GGUF-EVIDENCE-002,PROVEN_CONVERTER,GGUF dimensions use reversed physical dimension order
model.language_model.layers.24.mlp.shared_expert.up_proj.weight,BF16,640x2560,1638400,3276800,text,shared_expert,24,,REQUIRED_INITIAL_TEXT,RENAMED_ONE_TO_ONE,blk.24.ffn_up_shexp.weight,1638400,1740800,KQ-GGUF-RULE-TENSOR-NAME-v1,KQ-GGUF-EVIDENCE-002,PROVEN_CONVERTER,GGUF dimensions use reversed physical dimension order
model.language_model.layers.24.mlp.shared_expert_gate.weight,BF16,1x2560,2560,5120,text,shared_expert,24,,REQUIRED_INITIAL_TEXT,RENAMED_ONE_TO_ONE,blk.24.ffn_gate_inp_shexp.weight,2560,10240,KQ-GGUF-RULE-TENSOR-NAME-v1,KQ-GGUF-EVIDENCE-002,PROVEN_CONVERTER,GGUF dimensions use reversed physical dimension order
model.language_model.layers.24.mlp_hyper_connection.block_inject_weight.weight,BF16,4x10240,40960,81920,text,gated_residual,24,,REQUIRED_INITIAL_TEXT,RENAMED_ONE_TO_ONE,blk.24.hc_ffn_inject.weight,40960,163840,KQ-GGUF-RULE-TENSOR-NAME-v1,KQ-GGUF-EVIDENCE-002,PROVEN_CONVERTER,GGUF dimensions use reversed physical dimension order
model.language_model.layers.24.mlp_hyper_connection.hc_norm.weight,BF16,10240,10240,20480,text,gated_residual,24,,REQUIRED_INITIAL_TEXT,RENAMED_ONE_TO_ONE,blk.24.hc_ffn_norm.weight,10240,40960,KQ-GGUF-RULE-TENSOR-NAME-v1,KQ-GGUF-EVIDENCE-002,PROVEN_CONVERTER,GGUF dimensions use reversed physical dimension order
model.language_model.layers.24.mlp_hyper_connection.input_mix_weight_down.weight,BF16,320x10240,3276800,6553600,text,gated_residual,24,,REQUIRED_INITIAL_TEXT,RENAMED_ONE_TO_ONE,blk.24.hc_ffn_down.weight,3276800,3481600,KQ-GGUF-RULE-TENSOR-NAME-v1,KQ-GGUF-EVIDENCE-002,PROVEN_CONVERTER,GGUF dimensions use reversed physical dimension order
model.language_model.layers.24.mlp_hyper_connection.input_mix_weight_up.weight,BF16,10240x320,3276800,6553600,text,gated_residual,24,,REQUIRED_INITIAL_TEXT,RENAMED_ONE_TO_ONE,blk.24.hc_ffn_up.weight,3276800,3481600,KQ-GGUF-RULE-TENSOR-NAME-v1,KQ-GGUF-EVIDENCE-002,PROVEN_CONVERTER,GGUF dimensions use reversed physical dimension order
model.language_model.layers.25.attn_hyper_connection.block_inject_weight.weight,BF16,4x10240,40960,81920,text,gated_residual,25,,REQUIRED_INITIAL_TEXT,RENAMED_ONE_TO_ONE,blk.25.hc_attn_inject.weight,40960,163840,KQ-GGUF-RULE-TENSOR-NAME-v1,KQ-GGUF-EVIDENCE-002,PROVEN_CONVERTER,GGUF dimensions use reversed physical dimension order
model.language_model.layers.25.attn_hyper_connection.hc_norm.weight,BF16,10240,10240,20480,text,gated_residual,25,,REQUIRED_INITIAL_TEXT,RENAMED_ONE_TO_ONE,blk.25.hc_attn_norm.weight,10240,40960,KQ-GGUF-RULE-TENSOR-NAME-v1,KQ-GGUF-EVIDENCE-002,PROVEN_CONVERTER,GGUF dimensions use reversed physical dimension order
model.language_model.layers.25.attn_hyper_connection.input_mix_weight_down.weight,BF16,320x10240,3276800,6553600,text,gated_residual,25,,REQUIRED_INITIAL_TEXT,RENAMED_ONE_TO_ONE,blk.25.hc_attn_down.weight,3276800,3481600,KQ-GGUF-RULE-TENSOR-NAME-v1,KQ-GGUF-EVIDENCE-002,PROVEN_CONVERTER,GGUF dimensions use reversed physical dimension order
model.language_model.layers.25.attn_hyper_connection.input_mix_weight_up.weight,BF16,10240x320,3276800,6553600,text,gated_residual,25,,REQUIRED_INITIAL_TEXT,RENAMED_ONE_TO_ONE,blk.25.hc_attn_up.weight,3276800,3481600,KQ-GGUF-RULE-TENSOR-NAME-v1,KQ-GGUF-EVIDENCE-002,PROVEN_CONVERTER,GGUF dimensions use reversed physical dimension order
model.language_model.layers.25.linear_attn.A_log,BF16,48,48,96,text,gdn,25,,REQUIRED_INITIAL_TEXT,TRANSFORMED_LAYOUT,blk.25.ssm_a,48,192,KQ-GGUF-RULE-CONVERTER-TRANSFORM-v1,KQ-GGUF-EVIDENCE-003,PROVEN_CONVERTER,Converter stores -exp(A_log) in the one-to-one GGUF tensor
model.language_model.layers.25.linear_attn.conv1d.weight,BF16,10240x1x4,40960,81920,text,gdn,25,,REQUIRED_INITIAL_TEXT,TRANSFORMED_LAYOUT,blk.25.ssm_conv1d.weight,40960,163840,KQ-GGUF-RULE-CONVERTER-TRANSFORM-v1,KQ-GGUF-EVIDENCE-003,PROVEN_CONVERTER,Converter removes the singleton convolution dimension
model.language_model.layers.25.linear_attn.dt_bias,BF16,48,48,96,text,gdn,25,,REQUIRED_INITIAL_TEXT,RENAMED_ONE_TO_ONE,blk.25.ssm_dt.bias,48,192,KQ-GGUF-RULE-TENSOR-NAME-v1,KQ-GGUF-EVIDENCE-002,PROVEN_CONVERTER,GGUF dimensions use reversed physical dimension order
model.language_model.layers.25.linear_attn.in_proj_a.weight,BF16,48x2560,122880,245760,text,gdn,25,,REQUIRED_INITIAL_TEXT,TRANSFORMED_LAYOUT,blk.25.ssm_alpha.weight,122880,491520,KQ-GGUF-RULE-CONVERTER-TRANSFORM-v1,KQ-GGUF-EVIDENCE-003,PROVEN_CONVERTER,Converter reorders grouped GDN value-head rows or columns to tiled GGML order
model.language_model.layers.25.linear_attn.in_proj_b.weight,BF16,48x2560,122880,245760,text,gdn,25,,REQUIRED_INITIAL_TEXT,TRANSFORMED_LAYOUT,blk.25.ssm_beta.weight,122880,491520,KQ-GGUF-RULE-CONVERTER-TRANSFORM-v1,KQ-GGUF-EVIDENCE-003,PROVEN_CONVERTER,Converter reorders grouped GDN value-head rows or columns to tiled GGML order
model.language_model.layers.25.linear_attn.in_proj_qkv.weight,BF16,10240x2560,26214400,52428800,text,gdn,25,,REQUIRED_INITIAL_TEXT,TRANSFORMED_LAYOUT,blk.25.attn_qkv.weight,26214400,27852800,KQ-GGUF-RULE-CONVERTER-TRANSFORM-v1,KQ-GGUF-EVIDENCE-003,PROVEN_CONVERTER,Converter reorders grouped GDN value-head rows or columns to tiled GGML order
model.language_model.layers.25.linear_attn.in_proj_z.weight,BF16,6144x2560,15728640,31457280,text,gdn,25,,REQUIRED_INITIAL_TEXT,TRANSFORMED_LAYOUT,blk.25.attn_gate.weight,15728640,16711680,KQ-GGUF-RULE-CONVERTER-TRANSFORM-v1,KQ-GGUF-EVIDENCE-003,PROVEN_CONVERTER,Converter reorders grouped GDN value-head rows or columns to tiled GGML order
model.language_model.layers.25.linear_attn.norm.weight,BF16,128,128,256,text,gdn,25,,REQUIRED_INITIAL_TEXT,RENAMED_ONE_TO_ONE,blk.25.ssm_norm.weight,128,512,KQ-GGUF-RULE-TENSOR-NAME-v1,KQ-GGUF-EVIDENCE-002,PROVEN_CONVERTER,GGUF dimensions use reversed physical dimension order
model.language_model.layers.25.linear_attn.out_proj.weight,BF16,2560x6144,15728640,31457280,text,gdn,25,,REQUIRED_INITIAL_TEXT,TRANSFORMED_LAYOUT,blk.25.ssm_out.weight,15728640,16711680,KQ-GGUF-RULE-CONVERTER-TRANSFORM-v1,KQ-GGUF-EVIDENCE-003,PROVEN_CONVERTER,Converter reorders grouped GDN value-head rows or columns to tiled GGML order
model.language_model.layers.25.mlp.experts.down_proj,BF16,512x2560x640,838860800,1677721600,text,routed_experts,25,STACKED_0_511,REQUIRED_INITIAL_TEXT,RENAMED_ONE_TO_ONE,blk.25.ffn_down_exps.weight,838860800,629145600,KQ-GGUF-RULE-TENSOR-NAME-v1,KQ-GGUF-EVIDENCE-002,PROVEN_CONVERTER,GGUF dimensions use reversed physical dimension order
model.language_model.layers.25.mlp.experts.gate_up_proj,BF16,512x1280x2560,1677721600,3355443200,text,routed_experts,25,STACKED_0_511,REQUIRED_INITIAL_TEXT,SPLIT_IN_GGUF,blk.25.ffn_gate_exps.weight;blk.25.ffn_up_exps.weight,1677721600,943718400,KQ-GGUF-RULE-MOE-SPLIT-v1,KQ-GGUF-EVIDENCE-004,PROVEN_CONVERTER,Canonical projection is split along the converter-defined projection dimension
model.language_model.layers.25.mlp.gate.weight,BF16,512x2560,1310720,2621440,text,router,25,,REQUIRED_INITIAL_TEXT,RENAMED_ONE_TO_ONE,blk.25.ffn_gate_inp.weight,1310720,5242880,KQ-GGUF-RULE-TENSOR-NAME-v1,KQ-GGUF-EVIDENCE-002,PROVEN_CONVERTER,GGUF dimensions use reversed physical dimension order
model.language_model.layers.25.mlp.shared_expert.down_proj.weight,BF16,2560x640,1638400,3276800,text,shared_expert,25,,REQUIRED_INITIAL_TEXT,RENAMED_ONE_TO_ONE,blk.25.ffn_down_shexp.weight,1638400,1740800,KQ-GGUF-RULE-TENSOR-NAME-v1,KQ-GGUF-EVIDENCE-002,PROVEN_CONVERTER,GGUF dimensions use reversed physical dimension order
model.language_model.layers.25.mlp.shared_expert.gate_proj.weight,BF16,640x2560,1638400,3276800,text,shared_expert,25,,REQUIRED_INITIAL_TEXT,RENAMED_ONE_TO_ONE,blk.25.ffn_gate_shexp.weight,1638400,1740800,KQ-GGUF-RULE-TENSOR-NAME-v1,KQ-GGUF-EVIDENCE-002,PROVEN_CONVERTER,GGUF dimensions use reversed physical dimension order
model.language_model.layers.25.mlp.shared_expert.up_proj.weight,BF16,640x2560,1638400,3276800,text,shared_expert,25,,REQUIRED_INITIAL_TEXT,RENAMED_ONE_TO_ONE,blk.25.ffn_up_shexp.weight,1638400,1740800,KQ-GGUF-RULE-TENSOR-NAME-v1,KQ-GGUF-EVIDENCE-002,PROVEN_CONVERTER,GGUF dimensions use reversed physical dimension order
model.language_model.layers.25.mlp.shared_expert_gate.weight,BF16,1x2560,2560,5120,text,shared_expert,25,,REQUIRED_INITIAL_TEXT,RENAMED_ONE_TO_ONE,blk.25.ffn_gate_inp_shexp.weight,2560,10240,KQ-GGUF-RULE-TENSOR-NAME-v1,KQ-GGUF-EVIDENCE-002,PROVEN_CONVERTER,GGUF dimensions use reversed physical dimension order
model.language_model.layers.25.mlp_hyper_connection.block_inject_weight.weight,BF16,4x10240,40960,81920,text,gated_residual,25,,REQUIRED_INITIAL_TEXT,RENAMED_ONE_TO_ONE,blk.25.hc_ffn_inject.weight,40960,163840,KQ-GGUF-RULE-TENSOR-NAME-v1,KQ-GGUF-EVIDENCE-002,PROVEN_CONVERTER,GGUF dimensions use reversed physical dimension order
model.language_model.layers.25.mlp_hyper_connection.hc_norm.weight,BF16,10240,10240,20480,text,gated_residual,25,,REQUIRED_INITIAL_TEXT,RENAMED_ONE_TO_ONE,blk.25.hc_ffn_norm.weight,10240,40960,KQ-GGUF-RULE-TENSOR-NAME-v1,KQ-GGUF-EVIDENCE-002,PROVEN_CONVERTER,GGUF dimensions use reversed physical dimension order
model.language_model.layers.25.mlp_hyper_connection.input_mix_weight_down.weight,BF16,320x10240,3276800,6553600,text,gated_residual,25,,REQUIRED_INITIAL_TEXT,RENAMED_ONE_TO_ONE,blk.25.hc_ffn_down.weight,3276800,3481600,KQ-GGUF-RULE-TENSOR-NAME-v1,KQ-GGUF-EVIDENCE-002,PROVEN_CONVERTER,GGUF dimensions use reversed physical dimension order
model.language_model.layers.25.mlp_hyper_connection.input_mix_weight_up.weight,BF16,10240x320,3276800,6553600,text,gated_residual,25,,REQUIRED_INITIAL_TEXT,RENAMED_ONE_TO_ONE,blk.25.hc_ffn_up.weight,3276800,3481600,KQ-GGUF-RULE-TENSOR-NAME-v1,KQ-GGUF-EVIDENCE-002,PROVEN_CONVERTER,GGUF dimensions use reversed physical dimension order
model.language_model.layers.26.attn_hyper_connection.block_inject_weight.weight,BF16,4x10240,40960,81920,text,gated_residual,26,,REQUIRED_INITIAL_TEXT,RENAMED_ONE_TO_ONE,blk.26.hc_attn_inject.weight,40960,163840,KQ-GGUF-RULE-TENSOR-NAME-v1,KQ-GGUF-EVIDENCE-002,PROVEN_CONVERTER,GGUF dimensions use reversed physical dimension order
model.language_model.layers.26.attn_hyper_connection.hc_norm.weight,BF16,10240,10240,20480,text,gated_residual,26,,REQUIRED_INITIAL_TEXT,RENAMED_ONE_TO_ONE,blk.26.hc_attn_norm.weight,10240,40960,KQ-GGUF-RULE-TENSOR-NAME-v1,KQ-GGUF-EVIDENCE-002,PROVEN_CONVERTER,GGUF dimensions use reversed physical dimension order
model.language_model.layers.26.attn_hyper_connection.input_mix_weight_down.weight,BF16,320x10240,3276800,6553600,text,gated_residual,26,,REQUIRED_INITIAL_TEXT,RENAMED_ONE_TO_ONE,blk.26.hc_attn_down.weight,3276800,3481600,KQ-GGUF-RULE-TENSOR-NAME-v1,KQ-GGUF-EVIDENCE-002,PROVEN_CONVERTER,GGUF dimensions use reversed physical dimension order
model.language_model.layers.26.attn_hyper_connection.input_mix_weight_up.weight,BF16,10240x320,3276800,6553600,text,gated_residual,26,,REQUIRED_INITIAL_TEXT,RENAMED_ONE_TO_ONE,blk.26.hc_attn_up.weight,3276800,3481600,KQ-GGUF-RULE-TENSOR-NAME-v1,KQ-GGUF-EVIDENCE-002,PROVEN_CONVERTER,GGUF dimensions use reversed physical dimension order
model.language_model.layers.26.linear_attn.A_log,BF16,48,48,96,text,gdn,26,,REQUIRED_INITIAL_TEXT,TRANSFORMED_LAYOUT,blk.26.ssm_a,48,192,KQ-GGUF-RULE-CONVERTER-TRANSFORM-v1,KQ-GGUF-EVIDENCE-003,PROVEN_CONVERTER,Converter stores -exp(A_log) in the one-to-one GGUF tensor
model.language_model.layers.26.linear_attn.conv1d.weight,BF16,10240x1x4,40960,81920,text,gdn,26,,REQUIRED_INITIAL_TEXT,TRANSFORMED_LAYOUT,blk.26.ssm_conv1d.weight,40960,163840,KQ-GGUF-RULE-CONVERTER-TRANSFORM-v1,KQ-GGUF-EVIDENCE-003,PROVEN_CONVERTER,Converter removes the singleton convolution dimension
model.language_model.layers.26.linear_attn.dt_bias,BF16,48,48,96,text,gdn,26,,REQUIRED_INITIAL_TEXT,RENAMED_ONE_TO_ONE,blk.26.ssm_dt.bias,48,192,KQ-GGUF-RULE-TENSOR-NAME-v1,KQ-GGUF-EVIDENCE-002,PROVEN_CONVERTER,GGUF dimensions use reversed physical dimension order
model.language_model.layers.26.linear_attn.in_proj_a.weight,BF16,48x2560,122880,245760,text,gdn,26,,REQUIRED_INITIAL_TEXT,TRANSFORMED_LAYOUT,blk.26.ssm_alpha.weight,122880,491520,KQ-GGUF-RULE-CONVERTER-TRANSFORM-v1,KQ-GGUF-EVIDENCE-003,PROVEN_CONVERTER,Converter reorders grouped GDN value-head rows or columns to tiled GGML order
model.language_model.layers.26.linear_attn.in_proj_b.weight,BF16,48x2560,122880,245760,text,gdn,26,,REQUIRED_INITIAL_TEXT,TRANSFORMED_LAYOUT,blk.26.ssm_beta.weight,122880,491520,KQ-GGUF-RULE-CONVERTER-TRANSFORM-v1,KQ-GGUF-EVIDENCE-003,PROVEN_CONVERTER,Converter reorders grouped GDN value-head rows or columns to tiled GGML order
model.language_model.layers.26.linear_attn.in_proj_qkv.weight,BF16,10240x2560,26214400,52428800,text,gdn,26,,REQUIRED_INITIAL_TEXT,TRANSFORMED_LAYOUT,blk.26.attn_qkv.weight,26214400,27852800,KQ-GGUF-RULE-CONVERTER-TRANSFORM-v1,KQ-GGUF-EVIDENCE-003,PROVEN_CONVERTER,Converter reorders grouped GDN value-head rows or columns to tiled GGML order
model.language_model.layers.26.linear_attn.in_proj_z.weight,BF16,6144x2560,15728640,31457280,text,gdn,26,,REQUIRED_INITIAL_TEXT,TRANSFORMED_LAYOUT,blk.26.attn_gate.weight,15728640,16711680,KQ-GGUF-RULE-CONVERTER-TRANSFORM-v1,KQ-GGUF-EVIDENCE-003,PROVEN_CONVERTER,Converter reorders grouped GDN value-head rows or columns to tiled GGML order
model.language_model.layers.26.linear_attn.norm.weight,BF16,128,128,256,text,gdn,26,,REQUIRED_INITIAL_TEXT,RENAMED_ONE_TO_ONE,blk.26.ssm_norm.weight,128,512,KQ-GGUF-RULE-TENSOR-NAME-v1,KQ-GGUF-EVIDENCE-002,PROVEN_CONVERTER,GGUF dimensions use reversed physical dimension order
model.language_model.layers.26.linear_attn.out_proj.weight,BF16,2560x6144,15728640,31457280,text,gdn,26,,REQUIRED_INITIAL_TEXT,TRANSFORMED_LAYOUT,blk.26.ssm_out.weight,15728640,16711680,KQ-GGUF-RULE-CONVERTER-TRANSFORM-v1,KQ-GGUF-EVIDENCE-003,PROVEN_CONVERTER,Converter reorders grouped GDN value-head rows or columns to tiled GGML order
model.language_model.layers.26.mlp.experts.down_proj,BF16,512x2560x640,838860800,1677721600,text,routed_experts,26,STACKED_0_511,REQUIRED_INITIAL_TEXT,RENAMED_ONE_TO_ONE,blk.26.ffn_down_exps.weight,838860800,629145600,KQ-GGUF-RULE-TENSOR-NAME-v1,KQ-GGUF-EVIDENCE-002,PROVEN_CONVERTER,GGUF dimensions use reversed physical dimension order
model.language_model.layers.26.mlp.experts.gate_up_proj,BF16,512x1280x2560,1677721600,3355443200,text,routed_experts,26,STACKED_0_511,REQUIRED_INITIAL_TEXT,SPLIT_IN_GGUF,blk.26.ffn_gate_exps.weight;blk.26.ffn_up_exps.weight,1677721600,943718400,KQ-GGUF-RULE-MOE-SPLIT-v1,KQ-GGUF-EVIDENCE-004,PROVEN_CONVERTER,Canonical projection is split along the converter-defined projection dimension
model.language_model.layers.26.mlp.gate.weight,BF16,512x2560,1310720,2621440,text,router,26,,REQUIRED_INITIAL_TEXT,RENAMED_ONE_TO_ONE,blk.26.ffn_gate_inp.weight,1310720,5242880,KQ-GGUF-RULE-TENSOR-NAME-v1,KQ-GGUF-EVIDENCE-002,PROVEN_CONVERTER,GGUF dimensions use reversed physical dimension order
model.language_model.layers.26.mlp.shared_expert.down_proj.weight,BF16,2560x640,1638400,3276800,text,shared_expert,26,,REQUIRED_INITIAL_TEXT,RENAMED_ONE_TO_ONE,blk.26.ffn_down_shexp.weight,1638400,1740800,KQ-GGUF-RULE-TENSOR-NAME-v1,KQ-GGUF-EVIDENCE-002,PROVEN_CONVERTER,GGUF dimensions use reversed physical dimension order
model.language_model.layers.26.mlp.shared_expert.gate_proj.weight,BF16,640x2560,1638400,3276800,text,shared_expert,26,,REQUIRED_INITIAL_TEXT,RENAMED_ONE_TO_ONE,blk.26.ffn_gate_shexp.weight,1638400,1740800,KQ-GGUF-RULE-TENSOR-NAME-v1,KQ-GGUF-EVIDENCE-002,PROVEN_CONVERTER,GGUF dimensions use reversed physical dimension order
model.language_model.layers.26.mlp.shared_expert.up_proj.weight,BF16,640x2560,1638400,3276800,text,shared_expert,26,,REQUIRED_INITIAL_TEXT,RENAMED_ONE_TO_ONE,blk.26.ffn_up_shexp.weight,1638400,1740800,KQ-GGUF-RULE-TENSOR-NAME-v1,KQ-GGUF-EVIDENCE-002,PROVEN_CONVERTER,GGUF dimensions use reversed physical dimension order
model.language_model.layers.26.mlp.shared_expert_gate.weight,BF16,1x2560,2560,5120,text,shared_expert,26,,REQUIRED_INITIAL_TEXT,RENAMED_ONE_TO_ONE,blk.26.ffn_gate_inp_shexp.weight,2560,10240,KQ-GGUF-RULE-TENSOR-NAME-v1,KQ-GGUF-EVIDENCE-002,PROVEN_CONVERTER,GGUF dimensions use reversed physical dimension order
model.language_model.layers.26.mlp_hyper_connection.block_inject_weight.weight,BF16,4x10240,40960,81920,text,gated_residual,26,,REQUIRED_INITIAL_TEXT,RENAMED_ONE_TO_ONE,blk.26.hc_ffn_inject.weight,40960,163840,KQ-GGUF-RULE-TENSOR-NAME-v1,KQ-GGUF-EVIDENCE-002,PROVEN_CONVERTER,GGUF dimensions use reversed physical dimension order
model.language_model.layers.26.mlp_hyper_connection.hc_norm.weight,BF16,10240,10240,20480,text,gated_residual,26,,REQUIRED_INITIAL_TEXT,RENAMED_ONE_TO_ONE,blk.26.hc_ffn_norm.weight,10240,40960,KQ-GGUF-RULE-TENSOR-NAME-v1,KQ-GGUF-EVIDENCE-002,PROVEN_CONVERTER,GGUF dimensions use reversed physical dimension order
model.language_model.layers.26.mlp_hyper_connection.input_mix_weight_down.weight,BF16,320x10240,3276800,6553600,text,gated_residual,26,,REQUIRED_INITIAL_TEXT,RENAMED_ONE_TO_ONE,blk.26.hc_ffn_down.weight,3276800,3481600,KQ-GGUF-RULE-TENSOR-NAME-v1,KQ-GGUF-EVIDENCE-002,PROVEN_CONVERTER,GGUF dimensions use reversed physical dimension order
model.language_model.layers.26.mlp_hyper_connection.input_mix_weight_up.weight,BF16,10240x320,3276800,6553600,text,gated_residual,26,,REQUIRED_INITIAL_TEXT,RENAMED_ONE_TO_ONE,blk.26.hc_ffn_up.weight,3276800,3481600,KQ-GGUF-RULE-TENSOR-NAME-v1,KQ-GGUF-EVIDENCE-002,PROVEN_CONVERTER,GGUF dimensions use reversed physical dimension order
model.language_model.layers.27.attn_hyper_connection.block_inject_weight.weight,BF16,4x10240,40960,81920,text,gated_residual,27,,REQUIRED_INITIAL_TEXT,RENAMED_ONE_TO_ONE,blk.27.hc_attn_inject.weight,40960,163840,KQ-GGUF-RULE-TENSOR-NAME-v1,KQ-GGUF-EVIDENCE-002,PROVEN_CONVERTER,GGUF dimensions use reversed physical dimension order
model.language_model.layers.27.attn_hyper_connection.hc_norm.weight,BF16,10240,10240,20480,text,gated_residual,27,,REQUIRED_INITIAL_TEXT,RENAMED_ONE_TO_ONE,blk.27.hc_attn_norm.weight,10240,40960,KQ-GGUF-RULE-TENSOR-NAME-v1,KQ-GGUF-EVIDENCE-002,PROVEN_CONVERTER,GGUF dimensions use reversed physical dimension order
model.language_model.layers.27.attn_hyper_connection.input_mix_weight_down.weight,BF16,320x10240,3276800,6553600,text,gated_residual,27,,REQUIRED_INITIAL_TEXT,RENAMED_ONE_TO_ONE,blk.27.hc_attn_down.weight,3276800,3481600,KQ-GGUF-RULE-TENSOR-NAME-v1,KQ-GGUF-EVIDENCE-002,PROVEN_CONVERTER,GGUF dimensions use reversed physical dimension order
model.language_model.layers.27.attn_hyper_connection.input_mix_weight_up.weight,BF16,10240x320,3276800,6553600,text,gated_residual,27,,REQUIRED_INITIAL_TEXT,RENAMED_ONE_TO_ONE,blk.27.hc_attn_up.weight,3276800,3481600,KQ-GGUF-RULE-TENSOR-NAME-v1,KQ-GGUF-EVIDENCE-002,PROVEN_CONVERTER,GGUF dimensions use reversed physical dimension order
model.language_model.layers.27.mlp.experts.down_proj,BF16,512x2560x640,838860800,1677721600,text,routed_experts,27,STACKED_0_511,REQUIRED_INITIAL_TEXT,RENAMED_ONE_TO_ONE,blk.27.ffn_down_exps.weight,838860800,629145600,KQ-GGUF-RULE-TENSOR-NAME-v1,KQ-GGUF-EVIDENCE-002,PROVEN_CONVERTER,GGUF dimensions use reversed physical dimension order
model.language_model.layers.27.mlp.experts.gate_up_proj,BF16,512x1280x2560,1677721600,3355443200,text,routed_experts,27,STACKED_0_511,REQUIRED_INITIAL_TEXT,SPLIT_IN_GGUF,blk.27.ffn_gate_exps.weight;blk.27.ffn_up_exps.weight,1677721600,943718400,KQ-GGUF-RULE-MOE-SPLIT-v1,KQ-GGUF-EVIDENCE-004,PROVEN_CONVERTER,Canonical projection is split along the converter-defined projection dimension
model.language_model.layers.27.mlp.gate.weight,BF16,512x2560,1310720,2621440,text,router,27,,REQUIRED_INITIAL_TEXT,RENAMED_ONE_TO_ONE,blk.27.ffn_gate_inp.weight,1310720,5242880,KQ-GGUF-RULE-TENSOR-NAME-v1,KQ-GGUF-EVIDENCE-002,PROVEN_CONVERTER,GGUF dimensions use reversed physical dimension order
model.language_model.layers.27.mlp.shared_expert.down_proj.weight,BF16,2560x640,1638400,3276800,text,shared_expert,27,,REQUIRED_INITIAL_TEXT,RENAMED_ONE_TO_ONE,blk.27.ffn_down_shexp.weight,1638400,1740800,KQ-GGUF-RULE-TENSOR-NAME-v1,KQ-GGUF-EVIDENCE-002,PROVEN_CONVERTER,GGUF dimensions use reversed physical dimension order
model.language_model.layers.27.mlp.shared_expert.gate_proj.weight,BF16,640x2560,1638400,3276800,text,shared_expert,27,,REQUIRED_INITIAL_TEXT,RENAMED_ONE_TO_ONE,blk.27.ffn_gate_shexp.weight,1638400,1740800,KQ-GGUF-RULE-TENSOR-NAME-v1,KQ-GGUF-EVIDENCE-002,PROVEN_CONVERTER,GGUF dimensions use reversed physical dimension order
model.language_model.layers.27.mlp.shared_expert.up_proj.weight,BF16,640x2560,1638400,3276800,text,shared_expert,27,,REQUIRED_INITIAL_TEXT,RENAMED_ONE_TO_ONE,blk.27.ffn_up_shexp.weight,1638400,1740800,KQ-GGUF-RULE-TENSOR-NAME-v1,KQ-GGUF-EVIDENCE-002,PROVEN_CONVERTER,GGUF dimensions use reversed physical dimension order
model.language_model.layers.27.mlp.shared_expert_gate.weight,BF16,1x2560,2560,5120,text,shared_expert,27,,REQUIRED_INITIAL_TEXT,RENAMED_ONE_TO_ONE,blk.27.ffn_gate_inp_shexp.weight,2560,10240,KQ-GGUF-RULE-TENSOR-NAME-v1,KQ-GGUF-EVIDENCE-002,PROVEN_CONVERTER,GGUF dimensions use reversed physical dimension order
model.language_model.layers.27.mlp_hyper_connection.block_inject_weight.weight,BF16,4x10240,40960,81920,text,gated_residual,27,,REQUIRED_INITIAL_TEXT,RENAMED_ONE_TO_ONE,blk.27.hc_ffn_inject.weight,40960,163840,KQ-GGUF-RULE-TENSOR-NAME-v1,KQ-GGUF-EVIDENCE-002,PROVEN_CONVERTER,GGUF dimensions use reversed physical dimension order
model.language_model.layers.27.mlp_hyper_connection.hc_norm.weight,BF16,10240,10240,20480,text,gated_residual,27,,REQUIRED_INITIAL_TEXT,RENAMED_ONE_TO_ONE,blk.27.hc_ffn_norm.weight,10240,40960,KQ-GGUF-RULE-TENSOR-NAME-v1,KQ-GGUF-EVIDENCE-002,PROVEN_CONVERTER,GGUF dimensions use reversed physical dimension order
model.language_model.layers.27.mlp_hyper_connection.input_mix_weight_down.weight,BF16,320x10240,3276800,6553600,text,gated_residual,27,,REQUIRED_INITIAL_TEXT,RENAMED_ONE_TO_ONE,blk.27.hc_ffn_down.weight,3276800,3481600,KQ-GGUF-RULE-TENSOR-NAME-v1,KQ-GGUF-EVIDENCE-002,PROVEN_CONVERTER,GGUF dimensions use reversed physical dimension order
model.language_model.layers.27.mlp_hyper_connection.input_mix_weight_up.weight,BF16,10240x320,3276800,6553600,text,gated_residual,27,,REQUIRED_INITIAL_TEXT,RENAMED_ONE_TO_ONE,blk.27.hc_ffn_up.weight,3276800,3481600,KQ-GGUF-RULE-TENSOR-NAME-v1,KQ-GGUF-EVIDENCE-002,PROVEN_CONVERTER,GGUF dimensions use reversed physical dimension order
model.language_model.layers.27.self_attn.indexer.index_qk_proj.weight,BF16,640x2560,1638400,3276800,text,qsa_indexer,27,,REQUIRED_INITIAL_TEXT,SPLIT_IN_GGUF,blk.27.indexer.q_proj.weight;blk.27.indexer.k_proj.weight,1638400,3276800,KQ-GGUF-RULE-QSA-SPLIT-v1,KQ-GGUF-EVIDENCE-003,PROVEN_CONVERTER,Canonical projection is split along the converter-defined projection dimension
model.language_model.layers.27.self_attn.indexer.k_layernorm.weight,BF16,128,128,256,text,qsa_indexer,27,,REQUIRED_INITIAL_TEXT,RENAMED_ONE_TO_ONE,blk.27.indexer.k_norm.weight,128,512,KQ-GGUF-RULE-TENSOR-NAME-v1,KQ-GGUF-EVIDENCE-002,PROVEN_CONVERTER,GGUF dimensions use reversed physical dimension order
model.language_model.layers.27.self_attn.indexer.q_layernorm.weight,BF16,128,128,256,text,qsa_indexer,27,,REQUIRED_INITIAL_TEXT,RENAMED_ONE_TO_ONE,blk.27.indexer.q_norm.weight,128,512,KQ-GGUF-RULE-TENSOR-NAME-v1,KQ-GGUF-EVIDENCE-002,PROVEN_CONVERTER,GGUF dimensions use reversed physical dimension order
model.language_model.layers.27.self_attn.k_norm.weight,BF16,256,256,512,text,qsa_attention,27,,REQUIRED_INITIAL_TEXT,RENAMED_ONE_TO_ONE,blk.27.attn_k_norm.weight,256,1024,KQ-GGUF-RULE-TENSOR-NAME-v1,KQ-GGUF-EVIDENCE-002,PROVEN_CONVERTER,GGUF dimensions use reversed physical dimension order
model.language_model.layers.27.self_attn.k_proj.weight,BF16,512x2560,1310720,2621440,text,qsa_attention,27,,REQUIRED_INITIAL_TEXT,RENAMED_ONE_TO_ONE,blk.27.attn_k.weight,1310720,1392640,KQ-GGUF-RULE-TENSOR-NAME-v1,KQ-GGUF-EVIDENCE-002,PROVEN_CONVERTER,GGUF dimensions use reversed physical dimension order
model.language_model.layers.27.self_attn.o_proj.weight,BF16,2560x6144,15728640,31457280,text,qsa_attention,27,,REQUIRED_INITIAL_TEXT,RENAMED_ONE_TO_ONE,blk.27.attn_output.weight,15728640,16711680,KQ-GGUF-RULE-TENSOR-NAME-v1,KQ-GGUF-EVIDENCE-002,PROVEN_CONVERTER,GGUF dimensions use reversed physical dimension order
model.language_model.layers.27.self_attn.q_norm.weight,BF16,256,256,512,text,qsa_attention,27,,REQUIRED_INITIAL_TEXT,RENAMED_ONE_TO_ONE,blk.27.attn_q_norm.weight,256,1024,KQ-GGUF-RULE-TENSOR-NAME-v1,KQ-GGUF-EVIDENCE-002,PROVEN_CONVERTER,GGUF dimensions use reversed physical dimension order
model.language_model.layers.27.self_attn.q_proj.weight,BF16,12288x2560,31457280,62914560,text,qsa_attention,27,,REQUIRED_INITIAL_TEXT,RENAMED_ONE_TO_ONE,blk.27.attn_q.weight,31457280,33423360,KQ-GGUF-RULE-TENSOR-NAME-v1,KQ-GGUF-EVIDENCE-002,PROVEN_CONVERTER,GGUF dimensions use reversed physical dimension order
model.language_model.layers.27.self_attn.v_proj.weight,BF16,512x2560,1310720,2621440,text,qsa_attention,27,,REQUIRED_INITIAL_TEXT,RENAMED_ONE_TO_ONE,blk.27.attn_v.weight,1310720,1392640,KQ-GGUF-RULE-TENSOR-NAME-v1,KQ-GGUF-EVIDENCE-002,PROVEN_CONVERTER,GGUF dimensions use reversed physical dimension order
model.language_model.layers.28.attn_hyper_connection.block_inject_weight.weight,BF16,4x10240,40960,81920,text,gated_residual,28,,REQUIRED_INITIAL_TEXT,RENAMED_ONE_TO_ONE,blk.28.hc_attn_inject.weight,40960,163840,KQ-GGUF-RULE-TENSOR-NAME-v1,KQ-GGUF-EVIDENCE-002,PROVEN_CONVERTER,GGUF dimensions use reversed physical dimension order
model.language_model.layers.28.attn_hyper_connection.hc_norm.weight,BF16,10240,10240,20480,text,gated_residual,28,,REQUIRED_INITIAL_TEXT,RENAMED_ONE_TO_ONE,blk.28.hc_attn_norm.weight,10240,40960,KQ-GGUF-RULE-TENSOR-NAME-v1,KQ-GGUF-EVIDENCE-002,PROVEN_CONVERTER,GGUF dimensions use reversed physical dimension order
model.language_model.layers.28.attn_hyper_connection.input_mix_weight_down.weight,BF16,320x10240,3276800,6553600,text,gated_residual,28,,REQUIRED_INITIAL_TEXT,RENAMED_ONE_TO_ONE,blk.28.hc_attn_down.weight,3276800,3481600,KQ-GGUF-RULE-TENSOR-NAME-v1,KQ-GGUF-EVIDENCE-002,PROVEN_CONVERTER,GGUF dimensions use reversed physical dimension order
model.language_model.layers.28.attn_hyper_connection.input_mix_weight_up.weight,BF16,10240x320,3276800,6553600,text,gated_residual,28,,REQUIRED_INITIAL_TEXT,RENAMED_ONE_TO_ONE,blk.28.hc_attn_up.weight,3276800,3481600,KQ-GGUF-RULE-TENSOR-NAME-v1,KQ-GGUF-EVIDENCE-002,PROVEN_CONVERTER,GGUF dimensions use reversed physical dimension order
model.language_model.layers.28.linear_attn.A_log,BF16,48,48,96,text,gdn,28,,REQUIRED_INITIAL_TEXT,TRANSFORMED_LAYOUT,blk.28.ssm_a,48,192,KQ-GGUF-RULE-CONVERTER-TRANSFORM-v1,KQ-GGUF-EVIDENCE-003,PROVEN_CONVERTER,Converter stores -exp(A_log) in the one-to-one GGUF tensor
model.language_model.layers.28.linear_attn.conv1d.weight,BF16,10240x1x4,40960,81920,text,gdn,28,,REQUIRED_INITIAL_TEXT,TRANSFORMED_LAYOUT,blk.28.ssm_conv1d.weight,40960,163840,KQ-GGUF-RULE-CONVERTER-TRANSFORM-v1,KQ-GGUF-EVIDENCE-003,PROVEN_CONVERTER,Converter removes the singleton convolution dimension
model.language_model.layers.28.linear_attn.dt_bias,BF16,48,48,96,text,gdn,28,,REQUIRED_INITIAL_TEXT,RENAMED_ONE_TO_ONE,blk.28.ssm_dt.bias,48,192,KQ-GGUF-RULE-TENSOR-NAME-v1,KQ-GGUF-EVIDENCE-002,PROVEN_CONVERTER,GGUF dimensions use reversed physical dimension order
model.language_model.layers.28.linear_attn.in_proj_a.weight,BF16,48x2560,122880,245760,text,gdn,28,,REQUIRED_INITIAL_TEXT,TRANSFORMED_LAYOUT,blk.28.ssm_alpha.weight,122880,491520,KQ-GGUF-RULE-CONVERTER-TRANSFORM-v1,KQ-GGUF-EVIDENCE-003,PROVEN_CONVERTER,Converter reorders grouped GDN value-head rows or columns to tiled GGML order
model.language_model.layers.28.linear_attn.in_proj_b.weight,BF16,48x2560,122880,245760,text,gdn,28,,REQUIRED_INITIAL_TEXT,TRANSFORMED_LAYOUT,blk.28.ssm_beta.weight,122880,491520,KQ-GGUF-RULE-CONVERTER-TRANSFORM-v1,KQ-GGUF-EVIDENCE-003,PROVEN_CONVERTER,Converter reorders grouped GDN value-head rows or columns to tiled GGML order
model.language_model.layers.28.linear_attn.in_proj_qkv.weight,BF16,10240x2560,26214400,52428800,text,gdn,28,,REQUIRED_INITIAL_TEXT,TRANSFORMED_LAYOUT,blk.28.attn_qkv.weight,26214400,27852800,KQ-GGUF-RULE-CONVERTER-TRANSFORM-v1,KQ-GGUF-EVIDENCE-003,PROVEN_CONVERTER,Converter reorders grouped GDN value-head rows or columns to tiled GGML order
model.language_model.layers.28.linear_attn.in_proj_z.weight,BF16,6144x2560,15728640,31457280,text,gdn,28,,REQUIRED_INITIAL_TEXT,TRANSFORMED_LAYOUT,blk.28.attn_gate.weight,15728640,16711680,KQ-GGUF-RULE-CONVERTER-TRANSFORM-v1,KQ-GGUF-EVIDENCE-003,PROVEN_CONVERTER,Converter reorders grouped GDN value-head rows or columns to tiled GGML order
model.language_model.layers.28.linear_attn.norm.weight,BF16,128,128,256,text,gdn,28,,REQUIRED_INITIAL_TEXT,RENAMED_ONE_TO_ONE,blk.28.ssm_norm.weight,128,512,KQ-GGUF-RULE-TENSOR-NAME-v1,KQ-GGUF-EVIDENCE-002,PROVEN_CONVERTER,GGUF dimensions use reversed physical dimension order
model.language_model.layers.28.linear_attn.out_proj.weight,BF16,2560x6144,15728640,31457280,text,gdn,28,,REQUIRED_INITIAL_TEXT,TRANSFORMED_LAYOUT,blk.28.ssm_out.weight,15728640,16711680,KQ-GGUF-RULE-CONVERTER-TRANSFORM-v1,KQ-GGUF-EVIDENCE-003,PROVEN_CONVERTER,Converter reorders grouped GDN value-head rows or columns to tiled GGML order
model.language_model.layers.28.mlp.experts.down_proj,BF16,512x2560x640,838860800,1677721600,text,routed_experts,28,STACKED_0_511,REQUIRED_INITIAL_TEXT,RENAMED_ONE_TO_ONE,blk.28.ffn_down_exps.weight,838860800,629145600,KQ-GGUF-RULE-TENSOR-NAME-v1,KQ-GGUF-EVIDENCE-002,PROVEN_CONVERTER,GGUF dimensions use reversed physical dimension order
model.language_model.layers.28.mlp.experts.gate_up_proj,BF16,512x1280x2560,1677721600,3355443200,text,routed_experts,28,STACKED_0_511,REQUIRED_INITIAL_TEXT,SPLIT_IN_GGUF,blk.28.ffn_gate_exps.weight;blk.28.ffn_up_exps.weight,1677721600,943718400,KQ-GGUF-RULE-MOE-SPLIT-v1,KQ-GGUF-EVIDENCE-004,PROVEN_CONVERTER,Canonical projection is split along the converter-defined projection dimension
model.language_model.layers.28.mlp.gate.weight,BF16,512x2560,1310720,2621440,text,router,28,,REQUIRED_INITIAL_TEXT,RENAMED_ONE_TO_ONE,blk.28.ffn_gate_inp.weight,1310720,5242880,KQ-GGUF-RULE-TENSOR-NAME-v1,KQ-GGUF-EVIDENCE-002,PROVEN_CONVERTER,GGUF dimensions use reversed physical dimension order
model.language_model.layers.28.mlp.shared_expert.down_proj.weight,BF16,2560x640,1638400,3276800,text,shared_expert,28,,REQUIRED_INITIAL_TEXT,RENAMED_ONE_TO_ONE,blk.28.ffn_down_shexp.weight,1638400,1740800,KQ-GGUF-RULE-TENSOR-NAME-v1,KQ-GGUF-EVIDENCE-002,PROVEN_CONVERTER,GGUF dimensions use reversed physical dimension order
model.language_model.layers.28.mlp.shared_expert.gate_proj.weight,BF16,640x2560,1638400,3276800,text,shared_expert,28,,REQUIRED_INITIAL_TEXT,RENAMED_ONE_TO_ONE,blk.28.ffn_gate_shexp.weight,1638400,1740800,KQ-GGUF-RULE-TENSOR-NAME-v1,KQ-GGUF-EVIDENCE-002,PROVEN_CONVERTER,GGUF dimensions use reversed physical dimension order
model.language_model.layers.28.mlp.shared_expert.up_proj.weight,BF16,640x2560,1638400,3276800,text,shared_expert,28,,REQUIRED_INITIAL_TEXT,RENAMED_ONE_TO_ONE,blk.28.ffn_up_shexp.weight,1638400,1740800,KQ-GGUF-RULE-TENSOR-NAME-v1,KQ-GGUF-EVIDENCE-002,PROVEN_CONVERTER,GGUF dimensions use reversed physical dimension order
model.language_model.layers.28.mlp.shared_expert_gate.weight,BF16,1x2560,2560,5120,text,shared_expert,28,,REQUIRED_INITIAL_TEXT,RENAMED_ONE_TO_ONE,blk.28.ffn_gate_inp_shexp.weight,2560,10240,KQ-GGUF-RULE-TENSOR-NAME-v1,KQ-GGUF-EVIDENCE-002,PROVEN_CONVERTER,GGUF dimensions use reversed physical dimension order
model.language_model.layers.28.mlp_hyper_connection.block_inject_weight.weight,BF16,4x10240,40960,81920,text,gated_residual,28,,REQUIRED_INITIAL_TEXT,RENAMED_ONE_TO_ONE,blk.28.hc_ffn_inject.weight,40960,163840,KQ-GGUF-RULE-TENSOR-NAME-v1,KQ-GGUF-EVIDENCE-002,PROVEN_CONVERTER,GGUF dimensions use reversed physical dimension order
model.language_model.layers.28.mlp_hyper_connection.hc_norm.weight,BF16,10240,10240,20480,text,gated_residual,28,,REQUIRED_INITIAL_TEXT,RENAMED_ONE_TO_ONE,blk.28.hc_ffn_norm.weight,10240,40960,KQ-GGUF-RULE-TENSOR-NAME-v1,KQ-GGUF-EVIDENCE-002,PROVEN_CONVERTER,GGUF dimensions use reversed physical dimension order
model.language_model.layers.28.mlp_hyper_connection.input_mix_weight_down.weight,BF16,320x10240,3276800,6553600,text,gated_residual,28,,REQUIRED_INITIAL_TEXT,RENAMED_ONE_TO_ONE,blk.28.hc_ffn_down.weight,3276800,3481600,KQ-GGUF-RULE-TENSOR-NAME-v1,KQ-GGUF-EVIDENCE-002,PROVEN_CONVERTER,GGUF dimensions use reversed physical dimension order
model.language_model.layers.28.mlp_hyper_connection.input_mix_weight_up.weight,BF16,10240x320,3276800,6553600,text,gated_residual,28,,REQUIRED_INITIAL_TEXT,RENAMED_ONE_TO_ONE,blk.28.hc_ffn_up.weight,3276800,3481600,KQ-GGUF-RULE-TENSOR-NAME-v1,KQ-GGUF-EVIDENCE-002,PROVEN_CONVERTER,GGUF dimensions use reversed physical dimension order
model.language_model.layers.29.attn_hyper_connection.block_inject_weight.weight,BF16,4x10240,40960,81920,text,gated_residual,29,,REQUIRED_INITIAL_TEXT,RENAMED_ONE_TO_ONE,blk.29.hc_attn_inject.weight,40960,163840,KQ-GGUF-RULE-TENSOR-NAME-v1,KQ-GGUF-EVIDENCE-002,PROVEN_CONVERTER,GGUF dimensions use reversed physical dimension order
model.language_model.layers.29.attn_hyper_connection.hc_norm.weight,BF16,10240,10240,20480,text,gated_residual,29,,REQUIRED_INITIAL_TEXT,RENAMED_ONE_TO_ONE,blk.29.hc_attn_norm.weight,10240,40960,KQ-GGUF-RULE-TENSOR-NAME-v1,KQ-GGUF-EVIDENCE-002,PROVEN_CONVERTER,GGUF dimensions use reversed physical dimension order
model.language_model.layers.29.attn_hyper_connection.input_mix_weight_down.weight,BF16,320x10240,3276800,6553600,text,gated_residual,29,,REQUIRED_INITIAL_TEXT,RENAMED_ONE_TO_ONE,blk.29.hc_attn_down.weight,3276800,3481600,KQ-GGUF-RULE-TENSOR-NAME-v1,KQ-GGUF-EVIDENCE-002,PROVEN_CONVERTER,GGUF dimensions use reversed physical dimension order
model.language_model.layers.29.attn_hyper_connection.input_mix_weight_up.weight,BF16,10240x320,3276800,6553600,text,gated_residual,29,,REQUIRED_INITIAL_TEXT,RENAMED_ONE_TO_ONE,blk.29.hc_attn_up.weight,3276800,3481600,KQ-GGUF-RULE-TENSOR-NAME-v1,KQ-GGUF-EVIDENCE-002,PROVEN_CONVERTER,GGUF dimensions use reversed physical dimension order
model.language_model.layers.29.linear_attn.A_log,BF16,48,48,96,text,gdn,29,,REQUIRED_INITIAL_TEXT,TRANSFORMED_LAYOUT,blk.29.ssm_a,48,192,KQ-GGUF-RULE-CONVERTER-TRANSFORM-v1,KQ-GGUF-EVIDENCE-003,PROVEN_CONVERTER,Converter stores -exp(A_log) in the one-to-one GGUF tensor
model.language_model.layers.29.linear_attn.conv1d.weight,BF16,10240x1x4,40960,81920,text,gdn,29,,REQUIRED_INITIAL_TEXT,TRANSFORMED_LAYOUT,blk.29.ssm_conv1d.weight,40960,163840,KQ-GGUF-RULE-CONVERTER-TRANSFORM-v1,KQ-GGUF-EVIDENCE-003,PROVEN_CONVERTER,Converter removes the singleton convolution dimension
model.language_model.layers.29.linear_attn.dt_bias,BF16,48,48,96,text,gdn,29,,REQUIRED_INITIAL_TEXT,RENAMED_ONE_TO_ONE,blk.29.ssm_dt.bias,48,192,KQ-GGUF-RULE-TENSOR-NAME-v1,KQ-GGUF-EVIDENCE-002,PROVEN_CONVERTER,GGUF dimensions use reversed physical dimension order
model.language_model.layers.29.linear_attn.in_proj_a.weight,BF16,48x2560,122880,245760,text,gdn,29,,REQUIRED_INITIAL_TEXT,TRANSFORMED_LAYOUT,blk.29.ssm_alpha.weight,122880,491520,KQ-GGUF-RULE-CONVERTER-TRANSFORM-v1,KQ-GGUF-EVIDENCE-003,PROVEN_CONVERTER,Converter reorders grouped GDN value-head rows or columns to tiled GGML order
model.language_model.layers.29.linear_attn.in_proj_b.weight,BF16,48x2560,122880,245760,text,gdn,29,,REQUIRED_INITIAL_TEXT,TRANSFORMED_LAYOUT,blk.29.ssm_beta.weight,122880,491520,KQ-GGUF-RULE-CONVERTER-TRANSFORM-v1,KQ-GGUF-EVIDENCE-003,PROVEN_CONVERTER,Converter reorders grouped GDN value-head rows or columns to tiled GGML order
model.language_model.layers.29.linear_attn.in_proj_qkv.weight,BF16,10240x2560,26214400,52428800,text,gdn,29,,REQUIRED_INITIAL_TEXT,TRANSFORMED_LAYOUT,blk.29.attn_qkv.weight,26214400,27852800,KQ-GGUF-RULE-CONVERTER-TRANSFORM-v1,KQ-GGUF-EVIDENCE-003,PROVEN_CONVERTER,Converter reorders grouped GDN value-head rows or columns to tiled GGML order
model.language_model.layers.29.linear_attn.in_proj_z.weight,BF16,6144x2560,15728640,31457280,text,gdn,29,,REQUIRED_INITIAL_TEXT,TRANSFORMED_LAYOUT,blk.29.attn_gate.weight,15728640,16711680,KQ-GGUF-RULE-CONVERTER-TRANSFORM-v1,KQ-GGUF-EVIDENCE-003,PROVEN_CONVERTER,Converter reorders grouped GDN value-head rows or columns to tiled GGML order
model.language_model.layers.29.linear_attn.norm.weight,BF16,128,128,256,text,gdn,29,,REQUIRED_INITIAL_TEXT,RENAMED_ONE_TO_ONE,blk.29.ssm_norm.weight,128,512,KQ-GGUF-RULE-TENSOR-NAME-v1,KQ-GGUF-EVIDENCE-002,PROVEN_CONVERTER,GGUF dimensions use reversed physical dimension order
model.language_model.layers.29.linear_attn.out_proj.weight,BF16,2560x6144,15728640,31457280,text,gdn,29,,REQUIRED_INITIAL_TEXT,TRANSFORMED_LAYOUT,blk.29.ssm_out.weight,15728640,16711680,KQ-GGUF-RULE-CONVERTER-TRANSFORM-v1,KQ-GGUF-EVIDENCE-003,PROVEN_CONVERTER,Converter reorders grouped GDN value-head rows or columns to tiled GGML order
model.language_model.layers.29.mlp.experts.down_proj,BF16,512x2560x640,838860800,1677721600,text,routed_experts,29,STACKED_0_511,REQUIRED_INITIAL_TEXT,RENAMED_ONE_TO_ONE,blk.29.ffn_down_exps.weight,838860800,629145600,KQ-GGUF-RULE-TENSOR-NAME-v1,KQ-GGUF-EVIDENCE-002,PROVEN_CONVERTER,GGUF dimensions use reversed physical dimension order
model.language_model.layers.29.mlp.experts.gate_up_proj,BF16,512x1280x2560,1677721600,3355443200,text,routed_experts,29,STACKED_0_511,REQUIRED_INITIAL_TEXT,SPLIT_IN_GGUF,blk.29.ffn_gate_exps.weight;blk.29.ffn_up_exps.weight,1677721600,943718400,KQ-GGUF-RULE-MOE-SPLIT-v1,KQ-GGUF-EVIDENCE-004,PROVEN_CONVERTER,Canonical projection is split along the converter-defined projection dimension
model.language_model.layers.29.mlp.gate.weight,BF16,512x2560,1310720,2621440,text,router,29,,REQUIRED_INITIAL_TEXT,RENAMED_ONE_TO_ONE,blk.29.ffn_gate_inp.weight,1310720,5242880,KQ-GGUF-RULE-TENSOR-NAME-v1,KQ-GGUF-EVIDENCE-002,PROVEN_CONVERTER,GGUF dimensions use reversed physical dimension order
model.language_model.layers.29.mlp.shared_expert.down_proj.weight,BF16,2560x640,1638400,3276800,text,shared_expert,29,,REQUIRED_INITIAL_TEXT,RENAMED_ONE_TO_ONE,blk.29.ffn_down_shexp.weight,1638400,1740800,KQ-GGUF-RULE-TENSOR-NAME-v1,KQ-GGUF-EVIDENCE-002,PROVEN_CONVERTER,GGUF dimensions use reversed physical dimension order
model.language_model.layers.29.mlp.shared_expert.gate_proj.weight,BF16,640x2560,1638400,3276800,text,shared_expert,29,,REQUIRED_INITIAL_TEXT,RENAMED_ONE_TO_ONE,blk.29.ffn_gate_shexp.weight,1638400,1740800,KQ-GGUF-RULE-TENSOR-NAME-v1,KQ-GGUF-EVIDENCE-002,PROVEN_CONVERTER,GGUF dimensions use reversed physical dimension order
model.language_model.layers.29.mlp.shared_expert.up_proj.weight,BF16,640x2560,1638400,3276800,text,shared_expert,29,,REQUIRED_INITIAL_TEXT,RENAMED_ONE_TO_ONE,blk.29.ffn_up_shexp.weight,1638400,1740800,KQ-GGUF-RULE-TENSOR-NAME-v1,KQ-GGUF-EVIDENCE-002,PROVEN_CONVERTER,GGUF dimensions use reversed physical dimension order
model.language_model.layers.29.mlp.shared_expert_gate.weight,BF16,1x2560,2560,5120,text,shared_expert,29,,REQUIRED_INITIAL_TEXT,RENAMED_ONE_TO_ONE,blk.29.ffn_gate_inp_shexp.weight,2560,10240,KQ-GGUF-RULE-TENSOR-NAME-v1,KQ-GGUF-EVIDENCE-002,PROVEN_CONVERTER,GGUF dimensions use reversed physical dimension order
model.language_model.layers.29.mlp_hyper_connection.block_inject_weight.weight,BF16,4x10240,40960,81920,text,gated_residual,29,,REQUIRED_INITIAL_TEXT,RENAMED_ONE_TO_ONE,blk.29.hc_ffn_inject.weight,40960,163840,KQ-GGUF-RULE-TENSOR-NAME-v1,KQ-GGUF-EVIDENCE-002,PROVEN_CONVERTER,GGUF dimensions use reversed physical dimension order
model.language_model.layers.29.mlp_hyper_connection.hc_norm.weight,BF16,10240,10240,20480,text,gated_residual,29,,REQUIRED_INITIAL_TEXT,RENAMED_ONE_TO_ONE,blk.29.hc_ffn_norm.weight,10240,40960,KQ-GGUF-RULE-TENSOR-NAME-v1,KQ-GGUF-EVIDENCE-002,PROVEN_CONVERTER,GGUF dimensions use reversed physical dimension order
model.language_model.layers.29.mlp_hyper_connection.input_mix_weight_down.weight,BF16,320x10240,3276800,6553600,text,gated_residual,29,,REQUIRED_INITIAL_TEXT,RENAMED_ONE_TO_ONE,blk.29.hc_ffn_down.weight,3276800,3481600,KQ-GGUF-RULE-TENSOR-NAME-v1,KQ-GGUF-EVIDENCE-002,PROVEN_CONVERTER,GGUF dimensions use reversed physical dimension order
model.language_model.layers.29.mlp_hyper_connection.input_mix_weight_up.weight,BF16,10240x320,3276800,6553600,text,gated_residual,29,,REQUIRED_INITIAL_TEXT,RENAMED_ONE_TO_ONE,blk.29.hc_ffn_up.weight,3276800,3481600,KQ-GGUF-RULE-TENSOR-NAME-v1,KQ-GGUF-EVIDENCE-002,PROVEN_CONVERTER,GGUF dimensions use reversed physical dimension order
model.language_model.layers.3.attn_hyper_connection.block_inject_weight.weight,BF16,4x10240,40960,81920,text,gated_residual,3,,REQUIRED_INITIAL_TEXT,RENAMED_ONE_TO_ONE,blk.3.hc_attn_inject.weight,40960,163840,KQ-GGUF-RULE-TENSOR-NAME-v1,KQ-GGUF-EVIDENCE-002,PROVEN_CONVERTER,GGUF dimensions use reversed physical dimension order
model.language_model.layers.3.attn_hyper_connection.hc_norm.weight,BF16,10240,10240,20480,text,gated_residual,3,,REQUIRED_INITIAL_TEXT,RENAMED_ONE_TO_ONE,blk.3.hc_attn_norm.weight,10240,40960,KQ-GGUF-RULE-TENSOR-NAME-v1,KQ-GGUF-EVIDENCE-002,PROVEN_CONVERTER,GGUF dimensions use reversed physical dimension order
model.language_model.layers.3.attn_hyper_connection.input_mix_weight_down.weight,BF16,320x10240,3276800,6553600,text,gated_residual,3,,REQUIRED_INITIAL_TEXT,RENAMED_ONE_TO_ONE,blk.3.hc_attn_down.weight,3276800,3481600,KQ-GGUF-RULE-TENSOR-NAME-v1,KQ-GGUF-EVIDENCE-002,PROVEN_CONVERTER,GGUF dimensions use reversed physical dimension order
model.language_model.layers.3.attn_hyper_connection.input_mix_weight_up.weight,BF16,10240x320,3276800,6553600,text,gated_residual,3,,REQUIRED_INITIAL_TEXT,RENAMED_ONE_TO_ONE,blk.3.hc_attn_up.weight,3276800,3481600,KQ-GGUF-RULE-TENSOR-NAME-v1,KQ-GGUF-EVIDENCE-002,PROVEN_CONVERTER,GGUF dimensions use reversed physical dimension order
model.language_model.layers.3.mlp.experts.down_proj,BF16,512x2560x640,838860800,1677721600,text,routed_experts,3,STACKED_0_511,REQUIRED_INITIAL_TEXT,RENAMED_ONE_TO_ONE,blk.3.ffn_down_exps.weight,838860800,629145600,KQ-GGUF-RULE-TENSOR-NAME-v1,KQ-GGUF-EVIDENCE-002,PROVEN_CONVERTER,GGUF dimensions use reversed physical dimension order
model.language_model.layers.3.mlp.experts.gate_up_proj,BF16,512x1280x2560,1677721600,3355443200,text,routed_experts,3,STACKED_0_511,REQUIRED_INITIAL_TEXT,SPLIT_IN_GGUF,blk.3.ffn_gate_exps.weight;blk.3.ffn_up_exps.weight,1677721600,943718400,KQ-GGUF-RULE-MOE-SPLIT-v1,KQ-GGUF-EVIDENCE-004,PROVEN_CONVERTER,Canonical projection is split along the converter-defined projection dimension
model.language_model.layers.3.mlp.gate.weight,BF16,512x2560,1310720,2621440,text,router,3,,REQUIRED_INITIAL_TEXT,RENAMED_ONE_TO_ONE,blk.3.ffn_gate_inp.weight,1310720,5242880,KQ-GGUF-RULE-TENSOR-NAME-v1,KQ-GGUF-EVIDENCE-002,PROVEN_CONVERTER,GGUF dimensions use reversed physical dimension order
model.language_model.layers.3.mlp.shared_expert.down_proj.weight,BF16,2560x640,1638400,3276800,text,shared_expert,3,,REQUIRED_INITIAL_TEXT,RENAMED_ONE_TO_ONE,blk.3.ffn_down_shexp.weight,1638400,1740800,KQ-GGUF-RULE-TENSOR-NAME-v1,KQ-GGUF-EVIDENCE-002,PROVEN_CONVERTER,GGUF dimensions use reversed physical dimension order
model.language_model.layers.3.mlp.shared_expert.gate_proj.weight,BF16,640x2560,1638400,3276800,text,shared_expert,3,,REQUIRED_INITIAL_TEXT,RENAMED_ONE_TO_ONE,blk.3.ffn_gate_shexp.weight,1638400,1740800,KQ-GGUF-RULE-TENSOR-NAME-v1,KQ-GGUF-EVIDENCE-002,PROVEN_CONVERTER,GGUF dimensions use reversed physical dimension order
model.language_model.layers.3.mlp.shared_expert.up_proj.weight,BF16,640x2560,1638400,3276800,text,shared_expert,3,,REQUIRED_INITIAL_TEXT,RENAMED_ONE_TO_ONE,blk.3.ffn_up_shexp.weight,1638400,1740800,KQ-GGUF-RULE-TENSOR-NAME-v1,KQ-GGUF-EVIDENCE-002,PROVEN_CONVERTER,GGUF dimensions use reversed physical dimension order
model.language_model.layers.3.mlp.shared_expert_gate.weight,BF16,1x2560,2560,5120,text,shared_expert,3,,REQUIRED_INITIAL_TEXT,RENAMED_ONE_TO_ONE,blk.3.ffn_gate_inp_shexp.weight,2560,10240,KQ-GGUF-RULE-TENSOR-NAME-v1,KQ-GGUF-EVIDENCE-002,PROVEN_CONVERTER,GGUF dimensions use reversed physical dimension order
model.language_model.layers.3.mlp_hyper_connection.block_inject_weight.weight,BF16,4x10240,40960,81920,text,gated_residual,3,,REQUIRED_INITIAL_TEXT,RENAMED_ONE_TO_ONE,blk.3.hc_ffn_inject.weight,40960,163840,KQ-GGUF-RULE-TENSOR-NAME-v1,KQ-GGUF-EVIDENCE-002,PROVEN_CONVERTER,GGUF dimensions use reversed physical dimension order
model.language_model.layers.3.mlp_hyper_connection.hc_norm.weight,BF16,10240,10240,20480,text,gated_residual,3,,REQUIRED_INITIAL_TEXT,RENAMED_ONE_TO_ONE,blk.3.hc_ffn_norm.weight,10240,40960,KQ-GGUF-RULE-TENSOR-NAME-v1,KQ-GGUF-EVIDENCE-002,PROVEN_CONVERTER,GGUF dimensions use reversed physical dimension order
model.language_model.layers.3.mlp_hyper_connection.input_mix_weight_down.weight,BF16,320x10240,3276800,6553600,text,gated_residual,3,,REQUIRED_INITIAL_TEXT,RENAMED_ONE_TO_ONE,blk.3.hc_ffn_down.weight,3276800,3481600,KQ-GGUF-RULE-TENSOR-NAME-v1,KQ-GGUF-EVIDENCE-002,PROVEN_CONVERTER,GGUF dimensions use reversed physical dimension order
model.language_model.layers.3.mlp_hyper_connection.input_mix_weight_up.weight,BF16,10240x320,3276800,6553600,text,gated_residual,3,,REQUIRED_INITIAL_TEXT,RENAMED_ONE_TO_ONE,blk.3.hc_ffn_up.weight,3276800,3481600,KQ-GGUF-RULE-TENSOR-NAME-v1,KQ-GGUF-EVIDENCE-002,PROVEN_CONVERTER,GGUF dimensions use reversed physical dimension order
model.language_model.layers.3.self_attn.indexer.index_qk_proj.weight,BF16,640x2560,1638400,3276800,text,qsa_indexer,3,,REQUIRED_INITIAL_TEXT,SPLIT_IN_GGUF,blk.3.indexer.q_proj.weight;blk.3.indexer.k_proj.weight,1638400,3276800,KQ-GGUF-RULE-QSA-SPLIT-v1,KQ-GGUF-EVIDENCE-003,PROVEN_CONVERTER,Canonical projection is split along the converter-defined projection dimension
model.language_model.layers.3.self_attn.indexer.k_layernorm.weight,BF16,128,128,256,text,qsa_indexer,3,,REQUIRED_INITIAL_TEXT,RENAMED_ONE_TO_ONE,blk.3.indexer.k_norm.weight,128,512,KQ-GGUF-RULE-TENSOR-NAME-v1,KQ-GGUF-EVIDENCE-002,PROVEN_CONVERTER,GGUF dimensions use reversed physical dimension order
model.language_model.layers.3.self_attn.indexer.q_layernorm.weight,BF16,128,128,256,text,qsa_indexer,3,,REQUIRED_INITIAL_TEXT,RENAMED_ONE_TO_ONE,blk.3.indexer.q_norm.weight,128,512,KQ-GGUF-RULE-TENSOR-NAME-v1,KQ-GGUF-EVIDENCE-002,PROVEN_CONVERTER,GGUF dimensions use reversed physical dimension order
model.language_model.layers.3.self_attn.k_norm.weight,BF16,256,256,512,text,qsa_attention,3,,REQUIRED_INITIAL_TEXT,RENAMED_ONE_TO_ONE,blk.3.attn_k_norm.weight,256,1024,KQ-GGUF-RULE-TENSOR-NAME-v1,KQ-GGUF-EVIDENCE-002,PROVEN_CONVERTER,GGUF dimensions use reversed physical dimension order
model.language_model.layers.3.self_attn.k_proj.weight,BF16,512x2560,1310720,2621440,text,qsa_attention,3,,REQUIRED_INITIAL_TEXT,RENAMED_ONE_TO_ONE,blk.3.attn_k.weight,1310720,1392640,KQ-GGUF-RULE-TENSOR-NAME-v1,KQ-GGUF-EVIDENCE-002,PROVEN_CONVERTER,GGUF dimensions use reversed physical dimension order
model.language_model.layers.3.self_attn.o_proj.weight,BF16,2560x6144,15728640,31457280,text,qsa_attention,3,,REQUIRED_INITIAL_TEXT,RENAMED_ONE_TO_ONE,blk.3.attn_output.weight,15728640,16711680,KQ-GGUF-RULE-TENSOR-NAME-v1,KQ-GGUF-EVIDENCE-002,PROVEN_CONVERTER,GGUF dimensions use reversed physical dimension order
model.language_model.layers.3.self_attn.q_norm.weight,BF16,256,256,512,text,qsa_attention,3,,REQUIRED_INITIAL_TEXT,RENAMED_ONE_TO_ONE,blk.3.attn_q_norm.weight,256,1024,KQ-GGUF-RULE-TENSOR-NAME-v1,KQ-GGUF-EVIDENCE-002,PROVEN_CONVERTER,GGUF dimensions use reversed physical dimension order
model.language_model.layers.3.self_attn.q_proj.weight,BF16,12288x2560,31457280,62914560,text,qsa_attention,3,,REQUIRED_INITIAL_TEXT,RENAMED_ONE_TO_ONE,blk.3.attn_q.weight,31457280,33423360,KQ-GGUF-RULE-TENSOR-NAME-v1,KQ-GGUF-EVIDENCE-002,PROVEN_CONVERTER,GGUF dimensions use reversed physical dimension order
model.language_model.layers.3.self_attn.v_proj.weight,BF16,512x2560,1310720,2621440,text,qsa_attention,3,,REQUIRED_INITIAL_TEXT,RENAMED_ONE_TO_ONE,blk.3.attn_v.weight,1310720,1392640,KQ-GGUF-RULE-TENSOR-NAME-v1,KQ-GGUF-EVIDENCE-002,PROVEN_CONVERTER,GGUF dimensions use reversed physical dimension order
model.language_model.layers.30.attn_hyper_connection.block_inject_weight.weight,BF16,4x10240,40960,81920,text,gated_residual,30,,REQUIRED_INITIAL_TEXT,RENAMED_ONE_TO_ONE,blk.30.hc_attn_inject.weight,40960,163840,KQ-GGUF-RULE-TENSOR-NAME-v1,KQ-GGUF-EVIDENCE-002,PROVEN_CONVERTER,GGUF dimensions use reversed physical dimension order
model.language_model.layers.30.attn_hyper_connection.hc_norm.weight,BF16,10240,10240,20480,text,gated_residual,30,,REQUIRED_INITIAL_TEXT,RENAMED_ONE_TO_ONE,blk.30.hc_attn_norm.weight,10240,40960,KQ-GGUF-RULE-TENSOR-NAME-v1,KQ-GGUF-EVIDENCE-002,PROVEN_CONVERTER,GGUF dimensions use reversed physical dimension order
model.language_model.layers.30.attn_hyper_connection.input_mix_weight_down.weight,BF16,320x10240,3276800,6553600,text,gated_residual,30,,REQUIRED_INITIAL_TEXT,RENAMED_ONE_TO_ONE,blk.30.hc_attn_down.weight,3276800,3481600,KQ-GGUF-RULE-TENSOR-NAME-v1,KQ-GGUF-EVIDENCE-002,PROVEN_CONVERTER,GGUF dimensions use reversed physical dimension order
model.language_model.layers.30.attn_hyper_connection.input_mix_weight_up.weight,BF16,10240x320,3276800,6553600,text,gated_residual,30,,REQUIRED_INITIAL_TEXT,RENAMED_ONE_TO_ONE,blk.30.hc_attn_up.weight,3276800,3481600,KQ-GGUF-RULE-TENSOR-NAME-v1,KQ-GGUF-EVIDENCE-002,PROVEN_CONVERTER,GGUF dimensions use reversed physical dimension order
model.language_model.layers.30.linear_attn.A_log,BF16,48,48,96,text,gdn,30,,REQUIRED_INITIAL_TEXT,TRANSFORMED_LAYOUT,blk.30.ssm_a,48,192,KQ-GGUF-RULE-CONVERTER-TRANSFORM-v1,KQ-GGUF-EVIDENCE-003,PROVEN_CONVERTER,Converter stores -exp(A_log) in the one-to-one GGUF tensor
model.language_model.layers.30.linear_attn.conv1d.weight,BF16,10240x1x4,40960,81920,text,gdn,30,,REQUIRED_INITIAL_TEXT,TRANSFORMED_LAYOUT,blk.30.ssm_conv1d.weight,40960,163840,KQ-GGUF-RULE-CONVERTER-TRANSFORM-v1,KQ-GGUF-EVIDENCE-003,PROVEN_CONVERTER,Converter removes the singleton convolution dimension
model.language_model.layers.30.linear_attn.dt_bias,BF16,48,48,96,text,gdn,30,,REQUIRED_INITIAL_TEXT,RENAMED_ONE_TO_ONE,blk.30.ssm_dt.bias,48,192,KQ-GGUF-RULE-TENSOR-NAME-v1,KQ-GGUF-EVIDENCE-002,PROVEN_CONVERTER,GGUF dimensions use reversed physical dimension order
model.language_model.layers.30.linear_attn.in_proj_a.weight,BF16,48x2560,122880,245760,text,gdn,30,,REQUIRED_INITIAL_TEXT,TRANSFORMED_LAYOUT,blk.30.ssm_alpha.weight,122880,491520,KQ-GGUF-RULE-CONVERTER-TRANSFORM-v1,KQ-GGUF-EVIDENCE-003,PROVEN_CONVERTER,Converter reorders grouped GDN value-head rows or columns to tiled GGML order
model.language_model.layers.30.linear_attn.in_proj_b.weight,BF16,48x2560,122880,245760,text,gdn,30,,REQUIRED_INITIAL_TEXT,TRANSFORMED_LAYOUT,blk.30.ssm_beta.weight,122880,491520,KQ-GGUF-RULE-CONVERTER-TRANSFORM-v1,KQ-GGUF-EVIDENCE-003,PROVEN_CONVERTER,Converter reorders grouped GDN value-head rows or columns to tiled GGML order
model.language_model.layers.30.linear_attn.in_proj_qkv.weight,BF16,10240x2560,26214400,52428800,text,gdn,30,,REQUIRED_INITIAL_TEXT,TRANSFORMED_LAYOUT,blk.30.attn_qkv.weight,26214400,27852800,KQ-GGUF-RULE-CONVERTER-TRANSFORM-v1,KQ-GGUF-EVIDENCE-003,PROVEN_CONVERTER,Converter reorders grouped GDN value-head rows or columns to tiled GGML order
model.language_model.layers.30.linear_attn.in_proj_z.weight,BF16,6144x2560,15728640,31457280,text,gdn,30,,REQUIRED_INITIAL_TEXT,TRANSFORMED_LAYOUT,blk.30.attn_gate.weight,15728640,16711680,KQ-GGUF-RULE-CONVERTER-TRANSFORM-v1,KQ-GGUF-EVIDENCE-003,PROVEN_CONVERTER,Converter reorders grouped GDN value-head rows or columns to tiled GGML order
model.language_model.layers.30.linear_attn.norm.weight,BF16,128,128,256,text,gdn,30,,REQUIRED_INITIAL_TEXT,RENAMED_ONE_TO_ONE,blk.30.ssm_norm.weight,128,512,KQ-GGUF-RULE-TENSOR-NAME-v1,KQ-GGUF-EVIDENCE-002,PROVEN_CONVERTER,GGUF dimensions use reversed physical dimension order
model.language_model.layers.30.linear_attn.out_proj.weight,BF16,2560x6144,15728640,31457280,text,gdn,30,,REQUIRED_INITIAL_TEXT,TRANSFORMED_LAYOUT,blk.30.ssm_out.weight,15728640,16711680,KQ-GGUF-RULE-CONVERTER-TRANSFORM-v1,KQ-GGUF-EVIDENCE-003,PROVEN_CONVERTER,Converter reorders grouped GDN value-head rows or columns to tiled GGML order
model.language_model.layers.30.mlp.experts.down_proj,BF16,512x2560x640,838860800,1677721600,text,routed_experts,30,STACKED_0_511,REQUIRED_INITIAL_TEXT,RENAMED_ONE_TO_ONE,blk.30.ffn_down_exps.weight,838860800,891289600,KQ-GGUF-RULE-TENSOR-NAME-v1,KQ-GGUF-EVIDENCE-002,PROVEN_CONVERTER,GGUF dimensions use reversed physical dimension order
model.language_model.layers.30.mlp.experts.gate_up_proj,BF16,512x1280x2560,1677721600,3355443200,text,routed_experts,30,STACKED_0_511,REQUIRED_INITIAL_TEXT,SPLIT_IN_GGUF,blk.30.ffn_gate_exps.weight;blk.30.ffn_up_exps.weight,1677721600,943718400,KQ-GGUF-RULE-MOE-SPLIT-v1,KQ-GGUF-EVIDENCE-004,PROVEN_CONVERTER,Canonical projection is split along the converter-defined projection dimension
model.language_model.layers.30.mlp.gate.weight,BF16,512x2560,1310720,2621440,text,router,30,,REQUIRED_INITIAL_TEXT,RENAMED_ONE_TO_ONE,blk.30.ffn_gate_inp.weight,1310720,5242880,KQ-GGUF-RULE-TENSOR-NAME-v1,KQ-GGUF-EVIDENCE-002,PROVEN_CONVERTER,GGUF dimensions use reversed physical dimension order
model.language_model.layers.30.mlp.shared_expert.down_proj.weight,BF16,2560x640,1638400,3276800,text,shared_expert,30,,REQUIRED_INITIAL_TEXT,RENAMED_ONE_TO_ONE,blk.30.ffn_down_shexp.weight,1638400,1740800,KQ-GGUF-RULE-TENSOR-NAME-v1,KQ-GGUF-EVIDENCE-002,PROVEN_CONVERTER,GGUF dimensions use reversed physical dimension order
model.language_model.layers.30.mlp.shared_expert.gate_proj.weight,BF16,640x2560,1638400,3276800,text,shared_expert,30,,REQUIRED_INITIAL_TEXT,RENAMED_ONE_TO_ONE,blk.30.ffn_gate_shexp.weight,1638400,1740800,KQ-GGUF-RULE-TENSOR-NAME-v1,KQ-GGUF-EVIDENCE-002,PROVEN_CONVERTER,GGUF dimensions use reversed physical dimension order
model.language_model.layers.30.mlp.shared_expert.up_proj.weight,BF16,640x2560,1638400,3276800,text,shared_expert,30,,REQUIRED_INITIAL_TEXT,RENAMED_ONE_TO_ONE,blk.30.ffn_up_shexp.weight,1638400,1740800,KQ-GGUF-RULE-TENSOR-NAME-v1,KQ-GGUF-EVIDENCE-002,PROVEN_CONVERTER,GGUF dimensions use reversed physical dimension order
model.language_model.layers.30.mlp.shared_expert_gate.weight,BF16,1x2560,2560,5120,text,shared_expert,30,,REQUIRED_INITIAL_TEXT,RENAMED_ONE_TO_ONE,blk.30.ffn_gate_inp_shexp.weight,2560,10240,KQ-GGUF-RULE-TENSOR-NAME-v1,KQ-GGUF-EVIDENCE-002,PROVEN_CONVERTER,GGUF dimensions use reversed physical dimension order
model.language_model.layers.30.mlp_hyper_connection.block_inject_weight.weight,BF16,4x10240,40960,81920,text,gated_residual,30,,REQUIRED_INITIAL_TEXT,RENAMED_ONE_TO_ONE,blk.30.hc_ffn_inject.weight,40960,163840,KQ-GGUF-RULE-TENSOR-NAME-v1,KQ-GGUF-EVIDENCE-002,PROVEN_CONVERTER,GGUF dimensions use reversed physical dimension order
model.language_model.layers.30.mlp_hyper_connection.hc_norm.weight,BF16,10240,10240,20480,text,gated_residual,30,,REQUIRED_INITIAL_TEXT,RENAMED_ONE_TO_ONE,blk.30.hc_ffn_norm.weight,10240,40960,KQ-GGUF-RULE-TENSOR-NAME-v1,KQ-GGUF-EVIDENCE-002,PROVEN_CONVERTER,GGUF dimensions use reversed physical dimension order
model.language_model.layers.30.mlp_hyper_connection.input_mix_weight_down.weight,BF16,320x10240,3276800,6553600,text,gated_residual,30,,REQUIRED_INITIAL_TEXT,RENAMED_ONE_TO_ONE,blk.30.hc_ffn_down.weight,3276800,3481600,KQ-GGUF-RULE-TENSOR-NAME-v1,KQ-GGUF-EVIDENCE-002,PROVEN_CONVERTER,GGUF dimensions use reversed physical dimension order
model.language_model.layers.30.mlp_hyper_connection.input_mix_weight_up.weight,BF16,10240x320,3276800,6553600,text,gated_residual,30,,REQUIRED_INITIAL_TEXT,RENAMED_ONE_TO_ONE,blk.30.hc_ffn_up.weight,3276800,3481600,KQ-GGUF-RULE-TENSOR-NAME-v1,KQ-GGUF-EVIDENCE-002,PROVEN_CONVERTER,GGUF dimensions use reversed physical dimension order
model.language_model.layers.31.attn_hyper_connection.block_inject_weight.weight,BF16,4x10240,40960,81920,text,gated_residual,31,,REQUIRED_INITIAL_TEXT,RENAMED_ONE_TO_ONE,blk.31.hc_attn_inject.weight,40960,163840,KQ-GGUF-RULE-TENSOR-NAME-v1,KQ-GGUF-EVIDENCE-002,PROVEN_CONVERTER,GGUF dimensions use reversed physical dimension order
model.language_model.layers.31.attn_hyper_connection.hc_norm.weight,BF16,10240,10240,20480,text,gated_residual,31,,REQUIRED_INITIAL_TEXT,RENAMED_ONE_TO_ONE,blk.31.hc_attn_norm.weight,10240,40960,KQ-GGUF-RULE-TENSOR-NAME-v1,KQ-GGUF-EVIDENCE-002,PROVEN_CONVERTER,GGUF dimensions use reversed physical dimension order
model.language_model.layers.31.attn_hyper_connection.input_mix_weight_down.weight,BF16,320x10240,3276800,6553600,text,gated_residual,31,,REQUIRED_INITIAL_TEXT,RENAMED_ONE_TO_ONE,blk.31.hc_attn_down.weight,3276800,3481600,KQ-GGUF-RULE-TENSOR-NAME-v1,KQ-GGUF-EVIDENCE-002,PROVEN_CONVERTER,GGUF dimensions use reversed physical dimension order
model.language_model.layers.31.attn_hyper_connection.input_mix_weight_up.weight,BF16,10240x320,3276800,6553600,text,gated_residual,31,,REQUIRED_INITIAL_TEXT,RENAMED_ONE_TO_ONE,blk.31.hc_attn_up.weight,3276800,3481600,KQ-GGUF-RULE-TENSOR-NAME-v1,KQ-GGUF-EVIDENCE-002,PROVEN_CONVERTER,GGUF dimensions use reversed physical dimension order
model.language_model.layers.31.mlp.experts.down_proj,BF16,512x2560x640,838860800,1677721600,text,routed_experts,31,STACKED_0_511,REQUIRED_INITIAL_TEXT,RENAMED_ONE_TO_ONE,blk.31.ffn_down_exps.weight,838860800,629145600,KQ-GGUF-RULE-TENSOR-NAME-v1,KQ-GGUF-EVIDENCE-002,PROVEN_CONVERTER,GGUF dimensions use reversed physical dimension order
model.language_model.layers.31.mlp.experts.gate_up_proj,BF16,512x1280x2560,1677721600,3355443200,text,routed_experts,31,STACKED_0_511,REQUIRED_INITIAL_TEXT,SPLIT_IN_GGUF,blk.31.ffn_gate_exps.weight;blk.31.ffn_up_exps.weight,1677721600,943718400,KQ-GGUF-RULE-MOE-SPLIT-v1,KQ-GGUF-EVIDENCE-004,PROVEN_CONVERTER,Canonical projection is split along the converter-defined projection dimension
model.language_model.layers.31.mlp.gate.weight,BF16,512x2560,1310720,2621440,text,router,31,,REQUIRED_INITIAL_TEXT,RENAMED_ONE_TO_ONE,blk.31.ffn_gate_inp.weight,1310720,5242880,KQ-GGUF-RULE-TENSOR-NAME-v1,KQ-GGUF-EVIDENCE-002,PROVEN_CONVERTER,GGUF dimensions use reversed physical dimension order
model.language_model.layers.31.mlp.shared_expert.down_proj.weight,BF16,2560x640,1638400,3276800,text,shared_expert,31,,REQUIRED_INITIAL_TEXT,RENAMED_ONE_TO_ONE,blk.31.ffn_down_shexp.weight,1638400,1740800,KQ-GGUF-RULE-TENSOR-NAME-v1,KQ-GGUF-EVIDENCE-002,PROVEN_CONVERTER,GGUF dimensions use reversed physical dimension order
model.language_model.layers.31.mlp.shared_expert.gate_proj.weight,BF16,640x2560,1638400,3276800,text,shared_expert,31,,REQUIRED_INITIAL_TEXT,RENAMED_ONE_TO_ONE,blk.31.ffn_gate_shexp.weight,1638400,1740800,KQ-GGUF-RULE-TENSOR-NAME-v1,KQ-GGUF-EVIDENCE-002,PROVEN_CONVERTER,GGUF dimensions use reversed physical dimension order
model.language_model.layers.31.mlp.shared_expert.up_proj.weight,BF16,640x2560,1638400,3276800,text,shared_expert,31,,REQUIRED_INITIAL_TEXT,RENAMED_ONE_TO_ONE,blk.31.ffn_up_shexp.weight,1638400,1740800,KQ-GGUF-RULE-TENSOR-NAME-v1,KQ-GGUF-EVIDENCE-002,PROVEN_CONVERTER,GGUF dimensions use reversed physical dimension order
model.language_model.layers.31.mlp.shared_expert_gate.weight,BF16,1x2560,2560,5120,text,shared_expert,31,,REQUIRED_INITIAL_TEXT,RENAMED_ONE_TO_ONE,blk.31.ffn_gate_inp_shexp.weight,2560,10240,KQ-GGUF-RULE-TENSOR-NAME-v1,KQ-GGUF-EVIDENCE-002,PROVEN_CONVERTER,GGUF dimensions use reversed physical dimension order
model.language_model.layers.31.mlp_hyper_connection.block_inject_weight.weight,BF16,4x10240,40960,81920,text,gated_residual,31,,REQUIRED_INITIAL_TEXT,RENAMED_ONE_TO_ONE,blk.31.hc_ffn_inject.weight,40960,163840,KQ-GGUF-RULE-TENSOR-NAME-v1,KQ-GGUF-EVIDENCE-002,PROVEN_CONVERTER,GGUF dimensions use reversed physical dimension order
model.language_model.layers.31.mlp_hyper_connection.hc_norm.weight,BF16,10240,10240,20480,text,gated_residual,31,,REQUIRED_INITIAL_TEXT,RENAMED_ONE_TO_ONE,blk.31.hc_ffn_norm.weight,10240,40960,KQ-GGUF-RULE-TENSOR-NAME-v1,KQ-GGUF-EVIDENCE-002,PROVEN_CONVERTER,GGUF dimensions use reversed physical dimension order
model.language_model.layers.31.mlp_hyper_connection.input_mix_weight_down.weight,BF16,320x10240,3276800,6553600,text,gated_residual,31,,REQUIRED_INITIAL_TEXT,RENAMED_ONE_TO_ONE,blk.31.hc_ffn_down.weight,3276800,3481600,KQ-GGUF-RULE-TENSOR-NAME-v1,KQ-GGUF-EVIDENCE-002,PROVEN_CONVERTER,GGUF dimensions use reversed physical dimension order
model.language_model.layers.31.mlp_hyper_connection.input_mix_weight_up.weight,BF16,10240x320,3276800,6553600,text,gated_residual,31,,REQUIRED_INITIAL_TEXT,RENAMED_ONE_TO_ONE,blk.31.hc_ffn_up.weight,3276800,3481600,KQ-GGUF-RULE-TENSOR-NAME-v1,KQ-GGUF-EVIDENCE-002,PROVEN_CONVERTER,GGUF dimensions use reversed physical dimension order
model.language_model.layers.31.self_attn.indexer.index_qk_proj.weight,BF16,640x2560,1638400,3276800,text,qsa_indexer,31,,REQUIRED_INITIAL_TEXT,SPLIT_IN_GGUF,blk.31.indexer.q_proj.weight;blk.31.indexer.k_proj.weight,1638400,3276800,KQ-GGUF-RULE-QSA-SPLIT-v1,KQ-GGUF-EVIDENCE-003,PROVEN_CONVERTER,Canonical projection is split along the converter-defined projection dimension
model.language_model.layers.31.self_attn.indexer.k_layernorm.weight,BF16,128,128,256,text,qsa_indexer,31,,REQUIRED_INITIAL_TEXT,RENAMED_ONE_TO_ONE,blk.31.indexer.k_norm.weight,128,512,KQ-GGUF-RULE-TENSOR-NAME-v1,KQ-GGUF-EVIDENCE-002,PROVEN_CONVERTER,GGUF dimensions use reversed physical dimension order
model.language_model.layers.31.self_attn.indexer.q_layernorm.weight,BF16,128,128,256,text,qsa_indexer,31,,REQUIRED_INITIAL_TEXT,RENAMED_ONE_TO_ONE,blk.31.indexer.q_norm.weight,128,512,KQ-GGUF-RULE-TENSOR-NAME-v1,KQ-GGUF-EVIDENCE-002,PROVEN_CONVERTER,GGUF dimensions use reversed physical dimension order
model.language_model.layers.31.self_attn.k_norm.weight,BF16,256,256,512,text,qsa_attention,31,,REQUIRED_INITIAL_TEXT,RENAMED_ONE_TO_ONE,blk.31.attn_k_norm.weight,256,1024,KQ-GGUF-RULE-TENSOR-NAME-v1,KQ-GGUF-EVIDENCE-002,PROVEN_CONVERTER,GGUF dimensions use reversed physical dimension order
model.language_model.layers.31.self_attn.k_proj.weight,BF16,512x2560,1310720,2621440,text,qsa_attention,31,,REQUIRED_INITIAL_TEXT,RENAMED_ONE_TO_ONE,blk.31.attn_k.weight,1310720,1392640,KQ-GGUF-RULE-TENSOR-NAME-v1,KQ-GGUF-EVIDENCE-002,PROVEN_CONVERTER,GGUF dimensions use reversed physical dimension order
model.language_model.layers.31.self_attn.o_proj.weight,BF16,2560x6144,15728640,31457280,text,qsa_attention,31,,REQUIRED_INITIAL_TEXT,RENAMED_ONE_TO_ONE,blk.31.attn_output.weight,15728640,16711680,KQ-GGUF-RULE-TENSOR-NAME-v1,KQ-GGUF-EVIDENCE-002,PROVEN_CONVERTER,GGUF dimensions use reversed physical dimension order
model.language_model.layers.31.self_attn.q_norm.weight,BF16,256,256,512,text,qsa_attention,31,,REQUIRED_INITIAL_TEXT,RENAMED_ONE_TO_ONE,blk.31.attn_q_norm.weight,256,1024,KQ-GGUF-RULE-TENSOR-NAME-v1,KQ-GGUF-EVIDENCE-002,PROVEN_CONVERTER,GGUF dimensions use reversed physical dimension order
model.language_model.layers.31.self_attn.q_proj.weight,BF16,12288x2560,31457280,62914560,text,qsa_attention,31,,REQUIRED_INITIAL_TEXT,RENAMED_ONE_TO_ONE,blk.31.attn_q.weight,31457280,33423360,KQ-GGUF-RULE-TENSOR-NAME-v1,KQ-GGUF-EVIDENCE-002,PROVEN_CONVERTER,GGUF dimensions use reversed physical dimension order
model.language_model.layers.31.self_attn.v_proj.weight,BF16,512x2560,1310720,2621440,text,qsa_attention,31,,REQUIRED_INITIAL_TEXT,RENAMED_ONE_TO_ONE,blk.31.attn_v.weight,1310720,1392640,KQ-GGUF-RULE-TENSOR-NAME-v1,KQ-GGUF-EVIDENCE-002,PROVEN_CONVERTER,GGUF dimensions use reversed physical dimension order
model.language_model.layers.32.attn_hyper_connection.block_inject_weight.weight,BF16,4x10240,40960,81920,text,gated_residual,32,,REQUIRED_INITIAL_TEXT,RENAMED_ONE_TO_ONE,blk.32.hc_attn_inject.weight,40960,163840,KQ-GGUF-RULE-TENSOR-NAME-v1,KQ-GGUF-EVIDENCE-002,PROVEN_CONVERTER,GGUF dimensions use reversed physical dimension order
model.language_model.layers.32.attn_hyper_connection.hc_norm.weight,BF16,10240,10240,20480,text,gated_residual,32,,REQUIRED_INITIAL_TEXT,RENAMED_ONE_TO_ONE,blk.32.hc_attn_norm.weight,10240,40960,KQ-GGUF-RULE-TENSOR-NAME-v1,KQ-GGUF-EVIDENCE-002,PROVEN_CONVERTER,GGUF dimensions use reversed physical dimension order
model.language_model.layers.32.attn_hyper_connection.input_mix_weight_down.weight,BF16,320x10240,3276800,6553600,text,gated_residual,32,,REQUIRED_INITIAL_TEXT,RENAMED_ONE_TO_ONE,blk.32.hc_attn_down.weight,3276800,3481600,KQ-GGUF-RULE-TENSOR-NAME-v1,KQ-GGUF-EVIDENCE-002,PROVEN_CONVERTER,GGUF dimensions use reversed physical dimension order
model.language_model.layers.32.attn_hyper_connection.input_mix_weight_up.weight,BF16,10240x320,3276800,6553600,text,gated_residual,32,,REQUIRED_INITIAL_TEXT,RENAMED_ONE_TO_ONE,blk.32.hc_attn_up.weight,3276800,3481600,KQ-GGUF-RULE-TENSOR-NAME-v1,KQ-GGUF-EVIDENCE-002,PROVEN_CONVERTER,GGUF dimensions use reversed physical dimension order
model.language_model.layers.32.linear_attn.A_log,BF16,48,48,96,text,gdn,32,,REQUIRED_INITIAL_TEXT,TRANSFORMED_LAYOUT,blk.32.ssm_a,48,192,KQ-GGUF-RULE-CONVERTER-TRANSFORM-v1,KQ-GGUF-EVIDENCE-003,PROVEN_CONVERTER,Converter stores -exp(A_log) in the one-to-one GGUF tensor
model.language_model.layers.32.linear_attn.conv1d.weight,BF16,10240x1x4,40960,81920,text,gdn,32,,REQUIRED_INITIAL_TEXT,TRANSFORMED_LAYOUT,blk.32.ssm_conv1d.weight,40960,163840,KQ-GGUF-RULE-CONVERTER-TRANSFORM-v1,KQ-GGUF-EVIDENCE-003,PROVEN_CONVERTER,Converter removes the singleton convolution dimension
model.language_model.layers.32.linear_attn.dt_bias,BF16,48,48,96,text,gdn,32,,REQUIRED_INITIAL_TEXT,RENAMED_ONE_TO_ONE,blk.32.ssm_dt.bias,48,192,KQ-GGUF-RULE-TENSOR-NAME-v1,KQ-GGUF-EVIDENCE-002,PROVEN_CONVERTER,GGUF dimensions use reversed physical dimension order
model.language_model.layers.32.linear_attn.in_proj_a.weight,BF16,48x2560,122880,245760,text,gdn,32,,REQUIRED_INITIAL_TEXT,TRANSFORMED_LAYOUT,blk.32.ssm_alpha.weight,122880,491520,KQ-GGUF-RULE-CONVERTER-TRANSFORM-v1,KQ-GGUF-EVIDENCE-003,PROVEN_CONVERTER,Converter reorders grouped GDN value-head rows or columns to tiled GGML order
model.language_model.layers.32.linear_attn.in_proj_b.weight,BF16,48x2560,122880,245760,text,gdn,32,,REQUIRED_INITIAL_TEXT,TRANSFORMED_LAYOUT,blk.32.ssm_beta.weight,122880,491520,KQ-GGUF-RULE-CONVERTER-TRANSFORM-v1,KQ-GGUF-EVIDENCE-003,PROVEN_CONVERTER,Converter reorders grouped GDN value-head rows or columns to tiled GGML order
model.language_model.layers.32.linear_attn.in_proj_qkv.weight,BF16,10240x2560,26214400,52428800,text,gdn,32,,REQUIRED_INITIAL_TEXT,TRANSFORMED_LAYOUT,blk.32.attn_qkv.weight,26214400,27852800,KQ-GGUF-RULE-CONVERTER-TRANSFORM-v1,KQ-GGUF-EVIDENCE-003,PROVEN_CONVERTER,Converter reorders grouped GDN value-head rows or columns to tiled GGML order
model.language_model.layers.32.linear_attn.in_proj_z.weight,BF16,6144x2560,15728640,31457280,text,gdn,32,,REQUIRED_INITIAL_TEXT,TRANSFORMED_LAYOUT,blk.32.attn_gate.weight,15728640,16711680,KQ-GGUF-RULE-CONVERTER-TRANSFORM-v1,KQ-GGUF-EVIDENCE-003,PROVEN_CONVERTER,Converter reorders grouped GDN value-head rows or columns to tiled GGML order
model.language_model.layers.32.linear_attn.norm.weight,BF16,128,128,256,text,gdn,32,,REQUIRED_INITIAL_TEXT,RENAMED_ONE_TO_ONE,blk.32.ssm_norm.weight,128,512,KQ-GGUF-RULE-TENSOR-NAME-v1,KQ-GGUF-EVIDENCE-002,PROVEN_CONVERTER,GGUF dimensions use reversed physical dimension order
model.language_model.layers.32.linear_attn.out_proj.weight,BF16,2560x6144,15728640,31457280,text,gdn,32,,REQUIRED_INITIAL_TEXT,TRANSFORMED_LAYOUT,blk.32.ssm_out.weight,15728640,16711680,KQ-GGUF-RULE-CONVERTER-TRANSFORM-v1,KQ-GGUF-EVIDENCE-003,PROVEN_CONVERTER,Converter reorders grouped GDN value-head rows or columns to tiled GGML order
model.language_model.layers.32.mlp.experts.down_proj,BF16,512x2560x640,838860800,1677721600,text,routed_experts,32,STACKED_0_511,REQUIRED_INITIAL_TEXT,RENAMED_ONE_TO_ONE,blk.32.ffn_down_exps.weight,838860800,629145600,KQ-GGUF-RULE-TENSOR-NAME-v1,KQ-GGUF-EVIDENCE-002,PROVEN_CONVERTER,GGUF dimensions use reversed physical dimension order
model.language_model.layers.32.mlp.experts.gate_up_proj,BF16,512x1280x2560,1677721600,3355443200,text,routed_experts,32,STACKED_0_511,REQUIRED_INITIAL_TEXT,SPLIT_IN_GGUF,blk.32.ffn_gate_exps.weight;blk.32.ffn_up_exps.weight,1677721600,943718400,KQ-GGUF-RULE-MOE-SPLIT-v1,KQ-GGUF-EVIDENCE-004,PROVEN_CONVERTER,Canonical projection is split along the converter-defined projection dimension
model.language_model.layers.32.mlp.gate.weight,BF16,512x2560,1310720,2621440,text,router,32,,REQUIRED_INITIAL_TEXT,RENAMED_ONE_TO_ONE,blk.32.ffn_gate_inp.weight,1310720,5242880,KQ-GGUF-RULE-TENSOR-NAME-v1,KQ-GGUF-EVIDENCE-002,PROVEN_CONVERTER,GGUF dimensions use reversed physical dimension order
model.language_model.layers.32.mlp.shared_expert.down_proj.weight,BF16,2560x640,1638400,3276800,text,shared_expert,32,,REQUIRED_INITIAL_TEXT,RENAMED_ONE_TO_ONE,blk.32.ffn_down_shexp.weight,1638400,1740800,KQ-GGUF-RULE-TENSOR-NAME-v1,KQ-GGUF-EVIDENCE-002,PROVEN_CONVERTER,GGUF dimensions use reversed physical dimension order
model.language_model.layers.32.mlp.shared_expert.gate_proj.weight,BF16,640x2560,1638400,3276800,text,shared_expert,32,,REQUIRED_INITIAL_TEXT,RENAMED_ONE_TO_ONE,blk.32.ffn_gate_shexp.weight,1638400,1740800,KQ-GGUF-RULE-TENSOR-NAME-v1,KQ-GGUF-EVIDENCE-002,PROVEN_CONVERTER,GGUF dimensions use reversed physical dimension order
model.language_model.layers.32.mlp.shared_expert.up_proj.weight,BF16,640x2560,1638400,3276800,text,shared_expert,32,,REQUIRED_INITIAL_TEXT,RENAMED_ONE_TO_ONE,blk.32.ffn_up_shexp.weight,1638400,1740800,KQ-GGUF-RULE-TENSOR-NAME-v1,KQ-GGUF-EVIDENCE-002,PROVEN_CONVERTER,GGUF dimensions use reversed physical dimension order
model.language_model.layers.32.mlp.shared_expert_gate.weight,BF16,1x2560,2560,5120,text,shared_expert,32,,REQUIRED_INITIAL_TEXT,RENAMED_ONE_TO_ONE,blk.32.ffn_gate_inp_shexp.weight,2560,10240,KQ-GGUF-RULE-TENSOR-NAME-v1,KQ-GGUF-EVIDENCE-002,PROVEN_CONVERTER,GGUF dimensions use reversed physical dimension order
model.language_model.layers.32.mlp_hyper_connection.block_inject_weight.weight,BF16,4x10240,40960,81920,text,gated_residual,32,,REQUIRED_INITIAL_TEXT,RENAMED_ONE_TO_ONE,blk.32.hc_ffn_inject.weight,40960,163840,KQ-GGUF-RULE-TENSOR-NAME-v1,KQ-GGUF-EVIDENCE-002,PROVEN_CONVERTER,GGUF dimensions use reversed physical dimension order
model.language_model.layers.32.mlp_hyper_connection.hc_norm.weight,BF16,10240,10240,20480,text,gated_residual,32,,REQUIRED_INITIAL_TEXT,RENAMED_ONE_TO_ONE,blk.32.hc_ffn_norm.weight,10240,40960,KQ-GGUF-RULE-TENSOR-NAME-v1,KQ-GGUF-EVIDENCE-002,PROVEN_CONVERTER,GGUF dimensions use reversed physical dimension order
model.language_model.layers.32.mlp_hyper_connection.input_mix_weight_down.weight,BF16,320x10240,3276800,6553600,text,gated_residual,32,,REQUIRED_INITIAL_TEXT,RENAMED_ONE_TO_ONE,blk.32.hc_ffn_down.weight,3276800,3481600,KQ-GGUF-RULE-TENSOR-NAME-v1,KQ-GGUF-EVIDENCE-002,PROVEN_CONVERTER,GGUF dimensions use reversed physical dimension order
model.language_model.layers.32.mlp_hyper_connection.input_mix_weight_up.weight,BF16,10240x320,3276800,6553600,text,gated_residual,32,,REQUIRED_INITIAL_TEXT,RENAMED_ONE_TO_ONE,blk.32.hc_ffn_up.weight,3276800,3481600,KQ-GGUF-RULE-TENSOR-NAME-v1,KQ-GGUF-EVIDENCE-002,PROVEN_CONVERTER,GGUF dimensions use reversed physical dimension order
model.language_model.layers.33.attn_hyper_connection.block_inject_weight.weight,BF16,4x10240,40960,81920,text,gated_residual,33,,REQUIRED_INITIAL_TEXT,RENAMED_ONE_TO_ONE,blk.33.hc_attn_inject.weight,40960,163840,KQ-GGUF-RULE-TENSOR-NAME-v1,KQ-GGUF-EVIDENCE-002,PROVEN_CONVERTER,GGUF dimensions use reversed physical dimension order
model.language_model.layers.33.attn_hyper_connection.hc_norm.weight,BF16,10240,10240,20480,text,gated_residual,33,,REQUIRED_INITIAL_TEXT,RENAMED_ONE_TO_ONE,blk.33.hc_attn_norm.weight,10240,40960,KQ-GGUF-RULE-TENSOR-NAME-v1,KQ-GGUF-EVIDENCE-002,PROVEN_CONVERTER,GGUF dimensions use reversed physical dimension order
model.language_model.layers.33.attn_hyper_connection.input_mix_weight_down.weight,BF16,320x10240,3276800,6553600,text,gated_residual,33,,REQUIRED_INITIAL_TEXT,RENAMED_ONE_TO_ONE,blk.33.hc_attn_down.weight,3276800,3481600,KQ-GGUF-RULE-TENSOR-NAME-v1,KQ-GGUF-EVIDENCE-002,PROVEN_CONVERTER,GGUF dimensions use reversed physical dimension order
model.language_model.layers.33.attn_hyper_connection.input_mix_weight_up.weight,BF16,10240x320,3276800,6553600,text,gated_residual,33,,REQUIRED_INITIAL_TEXT,RENAMED_ONE_TO_ONE,blk.33.hc_attn_up.weight,3276800,3481600,KQ-GGUF-RULE-TENSOR-NAME-v1,KQ-GGUF-EVIDENCE-002,PROVEN_CONVERTER,GGUF dimensions use reversed physical dimension order
model.language_model.layers.33.linear_attn.A_log,BF16,48,48,96,text,gdn,33,,REQUIRED_INITIAL_TEXT,TRANSFORMED_LAYOUT,blk.33.ssm_a,48,192,KQ-GGUF-RULE-CONVERTER-TRANSFORM-v1,KQ-GGUF-EVIDENCE-003,PROVEN_CONVERTER,Converter stores -exp(A_log) in the one-to-one GGUF tensor
model.language_model.layers.33.linear_attn.conv1d.weight,BF16,10240x1x4,40960,81920,text,gdn,33,,REQUIRED_INITIAL_TEXT,TRANSFORMED_LAYOUT,blk.33.ssm_conv1d.weight,40960,163840,KQ-GGUF-RULE-CONVERTER-TRANSFORM-v1,KQ-GGUF-EVIDENCE-003,PROVEN_CONVERTER,Converter removes the singleton convolution dimension
model.language_model.layers.33.linear_attn.dt_bias,BF16,48,48,96,text,gdn,33,,REQUIRED_INITIAL_TEXT,RENAMED_ONE_TO_ONE,blk.33.ssm_dt.bias,48,192,KQ-GGUF-RULE-TENSOR-NAME-v1,KQ-GGUF-EVIDENCE-002,PROVEN_CONVERTER,GGUF dimensions use reversed physical dimension order
model.language_model.layers.33.linear_attn.in_proj_a.weight,BF16,48x2560,122880,245760,text,gdn,33,,REQUIRED_INITIAL_TEXT,TRANSFORMED_LAYOUT,blk.33.ssm_alpha.weight,122880,491520,KQ-GGUF-RULE-CONVERTER-TRANSFORM-v1,KQ-GGUF-EVIDENCE-003,PROVEN_CONVERTER,Converter reorders grouped GDN value-head rows or columns to tiled GGML order
model.language_model.layers.33.linear_attn.in_proj_b.weight,BF16,48x2560,122880,245760,text,gdn,33,,REQUIRED_INITIAL_TEXT,TRANSFORMED_LAYOUT,blk.33.ssm_beta.weight,122880,491520,KQ-GGUF-RULE-CONVERTER-TRANSFORM-v1,KQ-GGUF-EVIDENCE-003,PROVEN_CONVERTER,Converter reorders grouped GDN value-head rows or columns to tiled GGML order
model.language_model.layers.33.linear_attn.in_proj_qkv.weight,BF16,10240x2560,26214400,52428800,text,gdn,33,,REQUIRED_INITIAL_TEXT,TRANSFORMED_LAYOUT,blk.33.attn_qkv.weight,26214400,27852800,KQ-GGUF-RULE-CONVERTER-TRANSFORM-v1,KQ-GGUF-EVIDENCE-003,PROVEN_CONVERTER,Converter reorders grouped GDN value-head rows or columns to tiled GGML order
model.language_model.layers.33.linear_attn.in_proj_z.weight,BF16,6144x2560,15728640,31457280,text,gdn,33,,REQUIRED_INITIAL_TEXT,TRANSFORMED_LAYOUT,blk.33.attn_gate.weight,15728640,16711680,KQ-GGUF-RULE-CONVERTER-TRANSFORM-v1,KQ-GGUF-EVIDENCE-003,PROVEN_CONVERTER,Converter reorders grouped GDN value-head rows or columns to tiled GGML order
model.language_model.layers.33.linear_attn.norm.weight,BF16,128,128,256,text,gdn,33,,REQUIRED_INITIAL_TEXT,RENAMED_ONE_TO_ONE,blk.33.ssm_norm.weight,128,512,KQ-GGUF-RULE-TENSOR-NAME-v1,KQ-GGUF-EVIDENCE-002,PROVEN_CONVERTER,GGUF dimensions use reversed physical dimension order
model.language_model.layers.33.linear_attn.out_proj.weight,BF16,2560x6144,15728640,31457280,text,gdn,33,,REQUIRED_INITIAL_TEXT,TRANSFORMED_LAYOUT,blk.33.ssm_out.weight,15728640,16711680,KQ-GGUF-RULE-CONVERTER-TRANSFORM-v1,KQ-GGUF-EVIDENCE-003,PROVEN_CONVERTER,Converter reorders grouped GDN value-head rows or columns to tiled GGML order
model.language_model.layers.33.mlp.experts.down_proj,BF16,512x2560x640,838860800,1677721600,text,routed_experts,33,STACKED_0_511,REQUIRED_INITIAL_TEXT,RENAMED_ONE_TO_ONE,blk.33.ffn_down_exps.weight,838860800,629145600,KQ-GGUF-RULE-TENSOR-NAME-v1,KQ-GGUF-EVIDENCE-002,PROVEN_CONVERTER,GGUF dimensions use reversed physical dimension order
model.language_model.layers.33.mlp.experts.gate_up_proj,BF16,512x1280x2560,1677721600,3355443200,text,routed_experts,33,STACKED_0_511,REQUIRED_INITIAL_TEXT,SPLIT_IN_GGUF,blk.33.ffn_gate_exps.weight;blk.33.ffn_up_exps.weight,1677721600,943718400,KQ-GGUF-RULE-MOE-SPLIT-v1,KQ-GGUF-EVIDENCE-004,PROVEN_CONVERTER,Canonical projection is split along the converter-defined projection dimension
model.language_model.layers.33.mlp.gate.weight,BF16,512x2560,1310720,2621440,text,router,33,,REQUIRED_INITIAL_TEXT,RENAMED_ONE_TO_ONE,blk.33.ffn_gate_inp.weight,1310720,5242880,KQ-GGUF-RULE-TENSOR-NAME-v1,KQ-GGUF-EVIDENCE-002,PROVEN_CONVERTER,GGUF dimensions use reversed physical dimension order
model.language_model.layers.33.mlp.shared_expert.down_proj.weight,BF16,2560x640,1638400,3276800,text,shared_expert,33,,REQUIRED_INITIAL_TEXT,RENAMED_ONE_TO_ONE,blk.33.ffn_down_shexp.weight,1638400,1740800,KQ-GGUF-RULE-TENSOR-NAME-v1,KQ-GGUF-EVIDENCE-002,PROVEN_CONVERTER,GGUF dimensions use reversed physical dimension order
model.language_model.layers.33.mlp.shared_expert.gate_proj.weight,BF16,640x2560,1638400,3276800,text,shared_expert,33,,REQUIRED_INITIAL_TEXT,RENAMED_ONE_TO_ONE,blk.33.ffn_gate_shexp.weight,1638400,1740800,KQ-GGUF-RULE-TENSOR-NAME-v1,KQ-GGUF-EVIDENCE-002,PROVEN_CONVERTER,GGUF dimensions use reversed physical dimension order
model.language_model.layers.33.mlp.shared_expert.up_proj.weight,BF16,640x2560,1638400,3276800,text,shared_expert,33,,REQUIRED_INITIAL_TEXT,RENAMED_ONE_TO_ONE,blk.33.ffn_up_shexp.weight,1638400,1740800,KQ-GGUF-RULE-TENSOR-NAME-v1,KQ-GGUF-EVIDENCE-002,PROVEN_CONVERTER,GGUF dimensions use reversed physical dimension order
model.language_model.layers.33.mlp.shared_expert_gate.weight,BF16,1x2560,2560,5120,text,shared_expert,33,,REQUIRED_INITIAL_TEXT,RENAMED_ONE_TO_ONE,blk.33.ffn_gate_inp_shexp.weight,2560,10240,KQ-GGUF-RULE-TENSOR-NAME-v1,KQ-GGUF-EVIDENCE-002,PROVEN_CONVERTER,GGUF dimensions use reversed physical dimension order
model.language_model.layers.33.mlp_hyper_connection.block_inject_weight.weight,BF16,4x10240,40960,81920,text,gated_residual,33,,REQUIRED_INITIAL_TEXT,RENAMED_ONE_TO_ONE,blk.33.hc_ffn_inject.weight,40960,163840,KQ-GGUF-RULE-TENSOR-NAME-v1,KQ-GGUF-EVIDENCE-002,PROVEN_CONVERTER,GGUF dimensions use reversed physical dimension order
model.language_model.layers.33.mlp_hyper_connection.hc_norm.weight,BF16,10240,10240,20480,text,gated_residual,33,,REQUIRED_INITIAL_TEXT,RENAMED_ONE_TO_ONE,blk.33.hc_ffn_norm.weight,10240,40960,KQ-GGUF-RULE-TENSOR-NAME-v1,KQ-GGUF-EVIDENCE-002,PROVEN_CONVERTER,GGUF dimensions use reversed physical dimension order
model.language_model.layers.33.mlp_hyper_connection.input_mix_weight_down.weight,BF16,320x10240,3276800,6553600,text,gated_residual,33,,REQUIRED_INITIAL_TEXT,RENAMED_ONE_TO_ONE,blk.33.hc_ffn_down.weight,3276800,3481600,KQ-GGUF-RULE-TENSOR-NAME-v1,KQ-GGUF-EVIDENCE-002,PROVEN_CONVERTER,GGUF dimensions use reversed physical dimension order
model.language_model.layers.33.mlp_hyper_connection.input_mix_weight_up.weight,BF16,10240x320,3276800,6553600,text,gated_residual,33,,REQUIRED_INITIAL_TEXT,RENAMED_ONE_TO_ONE,blk.33.hc_ffn_up.weight,3276800,3481600,KQ-GGUF-RULE-TENSOR-NAME-v1,KQ-GGUF-EVIDENCE-002,PROVEN_CONVERTER,GGUF dimensions use reversed physical dimension order
model.language_model.layers.34.attn_hyper_connection.block_inject_weight.weight,BF16,4x10240,40960,81920,text,gated_residual,34,,REQUIRED_INITIAL_TEXT,RENAMED_ONE_TO_ONE,blk.34.hc_attn_inject.weight,40960,163840,KQ-GGUF-RULE-TENSOR-NAME-v1,KQ-GGUF-EVIDENCE-002,PROVEN_CONVERTER,GGUF dimensions use reversed physical dimension order
model.language_model.layers.34.attn_hyper_connection.hc_norm.weight,BF16,10240,10240,20480,text,gated_residual,34,,REQUIRED_INITIAL_TEXT,RENAMED_ONE_TO_ONE,blk.34.hc_attn_norm.weight,10240,40960,KQ-GGUF-RULE-TENSOR-NAME-v1,KQ-GGUF-EVIDENCE-002,PROVEN_CONVERTER,GGUF dimensions use reversed physical dimension order
model.language_model.layers.34.attn_hyper_connection.input_mix_weight_down.weight,BF16,320x10240,3276800,6553600,text,gated_residual,34,,REQUIRED_INITIAL_TEXT,RENAMED_ONE_TO_ONE,blk.34.hc_attn_down.weight,3276800,3481600,KQ-GGUF-RULE-TENSOR-NAME-v1,KQ-GGUF-EVIDENCE-002,PROVEN_CONVERTER,GGUF dimensions use reversed physical dimension order
model.language_model.layers.34.attn_hyper_connection.input_mix_weight_up.weight,BF16,10240x320,3276800,6553600,text,gated_residual,34,,REQUIRED_INITIAL_TEXT,RENAMED_ONE_TO_ONE,blk.34.hc_attn_up.weight,3276800,3481600,KQ-GGUF-RULE-TENSOR-NAME-v1,KQ-GGUF-EVIDENCE-002,PROVEN_CONVERTER,GGUF dimensions use reversed physical dimension order
model.language_model.layers.34.linear_attn.A_log,BF16,48,48,96,text,gdn,34,,REQUIRED_INITIAL_TEXT,TRANSFORMED_LAYOUT,blk.34.ssm_a,48,192,KQ-GGUF-RULE-CONVERTER-TRANSFORM-v1,KQ-GGUF-EVIDENCE-003,PROVEN_CONVERTER,Converter stores -exp(A_log) in the one-to-one GGUF tensor
model.language_model.layers.34.linear_attn.conv1d.weight,BF16,10240x1x4,40960,81920,text,gdn,34,,REQUIRED_INITIAL_TEXT,TRANSFORMED_LAYOUT,blk.34.ssm_conv1d.weight,40960,163840,KQ-GGUF-RULE-CONVERTER-TRANSFORM-v1,KQ-GGUF-EVIDENCE-003,PROVEN_CONVERTER,Converter removes the singleton convolution dimension
model.language_model.layers.34.linear_attn.dt_bias,BF16,48,48,96,text,gdn,34,,REQUIRED_INITIAL_TEXT,RENAMED_ONE_TO_ONE,blk.34.ssm_dt.bias,48,192,KQ-GGUF-RULE-TENSOR-NAME-v1,KQ-GGUF-EVIDENCE-002,PROVEN_CONVERTER,GGUF dimensions use reversed physical dimension order
model.language_model.layers.34.linear_attn.in_proj_a.weight,BF16,48x2560,122880,245760,text,gdn,34,,REQUIRED_INITIAL_TEXT,TRANSFORMED_LAYOUT,blk.34.ssm_alpha.weight,122880,491520,KQ-GGUF-RULE-CONVERTER-TRANSFORM-v1,KQ-GGUF-EVIDENCE-003,PROVEN_CONVERTER,Converter reorders grouped GDN value-head rows or columns to tiled GGML order
model.language_model.layers.34.linear_attn.in_proj_b.weight,BF16,48x2560,122880,245760,text,gdn,34,,REQUIRED_INITIAL_TEXT,TRANSFORMED_LAYOUT,blk.34.ssm_beta.weight,122880,491520,KQ-GGUF-RULE-CONVERTER-TRANSFORM-v1,KQ-GGUF-EVIDENCE-003,PROVEN_CONVERTER,Converter reorders grouped GDN value-head rows or columns to tiled GGML order
model.language_model.layers.34.linear_attn.in_proj_qkv.weight,BF16,10240x2560,26214400,52428800,text,gdn,34,,REQUIRED_INITIAL_TEXT,TRANSFORMED_LAYOUT,blk.34.attn_qkv.weight,26214400,27852800,KQ-GGUF-RULE-CONVERTER-TRANSFORM-v1,KQ-GGUF-EVIDENCE-003,PROVEN_CONVERTER,Converter reorders grouped GDN value-head rows or columns to tiled GGML order
model.language_model.layers.34.linear_attn.in_proj_z.weight,BF16,6144x2560,15728640,31457280,text,gdn,34,,REQUIRED_INITIAL_TEXT,TRANSFORMED_LAYOUT,blk.34.attn_gate.weight,15728640,16711680,KQ-GGUF-RULE-CONVERTER-TRANSFORM-v1,KQ-GGUF-EVIDENCE-003,PROVEN_CONVERTER,Converter reorders grouped GDN value-head rows or columns to tiled GGML order
model.language_model.layers.34.linear_attn.norm.weight,BF16,128,128,256,text,gdn,34,,REQUIRED_INITIAL_TEXT,RENAMED_ONE_TO_ONE,blk.34.ssm_norm.weight,128,512,KQ-GGUF-RULE-TENSOR-NAME-v1,KQ-GGUF-EVIDENCE-002,PROVEN_CONVERTER,GGUF dimensions use reversed physical dimension order
model.language_model.layers.34.linear_attn.out_proj.weight,BF16,2560x6144,15728640,31457280,text,gdn,34,,REQUIRED_INITIAL_TEXT,TRANSFORMED_LAYOUT,blk.34.ssm_out.weight,15728640,16711680,KQ-GGUF-RULE-CONVERTER-TRANSFORM-v1,KQ-GGUF-EVIDENCE-003,PROVEN_CONVERTER,Converter reorders grouped GDN value-head rows or columns to tiled GGML order
model.language_model.layers.34.mlp.experts.down_proj,BF16,512x2560x640,838860800,1677721600,text,routed_experts,34,STACKED_0_511,REQUIRED_INITIAL_TEXT,RENAMED_ONE_TO_ONE,blk.34.ffn_down_exps.weight,838860800,629145600,KQ-GGUF-RULE-TENSOR-NAME-v1,KQ-GGUF-EVIDENCE-002,PROVEN_CONVERTER,GGUF dimensions use reversed physical dimension order
model.language_model.layers.34.mlp.experts.gate_up_proj,BF16,512x1280x2560,1677721600,3355443200,text,routed_experts,34,STACKED_0_511,REQUIRED_INITIAL_TEXT,SPLIT_IN_GGUF,blk.34.ffn_gate_exps.weight;blk.34.ffn_up_exps.weight,1677721600,943718400,KQ-GGUF-RULE-MOE-SPLIT-v1,KQ-GGUF-EVIDENCE-004,PROVEN_CONVERTER,Canonical projection is split along the converter-defined projection dimension
model.language_model.layers.34.mlp.gate.weight,BF16,512x2560,1310720,2621440,text,router,34,,REQUIRED_INITIAL_TEXT,RENAMED_ONE_TO_ONE,blk.34.ffn_gate_inp.weight,1310720,5242880,KQ-GGUF-RULE-TENSOR-NAME-v1,KQ-GGUF-EVIDENCE-002,PROVEN_CONVERTER,GGUF dimensions use reversed physical dimension order
model.language_model.layers.34.mlp.shared_expert.down_proj.weight,BF16,2560x640,1638400,3276800,text,shared_expert,34,,REQUIRED_INITIAL_TEXT,RENAMED_ONE_TO_ONE,blk.34.ffn_down_shexp.weight,1638400,1740800,KQ-GGUF-RULE-TENSOR-NAME-v1,KQ-GGUF-EVIDENCE-002,PROVEN_CONVERTER,GGUF dimensions use reversed physical dimension order
model.language_model.layers.34.mlp.shared_expert.gate_proj.weight,BF16,640x2560,1638400,3276800,text,shared_expert,34,,REQUIRED_INITIAL_TEXT,RENAMED_ONE_TO_ONE,blk.34.ffn_gate_shexp.weight,1638400,1740800,KQ-GGUF-RULE-TENSOR-NAME-v1,KQ-GGUF-EVIDENCE-002,PROVEN_CONVERTER,GGUF dimensions use reversed physical dimension order
model.language_model.layers.34.mlp.shared_expert.up_proj.weight,BF16,640x2560,1638400,3276800,text,shared_expert,34,,REQUIRED_INITIAL_TEXT,RENAMED_ONE_TO_ONE,blk.34.ffn_up_shexp.weight,1638400,1740800,KQ-GGUF-RULE-TENSOR-NAME-v1,KQ-GGUF-EVIDENCE-002,PROVEN_CONVERTER,GGUF dimensions use reversed physical dimension order
model.language_model.layers.34.mlp.shared_expert_gate.weight,BF16,1x2560,2560,5120,text,shared_expert,34,,REQUIRED_INITIAL_TEXT,RENAMED_ONE_TO_ONE,blk.34.ffn_gate_inp_shexp.weight,2560,10240,KQ-GGUF-RULE-TENSOR-NAME-v1,KQ-GGUF-EVIDENCE-002,PROVEN_CONVERTER,GGUF dimensions use reversed physical dimension order
model.language_model.layers.34.mlp_hyper_connection.block_inject_weight.weight,BF16,4x10240,40960,81920,text,gated_residual,34,,REQUIRED_INITIAL_TEXT,RENAMED_ONE_TO_ONE,blk.34.hc_ffn_inject.weight,40960,163840,KQ-GGUF-RULE-TENSOR-NAME-v1,KQ-GGUF-EVIDENCE-002,PROVEN_CONVERTER,GGUF dimensions use reversed physical dimension order
model.language_model.layers.34.mlp_hyper_connection.hc_norm.weight,BF16,10240,10240,20480,text,gated_residual,34,,REQUIRED_INITIAL_TEXT,RENAMED_ONE_TO_ONE,blk.34.hc_ffn_norm.weight,10240,40960,KQ-GGUF-RULE-TENSOR-NAME-v1,KQ-GGUF-EVIDENCE-002,PROVEN_CONVERTER,GGUF dimensions use reversed physical dimension order
model.language_model.layers.34.mlp_hyper_connection.input_mix_weight_down.weight,BF16,320x10240,3276800,6553600,text,gated_residual,34,,REQUIRED_INITIAL_TEXT,RENAMED_ONE_TO_ONE,blk.34.hc_ffn_down.weight,3276800,3481600,KQ-GGUF-RULE-TENSOR-NAME-v1,KQ-GGUF-EVIDENCE-002,PROVEN_CONVERTER,GGUF dimensions use reversed physical dimension order
model.language_model.layers.34.mlp_hyper_connection.input_mix_weight_up.weight,BF16,10240x320,3276800,6553600,text,gated_residual,34,,REQUIRED_INITIAL_TEXT,RENAMED_ONE_TO_ONE,blk.34.hc_ffn_up.weight,3276800,3481600,KQ-GGUF-RULE-TENSOR-NAME-v1,KQ-GGUF-EVIDENCE-002,PROVEN_CONVERTER,GGUF dimensions use reversed physical dimension order
model.language_model.layers.35.attn_hyper_connection.block_inject_weight.weight,BF16,4x10240,40960,81920,text,gated_residual,35,,REQUIRED_INITIAL_TEXT,RENAMED_ONE_TO_ONE,blk.35.hc_attn_inject.weight,40960,163840,KQ-GGUF-RULE-TENSOR-NAME-v1,KQ-GGUF-EVIDENCE-002,PROVEN_CONVERTER,GGUF dimensions use reversed physical dimension order
model.language_model.layers.35.attn_hyper_connection.hc_norm.weight,BF16,10240,10240,20480,text,gated_residual,35,,REQUIRED_INITIAL_TEXT,RENAMED_ONE_TO_ONE,blk.35.hc_attn_norm.weight,10240,40960,KQ-GGUF-RULE-TENSOR-NAME-v1,KQ-GGUF-EVIDENCE-002,PROVEN_CONVERTER,GGUF dimensions use reversed physical dimension order
model.language_model.layers.35.attn_hyper_connection.input_mix_weight_down.weight,BF16,320x10240,3276800,6553600,text,gated_residual,35,,REQUIRED_INITIAL_TEXT,RENAMED_ONE_TO_ONE,blk.35.hc_attn_down.weight,3276800,3481600,KQ-GGUF-RULE-TENSOR-NAME-v1,KQ-GGUF-EVIDENCE-002,PROVEN_CONVERTER,GGUF dimensions use reversed physical dimension order
model.language_model.layers.35.attn_hyper_connection.input_mix_weight_up.weight,BF16,10240x320,3276800,6553600,text,gated_residual,35,,REQUIRED_INITIAL_TEXT,RENAMED_ONE_TO_ONE,blk.35.hc_attn_up.weight,3276800,3481600,KQ-GGUF-RULE-TENSOR-NAME-v1,KQ-GGUF-EVIDENCE-002,PROVEN_CONVERTER,GGUF dimensions use reversed physical dimension order
model.language_model.layers.35.mlp.experts.down_proj,BF16,512x2560x640,838860800,1677721600,text,routed_experts,35,STACKED_0_511,REQUIRED_INITIAL_TEXT,RENAMED_ONE_TO_ONE,blk.35.ffn_down_exps.weight,838860800,629145600,KQ-GGUF-RULE-TENSOR-NAME-v1,KQ-GGUF-EVIDENCE-002,PROVEN_CONVERTER,GGUF dimensions use reversed physical dimension order
model.language_model.layers.35.mlp.experts.gate_up_proj,BF16,512x1280x2560,1677721600,3355443200,text,routed_experts,35,STACKED_0_511,REQUIRED_INITIAL_TEXT,SPLIT_IN_GGUF,blk.35.ffn_gate_exps.weight;blk.35.ffn_up_exps.weight,1677721600,943718400,KQ-GGUF-RULE-MOE-SPLIT-v1,KQ-GGUF-EVIDENCE-004,PROVEN_CONVERTER,Canonical projection is split along the converter-defined projection dimension
model.language_model.layers.35.mlp.gate.weight,BF16,512x2560,1310720,2621440,text,router,35,,REQUIRED_INITIAL_TEXT,RENAMED_ONE_TO_ONE,blk.35.ffn_gate_inp.weight,1310720,5242880,KQ-GGUF-RULE-TENSOR-NAME-v1,KQ-GGUF-EVIDENCE-002,PROVEN_CONVERTER,GGUF dimensions use reversed physical dimension order
model.language_model.layers.35.mlp.shared_expert.down_proj.weight,BF16,2560x640,1638400,3276800,text,shared_expert,35,,REQUIRED_INITIAL_TEXT,RENAMED_ONE_TO_ONE,blk.35.ffn_down_shexp.weight,1638400,1740800,KQ-GGUF-RULE-TENSOR-NAME-v1,KQ-GGUF-EVIDENCE-002,PROVEN_CONVERTER,GGUF dimensions use reversed physical dimension order
model.language_model.layers.35.mlp.shared_expert.gate_proj.weight,BF16,640x2560,1638400,3276800,text,shared_expert,35,,REQUIRED_INITIAL_TEXT,RENAMED_ONE_TO_ONE,blk.35.ffn_gate_shexp.weight,1638400,1740800,KQ-GGUF-RULE-TENSOR-NAME-v1,KQ-GGUF-EVIDENCE-002,PROVEN_CONVERTER,GGUF dimensions use reversed physical dimension order
model.language_model.layers.35.mlp.shared_expert.up_proj.weight,BF16,640x2560,1638400,3276800,text,shared_expert,35,,REQUIRED_INITIAL_TEXT,RENAMED_ONE_TO_ONE,blk.35.ffn_up_shexp.weight,1638400,1740800,KQ-GGUF-RULE-TENSOR-NAME-v1,KQ-GGUF-EVIDENCE-002,PROVEN_CONVERTER,GGUF dimensions use reversed physical dimension order
model.language_model.layers.35.mlp.shared_expert_gate.weight,BF16,1x2560,2560,5120,text,shared_expert,35,,REQUIRED_INITIAL_TEXT,RENAMED_ONE_TO_ONE,blk.35.ffn_gate_inp_shexp.weight,2560,10240,KQ-GGUF-RULE-TENSOR-NAME-v1,KQ-GGUF-EVIDENCE-002,PROVEN_CONVERTER,GGUF dimensions use reversed physical dimension order
model.language_model.layers.35.mlp_hyper_connection.block_inject_weight.weight,BF16,4x10240,40960,81920,text,gated_residual,35,,REQUIRED_INITIAL_TEXT,RENAMED_ONE_TO_ONE,blk.35.hc_ffn_inject.weight,40960,163840,KQ-GGUF-RULE-TENSOR-NAME-v1,KQ-GGUF-EVIDENCE-002,PROVEN_CONVERTER,GGUF dimensions use reversed physical dimension order
model.language_model.layers.35.mlp_hyper_connection.hc_norm.weight,BF16,10240,10240,20480,text,gated_residual,35,,REQUIRED_INITIAL_TEXT,RENAMED_ONE_TO_ONE,blk.35.hc_ffn_norm.weight,10240,40960,KQ-GGUF-RULE-TENSOR-NAME-v1,KQ-GGUF-EVIDENCE-002,PROVEN_CONVERTER,GGUF dimensions use reversed physical dimension order
model.language_model.layers.35.mlp_hyper_connection.input_mix_weight_down.weight,BF16,320x10240,3276800,6553600,text,gated_residual,35,,REQUIRED_INITIAL_TEXT,RENAMED_ONE_TO_ONE,blk.35.hc_ffn_down.weight,3276800,3481600,KQ-GGUF-RULE-TENSOR-NAME-v1,KQ-GGUF-EVIDENCE-002,PROVEN_CONVERTER,GGUF dimensions use reversed physical dimension order
model.language_model.layers.35.mlp_hyper_connection.input_mix_weight_up.weight,BF16,10240x320,3276800,6553600,text,gated_residual,35,,REQUIRED_INITIAL_TEXT,RENAMED_ONE_TO_ONE,blk.35.hc_ffn_up.weight,3276800,3481600,KQ-GGUF-RULE-TENSOR-NAME-v1,KQ-GGUF-EVIDENCE-002,PROVEN_CONVERTER,GGUF dimensions use reversed physical dimension order
model.language_model.layers.35.self_attn.indexer.index_qk_proj.weight,BF16,640x2560,1638400,3276800,text,qsa_indexer,35,,REQUIRED_INITIAL_TEXT,SPLIT_IN_GGUF,blk.35.indexer.q_proj.weight;blk.35.indexer.k_proj.weight,1638400,3276800,KQ-GGUF-RULE-QSA-SPLIT-v1,KQ-GGUF-EVIDENCE-003,PROVEN_CONVERTER,Canonical projection is split along the converter-defined projection dimension
model.language_model.layers.35.self_attn.indexer.k_layernorm.weight,BF16,128,128,256,text,qsa_indexer,35,,REQUIRED_INITIAL_TEXT,RENAMED_ONE_TO_ONE,blk.35.indexer.k_norm.weight,128,512,KQ-GGUF-RULE-TENSOR-NAME-v1,KQ-GGUF-EVIDENCE-002,PROVEN_CONVERTER,GGUF dimensions use reversed physical dimension order
model.language_model.layers.35.self_attn.indexer.q_layernorm.weight,BF16,128,128,256,text,qsa_indexer,35,,REQUIRED_INITIAL_TEXT,RENAMED_ONE_TO_ONE,blk.35.indexer.q_norm.weight,128,512,KQ-GGUF-RULE-TENSOR-NAME-v1,KQ-GGUF-EVIDENCE-002,PROVEN_CONVERTER,GGUF dimensions use reversed physical dimension order
model.language_model.layers.35.self_attn.k_norm.weight,BF16,256,256,512,text,qsa_attention,35,,REQUIRED_INITIAL_TEXT,RENAMED_ONE_TO_ONE,blk.35.attn_k_norm.weight,256,1024,KQ-GGUF-RULE-TENSOR-NAME-v1,KQ-GGUF-EVIDENCE-002,PROVEN_CONVERTER,GGUF dimensions use reversed physical dimension order
model.language_model.layers.35.self_attn.k_proj.weight,BF16,512x2560,1310720,2621440,text,qsa_attention,35,,REQUIRED_INITIAL_TEXT,RENAMED_ONE_TO_ONE,blk.35.attn_k.weight,1310720,1392640,KQ-GGUF-RULE-TENSOR-NAME-v1,KQ-GGUF-EVIDENCE-002,PROVEN_CONVERTER,GGUF dimensions use reversed physical dimension order
model.language_model.layers.35.self_attn.o_proj.weight,BF16,2560x6144,15728640,31457280,text,qsa_attention,35,,REQUIRED_INITIAL_TEXT,RENAMED_ONE_TO_ONE,blk.35.attn_output.weight,15728640,16711680,KQ-GGUF-RULE-TENSOR-NAME-v1,KQ-GGUF-EVIDENCE-002,PROVEN_CONVERTER,GGUF dimensions use reversed physical dimension order
model.language_model.layers.35.self_attn.q_norm.weight,BF16,256,256,512,text,qsa_attention,35,,REQUIRED_INITIAL_TEXT,RENAMED_ONE_TO_ONE,blk.35.attn_q_norm.weight,256,1024,KQ-GGUF-RULE-TENSOR-NAME-v1,KQ-GGUF-EVIDENCE-002,PROVEN_CONVERTER,GGUF dimensions use reversed physical dimension order
model.language_model.layers.35.self_attn.q_proj.weight,BF16,12288x2560,31457280,62914560,text,qsa_attention,35,,REQUIRED_INITIAL_TEXT,RENAMED_ONE_TO_ONE,blk.35.attn_q.weight,31457280,33423360,KQ-GGUF-RULE-TENSOR-NAME-v1,KQ-GGUF-EVIDENCE-002,PROVEN_CONVERTER,GGUF dimensions use reversed physical dimension order
model.language_model.layers.35.self_attn.v_proj.weight,BF16,512x2560,1310720,2621440,text,qsa_attention,35,,REQUIRED_INITIAL_TEXT,RENAMED_ONE_TO_ONE,blk.35.attn_v.weight,1310720,1392640,KQ-GGUF-RULE-TENSOR-NAME-v1,KQ-GGUF-EVIDENCE-002,PROVEN_CONVERTER,GGUF dimensions use reversed physical dimension order
model.language_model.layers.36.attn_hyper_connection.block_inject_weight.weight,BF16,4x10240,40960,81920,text,gated_residual,36,,REQUIRED_INITIAL_TEXT,RENAMED_ONE_TO_ONE,blk.36.hc_attn_inject.weight,40960,163840,KQ-GGUF-RULE-TENSOR-NAME-v1,KQ-GGUF-EVIDENCE-002,PROVEN_CONVERTER,GGUF dimensions use reversed physical dimension order
model.language_model.layers.36.attn_hyper_connection.hc_norm.weight,BF16,10240,10240,20480,text,gated_residual,36,,REQUIRED_INITIAL_TEXT,RENAMED_ONE_TO_ONE,blk.36.hc_attn_norm.weight,10240,40960,KQ-GGUF-RULE-TENSOR-NAME-v1,KQ-GGUF-EVIDENCE-002,PROVEN_CONVERTER,GGUF dimensions use reversed physical dimension order
model.language_model.layers.36.attn_hyper_connection.input_mix_weight_down.weight,BF16,320x10240,3276800,6553600,text,gated_residual,36,,REQUIRED_INITIAL_TEXT,RENAMED_ONE_TO_ONE,blk.36.hc_attn_down.weight,3276800,3481600,KQ-GGUF-RULE-TENSOR-NAME-v1,KQ-GGUF-EVIDENCE-002,PROVEN_CONVERTER,GGUF dimensions use reversed physical dimension order
model.language_model.layers.36.attn_hyper_connection.input_mix_weight_up.weight,BF16,10240x320,3276800,6553600,text,gated_residual,36,,REQUIRED_INITIAL_TEXT,RENAMED_ONE_TO_ONE,blk.36.hc_attn_up.weight,3276800,3481600,KQ-GGUF-RULE-TENSOR-NAME-v1,KQ-GGUF-EVIDENCE-002,PROVEN_CONVERTER,GGUF dimensions use reversed physical dimension order
model.language_model.layers.36.linear_attn.A_log,BF16,48,48,96,text,gdn,36,,REQUIRED_INITIAL_TEXT,TRANSFORMED_LAYOUT,blk.36.ssm_a,48,192,KQ-GGUF-RULE-CONVERTER-TRANSFORM-v1,KQ-GGUF-EVIDENCE-003,PROVEN_CONVERTER,Converter stores -exp(A_log) in the one-to-one GGUF tensor
model.language_model.layers.36.linear_attn.conv1d.weight,BF16,10240x1x4,40960,81920,text,gdn,36,,REQUIRED_INITIAL_TEXT,TRANSFORMED_LAYOUT,blk.36.ssm_conv1d.weight,40960,163840,KQ-GGUF-RULE-CONVERTER-TRANSFORM-v1,KQ-GGUF-EVIDENCE-003,PROVEN_CONVERTER,Converter removes the singleton convolution dimension
model.language_model.layers.36.linear_attn.dt_bias,BF16,48,48,96,text,gdn,36,,REQUIRED_INITIAL_TEXT,RENAMED_ONE_TO_ONE,blk.36.ssm_dt.bias,48,192,KQ-GGUF-RULE-TENSOR-NAME-v1,KQ-GGUF-EVIDENCE-002,PROVEN_CONVERTER,GGUF dimensions use reversed physical dimension order
model.language_model.layers.36.linear_attn.in_proj_a.weight,BF16,48x2560,122880,245760,text,gdn,36,,REQUIRED_INITIAL_TEXT,TRANSFORMED_LAYOUT,blk.36.ssm_alpha.weight,122880,491520,KQ-GGUF-RULE-CONVERTER-TRANSFORM-v1,KQ-GGUF-EVIDENCE-003,PROVEN_CONVERTER,Converter reorders grouped GDN value-head rows or columns to tiled GGML order
model.language_model.layers.36.linear_attn.in_proj_b.weight,BF16,48x2560,122880,245760,text,gdn,36,,REQUIRED_INITIAL_TEXT,TRANSFORMED_LAYOUT,blk.36.ssm_beta.weight,122880,491520,KQ-GGUF-RULE-CONVERTER-TRANSFORM-v1,KQ-GGUF-EVIDENCE-003,PROVEN_CONVERTER,Converter reorders grouped GDN value-head rows or columns to tiled GGML order
model.language_model.layers.36.linear_attn.in_proj_qkv.weight,BF16,10240x2560,26214400,52428800,text,gdn,36,,REQUIRED_INITIAL_TEXT,TRANSFORMED_LAYOUT,blk.36.attn_qkv.weight,26214400,27852800,KQ-GGUF-RULE-CONVERTER-TRANSFORM-v1,KQ-GGUF-EVIDENCE-003,PROVEN_CONVERTER,Converter reorders grouped GDN value-head rows or columns to tiled GGML order
model.language_model.layers.36.linear_attn.in_proj_z.weight,BF16,6144x2560,15728640,31457280,text,gdn,36,,REQUIRED_INITIAL_TEXT,TRANSFORMED_LAYOUT,blk.36.attn_gate.weight,15728640,16711680,KQ-GGUF-RULE-CONVERTER-TRANSFORM-v1,KQ-GGUF-EVIDENCE-003,PROVEN_CONVERTER,Converter reorders grouped GDN value-head rows or columns to tiled GGML order
model.language_model.layers.36.linear_attn.norm.weight,BF16,128,128,256,text,gdn,36,,REQUIRED_INITIAL_TEXT,RENAMED_ONE_TO_ONE,blk.36.ssm_norm.weight,128,512,KQ-GGUF-RULE-TENSOR-NAME-v1,KQ-GGUF-EVIDENCE-002,PROVEN_CONVERTER,GGUF dimensions use reversed physical dimension order
model.language_model.layers.36.linear_attn.out_proj.weight,BF16,2560x6144,15728640,31457280,text,gdn,36,,REQUIRED_INITIAL_TEXT,TRANSFORMED_LAYOUT,blk.36.ssm_out.weight,15728640,16711680,KQ-GGUF-RULE-CONVERTER-TRANSFORM-v1,KQ-GGUF-EVIDENCE-003,PROVEN_CONVERTER,Converter reorders grouped GDN value-head rows or columns to tiled GGML order
model.language_model.layers.36.mlp.experts.down_proj,BF16,512x2560x640,838860800,1677721600,text,routed_experts,36,STACKED_0_511,REQUIRED_INITIAL_TEXT,RENAMED_ONE_TO_ONE,blk.36.ffn_down_exps.weight,838860800,629145600,KQ-GGUF-RULE-TENSOR-NAME-v1,KQ-GGUF-EVIDENCE-002,PROVEN_CONVERTER,GGUF dimensions use reversed physical dimension order
model.language_model.layers.36.mlp.experts.gate_up_proj,BF16,512x1280x2560,1677721600,3355443200,text,routed_experts,36,STACKED_0_511,REQUIRED_INITIAL_TEXT,SPLIT_IN_GGUF,blk.36.ffn_gate_exps.weight;blk.36.ffn_up_exps.weight,1677721600,943718400,KQ-GGUF-RULE-MOE-SPLIT-v1,KQ-GGUF-EVIDENCE-004,PROVEN_CONVERTER,Canonical projection is split along the converter-defined projection dimension
model.language_model.layers.36.mlp.gate.weight,BF16,512x2560,1310720,2621440,text,router,36,,REQUIRED_INITIAL_TEXT,RENAMED_ONE_TO_ONE,blk.36.ffn_gate_inp.weight,1310720,5242880,KQ-GGUF-RULE-TENSOR-NAME-v1,KQ-GGUF-EVIDENCE-002,PROVEN_CONVERTER,GGUF dimensions use reversed physical dimension order
model.language_model.layers.36.mlp.shared_expert.down_proj.weight,BF16,2560x640,1638400,3276800,text,shared_expert,36,,REQUIRED_INITIAL_TEXT,RENAMED_ONE_TO_ONE,blk.36.ffn_down_shexp.weight,1638400,1740800,KQ-GGUF-RULE-TENSOR-NAME-v1,KQ-GGUF-EVIDENCE-002,PROVEN_CONVERTER,GGUF dimensions use reversed physical dimension order
model.language_model.layers.36.mlp.shared_expert.gate_proj.weight,BF16,640x2560,1638400,3276800,text,shared_expert,36,,REQUIRED_INITIAL_TEXT,RENAMED_ONE_TO_ONE,blk.36.ffn_gate_shexp.weight,1638400,1740800,KQ-GGUF-RULE-TENSOR-NAME-v1,KQ-GGUF-EVIDENCE-002,PROVEN_CONVERTER,GGUF dimensions use reversed physical dimension order
model.language_model.layers.36.mlp.shared_expert.up_proj.weight,BF16,640x2560,1638400,3276800,text,shared_expert,36,,REQUIRED_INITIAL_TEXT,RENAMED_ONE_TO_ONE,blk.36.ffn_up_shexp.weight,1638400,1740800,KQ-GGUF-RULE-TENSOR-NAME-v1,KQ-GGUF-EVIDENCE-002,PROVEN_CONVERTER,GGUF dimensions use reversed physical dimension order
model.language_model.layers.36.mlp.shared_expert_gate.weight,BF16,1x2560,2560,5120,text,shared_expert,36,,REQUIRED_INITIAL_TEXT,RENAMED_ONE_TO_ONE,blk.36.ffn_gate_inp_shexp.weight,2560,10240,KQ-GGUF-RULE-TENSOR-NAME-v1,KQ-GGUF-EVIDENCE-002,PROVEN_CONVERTER,GGUF dimensions use reversed physical dimension order
model.language_model.layers.36.mlp_hyper_connection.block_inject_weight.weight,BF16,4x10240,40960,81920,text,gated_residual,36,,REQUIRED_INITIAL_TEXT,RENAMED_ONE_TO_ONE,blk.36.hc_ffn_inject.weight,40960,163840,KQ-GGUF-RULE-TENSOR-NAME-v1,KQ-GGUF-EVIDENCE-002,PROVEN_CONVERTER,GGUF dimensions use reversed physical dimension order
model.language_model.layers.36.mlp_hyper_connection.hc_norm.weight,BF16,10240,10240,20480,text,gated_residual,36,,REQUIRED_INITIAL_TEXT,RENAMED_ONE_TO_ONE,blk.36.hc_ffn_norm.weight,10240,40960,KQ-GGUF-RULE-TENSOR-NAME-v1,KQ-GGUF-EVIDENCE-002,PROVEN_CONVERTER,GGUF dimensions use reversed physical dimension order
model.language_model.layers.36.mlp_hyper_connection.input_mix_weight_down.weight,BF16,320x10240,3276800,6553600,text,gated_residual,36,,REQUIRED_INITIAL_TEXT,RENAMED_ONE_TO_ONE,blk.36.hc_ffn_down.weight,3276800,3481600,KQ-GGUF-RULE-TENSOR-NAME-v1,KQ-GGUF-EVIDENCE-002,PROVEN_CONVERTER,GGUF dimensions use reversed physical dimension order
model.language_model.layers.36.mlp_hyper_connection.input_mix_weight_up.weight,BF16,10240x320,3276800,6553600,text,gated_residual,36,,REQUIRED_INITIAL_TEXT,RENAMED_ONE_TO_ONE,blk.36.hc_ffn_up.weight,3276800,3481600,KQ-GGUF-RULE-TENSOR-NAME-v1,KQ-GGUF-EVIDENCE-002,PROVEN_CONVERTER,GGUF dimensions use reversed physical dimension order
model.language_model.layers.37.attn_hyper_connection.block_inject_weight.weight,BF16,4x10240,40960,81920,text,gated_residual,37,,REQUIRED_INITIAL_TEXT,RENAMED_ONE_TO_ONE,blk.37.hc_attn_inject.weight,40960,163840,KQ-GGUF-RULE-TENSOR-NAME-v1,KQ-GGUF-EVIDENCE-002,PROVEN_CONVERTER,GGUF dimensions use reversed physical dimension order
model.language_model.layers.37.attn_hyper_connection.hc_norm.weight,BF16,10240,10240,20480,text,gated_residual,37,,REQUIRED_INITIAL_TEXT,RENAMED_ONE_TO_ONE,blk.37.hc_attn_norm.weight,10240,40960,KQ-GGUF-RULE-TENSOR-NAME-v1,KQ-GGUF-EVIDENCE-002,PROVEN_CONVERTER,GGUF dimensions use reversed physical dimension order
model.language_model.layers.37.attn_hyper_connection.input_mix_weight_down.weight,BF16,320x10240,3276800,6553600,text,gated_residual,37,,REQUIRED_INITIAL_TEXT,RENAMED_ONE_TO_ONE,blk.37.hc_attn_down.weight,3276800,3481600,KQ-GGUF-RULE-TENSOR-NAME-v1,KQ-GGUF-EVIDENCE-002,PROVEN_CONVERTER,GGUF dimensions use reversed physical dimension order
model.language_model.layers.37.attn_hyper_connection.input_mix_weight_up.weight,BF16,10240x320,3276800,6553600,text,gated_residual,37,,REQUIRED_INITIAL_TEXT,RENAMED_ONE_TO_ONE,blk.37.hc_attn_up.weight,3276800,3481600,KQ-GGUF-RULE-TENSOR-NAME-v1,KQ-GGUF-EVIDENCE-002,PROVEN_CONVERTER,GGUF dimensions use reversed physical dimension order
model.language_model.layers.37.linear_attn.A_log,BF16,48,48,96,text,gdn,37,,REQUIRED_INITIAL_TEXT,TRANSFORMED_LAYOUT,blk.37.ssm_a,48,192,KQ-GGUF-RULE-CONVERTER-TRANSFORM-v1,KQ-GGUF-EVIDENCE-003,PROVEN_CONVERTER,Converter stores -exp(A_log) in the one-to-one GGUF tensor
model.language_model.layers.37.linear_attn.conv1d.weight,BF16,10240x1x4,40960,81920,text,gdn,37,,REQUIRED_INITIAL_TEXT,TRANSFORMED_LAYOUT,blk.37.ssm_conv1d.weight,40960,163840,KQ-GGUF-RULE-CONVERTER-TRANSFORM-v1,KQ-GGUF-EVIDENCE-003,PROVEN_CONVERTER,Converter removes the singleton convolution dimension
model.language_model.layers.37.linear_attn.dt_bias,BF16,48,48,96,text,gdn,37,,REQUIRED_INITIAL_TEXT,RENAMED_ONE_TO_ONE,blk.37.ssm_dt.bias,48,192,KQ-GGUF-RULE-TENSOR-NAME-v1,KQ-GGUF-EVIDENCE-002,PROVEN_CONVERTER,GGUF dimensions use reversed physical dimension order
model.language_model.layers.37.linear_attn.in_proj_a.weight,BF16,48x2560,122880,245760,text,gdn,37,,REQUIRED_INITIAL_TEXT,TRANSFORMED_LAYOUT,blk.37.ssm_alpha.weight,122880,491520,KQ-GGUF-RULE-CONVERTER-TRANSFORM-v1,KQ-GGUF-EVIDENCE-003,PROVEN_CONVERTER,Converter reorders grouped GDN value-head rows or columns to tiled GGML order
model.language_model.layers.37.linear_attn.in_proj_b.weight,BF16,48x2560,122880,245760,text,gdn,37,,REQUIRED_INITIAL_TEXT,TRANSFORMED_LAYOUT,blk.37.ssm_beta.weight,122880,491520,KQ-GGUF-RULE-CONVERTER-TRANSFORM-v1,KQ-GGUF-EVIDENCE-003,PROVEN_CONVERTER,Converter reorders grouped GDN value-head rows or columns to tiled GGML order
model.language_model.layers.37.linear_attn.in_proj_qkv.weight,BF16,10240x2560,26214400,52428800,text,gdn,37,,REQUIRED_INITIAL_TEXT,TRANSFORMED_LAYOUT,blk.37.attn_qkv.weight,26214400,27852800,KQ-GGUF-RULE-CONVERTER-TRANSFORM-v1,KQ-GGUF-EVIDENCE-003,PROVEN_CONVERTER,Converter reorders grouped GDN value-head rows or columns to tiled GGML order
model.language_model.layers.37.linear_attn.in_proj_z.weight,BF16,6144x2560,15728640,31457280,text,gdn,37,,REQUIRED_INITIAL_TEXT,TRANSFORMED_LAYOUT,blk.37.attn_gate.weight,15728640,16711680,KQ-GGUF-RULE-CONVERTER-TRANSFORM-v1,KQ-GGUF-EVIDENCE-003,PROVEN_CONVERTER,Converter reorders grouped GDN value-head rows or columns to tiled GGML order
model.language_model.layers.37.linear_attn.norm.weight,BF16,128,128,256,text,gdn,37,,REQUIRED_INITIAL_TEXT,RENAMED_ONE_TO_ONE,blk.37.ssm_norm.weight,128,512,KQ-GGUF-RULE-TENSOR-NAME-v1,KQ-GGUF-EVIDENCE-002,PROVEN_CONVERTER,GGUF dimensions use reversed physical dimension order
model.language_model.layers.37.linear_attn.out_proj.weight,BF16,2560x6144,15728640,31457280,text,gdn,37,,REQUIRED_INITIAL_TEXT,TRANSFORMED_LAYOUT,blk.37.ssm_out.weight,15728640,16711680,KQ-GGUF-RULE-CONVERTER-TRANSFORM-v1,KQ-GGUF-EVIDENCE-003,PROVEN_CONVERTER,Converter reorders grouped GDN value-head rows or columns to tiled GGML order
model.language_model.layers.37.mlp.experts.down_proj,BF16,512x2560x640,838860800,1677721600,text,routed_experts,37,STACKED_0_511,REQUIRED_INITIAL_TEXT,RENAMED_ONE_TO_ONE,blk.37.ffn_down_exps.weight,838860800,629145600,KQ-GGUF-RULE-TENSOR-NAME-v1,KQ-GGUF-EVIDENCE-002,PROVEN_CONVERTER,GGUF dimensions use reversed physical dimension order
model.language_model.layers.37.mlp.experts.gate_up_proj,BF16,512x1280x2560,1677721600,3355443200,text,routed_experts,37,STACKED_0_511,REQUIRED_INITIAL_TEXT,SPLIT_IN_GGUF,blk.37.ffn_gate_exps.weight;blk.37.ffn_up_exps.weight,1677721600,943718400,KQ-GGUF-RULE-MOE-SPLIT-v1,KQ-GGUF-EVIDENCE-004,PROVEN_CONVERTER,Canonical projection is split along the converter-defined projection dimension
model.language_model.layers.37.mlp.gate.weight,BF16,512x2560,1310720,2621440,text,router,37,,REQUIRED_INITIAL_TEXT,RENAMED_ONE_TO_ONE,blk.37.ffn_gate_inp.weight,1310720,5242880,KQ-GGUF-RULE-TENSOR-NAME-v1,KQ-GGUF-EVIDENCE-002,PROVEN_CONVERTER,GGUF dimensions use reversed physical dimension order
model.language_model.layers.37.mlp.shared_expert.down_proj.weight,BF16,2560x640,1638400,3276800,text,shared_expert,37,,REQUIRED_INITIAL_TEXT,RENAMED_ONE_TO_ONE,blk.37.ffn_down_shexp.weight,1638400,1740800,KQ-GGUF-RULE-TENSOR-NAME-v1,KQ-GGUF-EVIDENCE-002,PROVEN_CONVERTER,GGUF dimensions use reversed physical dimension order
model.language_model.layers.37.mlp.shared_expert.gate_proj.weight,BF16,640x2560,1638400,3276800,text,shared_expert,37,,REQUIRED_INITIAL_TEXT,RENAMED_ONE_TO_ONE,blk.37.ffn_gate_shexp.weight,1638400,1740800,KQ-GGUF-RULE-TENSOR-NAME-v1,KQ-GGUF-EVIDENCE-002,PROVEN_CONVERTER,GGUF dimensions use reversed physical dimension order
model.language_model.layers.37.mlp.shared_expert.up_proj.weight,BF16,640x2560,1638400,3276800,text,shared_expert,37,,REQUIRED_INITIAL_TEXT,RENAMED_ONE_TO_ONE,blk.37.ffn_up_shexp.weight,1638400,1740800,KQ-GGUF-RULE-TENSOR-NAME-v1,KQ-GGUF-EVIDENCE-002,PROVEN_CONVERTER,GGUF dimensions use reversed physical dimension order
model.language_model.layers.37.mlp.shared_expert_gate.weight,BF16,1x2560,2560,5120,text,shared_expert,37,,REQUIRED_INITIAL_TEXT,RENAMED_ONE_TO_ONE,blk.37.ffn_gate_inp_shexp.weight,2560,10240,KQ-GGUF-RULE-TENSOR-NAME-v1,KQ-GGUF-EVIDENCE-002,PROVEN_CONVERTER,GGUF dimensions use reversed physical dimension order
model.language_model.layers.37.mlp_hyper_connection.block_inject_weight.weight,BF16,4x10240,40960,81920,text,gated_residual,37,,REQUIRED_INITIAL_TEXT,RENAMED_ONE_TO_ONE,blk.37.hc_ffn_inject.weight,40960,163840,KQ-GGUF-RULE-TENSOR-NAME-v1,KQ-GGUF-EVIDENCE-002,PROVEN_CONVERTER,GGUF dimensions use reversed physical dimension order
model.language_model.layers.37.mlp_hyper_connection.hc_norm.weight,BF16,10240,10240,20480,text,gated_residual,37,,REQUIRED_INITIAL_TEXT,RENAMED_ONE_TO_ONE,blk.37.hc_ffn_norm.weight,10240,40960,KQ-GGUF-RULE-TENSOR-NAME-v1,KQ-GGUF-EVIDENCE-002,PROVEN_CONVERTER,GGUF dimensions use reversed physical dimension order
model.language_model.layers.37.mlp_hyper_connection.input_mix_weight_down.weight,BF16,320x10240,3276800,6553600,text,gated_residual,37,,REQUIRED_INITIAL_TEXT,RENAMED_ONE_TO_ONE,blk.37.hc_ffn_down.weight,3276800,3481600,KQ-GGUF-RULE-TENSOR-NAME-v1,KQ-GGUF-EVIDENCE-002,PROVEN_CONVERTER,GGUF dimensions use reversed physical dimension order
model.language_model.layers.37.mlp_hyper_connection.input_mix_weight_up.weight,BF16,10240x320,3276800,6553600,text,gated_residual,37,,REQUIRED_INITIAL_TEXT,RENAMED_ONE_TO_ONE,blk.37.hc_ffn_up.weight,3276800,3481600,KQ-GGUF-RULE-TENSOR-NAME-v1,KQ-GGUF-EVIDENCE-002,PROVEN_CONVERTER,GGUF dimensions use reversed physical dimension order
model.language_model.layers.38.attn_hyper_connection.block_inject_weight.weight,BF16,4x10240,40960,81920,text,gated_residual,38,,REQUIRED_INITIAL_TEXT,RENAMED_ONE_TO_ONE,blk.38.hc_attn_inject.weight,40960,163840,KQ-GGUF-RULE-TENSOR-NAME-v1,KQ-GGUF-EVIDENCE-002,PROVEN_CONVERTER,GGUF dimensions use reversed physical dimension order
model.language_model.layers.38.attn_hyper_connection.hc_norm.weight,BF16,10240,10240,20480,text,gated_residual,38,,REQUIRED_INITIAL_TEXT,RENAMED_ONE_TO_ONE,blk.38.hc_attn_norm.weight,10240,40960,KQ-GGUF-RULE-TENSOR-NAME-v1,KQ-GGUF-EVIDENCE-002,PROVEN_CONVERTER,GGUF dimensions use reversed physical dimension order
model.language_model.layers.38.attn_hyper_connection.input_mix_weight_down.weight,BF16,320x10240,3276800,6553600,text,gated_residual,38,,REQUIRED_INITIAL_TEXT,RENAMED_ONE_TO_ONE,blk.38.hc_attn_down.weight,3276800,3481600,KQ-GGUF-RULE-TENSOR-NAME-v1,KQ-GGUF-EVIDENCE-002,PROVEN_CONVERTER,GGUF dimensions use reversed physical dimension order
model.language_model.layers.38.attn_hyper_connection.input_mix_weight_up.weight,BF16,10240x320,3276800,6553600,text,gated_residual,38,,REQUIRED_INITIAL_TEXT,RENAMED_ONE_TO_ONE,blk.38.hc_attn_up.weight,3276800,3481600,KQ-GGUF-RULE-TENSOR-NAME-v1,KQ-GGUF-EVIDENCE-002,PROVEN_CONVERTER,GGUF dimensions use reversed physical dimension order
model.language_model.layers.38.linear_attn.A_log,BF16,48,48,96,text,gdn,38,,REQUIRED_INITIAL_TEXT,TRANSFORMED_LAYOUT,blk.38.ssm_a,48,192,KQ-GGUF-RULE-CONVERTER-TRANSFORM-v1,KQ-GGUF-EVIDENCE-003,PROVEN_CONVERTER,Converter stores -exp(A_log) in the one-to-one GGUF tensor
model.language_model.layers.38.linear_attn.conv1d.weight,BF16,10240x1x4,40960,81920,text,gdn,38,,REQUIRED_INITIAL_TEXT,TRANSFORMED_LAYOUT,blk.38.ssm_conv1d.weight,40960,163840,KQ-GGUF-RULE-CONVERTER-TRANSFORM-v1,KQ-GGUF-EVIDENCE-003,PROVEN_CONVERTER,Converter removes the singleton convolution dimension
model.language_model.layers.38.linear_attn.dt_bias,BF16,48,48,96,text,gdn,38,,REQUIRED_INITIAL_TEXT,RENAMED_ONE_TO_ONE,blk.38.ssm_dt.bias,48,192,KQ-GGUF-RULE-TENSOR-NAME-v1,KQ-GGUF-EVIDENCE-002,PROVEN_CONVERTER,GGUF dimensions use reversed physical dimension order
model.language_model.layers.38.linear_attn.in_proj_a.weight,BF16,48x2560,122880,245760,text,gdn,38,,REQUIRED_INITIAL_TEXT,TRANSFORMED_LAYOUT,blk.38.ssm_alpha.weight,122880,491520,KQ-GGUF-RULE-CONVERTER-TRANSFORM-v1,KQ-GGUF-EVIDENCE-003,PROVEN_CONVERTER,Converter reorders grouped GDN value-head rows or columns to tiled GGML order
model.language_model.layers.38.linear_attn.in_proj_b.weight,BF16,48x2560,122880,245760,text,gdn,38,,REQUIRED_INITIAL_TEXT,TRANSFORMED_LAYOUT,blk.38.ssm_beta.weight,122880,491520,KQ-GGUF-RULE-CONVERTER-TRANSFORM-v1,KQ-GGUF-EVIDENCE-003,PROVEN_CONVERTER,Converter reorders grouped GDN value-head rows or columns to tiled GGML order
model.language_model.layers.38.linear_attn.in_proj_qkv.weight,BF16,10240x2560,26214400,52428800,text,gdn,38,,REQUIRED_INITIAL_TEXT,TRANSFORMED_LAYOUT,blk.38.attn_qkv.weight,26214400,27852800,KQ-GGUF-RULE-CONVERTER-TRANSFORM-v1,KQ-GGUF-EVIDENCE-003,PROVEN_CONVERTER,Converter reorders grouped GDN value-head rows or columns to tiled GGML order
model.language_model.layers.38.linear_attn.in_proj_z.weight,BF16,6144x2560,15728640,31457280,text,gdn,38,,REQUIRED_INITIAL_TEXT,TRANSFORMED_LAYOUT,blk.38.attn_gate.weight,15728640,16711680,KQ-GGUF-RULE-CONVERTER-TRANSFORM-v1,KQ-GGUF-EVIDENCE-003,PROVEN_CONVERTER,Converter reorders grouped GDN value-head rows or columns to tiled GGML order
model.language_model.layers.38.linear_attn.norm.weight,BF16,128,128,256,text,gdn,38,,REQUIRED_INITIAL_TEXT,RENAMED_ONE_TO_ONE,blk.38.ssm_norm.weight,128,512,KQ-GGUF-RULE-TENSOR-NAME-v1,KQ-GGUF-EVIDENCE-002,PROVEN_CONVERTER,GGUF dimensions use reversed physical dimension order
model.language_model.layers.38.linear_attn.out_proj.weight,BF16,2560x6144,15728640,31457280,text,gdn,38,,REQUIRED_INITIAL_TEXT,TRANSFORMED_LAYOUT,blk.38.ssm_out.weight,15728640,16711680,KQ-GGUF-RULE-CONVERTER-TRANSFORM-v1,KQ-GGUF-EVIDENCE-003,PROVEN_CONVERTER,Converter reorders grouped GDN value-head rows or columns to tiled GGML order
model.language_model.layers.38.mlp.experts.down_proj,BF16,512x2560x640,838860800,1677721600,text,routed_experts,38,STACKED_0_511,REQUIRED_INITIAL_TEXT,RENAMED_ONE_TO_ONE,blk.38.ffn_down_exps.weight,838860800,629145600,KQ-GGUF-RULE-TENSOR-NAME-v1,KQ-GGUF-EVIDENCE-002,PROVEN_CONVERTER,GGUF dimensions use reversed physical dimension order
model.language_model.layers.38.mlp.experts.gate_up_proj,BF16,512x1280x2560,1677721600,3355443200,text,routed_experts,38,STACKED_0_511,REQUIRED_INITIAL_TEXT,SPLIT_IN_GGUF,blk.38.ffn_gate_exps.weight;blk.38.ffn_up_exps.weight,1677721600,943718400,KQ-GGUF-RULE-MOE-SPLIT-v1,KQ-GGUF-EVIDENCE-004,PROVEN_CONVERTER,Canonical projection is split along the converter-defined projection dimension
model.language_model.layers.38.mlp.gate.weight,BF16,512x2560,1310720,2621440,text,router,38,,REQUIRED_INITIAL_TEXT,RENAMED_ONE_TO_ONE,blk.38.ffn_gate_inp.weight,1310720,5242880,KQ-GGUF-RULE-TENSOR-NAME-v1,KQ-GGUF-EVIDENCE-002,PROVEN_CONVERTER,GGUF dimensions use reversed physical dimension order
model.language_model.layers.38.mlp.shared_expert.down_proj.weight,BF16,2560x640,1638400,3276800,text,shared_expert,38,,REQUIRED_INITIAL_TEXT,RENAMED_ONE_TO_ONE,blk.38.ffn_down_shexp.weight,1638400,1740800,KQ-GGUF-RULE-TENSOR-NAME-v1,KQ-GGUF-EVIDENCE-002,PROVEN_CONVERTER,GGUF dimensions use reversed physical dimension order
model.language_model.layers.38.mlp.shared_expert.gate_proj.weight,BF16,640x2560,1638400,3276800,text,shared_expert,38,,REQUIRED_INITIAL_TEXT,RENAMED_ONE_TO_ONE,blk.38.ffn_gate_shexp.weight,1638400,1740800,KQ-GGUF-RULE-TENSOR-NAME-v1,KQ-GGUF-EVIDENCE-002,PROVEN_CONVERTER,GGUF dimensions use reversed physical dimension order
model.language_model.layers.38.mlp.shared_expert.up_proj.weight,BF16,640x2560,1638400,3276800,text,shared_expert,38,,REQUIRED_INITIAL_TEXT,RENAMED_ONE_TO_ONE,blk.38.ffn_up_shexp.weight,1638400,1740800,KQ-GGUF-RULE-TENSOR-NAME-v1,KQ-GGUF-EVIDENCE-002,PROVEN_CONVERTER,GGUF dimensions use reversed physical dimension order
model.language_model.layers.38.mlp.shared_expert_gate.weight,BF16,1x2560,2560,5120,text,shared_expert,38,,REQUIRED_INITIAL_TEXT,RENAMED_ONE_TO_ONE,blk.38.ffn_gate_inp_shexp.weight,2560,10240,KQ-GGUF-RULE-TENSOR-NAME-v1,KQ-GGUF-EVIDENCE-002,PROVEN_CONVERTER,GGUF dimensions use reversed physical dimension order
model.language_model.layers.38.mlp_hyper_connection.block_inject_weight.weight,BF16,4x10240,40960,81920,text,gated_residual,38,,REQUIRED_INITIAL_TEXT,RENAMED_ONE_TO_ONE,blk.38.hc_ffn_inject.weight,40960,163840,KQ-GGUF-RULE-TENSOR-NAME-v1,KQ-GGUF-EVIDENCE-002,PROVEN_CONVERTER,GGUF dimensions use reversed physical dimension order
model.language_model.layers.38.mlp_hyper_connection.hc_norm.weight,BF16,10240,10240,20480,text,gated_residual,38,,REQUIRED_INITIAL_TEXT,RENAMED_ONE_TO_ONE,blk.38.hc_ffn_norm.weight,10240,40960,KQ-GGUF-RULE-TENSOR-NAME-v1,KQ-GGUF-EVIDENCE-002,PROVEN_CONVERTER,GGUF dimensions use reversed physical dimension order
model.language_model.layers.38.mlp_hyper_connection.input_mix_weight_down.weight,BF16,320x10240,3276800,6553600,text,gated_residual,38,,REQUIRED_INITIAL_TEXT,RENAMED_ONE_TO_ONE,blk.38.hc_ffn_down.weight,3276800,3481600,KQ-GGUF-RULE-TENSOR-NAME-v1,KQ-GGUF-EVIDENCE-002,PROVEN_CONVERTER,GGUF dimensions use reversed physical dimension order
model.language_model.layers.38.mlp_hyper_connection.input_mix_weight_up.weight,BF16,10240x320,3276800,6553600,text,gated_residual,38,,REQUIRED_INITIAL_TEXT,RENAMED_ONE_TO_ONE,blk.38.hc_ffn_up.weight,3276800,3481600,KQ-GGUF-RULE-TENSOR-NAME-v1,KQ-GGUF-EVIDENCE-002,PROVEN_CONVERTER,GGUF dimensions use reversed physical dimension order
model.language_model.layers.39.attn_hyper_connection.block_inject_weight.weight,BF16,4x10240,40960,81920,text,gated_residual,39,,REQUIRED_INITIAL_TEXT,RENAMED_ONE_TO_ONE,blk.39.hc_attn_inject.weight,40960,163840,KQ-GGUF-RULE-TENSOR-NAME-v1,KQ-GGUF-EVIDENCE-002,PROVEN_CONVERTER,GGUF dimensions use reversed physical dimension order
model.language_model.layers.39.attn_hyper_connection.hc_norm.weight,BF16,10240,10240,20480,text,gated_residual,39,,REQUIRED_INITIAL_TEXT,RENAMED_ONE_TO_ONE,blk.39.hc_attn_norm.weight,10240,40960,KQ-GGUF-RULE-TENSOR-NAME-v1,KQ-GGUF-EVIDENCE-002,PROVEN_CONVERTER,GGUF dimensions use reversed physical dimension order
model.language_model.layers.39.attn_hyper_connection.input_mix_weight_down.weight,BF16,320x10240,3276800,6553600,text,gated_residual,39,,REQUIRED_INITIAL_TEXT,RENAMED_ONE_TO_ONE,blk.39.hc_attn_down.weight,3276800,3481600,KQ-GGUF-RULE-TENSOR-NAME-v1,KQ-GGUF-EVIDENCE-002,PROVEN_CONVERTER,GGUF dimensions use reversed physical dimension order
model.language_model.layers.39.attn_hyper_connection.input_mix_weight_up.weight,BF16,10240x320,3276800,6553600,text,gated_residual,39,,REQUIRED_INITIAL_TEXT,RENAMED_ONE_TO_ONE,blk.39.hc_attn_up.weight,3276800,3481600,KQ-GGUF-RULE-TENSOR-NAME-v1,KQ-GGUF-EVIDENCE-002,PROVEN_CONVERTER,GGUF dimensions use reversed physical dimension order
model.language_model.layers.39.mlp.experts.down_proj,BF16,512x2560x640,838860800,1677721600,text,routed_experts,39,STACKED_0_511,REQUIRED_INITIAL_TEXT,RENAMED_ONE_TO_ONE,blk.39.ffn_down_exps.weight,838860800,629145600,KQ-GGUF-RULE-TENSOR-NAME-v1,KQ-GGUF-EVIDENCE-002,PROVEN_CONVERTER,GGUF dimensions use reversed physical dimension order
model.language_model.layers.39.mlp.experts.gate_up_proj,BF16,512x1280x2560,1677721600,3355443200,text,routed_experts,39,STACKED_0_511,REQUIRED_INITIAL_TEXT,SPLIT_IN_GGUF,blk.39.ffn_gate_exps.weight;blk.39.ffn_up_exps.weight,1677721600,943718400,KQ-GGUF-RULE-MOE-SPLIT-v1,KQ-GGUF-EVIDENCE-004,PROVEN_CONVERTER,Canonical projection is split along the converter-defined projection dimension
model.language_model.layers.39.mlp.gate.weight,BF16,512x2560,1310720,2621440,text,router,39,,REQUIRED_INITIAL_TEXT,RENAMED_ONE_TO_ONE,blk.39.ffn_gate_inp.weight,1310720,5242880,KQ-GGUF-RULE-TENSOR-NAME-v1,KQ-GGUF-EVIDENCE-002,PROVEN_CONVERTER,GGUF dimensions use reversed physical dimension order
model.language_model.layers.39.mlp.shared_expert.down_proj.weight,BF16,2560x640,1638400,3276800,text,shared_expert,39,,REQUIRED_INITIAL_TEXT,RENAMED_ONE_TO_ONE,blk.39.ffn_down_shexp.weight,1638400,1740800,KQ-GGUF-RULE-TENSOR-NAME-v1,KQ-GGUF-EVIDENCE-002,PROVEN_CONVERTER,GGUF dimensions use reversed physical dimension order
model.language_model.layers.39.mlp.shared_expert.gate_proj.weight,BF16,640x2560,1638400,3276800,text,shared_expert,39,,REQUIRED_INITIAL_TEXT,RENAMED_ONE_TO_ONE,blk.39.ffn_gate_shexp.weight,1638400,1740800,KQ-GGUF-RULE-TENSOR-NAME-v1,KQ-GGUF-EVIDENCE-002,PROVEN_CONVERTER,GGUF dimensions use reversed physical dimension order
model.language_model.layers.39.mlp.shared_expert.up_proj.weight,BF16,640x2560,1638400,3276800,text,shared_expert,39,,REQUIRED_INITIAL_TEXT,RENAMED_ONE_TO_ONE,blk.39.ffn_up_shexp.weight,1638400,1740800,KQ-GGUF-RULE-TENSOR-NAME-v1,KQ-GGUF-EVIDENCE-002,PROVEN_CONVERTER,GGUF dimensions use reversed physical dimension order
model.language_model.layers.39.mlp.shared_expert_gate.weight,BF16,1x2560,2560,5120,text,shared_expert,39,,REQUIRED_INITIAL_TEXT,RENAMED_ONE_TO_ONE,blk.39.ffn_gate_inp_shexp.weight,2560,10240,KQ-GGUF-RULE-TENSOR-NAME-v1,KQ-GGUF-EVIDENCE-002,PROVEN_CONVERTER,GGUF dimensions use reversed physical dimension order
model.language_model.layers.39.mlp_hyper_connection.block_inject_weight.weight,BF16,4x10240,40960,81920,text,gated_residual,39,,REQUIRED_INITIAL_TEXT,RENAMED_ONE_TO_ONE,blk.39.hc_ffn_inject.weight,40960,163840,KQ-GGUF-RULE-TENSOR-NAME-v1,KQ-GGUF-EVIDENCE-002,PROVEN_CONVERTER,GGUF dimensions use reversed physical dimension order
model.language_model.layers.39.mlp_hyper_connection.hc_norm.weight,BF16,10240,10240,20480,text,gated_residual,39,,REQUIRED_INITIAL_TEXT,RENAMED_ONE_TO_ONE,blk.39.hc_ffn_norm.weight,10240,40960,KQ-GGUF-RULE-TENSOR-NAME-v1,KQ-GGUF-EVIDENCE-002,PROVEN_CONVERTER,GGUF dimensions use reversed physical dimension order
model.language_model.layers.39.mlp_hyper_connection.input_mix_weight_down.weight,BF16,320x10240,3276800,6553600,text,gated_residual,39,,REQUIRED_INITIAL_TEXT,RENAMED_ONE_TO_ONE,blk.39.hc_ffn_down.weight,3276800,3481600,KQ-GGUF-RULE-TENSOR-NAME-v1,KQ-GGUF-EVIDENCE-002,PROVEN_CONVERTER,GGUF dimensions use reversed physical dimension order
model.language_model.layers.39.mlp_hyper_connection.input_mix_weight_up.weight,BF16,10240x320,3276800,6553600,text,gated_residual,39,,REQUIRED_INITIAL_TEXT,RENAMED_ONE_TO_ONE,blk.39.hc_ffn_up.weight,3276800,3481600,KQ-GGUF-RULE-TENSOR-NAME-v1,KQ-GGUF-EVIDENCE-002,PROVEN_CONVERTER,GGUF dimensions use reversed physical dimension order
model.language_model.layers.39.self_attn.indexer.index_qk_proj.weight,BF16,640x2560,1638400,3276800,text,qsa_indexer,39,,REQUIRED_INITIAL_TEXT,SPLIT_IN_GGUF,blk.39.indexer.q_proj.weight;blk.39.indexer.k_proj.weight,1638400,3276800,KQ-GGUF-RULE-QSA-SPLIT-v1,KQ-GGUF-EVIDENCE-003,PROVEN_CONVERTER,Canonical projection is split along the converter-defined projection dimension
model.language_model.layers.39.self_attn.indexer.k_layernorm.weight,BF16,128,128,256,text,qsa_indexer,39,,REQUIRED_INITIAL_TEXT,RENAMED_ONE_TO_ONE,blk.39.indexer.k_norm.weight,128,512,KQ-GGUF-RULE-TENSOR-NAME-v1,KQ-GGUF-EVIDENCE-002,PROVEN_CONVERTER,GGUF dimensions use reversed physical dimension order
model.language_model.layers.39.self_attn.indexer.q_layernorm.weight,BF16,128,128,256,text,qsa_indexer,39,,REQUIRED_INITIAL_TEXT,RENAMED_ONE_TO_ONE,blk.39.indexer.q_norm.weight,128,512,KQ-GGUF-RULE-TENSOR-NAME-v1,KQ-GGUF-EVIDENCE-002,PROVEN_CONVERTER,GGUF dimensions use reversed physical dimension order
model.language_model.layers.39.self_attn.k_norm.weight,BF16,256,256,512,text,qsa_attention,39,,REQUIRED_INITIAL_TEXT,RENAMED_ONE_TO_ONE,blk.39.attn_k_norm.weight,256,1024,KQ-GGUF-RULE-TENSOR-NAME-v1,KQ-GGUF-EVIDENCE-002,PROVEN_CONVERTER,GGUF dimensions use reversed physical dimension order
model.language_model.layers.39.self_attn.k_proj.weight,BF16,512x2560,1310720,2621440,text,qsa_attention,39,,REQUIRED_INITIAL_TEXT,RENAMED_ONE_TO_ONE,blk.39.attn_k.weight,1310720,1392640,KQ-GGUF-RULE-TENSOR-NAME-v1,KQ-GGUF-EVIDENCE-002,PROVEN_CONVERTER,GGUF dimensions use reversed physical dimension order
model.language_model.layers.39.self_attn.o_proj.weight,BF16,2560x6144,15728640,31457280,text,qsa_attention,39,,REQUIRED_INITIAL_TEXT,RENAMED_ONE_TO_ONE,blk.39.attn_output.weight,15728640,16711680,KQ-GGUF-RULE-TENSOR-NAME-v1,KQ-GGUF-EVIDENCE-002,PROVEN_CONVERTER,GGUF dimensions use reversed physical dimension order
model.language_model.layers.39.self_attn.q_norm.weight,BF16,256,256,512,text,qsa_attention,39,,REQUIRED_INITIAL_TEXT,RENAMED_ONE_TO_ONE,blk.39.attn_q_norm.weight,256,1024,KQ-GGUF-RULE-TENSOR-NAME-v1,KQ-GGUF-EVIDENCE-002,PROVEN_CONVERTER,GGUF dimensions use reversed physical dimension order
model.language_model.layers.39.self_attn.q_proj.weight,BF16,12288x2560,31457280,62914560,text,qsa_attention,39,,REQUIRED_INITIAL_TEXT,RENAMED_ONE_TO_ONE,blk.39.attn_q.weight,31457280,33423360,KQ-GGUF-RULE-TENSOR-NAME-v1,KQ-GGUF-EVIDENCE-002,PROVEN_CONVERTER,GGUF dimensions use reversed physical dimension order
model.language_model.layers.39.self_attn.v_proj.weight,BF16,512x2560,1310720,2621440,text,qsa_attention,39,,REQUIRED_INITIAL_TEXT,RENAMED_ONE_TO_ONE,blk.39.attn_v.weight,1310720,1392640,KQ-GGUF-RULE-TENSOR-NAME-v1,KQ-GGUF-EVIDENCE-002,PROVEN_CONVERTER,GGUF dimensions use reversed physical dimension order
model.language_model.layers.4.attn_hyper_connection.block_inject_weight.weight,BF16,4x10240,40960,81920,text,gated_residual,4,,REQUIRED_INITIAL_TEXT,RENAMED_ONE_TO_ONE,blk.4.hc_attn_inject.weight,40960,163840,KQ-GGUF-RULE-TENSOR-NAME-v1,KQ-GGUF-EVIDENCE-002,PROVEN_CONVERTER,GGUF dimensions use reversed physical dimension order
model.language_model.layers.4.attn_hyper_connection.hc_norm.weight,BF16,10240,10240,20480,text,gated_residual,4,,REQUIRED_INITIAL_TEXT,RENAMED_ONE_TO_ONE,blk.4.hc_attn_norm.weight,10240,40960,KQ-GGUF-RULE-TENSOR-NAME-v1,KQ-GGUF-EVIDENCE-002,PROVEN_CONVERTER,GGUF dimensions use reversed physical dimension order
model.language_model.layers.4.attn_hyper_connection.input_mix_weight_down.weight,BF16,320x10240,3276800,6553600,text,gated_residual,4,,REQUIRED_INITIAL_TEXT,RENAMED_ONE_TO_ONE,blk.4.hc_attn_down.weight,3276800,3481600,KQ-GGUF-RULE-TENSOR-NAME-v1,KQ-GGUF-EVIDENCE-002,PROVEN_CONVERTER,GGUF dimensions use reversed physical dimension order
model.language_model.layers.4.attn_hyper_connection.input_mix_weight_up.weight,BF16,10240x320,3276800,6553600,text,gated_residual,4,,REQUIRED_INITIAL_TEXT,RENAMED_ONE_TO_ONE,blk.4.hc_attn_up.weight,3276800,3481600,KQ-GGUF-RULE-TENSOR-NAME-v1,KQ-GGUF-EVIDENCE-002,PROVEN_CONVERTER,GGUF dimensions use reversed physical dimension order
model.language_model.layers.4.linear_attn.A_log,BF16,48,48,96,text,gdn,4,,REQUIRED_INITIAL_TEXT,TRANSFORMED_LAYOUT,blk.4.ssm_a,48,192,KQ-GGUF-RULE-CONVERTER-TRANSFORM-v1,KQ-GGUF-EVIDENCE-003,PROVEN_CONVERTER,Converter stores -exp(A_log) in the one-to-one GGUF tensor
model.language_model.layers.4.linear_attn.conv1d.weight,BF16,10240x1x4,40960,81920,text,gdn,4,,REQUIRED_INITIAL_TEXT,TRANSFORMED_LAYOUT,blk.4.ssm_conv1d.weight,40960,163840,KQ-GGUF-RULE-CONVERTER-TRANSFORM-v1,KQ-GGUF-EVIDENCE-003,PROVEN_CONVERTER,Converter removes the singleton convolution dimension
model.language_model.layers.4.linear_attn.dt_bias,BF16,48,48,96,text,gdn,4,,REQUIRED_INITIAL_TEXT,RENAMED_ONE_TO_ONE,blk.4.ssm_dt.bias,48,192,KQ-GGUF-RULE-TENSOR-NAME-v1,KQ-GGUF-EVIDENCE-002,PROVEN_CONVERTER,GGUF dimensions use reversed physical dimension order
model.language_model.layers.4.linear_attn.in_proj_a.weight,BF16,48x2560,122880,245760,text,gdn,4,,REQUIRED_INITIAL_TEXT,TRANSFORMED_LAYOUT,blk.4.ssm_alpha.weight,122880,491520,KQ-GGUF-RULE-CONVERTER-TRANSFORM-v1,KQ-GGUF-EVIDENCE-003,PROVEN_CONVERTER,Converter reorders grouped GDN value-head rows or columns to tiled GGML order
model.language_model.layers.4.linear_attn.in_proj_b.weight,BF16,48x2560,122880,245760,text,gdn,4,,REQUIRED_INITIAL_TEXT,TRANSFORMED_LAYOUT,blk.4.ssm_beta.weight,122880,491520,KQ-GGUF-RULE-CONVERTER-TRANSFORM-v1,KQ-GGUF-EVIDENCE-003,PROVEN_CONVERTER,Converter reorders grouped GDN value-head rows or columns to tiled GGML order
model.language_model.layers.4.linear_attn.in_proj_qkv.weight,BF16,10240x2560,26214400,52428800,text,gdn,4,,REQUIRED_INITIAL_TEXT,TRANSFORMED_LAYOUT,blk.4.attn_qkv.weight,26214400,27852800,KQ-GGUF-RULE-CONVERTER-TRANSFORM-v1,KQ-GGUF-EVIDENCE-003,PROVEN_CONVERTER,Converter reorders grouped GDN value-head rows or columns to tiled GGML order
model.language_model.layers.4.linear_attn.in_proj_z.weight,BF16,6144x2560,15728640,31457280,text,gdn,4,,REQUIRED_INITIAL_TEXT,TRANSFORMED_LAYOUT,blk.4.attn_gate.weight,15728640,16711680,KQ-GGUF-RULE-CONVERTER-TRANSFORM-v1,KQ-GGUF-EVIDENCE-003,PROVEN_CONVERTER,Converter reorders grouped GDN value-head rows or columns to tiled GGML order
model.language_model.layers.4.linear_attn.norm.weight,BF16,128,128,256,text,gdn,4,,REQUIRED_INITIAL_TEXT,RENAMED_ONE_TO_ONE,blk.4.ssm_norm.weight,128,512,KQ-GGUF-RULE-TENSOR-NAME-v1,KQ-GGUF-EVIDENCE-002,PROVEN_CONVERTER,GGUF dimensions use reversed physical dimension order
model.language_model.layers.4.linear_attn.out_proj.weight,BF16,2560x6144,15728640,31457280,text,gdn,4,,REQUIRED_INITIAL_TEXT,TRANSFORMED_LAYOUT,blk.4.ssm_out.weight,15728640,16711680,KQ-GGUF-RULE-CONVERTER-TRANSFORM-v1,KQ-GGUF-EVIDENCE-003,PROVEN_CONVERTER,Converter reorders grouped GDN value-head rows or columns to tiled GGML order
model.language_model.layers.4.mlp.experts.down_proj,BF16,512x2560x640,838860800,1677721600,text,routed_experts,4,STACKED_0_511,REQUIRED_INITIAL_TEXT,RENAMED_ONE_TO_ONE,blk.4.ffn_down_exps.weight,838860800,891289600,KQ-GGUF-RULE-TENSOR-NAME-v1,KQ-GGUF-EVIDENCE-002,PROVEN_CONVERTER,GGUF dimensions use reversed physical dimension order
model.language_model.layers.4.mlp.experts.gate_up_proj,BF16,512x1280x2560,1677721600,3355443200,text,routed_experts,4,STACKED_0_511,REQUIRED_INITIAL_TEXT,SPLIT_IN_GGUF,blk.4.ffn_gate_exps.weight;blk.4.ffn_up_exps.weight,1677721600,943718400,KQ-GGUF-RULE-MOE-SPLIT-v1,KQ-GGUF-EVIDENCE-004,PROVEN_CONVERTER,Canonical projection is split along the converter-defined projection dimension
model.language_model.layers.4.mlp.gate.weight,BF16,512x2560,1310720,2621440,text,router,4,,REQUIRED_INITIAL_TEXT,RENAMED_ONE_TO_ONE,blk.4.ffn_gate_inp.weight,1310720,5242880,KQ-GGUF-RULE-TENSOR-NAME-v1,KQ-GGUF-EVIDENCE-002,PROVEN_CONVERTER,GGUF dimensions use reversed physical dimension order
model.language_model.layers.4.mlp.shared_expert.down_proj.weight,BF16,2560x640,1638400,3276800,text,shared_expert,4,,REQUIRED_INITIAL_TEXT,RENAMED_ONE_TO_ONE,blk.4.ffn_down_shexp.weight,1638400,1740800,KQ-GGUF-RULE-TENSOR-NAME-v1,KQ-GGUF-EVIDENCE-002,PROVEN_CONVERTER,GGUF dimensions use reversed physical dimension order
model.language_model.layers.4.mlp.shared_expert.gate_proj.weight,BF16,640x2560,1638400,3276800,text,shared_expert,4,,REQUIRED_INITIAL_TEXT,RENAMED_ONE_TO_ONE,blk.4.ffn_gate_shexp.weight,1638400,1740800,KQ-GGUF-RULE-TENSOR-NAME-v1,KQ-GGUF-EVIDENCE-002,PROVEN_CONVERTER,GGUF dimensions use reversed physical dimension order
model.language_model.layers.4.mlp.shared_expert.up_proj.weight,BF16,640x2560,1638400,3276800,text,shared_expert,4,,REQUIRED_INITIAL_TEXT,RENAMED_ONE_TO_ONE,blk.4.ffn_up_shexp.weight,1638400,1740800,KQ-GGUF-RULE-TENSOR-NAME-v1,KQ-GGUF-EVIDENCE-002,PROVEN_CONVERTER,GGUF dimensions use reversed physical dimension order
model.language_model.layers.4.mlp.shared_expert_gate.weight,BF16,1x2560,2560,5120,text,shared_expert,4,,REQUIRED_INITIAL_TEXT,RENAMED_ONE_TO_ONE,blk.4.ffn_gate_inp_shexp.weight,2560,10240,KQ-GGUF-RULE-TENSOR-NAME-v1,KQ-GGUF-EVIDENCE-002,PROVEN_CONVERTER,GGUF dimensions use reversed physical dimension order
model.language_model.layers.4.mlp_hyper_connection.block_inject_weight.weight,BF16,4x10240,40960,81920,text,gated_residual,4,,REQUIRED_INITIAL_TEXT,RENAMED_ONE_TO_ONE,blk.4.hc_ffn_inject.weight,40960,163840,KQ-GGUF-RULE-TENSOR-NAME-v1,KQ-GGUF-EVIDENCE-002,PROVEN_CONVERTER,GGUF dimensions use reversed physical dimension order
model.language_model.layers.4.mlp_hyper_connection.hc_norm.weight,BF16,10240,10240,20480,text,gated_residual,4,,REQUIRED_INITIAL_TEXT,RENAMED_ONE_TO_ONE,blk.4.hc_ffn_norm.weight,10240,40960,KQ-GGUF-RULE-TENSOR-NAME-v1,KQ-GGUF-EVIDENCE-002,PROVEN_CONVERTER,GGUF dimensions use reversed physical dimension order
model.language_model.layers.4.mlp_hyper_connection.input_mix_weight_down.weight,BF16,320x10240,3276800,6553600,text,gated_residual,4,,REQUIRED_INITIAL_TEXT,RENAMED_ONE_TO_ONE,blk.4.hc_ffn_down.weight,3276800,3481600,KQ-GGUF-RULE-TENSOR-NAME-v1,KQ-GGUF-EVIDENCE-002,PROVEN_CONVERTER,GGUF dimensions use reversed physical dimension order
model.language_model.layers.4.mlp_hyper_connection.input_mix_weight_up.weight,BF16,10240x320,3276800,6553600,text,gated_residual,4,,REQUIRED_INITIAL_TEXT,RENAMED_ONE_TO_ONE,blk.4.hc_ffn_up.weight,3276800,3481600,KQ-GGUF-RULE-TENSOR-NAME-v1,KQ-GGUF-EVIDENCE-002,PROVEN_CONVERTER,GGUF dimensions use reversed physical dimension order
model.language_model.layers.40.attn_hyper_connection.block_inject_weight.weight,BF16,4x10240,40960,81920,text,gated_residual,40,,REQUIRED_INITIAL_TEXT,RENAMED_ONE_TO_ONE,blk.40.hc_attn_inject.weight,40960,163840,KQ-GGUF-RULE-TENSOR-NAME-v1,KQ-GGUF-EVIDENCE-002,PROVEN_CONVERTER,GGUF dimensions use reversed physical dimension order
model.language_model.layers.40.attn_hyper_connection.hc_norm.weight,BF16,10240,10240,20480,text,gated_residual,40,,REQUIRED_INITIAL_TEXT,RENAMED_ONE_TO_ONE,blk.40.hc_attn_norm.weight,10240,40960,KQ-GGUF-RULE-TENSOR-NAME-v1,KQ-GGUF-EVIDENCE-002,PROVEN_CONVERTER,GGUF dimensions use reversed physical dimension order
model.language_model.layers.40.attn_hyper_connection.input_mix_weight_down.weight,BF16,320x10240,3276800,6553600,text,gated_residual,40,,REQUIRED_INITIAL_TEXT,RENAMED_ONE_TO_ONE,blk.40.hc_attn_down.weight,3276800,3481600,KQ-GGUF-RULE-TENSOR-NAME-v1,KQ-GGUF-EVIDENCE-002,PROVEN_CONVERTER,GGUF dimensions use reversed physical dimension order
model.language_model.layers.40.attn_hyper_connection.input_mix_weight_up.weight,BF16,10240x320,3276800,6553600,text,gated_residual,40,,REQUIRED_INITIAL_TEXT,RENAMED_ONE_TO_ONE,blk.40.hc_attn_up.weight,3276800,3481600,KQ-GGUF-RULE-TENSOR-NAME-v1,KQ-GGUF-EVIDENCE-002,PROVEN_CONVERTER,GGUF dimensions use reversed physical dimension order
model.language_model.layers.40.linear_attn.A_log,BF16,48,48,96,text,gdn,40,,REQUIRED_INITIAL_TEXT,TRANSFORMED_LAYOUT,blk.40.ssm_a,48,192,KQ-GGUF-RULE-CONVERTER-TRANSFORM-v1,KQ-GGUF-EVIDENCE-003,PROVEN_CONVERTER,Converter stores -exp(A_log) in the one-to-one GGUF tensor
model.language_model.layers.40.linear_attn.conv1d.weight,BF16,10240x1x4,40960,81920,text,gdn,40,,REQUIRED_INITIAL_TEXT,TRANSFORMED_LAYOUT,blk.40.ssm_conv1d.weight,40960,163840,KQ-GGUF-RULE-CONVERTER-TRANSFORM-v1,KQ-GGUF-EVIDENCE-003,PROVEN_CONVERTER,Converter removes the singleton convolution dimension
model.language_model.layers.40.linear_attn.dt_bias,BF16,48,48,96,text,gdn,40,,REQUIRED_INITIAL_TEXT,RENAMED_ONE_TO_ONE,blk.40.ssm_dt.bias,48,192,KQ-GGUF-RULE-TENSOR-NAME-v1,KQ-GGUF-EVIDENCE-002,PROVEN_CONVERTER,GGUF dimensions use reversed physical dimension order
model.language_model.layers.40.linear_attn.in_proj_a.weight,BF16,48x2560,122880,245760,text,gdn,40,,REQUIRED_INITIAL_TEXT,TRANSFORMED_LAYOUT,blk.40.ssm_alpha.weight,122880,491520,KQ-GGUF-RULE-CONVERTER-TRANSFORM-v1,KQ-GGUF-EVIDENCE-003,PROVEN_CONVERTER,Converter reorders grouped GDN value-head rows or columns to tiled GGML order
model.language_model.layers.40.linear_attn.in_proj_b.weight,BF16,48x2560,122880,245760,text,gdn,40,,REQUIRED_INITIAL_TEXT,TRANSFORMED_LAYOUT,blk.40.ssm_beta.weight,122880,491520,KQ-GGUF-RULE-CONVERTER-TRANSFORM-v1,KQ-GGUF-EVIDENCE-003,PROVEN_CONVERTER,Converter reorders grouped GDN value-head rows or columns to tiled GGML order
model.language_model.layers.40.linear_attn.in_proj_qkv.weight,BF16,10240x2560,26214400,52428800,text,gdn,40,,REQUIRED_INITIAL_TEXT,TRANSFORMED_LAYOUT,blk.40.attn_qkv.weight,26214400,27852800,KQ-GGUF-RULE-CONVERTER-TRANSFORM-v1,KQ-GGUF-EVIDENCE-003,PROVEN_CONVERTER,Converter reorders grouped GDN value-head rows or columns to tiled GGML order
model.language_model.layers.40.linear_attn.in_proj_z.weight,BF16,6144x2560,15728640,31457280,text,gdn,40,,REQUIRED_INITIAL_TEXT,TRANSFORMED_LAYOUT,blk.40.attn_gate.weight,15728640,16711680,KQ-GGUF-RULE-CONVERTER-TRANSFORM-v1,KQ-GGUF-EVIDENCE-003,PROVEN_CONVERTER,Converter reorders grouped GDN value-head rows or columns to tiled GGML order
model.language_model.layers.40.linear_attn.norm.weight,BF16,128,128,256,text,gdn,40,,REQUIRED_INITIAL_TEXT,RENAMED_ONE_TO_ONE,blk.40.ssm_norm.weight,128,512,KQ-GGUF-RULE-TENSOR-NAME-v1,KQ-GGUF-EVIDENCE-002,PROVEN_CONVERTER,GGUF dimensions use reversed physical dimension order
model.language_model.layers.40.linear_attn.out_proj.weight,BF16,2560x6144,15728640,31457280,text,gdn,40,,REQUIRED_INITIAL_TEXT,TRANSFORMED_LAYOUT,blk.40.ssm_out.weight,15728640,16711680,KQ-GGUF-RULE-CONVERTER-TRANSFORM-v1,KQ-GGUF-EVIDENCE-003,PROVEN_CONVERTER,Converter reorders grouped GDN value-head rows or columns to tiled GGML order
model.language_model.layers.40.mlp.experts.down_proj,BF16,512x2560x640,838860800,1677721600,text,routed_experts,40,STACKED_0_511,REQUIRED_INITIAL_TEXT,RENAMED_ONE_TO_ONE,blk.40.ffn_down_exps.weight,838860800,629145600,KQ-GGUF-RULE-TENSOR-NAME-v1,KQ-GGUF-EVIDENCE-002,PROVEN_CONVERTER,GGUF dimensions use reversed physical dimension order
model.language_model.layers.40.mlp.experts.gate_up_proj,BF16,512x1280x2560,1677721600,3355443200,text,routed_experts,40,STACKED_0_511,REQUIRED_INITIAL_TEXT,SPLIT_IN_GGUF,blk.40.ffn_gate_exps.weight;blk.40.ffn_up_exps.weight,1677721600,943718400,KQ-GGUF-RULE-MOE-SPLIT-v1,KQ-GGUF-EVIDENCE-004,PROVEN_CONVERTER,Canonical projection is split along the converter-defined projection dimension
model.language_model.layers.40.mlp.gate.weight,BF16,512x2560,1310720,2621440,text,router,40,,REQUIRED_INITIAL_TEXT,RENAMED_ONE_TO_ONE,blk.40.ffn_gate_inp.weight,1310720,5242880,KQ-GGUF-RULE-TENSOR-NAME-v1,KQ-GGUF-EVIDENCE-002,PROVEN_CONVERTER,GGUF dimensions use reversed physical dimension order
model.language_model.layers.40.mlp.shared_expert.down_proj.weight,BF16,2560x640,1638400,3276800,text,shared_expert,40,,REQUIRED_INITIAL_TEXT,RENAMED_ONE_TO_ONE,blk.40.ffn_down_shexp.weight,1638400,1740800,KQ-GGUF-RULE-TENSOR-NAME-v1,KQ-GGUF-EVIDENCE-002,PROVEN_CONVERTER,GGUF dimensions use reversed physical dimension order
model.language_model.layers.40.mlp.shared_expert.gate_proj.weight,BF16,640x2560,1638400,3276800,text,shared_expert,40,,REQUIRED_INITIAL_TEXT,RENAMED_ONE_TO_ONE,blk.40.ffn_gate_shexp.weight,1638400,1740800,KQ-GGUF-RULE-TENSOR-NAME-v1,KQ-GGUF-EVIDENCE-002,PROVEN_CONVERTER,GGUF dimensions use reversed physical dimension order
model.language_model.layers.40.mlp.shared_expert.up_proj.weight,BF16,640x2560,1638400,3276800,text,shared_expert,40,,REQUIRED_INITIAL_TEXT,RENAMED_ONE_TO_ONE,blk.40.ffn_up_shexp.weight,1638400,1740800,KQ-GGUF-RULE-TENSOR-NAME-v1,KQ-GGUF-EVIDENCE-002,PROVEN_CONVERTER,GGUF dimensions use reversed physical dimension order
model.language_model.layers.40.mlp.shared_expert_gate.weight,BF16,1x2560,2560,5120,text,shared_expert,40,,REQUIRED_INITIAL_TEXT,RENAMED_ONE_TO_ONE,blk.40.ffn_gate_inp_shexp.weight,2560,10240,KQ-GGUF-RULE-TENSOR-NAME-v1,KQ-GGUF-EVIDENCE-002,PROVEN_CONVERTER,GGUF dimensions use reversed physical dimension order
model.language_model.layers.40.mlp_hyper_connection.block_inject_weight.weight,BF16,4x10240,40960,81920,text,gated_residual,40,,REQUIRED_INITIAL_TEXT,RENAMED_ONE_TO_ONE,blk.40.hc_ffn_inject.weight,40960,163840,KQ-GGUF-RULE-TENSOR-NAME-v1,KQ-GGUF-EVIDENCE-002,PROVEN_CONVERTER,GGUF dimensions use reversed physical dimension order
model.language_model.layers.40.mlp_hyper_connection.hc_norm.weight,BF16,10240,10240,20480,text,gated_residual,40,,REQUIRED_INITIAL_TEXT,RENAMED_ONE_TO_ONE,blk.40.hc_ffn_norm.weight,10240,40960,KQ-GGUF-RULE-TENSOR-NAME-v1,KQ-GGUF-EVIDENCE-002,PROVEN_CONVERTER,GGUF dimensions use reversed physical dimension order
model.language_model.layers.40.mlp_hyper_connection.input_mix_weight_down.weight,BF16,320x10240,3276800,6553600,text,gated_residual,40,,REQUIRED_INITIAL_TEXT,RENAMED_ONE_TO_ONE,blk.40.hc_ffn_down.weight,3276800,3481600,KQ-GGUF-RULE-TENSOR-NAME-v1,KQ-GGUF-EVIDENCE-002,PROVEN_CONVERTER,GGUF dimensions use reversed physical dimension order
model.language_model.layers.40.mlp_hyper_connection.input_mix_weight_up.weight,BF16,10240x320,3276800,6553600,text,gated_residual,40,,REQUIRED_INITIAL_TEXT,RENAMED_ONE_TO_ONE,blk.40.hc_ffn_up.weight,3276800,3481600,KQ-GGUF-RULE-TENSOR-NAME-v1,KQ-GGUF-EVIDENCE-002,PROVEN_CONVERTER,GGUF dimensions use reversed physical dimension order
model.language_model.layers.41.attn_hyper_connection.block_inject_weight.weight,BF16,4x10240,40960,81920,text,gated_residual,41,,REQUIRED_INITIAL_TEXT,RENAMED_ONE_TO_ONE,blk.41.hc_attn_inject.weight,40960,163840,KQ-GGUF-RULE-TENSOR-NAME-v1,KQ-GGUF-EVIDENCE-002,PROVEN_CONVERTER,GGUF dimensions use reversed physical dimension order
model.language_model.layers.41.attn_hyper_connection.hc_norm.weight,BF16,10240,10240,20480,text,gated_residual,41,,REQUIRED_INITIAL_TEXT,RENAMED_ONE_TO_ONE,blk.41.hc_attn_norm.weight,10240,40960,KQ-GGUF-RULE-TENSOR-NAME-v1,KQ-GGUF-EVIDENCE-002,PROVEN_CONVERTER,GGUF dimensions use reversed physical dimension order
model.language_model.layers.41.attn_hyper_connection.input_mix_weight_down.weight,BF16,320x10240,3276800,6553600,text,gated_residual,41,,REQUIRED_INITIAL_TEXT,RENAMED_ONE_TO_ONE,blk.41.hc_attn_down.weight,3276800,3481600,KQ-GGUF-RULE-TENSOR-NAME-v1,KQ-GGUF-EVIDENCE-002,PROVEN_CONVERTER,GGUF dimensions use reversed physical dimension order
model.language_model.layers.41.attn_hyper_connection.input_mix_weight_up.weight,BF16,10240x320,3276800,6553600,text,gated_residual,41,,REQUIRED_INITIAL_TEXT,RENAMED_ONE_TO_ONE,blk.41.hc_attn_up.weight,3276800,3481600,KQ-GGUF-RULE-TENSOR-NAME-v1,KQ-GGUF-EVIDENCE-002,PROVEN_CONVERTER,GGUF dimensions use reversed physical dimension order
model.language_model.layers.41.linear_attn.A_log,BF16,48,48,96,text,gdn,41,,REQUIRED_INITIAL_TEXT,TRANSFORMED_LAYOUT,blk.41.ssm_a,48,192,KQ-GGUF-RULE-CONVERTER-TRANSFORM-v1,KQ-GGUF-EVIDENCE-003,PROVEN_CONVERTER,Converter stores -exp(A_log) in the one-to-one GGUF tensor
model.language_model.layers.41.linear_attn.conv1d.weight,BF16,10240x1x4,40960,81920,text,gdn,41,,REQUIRED_INITIAL_TEXT,TRANSFORMED_LAYOUT,blk.41.ssm_conv1d.weight,40960,163840,KQ-GGUF-RULE-CONVERTER-TRANSFORM-v1,KQ-GGUF-EVIDENCE-003,PROVEN_CONVERTER,Converter removes the singleton convolution dimension
model.language_model.layers.41.linear_attn.dt_bias,BF16,48,48,96,text,gdn,41,,REQUIRED_INITIAL_TEXT,RENAMED_ONE_TO_ONE,blk.41.ssm_dt.bias,48,192,KQ-GGUF-RULE-TENSOR-NAME-v1,KQ-GGUF-EVIDENCE-002,PROVEN_CONVERTER,GGUF dimensions use reversed physical dimension order
model.language_model.layers.41.linear_attn.in_proj_a.weight,BF16,48x2560,122880,245760,text,gdn,41,,REQUIRED_INITIAL_TEXT,TRANSFORMED_LAYOUT,blk.41.ssm_alpha.weight,122880,491520,KQ-GGUF-RULE-CONVERTER-TRANSFORM-v1,KQ-GGUF-EVIDENCE-003,PROVEN_CONVERTER,Converter reorders grouped GDN value-head rows or columns to tiled GGML order
model.language_model.layers.41.linear_attn.in_proj_b.weight,BF16,48x2560,122880,245760,text,gdn,41,,REQUIRED_INITIAL_TEXT,TRANSFORMED_LAYOUT,blk.41.ssm_beta.weight,122880,491520,KQ-GGUF-RULE-CONVERTER-TRANSFORM-v1,KQ-GGUF-EVIDENCE-003,PROVEN_CONVERTER,Converter reorders grouped GDN value-head rows or columns to tiled GGML order
model.language_model.layers.41.linear_attn.in_proj_qkv.weight,BF16,10240x2560,26214400,52428800,text,gdn,41,,REQUIRED_INITIAL_TEXT,TRANSFORMED_LAYOUT,blk.41.attn_qkv.weight,26214400,27852800,KQ-GGUF-RULE-CONVERTER-TRANSFORM-v1,KQ-GGUF-EVIDENCE-003,PROVEN_CONVERTER,Converter reorders grouped GDN value-head rows or columns to tiled GGML order
model.language_model.layers.41.linear_attn.in_proj_z.weight,BF16,6144x2560,15728640,31457280,text,gdn,41,,REQUIRED_INITIAL_TEXT,TRANSFORMED_LAYOUT,blk.41.attn_gate.weight,15728640,16711680,KQ-GGUF-RULE-CONVERTER-TRANSFORM-v1,KQ-GGUF-EVIDENCE-003,PROVEN_CONVERTER,Converter reorders grouped GDN value-head rows or columns to tiled GGML order
model.language_model.layers.41.linear_attn.norm.weight,BF16,128,128,256,text,gdn,41,,REQUIRED_INITIAL_TEXT,RENAMED_ONE_TO_ONE,blk.41.ssm_norm.weight,128,512,KQ-GGUF-RULE-TENSOR-NAME-v1,KQ-GGUF-EVIDENCE-002,PROVEN_CONVERTER,GGUF dimensions use reversed physical dimension order
model.language_model.layers.41.linear_attn.out_proj.weight,BF16,2560x6144,15728640,31457280,text,gdn,41,,REQUIRED_INITIAL_TEXT,TRANSFORMED_LAYOUT,blk.41.ssm_out.weight,15728640,16711680,KQ-GGUF-RULE-CONVERTER-TRANSFORM-v1,KQ-GGUF-EVIDENCE-003,PROVEN_CONVERTER,Converter reorders grouped GDN value-head rows or columns to tiled GGML order
model.language_model.layers.41.mlp.experts.down_proj,BF16,512x2560x640,838860800,1677721600,text,routed_experts,41,STACKED_0_511,REQUIRED_INITIAL_TEXT,RENAMED_ONE_TO_ONE,blk.41.ffn_down_exps.weight,838860800,629145600,KQ-GGUF-RULE-TENSOR-NAME-v1,KQ-GGUF-EVIDENCE-002,PROVEN_CONVERTER,GGUF dimensions use reversed physical dimension order
model.language_model.layers.41.mlp.experts.gate_up_proj,BF16,512x1280x2560,1677721600,3355443200,text,routed_experts,41,STACKED_0_511,REQUIRED_INITIAL_TEXT,SPLIT_IN_GGUF,blk.41.ffn_gate_exps.weight;blk.41.ffn_up_exps.weight,1677721600,943718400,KQ-GGUF-RULE-MOE-SPLIT-v1,KQ-GGUF-EVIDENCE-004,PROVEN_CONVERTER,Canonical projection is split along the converter-defined projection dimension
model.language_model.layers.41.mlp.gate.weight,BF16,512x2560,1310720,2621440,text,router,41,,REQUIRED_INITIAL_TEXT,RENAMED_ONE_TO_ONE,blk.41.ffn_gate_inp.weight,1310720,5242880,KQ-GGUF-RULE-TENSOR-NAME-v1,KQ-GGUF-EVIDENCE-002,PROVEN_CONVERTER,GGUF dimensions use reversed physical dimension order
model.language_model.layers.41.mlp.shared_expert.down_proj.weight,BF16,2560x640,1638400,3276800,text,shared_expert,41,,REQUIRED_INITIAL_TEXT,RENAMED_ONE_TO_ONE,blk.41.ffn_down_shexp.weight,1638400,1740800,KQ-GGUF-RULE-TENSOR-NAME-v1,KQ-GGUF-EVIDENCE-002,PROVEN_CONVERTER,GGUF dimensions use reversed physical dimension order
model.language_model.layers.41.mlp.shared_expert.gate_proj.weight,BF16,640x2560,1638400,3276800,text,shared_expert,41,,REQUIRED_INITIAL_TEXT,RENAMED_ONE_TO_ONE,blk.41.ffn_gate_shexp.weight,1638400,1740800,KQ-GGUF-RULE-TENSOR-NAME-v1,KQ-GGUF-EVIDENCE-002,PROVEN_CONVERTER,GGUF dimensions use reversed physical dimension order
model.language_model.layers.41.mlp.shared_expert.up_proj.weight,BF16,640x2560,1638400,3276800,text,shared_expert,41,,REQUIRED_INITIAL_TEXT,RENAMED_ONE_TO_ONE,blk.41.ffn_up_shexp.weight,1638400,1740800,KQ-GGUF-RULE-TENSOR-NAME-v1,KQ-GGUF-EVIDENCE-002,PROVEN_CONVERTER,GGUF dimensions use reversed physical dimension order
model.language_model.layers.41.mlp.shared_expert_gate.weight,BF16,1x2560,2560,5120,text,shared_expert,41,,REQUIRED_INITIAL_TEXT,RENAMED_ONE_TO_ONE,blk.41.ffn_gate_inp_shexp.weight,2560,10240,KQ-GGUF-RULE-TENSOR-NAME-v1,KQ-GGUF-EVIDENCE-002,PROVEN_CONVERTER,GGUF dimensions use reversed physical dimension order
model.language_model.layers.41.mlp_hyper_connection.block_inject_weight.weight,BF16,4x10240,40960,81920,text,gated_residual,41,,REQUIRED_INITIAL_TEXT,RENAMED_ONE_TO_ONE,blk.41.hc_ffn_inject.weight,40960,163840,KQ-GGUF-RULE-TENSOR-NAME-v1,KQ-GGUF-EVIDENCE-002,PROVEN_CONVERTER,GGUF dimensions use reversed physical dimension order
model.language_model.layers.41.mlp_hyper_connection.hc_norm.weight,BF16,10240,10240,20480,text,gated_residual,41,,REQUIRED_INITIAL_TEXT,RENAMED_ONE_TO_ONE,blk.41.hc_ffn_norm.weight,10240,40960,KQ-GGUF-RULE-TENSOR-NAME-v1,KQ-GGUF-EVIDENCE-002,PROVEN_CONVERTER,GGUF dimensions use reversed physical dimension order
model.language_model.layers.41.mlp_hyper_connection.input_mix_weight_down.weight,BF16,320x10240,3276800,6553600,text,gated_residual,41,,REQUIRED_INITIAL_TEXT,RENAMED_ONE_TO_ONE,blk.41.hc_ffn_down.weight,3276800,3481600,KQ-GGUF-RULE-TENSOR-NAME-v1,KQ-GGUF-EVIDENCE-002,PROVEN_CONVERTER,GGUF dimensions use reversed physical dimension order
model.language_model.layers.41.mlp_hyper_connection.input_mix_weight_up.weight,BF16,10240x320,3276800,6553600,text,gated_residual,41,,REQUIRED_INITIAL_TEXT,RENAMED_ONE_TO_ONE,blk.41.hc_ffn_up.weight,3276800,3481600,KQ-GGUF-RULE-TENSOR-NAME-v1,KQ-GGUF-EVIDENCE-002,PROVEN_CONVERTER,GGUF dimensions use reversed physical dimension order
model.language_model.layers.42.attn_hyper_connection.block_inject_weight.weight,BF16,4x10240,40960,81920,text,gated_residual,42,,REQUIRED_INITIAL_TEXT,RENAMED_ONE_TO_ONE,blk.42.hc_attn_inject.weight,40960,163840,KQ-GGUF-RULE-TENSOR-NAME-v1,KQ-GGUF-EVIDENCE-002,PROVEN_CONVERTER,GGUF dimensions use reversed physical dimension order
model.language_model.layers.42.attn_hyper_connection.hc_norm.weight,BF16,10240,10240,20480,text,gated_residual,42,,REQUIRED_INITIAL_TEXT,RENAMED_ONE_TO_ONE,blk.42.hc_attn_norm.weight,10240,40960,KQ-GGUF-RULE-TENSOR-NAME-v1,KQ-GGUF-EVIDENCE-002,PROVEN_CONVERTER,GGUF dimensions use reversed physical dimension order
model.language_model.layers.42.attn_hyper_connection.input_mix_weight_down.weight,BF16,320x10240,3276800,6553600,text,gated_residual,42,,REQUIRED_INITIAL_TEXT,RENAMED_ONE_TO_ONE,blk.42.hc_attn_down.weight,3276800,3481600,KQ-GGUF-RULE-TENSOR-NAME-v1,KQ-GGUF-EVIDENCE-002,PROVEN_CONVERTER,GGUF dimensions use reversed physical dimension order
model.language_model.layers.42.attn_hyper_connection.input_mix_weight_up.weight,BF16,10240x320,3276800,6553600,text,gated_residual,42,,REQUIRED_INITIAL_TEXT,RENAMED_ONE_TO_ONE,blk.42.hc_attn_up.weight,3276800,3481600,KQ-GGUF-RULE-TENSOR-NAME-v1,KQ-GGUF-EVIDENCE-002,PROVEN_CONVERTER,GGUF dimensions use reversed physical dimension order
model.language_model.layers.42.linear_attn.A_log,BF16,48,48,96,text,gdn,42,,REQUIRED_INITIAL_TEXT,TRANSFORMED_LAYOUT,blk.42.ssm_a,48,192,KQ-GGUF-RULE-CONVERTER-TRANSFORM-v1,KQ-GGUF-EVIDENCE-003,PROVEN_CONVERTER,Converter stores -exp(A_log) in the one-to-one GGUF tensor
model.language_model.layers.42.linear_attn.conv1d.weight,BF16,10240x1x4,40960,81920,text,gdn,42,,REQUIRED_INITIAL_TEXT,TRANSFORMED_LAYOUT,blk.42.ssm_conv1d.weight,40960,163840,KQ-GGUF-RULE-CONVERTER-TRANSFORM-v1,KQ-GGUF-EVIDENCE-003,PROVEN_CONVERTER,Converter removes the singleton convolution dimension
model.language_model.layers.42.linear_attn.dt_bias,BF16,48,48,96,text,gdn,42,,REQUIRED_INITIAL_TEXT,RENAMED_ONE_TO_ONE,blk.42.ssm_dt.bias,48,192,KQ-GGUF-RULE-TENSOR-NAME-v1,KQ-GGUF-EVIDENCE-002,PROVEN_CONVERTER,GGUF dimensions use reversed physical dimension order
model.language_model.layers.42.linear_attn.in_proj_a.weight,BF16,48x2560,122880,245760,text,gdn,42,,REQUIRED_INITIAL_TEXT,TRANSFORMED_LAYOUT,blk.42.ssm_alpha.weight,122880,491520,KQ-GGUF-RULE-CONVERTER-TRANSFORM-v1,KQ-GGUF-EVIDENCE-003,PROVEN_CONVERTER,Converter reorders grouped GDN value-head rows or columns to tiled GGML order
model.language_model.layers.42.linear_attn.in_proj_b.weight,BF16,48x2560,122880,245760,text,gdn,42,,REQUIRED_INITIAL_TEXT,TRANSFORMED_LAYOUT,blk.42.ssm_beta.weight,122880,491520,KQ-GGUF-RULE-CONVERTER-TRANSFORM-v1,KQ-GGUF-EVIDENCE-003,PROVEN_CONVERTER,Converter reorders grouped GDN value-head rows or columns to tiled GGML order
model.language_model.layers.42.linear_attn.in_proj_qkv.weight,BF16,10240x2560,26214400,52428800,text,gdn,42,,REQUIRED_INITIAL_TEXT,TRANSFORMED_LAYOUT,blk.42.attn_qkv.weight,26214400,27852800,KQ-GGUF-RULE-CONVERTER-TRANSFORM-v1,KQ-GGUF-EVIDENCE-003,PROVEN_CONVERTER,Converter reorders grouped GDN value-head rows or columns to tiled GGML order
model.language_model.layers.42.linear_attn.in_proj_z.weight,BF16,6144x2560,15728640,31457280,text,gdn,42,,REQUIRED_INITIAL_TEXT,TRANSFORMED_LAYOUT,blk.42.attn_gate.weight,15728640,16711680,KQ-GGUF-RULE-CONVERTER-TRANSFORM-v1,KQ-GGUF-EVIDENCE-003,PROVEN_CONVERTER,Converter reorders grouped GDN value-head rows or columns to tiled GGML order
model.language_model.layers.42.linear_attn.norm.weight,BF16,128,128,256,text,gdn,42,,REQUIRED_INITIAL_TEXT,RENAMED_ONE_TO_ONE,blk.42.ssm_norm.weight,128,512,KQ-GGUF-RULE-TENSOR-NAME-v1,KQ-GGUF-EVIDENCE-002,PROVEN_CONVERTER,GGUF dimensions use reversed physical dimension order
model.language_model.layers.42.linear_attn.out_proj.weight,BF16,2560x6144,15728640,31457280,text,gdn,42,,REQUIRED_INITIAL_TEXT,TRANSFORMED_LAYOUT,blk.42.ssm_out.weight,15728640,16711680,KQ-GGUF-RULE-CONVERTER-TRANSFORM-v1,KQ-GGUF-EVIDENCE-003,PROVEN_CONVERTER,Converter reorders grouped GDN value-head rows or columns to tiled GGML order
model.language_model.layers.42.mlp.experts.down_proj,BF16,512x2560x640,838860800,1677721600,text,routed_experts,42,STACKED_0_511,REQUIRED_INITIAL_TEXT,RENAMED_ONE_TO_ONE,blk.42.ffn_down_exps.weight,838860800,629145600,KQ-GGUF-RULE-TENSOR-NAME-v1,KQ-GGUF-EVIDENCE-002,PROVEN_CONVERTER,GGUF dimensions use reversed physical dimension order
model.language_model.layers.42.mlp.experts.gate_up_proj,BF16,512x1280x2560,1677721600,3355443200,text,routed_experts,42,STACKED_0_511,REQUIRED_INITIAL_TEXT,SPLIT_IN_GGUF,blk.42.ffn_gate_exps.weight;blk.42.ffn_up_exps.weight,1677721600,943718400,KQ-GGUF-RULE-MOE-SPLIT-v1,KQ-GGUF-EVIDENCE-004,PROVEN_CONVERTER,Canonical projection is split along the converter-defined projection dimension
model.language_model.layers.42.mlp.gate.weight,BF16,512x2560,1310720,2621440,text,router,42,,REQUIRED_INITIAL_TEXT,RENAMED_ONE_TO_ONE,blk.42.ffn_gate_inp.weight,1310720,5242880,KQ-GGUF-RULE-TENSOR-NAME-v1,KQ-GGUF-EVIDENCE-002,PROVEN_CONVERTER,GGUF dimensions use reversed physical dimension order
model.language_model.layers.42.mlp.shared_expert.down_proj.weight,BF16,2560x640,1638400,3276800,text,shared_expert,42,,REQUIRED_INITIAL_TEXT,RENAMED_ONE_TO_ONE,blk.42.ffn_down_shexp.weight,1638400,1740800,KQ-GGUF-RULE-TENSOR-NAME-v1,KQ-GGUF-EVIDENCE-002,PROVEN_CONVERTER,GGUF dimensions use reversed physical dimension order
model.language_model.layers.42.mlp.shared_expert.gate_proj.weight,BF16,640x2560,1638400,3276800,text,shared_expert,42,,REQUIRED_INITIAL_TEXT,RENAMED_ONE_TO_ONE,blk.42.ffn_gate_shexp.weight,1638400,1740800,KQ-GGUF-RULE-TENSOR-NAME-v1,KQ-GGUF-EVIDENCE-002,PROVEN_CONVERTER,GGUF dimensions use reversed physical dimension order
model.language_model.layers.42.mlp.shared_expert.up_proj.weight,BF16,640x2560,1638400,3276800,text,shared_expert,42,,REQUIRED_INITIAL_TEXT,RENAMED_ONE_TO_ONE,blk.42.ffn_up_shexp.weight,1638400,1740800,KQ-GGUF-RULE-TENSOR-NAME-v1,KQ-GGUF-EVIDENCE-002,PROVEN_CONVERTER,GGUF dimensions use reversed physical dimension order
model.language_model.layers.42.mlp.shared_expert_gate.weight,BF16,1x2560,2560,5120,text,shared_expert,42,,REQUIRED_INITIAL_TEXT,RENAMED_ONE_TO_ONE,blk.42.ffn_gate_inp_shexp.weight,2560,10240,KQ-GGUF-RULE-TENSOR-NAME-v1,KQ-GGUF-EVIDENCE-002,PROVEN_CONVERTER,GGUF dimensions use reversed physical dimension order
model.language_model.layers.42.mlp_hyper_connection.block_inject_weight.weight,BF16,4x10240,40960,81920,text,gated_residual,42,,REQUIRED_INITIAL_TEXT,RENAMED_ONE_TO_ONE,blk.42.hc_ffn_inject.weight,40960,163840,KQ-GGUF-RULE-TENSOR-NAME-v1,KQ-GGUF-EVIDENCE-002,PROVEN_CONVERTER,GGUF dimensions use reversed physical dimension order
model.language_model.layers.42.mlp_hyper_connection.hc_norm.weight,BF16,10240,10240,20480,text,gated_residual,42,,REQUIRED_INITIAL_TEXT,RENAMED_ONE_TO_ONE,blk.42.hc_ffn_norm.weight,10240,40960,KQ-GGUF-RULE-TENSOR-NAME-v1,KQ-GGUF-EVIDENCE-002,PROVEN_CONVERTER,GGUF dimensions use reversed physical dimension order
model.language_model.layers.42.mlp_hyper_connection.input_mix_weight_down.weight,BF16,320x10240,3276800,6553600,text,gated_residual,42,,REQUIRED_INITIAL_TEXT,RENAMED_ONE_TO_ONE,blk.42.hc_ffn_down.weight,3276800,3481600,KQ-GGUF-RULE-TENSOR-NAME-v1,KQ-GGUF-EVIDENCE-002,PROVEN_CONVERTER,GGUF dimensions use reversed physical dimension order
model.language_model.layers.42.mlp_hyper_connection.input_mix_weight_up.weight,BF16,10240x320,3276800,6553600,text,gated_residual,42,,REQUIRED_INITIAL_TEXT,RENAMED_ONE_TO_ONE,blk.42.hc_ffn_up.weight,3276800,3481600,KQ-GGUF-RULE-TENSOR-NAME-v1,KQ-GGUF-EVIDENCE-002,PROVEN_CONVERTER,GGUF dimensions use reversed physical dimension order
model.language_model.layers.43.attn_hyper_connection.block_inject_weight.weight,BF16,4x10240,40960,81920,text,gated_residual,43,,REQUIRED_INITIAL_TEXT,RENAMED_ONE_TO_ONE,blk.43.hc_attn_inject.weight,40960,163840,KQ-GGUF-RULE-TENSOR-NAME-v1,KQ-GGUF-EVIDENCE-002,PROVEN_CONVERTER,GGUF dimensions use reversed physical dimension order
model.language_model.layers.43.attn_hyper_connection.hc_norm.weight,BF16,10240,10240,20480,text,gated_residual,43,,REQUIRED_INITIAL_TEXT,RENAMED_ONE_TO_ONE,blk.43.hc_attn_norm.weight,10240,40960,KQ-GGUF-RULE-TENSOR-NAME-v1,KQ-GGUF-EVIDENCE-002,PROVEN_CONVERTER,GGUF dimensions use reversed physical dimension order
model.language_model.layers.43.attn_hyper_connection.input_mix_weight_down.weight,BF16,320x10240,3276800,6553600,text,gated_residual,43,,REQUIRED_INITIAL_TEXT,RENAMED_ONE_TO_ONE,blk.43.hc_attn_down.weight,3276800,3481600,KQ-GGUF-RULE-TENSOR-NAME-v1,KQ-GGUF-EVIDENCE-002,PROVEN_CONVERTER,GGUF dimensions use reversed physical dimension order
model.language_model.layers.43.attn_hyper_connection.input_mix_weight_up.weight,BF16,10240x320,3276800,6553600,text,gated_residual,43,,REQUIRED_INITIAL_TEXT,RENAMED_ONE_TO_ONE,blk.43.hc_attn_up.weight,3276800,3481600,KQ-GGUF-RULE-TENSOR-NAME-v1,KQ-GGUF-EVIDENCE-002,PROVEN_CONVERTER,GGUF dimensions use reversed physical dimension order
model.language_model.layers.43.mlp.experts.down_proj,BF16,512x2560x640,838860800,1677721600,text,routed_experts,43,STACKED_0_511,REQUIRED_INITIAL_TEXT,RENAMED_ONE_TO_ONE,blk.43.ffn_down_exps.weight,838860800,629145600,KQ-GGUF-RULE-TENSOR-NAME-v1,KQ-GGUF-EVIDENCE-002,PROVEN_CONVERTER,GGUF dimensions use reversed physical dimension order
model.language_model.layers.43.mlp.experts.gate_up_proj,BF16,512x1280x2560,1677721600,3355443200,text,routed_experts,43,STACKED_0_511,REQUIRED_INITIAL_TEXT,SPLIT_IN_GGUF,blk.43.ffn_gate_exps.weight;blk.43.ffn_up_exps.weight,1677721600,943718400,KQ-GGUF-RULE-MOE-SPLIT-v1,KQ-GGUF-EVIDENCE-004,PROVEN_CONVERTER,Canonical projection is split along the converter-defined projection dimension
model.language_model.layers.43.mlp.gate.weight,BF16,512x2560,1310720,2621440,text,router,43,,REQUIRED_INITIAL_TEXT,RENAMED_ONE_TO_ONE,blk.43.ffn_gate_inp.weight,1310720,5242880,KQ-GGUF-RULE-TENSOR-NAME-v1,KQ-GGUF-EVIDENCE-002,PROVEN_CONVERTER,GGUF dimensions use reversed physical dimension order
model.language_model.layers.43.mlp.shared_expert.down_proj.weight,BF16,2560x640,1638400,3276800,text,shared_expert,43,,REQUIRED_INITIAL_TEXT,RENAMED_ONE_TO_ONE,blk.43.ffn_down_shexp.weight,1638400,1740800,KQ-GGUF-RULE-TENSOR-NAME-v1,KQ-GGUF-EVIDENCE-002,PROVEN_CONVERTER,GGUF dimensions use reversed physical dimension order
model.language_model.layers.43.mlp.shared_expert.gate_proj.weight,BF16,640x2560,1638400,3276800,text,shared_expert,43,,REQUIRED_INITIAL_TEXT,RENAMED_ONE_TO_ONE,blk.43.ffn_gate_shexp.weight,1638400,1740800,KQ-GGUF-RULE-TENSOR-NAME-v1,KQ-GGUF-EVIDENCE-002,PROVEN_CONVERTER,GGUF dimensions use reversed physical dimension order
model.language_model.layers.43.mlp.shared_expert.up_proj.weight,BF16,640x2560,1638400,3276800,text,shared_expert,43,,REQUIRED_INITIAL_TEXT,RENAMED_ONE_TO_ONE,blk.43.ffn_up_shexp.weight,1638400,1740800,KQ-GGUF-RULE-TENSOR-NAME-v1,KQ-GGUF-EVIDENCE-002,PROVEN_CONVERTER,GGUF dimensions use reversed physical dimension order
model.language_model.layers.43.mlp.shared_expert_gate.weight,BF16,1x2560,2560,5120,text,shared_expert,43,,REQUIRED_INITIAL_TEXT,RENAMED_ONE_TO_ONE,blk.43.ffn_gate_inp_shexp.weight,2560,10240,KQ-GGUF-RULE-TENSOR-NAME-v1,KQ-GGUF-EVIDENCE-002,PROVEN_CONVERTER,GGUF dimensions use reversed physical dimension order
model.language_model.layers.43.mlp_hyper_connection.block_inject_weight.weight,BF16,4x10240,40960,81920,text,gated_residual,43,,REQUIRED_INITIAL_TEXT,RENAMED_ONE_TO_ONE,blk.43.hc_ffn_inject.weight,40960,163840,KQ-GGUF-RULE-TENSOR-NAME-v1,KQ-GGUF-EVIDENCE-002,PROVEN_CONVERTER,GGUF dimensions use reversed physical dimension order
model.language_model.layers.43.mlp_hyper_connection.hc_norm.weight,BF16,10240,10240,20480,text,gated_residual,43,,REQUIRED_INITIAL_TEXT,RENAMED_ONE_TO_ONE,blk.43.hc_ffn_norm.weight,10240,40960,KQ-GGUF-RULE-TENSOR-NAME-v1,KQ-GGUF-EVIDENCE-002,PROVEN_CONVERTER,GGUF dimensions use reversed physical dimension order
model.language_model.layers.43.mlp_hyper_connection.input_mix_weight_down.weight,BF16,320x10240,3276800,6553600,text,gated_residual,43,,REQUIRED_INITIAL_TEXT,RENAMED_ONE_TO_ONE,blk.43.hc_ffn_down.weight,3276800,3481600,KQ-GGUF-RULE-TENSOR-NAME-v1,KQ-GGUF-EVIDENCE-002,PROVEN_CONVERTER,GGUF dimensions use reversed physical dimension order
model.language_model.layers.43.mlp_hyper_connection.input_mix_weight_up.weight,BF16,10240x320,3276800,6553600,text,gated_residual,43,,REQUIRED_INITIAL_TEXT,RENAMED_ONE_TO_ONE,blk.43.hc_ffn_up.weight,3276800,3481600,KQ-GGUF-RULE-TENSOR-NAME-v1,KQ-GGUF-EVIDENCE-002,PROVEN_CONVERTER,GGUF dimensions use reversed physical dimension order
model.language_model.layers.43.self_attn.indexer.index_qk_proj.weight,BF16,640x2560,1638400,3276800,text,qsa_indexer,43,,REQUIRED_INITIAL_TEXT,SPLIT_IN_GGUF,blk.43.indexer.q_proj.weight;blk.43.indexer.k_proj.weight,1638400,3276800,KQ-GGUF-RULE-QSA-SPLIT-v1,KQ-GGUF-EVIDENCE-003,PROVEN_CONVERTER,Canonical projection is split along the converter-defined projection dimension
model.language_model.layers.43.self_attn.indexer.k_layernorm.weight,BF16,128,128,256,text,qsa_indexer,43,,REQUIRED_INITIAL_TEXT,RENAMED_ONE_TO_ONE,blk.43.indexer.k_norm.weight,128,512,KQ-GGUF-RULE-TENSOR-NAME-v1,KQ-GGUF-EVIDENCE-002,PROVEN_CONVERTER,GGUF dimensions use reversed physical dimension order
model.language_model.layers.43.self_attn.indexer.q_layernorm.weight,BF16,128,128,256,text,qsa_indexer,43,,REQUIRED_INITIAL_TEXT,RENAMED_ONE_TO_ONE,blk.43.indexer.q_norm.weight,128,512,KQ-GGUF-RULE-TENSOR-NAME-v1,KQ-GGUF-EVIDENCE-002,PROVEN_CONVERTER,GGUF dimensions use reversed physical dimension order
model.language_model.layers.43.self_attn.k_norm.weight,BF16,256,256,512,text,qsa_attention,43,,REQUIRED_INITIAL_TEXT,RENAMED_ONE_TO_ONE,blk.43.attn_k_norm.weight,256,1024,KQ-GGUF-RULE-TENSOR-NAME-v1,KQ-GGUF-EVIDENCE-002,PROVEN_CONVERTER,GGUF dimensions use reversed physical dimension order
model.language_model.layers.43.self_attn.k_proj.weight,BF16,512x2560,1310720,2621440,text,qsa_attention,43,,REQUIRED_INITIAL_TEXT,RENAMED_ONE_TO_ONE,blk.43.attn_k.weight,1310720,1392640,KQ-GGUF-RULE-TENSOR-NAME-v1,KQ-GGUF-EVIDENCE-002,PROVEN_CONVERTER,GGUF dimensions use reversed physical dimension order
model.language_model.layers.43.self_attn.o_proj.weight,BF16,2560x6144,15728640,31457280,text,qsa_attention,43,,REQUIRED_INITIAL_TEXT,RENAMED_ONE_TO_ONE,blk.43.attn_output.weight,15728640,16711680,KQ-GGUF-RULE-TENSOR-NAME-v1,KQ-GGUF-EVIDENCE-002,PROVEN_CONVERTER,GGUF dimensions use reversed physical dimension order
model.language_model.layers.43.self_attn.q_norm.weight,BF16,256,256,512,text,qsa_attention,43,,REQUIRED_INITIAL_TEXT,RENAMED_ONE_TO_ONE,blk.43.attn_q_norm.weight,256,1024,KQ-GGUF-RULE-TENSOR-NAME-v1,KQ-GGUF-EVIDENCE-002,PROVEN_CONVERTER,GGUF dimensions use reversed physical dimension order
model.language_model.layers.43.self_attn.q_proj.weight,BF16,12288x2560,31457280,62914560,text,qsa_attention,43,,REQUIRED_INITIAL_TEXT,RENAMED_ONE_TO_ONE,blk.43.attn_q.weight,31457280,33423360,KQ-GGUF-RULE-TENSOR-NAME-v1,KQ-GGUF-EVIDENCE-002,PROVEN_CONVERTER,GGUF dimensions use reversed physical dimension order
model.language_model.layers.43.self_attn.v_proj.weight,BF16,512x2560,1310720,2621440,text,qsa_attention,43,,REQUIRED_INITIAL_TEXT,RENAMED_ONE_TO_ONE,blk.43.attn_v.weight,1310720,1392640,KQ-GGUF-RULE-TENSOR-NAME-v1,KQ-GGUF-EVIDENCE-002,PROVEN_CONVERTER,GGUF dimensions use reversed physical dimension order
model.language_model.layers.44.attn_hyper_connection.block_inject_weight.weight,BF16,4x10240,40960,81920,text,gated_residual,44,,REQUIRED_INITIAL_TEXT,RENAMED_ONE_TO_ONE,blk.44.hc_attn_inject.weight,40960,163840,KQ-GGUF-RULE-TENSOR-NAME-v1,KQ-GGUF-EVIDENCE-002,PROVEN_CONVERTER,GGUF dimensions use reversed physical dimension order
model.language_model.layers.44.attn_hyper_connection.hc_norm.weight,BF16,10240,10240,20480,text,gated_residual,44,,REQUIRED_INITIAL_TEXT,RENAMED_ONE_TO_ONE,blk.44.hc_attn_norm.weight,10240,40960,KQ-GGUF-RULE-TENSOR-NAME-v1,KQ-GGUF-EVIDENCE-002,PROVEN_CONVERTER,GGUF dimensions use reversed physical dimension order
model.language_model.layers.44.attn_hyper_connection.input_mix_weight_down.weight,BF16,320x10240,3276800,6553600,text,gated_residual,44,,REQUIRED_INITIAL_TEXT,RENAMED_ONE_TO_ONE,blk.44.hc_attn_down.weight,3276800,3481600,KQ-GGUF-RULE-TENSOR-NAME-v1,KQ-GGUF-EVIDENCE-002,PROVEN_CONVERTER,GGUF dimensions use reversed physical dimension order
model.language_model.layers.44.attn_hyper_connection.input_mix_weight_up.weight,BF16,10240x320,3276800,6553600,text,gated_residual,44,,REQUIRED_INITIAL_TEXT,RENAMED_ONE_TO_ONE,blk.44.hc_attn_up.weight,3276800,3481600,KQ-GGUF-RULE-TENSOR-NAME-v1,KQ-GGUF-EVIDENCE-002,PROVEN_CONVERTER,GGUF dimensions use reversed physical dimension order
model.language_model.layers.44.linear_attn.A_log,BF16,48,48,96,text,gdn,44,,REQUIRED_INITIAL_TEXT,TRANSFORMED_LAYOUT,blk.44.ssm_a,48,192,KQ-GGUF-RULE-CONVERTER-TRANSFORM-v1,KQ-GGUF-EVIDENCE-003,PROVEN_CONVERTER,Converter stores -exp(A_log) in the one-to-one GGUF tensor
model.language_model.layers.44.linear_attn.conv1d.weight,BF16,10240x1x4,40960,81920,text,gdn,44,,REQUIRED_INITIAL_TEXT,TRANSFORMED_LAYOUT,blk.44.ssm_conv1d.weight,40960,163840,KQ-GGUF-RULE-CONVERTER-TRANSFORM-v1,KQ-GGUF-EVIDENCE-003,PROVEN_CONVERTER,Converter removes the singleton convolution dimension
model.language_model.layers.44.linear_attn.dt_bias,BF16,48,48,96,text,gdn,44,,REQUIRED_INITIAL_TEXT,RENAMED_ONE_TO_ONE,blk.44.ssm_dt.bias,48,192,KQ-GGUF-RULE-TENSOR-NAME-v1,KQ-GGUF-EVIDENCE-002,PROVEN_CONVERTER,GGUF dimensions use reversed physical dimension order
model.language_model.layers.44.linear_attn.in_proj_a.weight,BF16,48x2560,122880,245760,text,gdn,44,,REQUIRED_INITIAL_TEXT,TRANSFORMED_LAYOUT,blk.44.ssm_alpha.weight,122880,491520,KQ-GGUF-RULE-CONVERTER-TRANSFORM-v1,KQ-GGUF-EVIDENCE-003,PROVEN_CONVERTER,Converter reorders grouped GDN value-head rows or columns to tiled GGML order
model.language_model.layers.44.linear_attn.in_proj_b.weight,BF16,48x2560,122880,245760,text,gdn,44,,REQUIRED_INITIAL_TEXT,TRANSFORMED_LAYOUT,blk.44.ssm_beta.weight,122880,491520,KQ-GGUF-RULE-CONVERTER-TRANSFORM-v1,KQ-GGUF-EVIDENCE-003,PROVEN_CONVERTER,Converter reorders grouped GDN value-head rows or columns to tiled GGML order
model.language_model.layers.44.linear_attn.in_proj_qkv.weight,BF16,10240x2560,26214400,52428800,text,gdn,44,,REQUIRED_INITIAL_TEXT,TRANSFORMED_LAYOUT,blk.44.attn_qkv.weight,26214400,27852800,KQ-GGUF-RULE-CONVERTER-TRANSFORM-v1,KQ-GGUF-EVIDENCE-003,PROVEN_CONVERTER,Converter reorders grouped GDN value-head rows or columns to tiled GGML order
model.language_model.layers.44.linear_attn.in_proj_z.weight,BF16,6144x2560,15728640,31457280,text,gdn,44,,REQUIRED_INITIAL_TEXT,TRANSFORMED_LAYOUT,blk.44.attn_gate.weight,15728640,16711680,KQ-GGUF-RULE-CONVERTER-TRANSFORM-v1,KQ-GGUF-EVIDENCE-003,PROVEN_CONVERTER,Converter reorders grouped GDN value-head rows or columns to tiled GGML order
model.language_model.layers.44.linear_attn.norm.weight,BF16,128,128,256,text,gdn,44,,REQUIRED_INITIAL_TEXT,RENAMED_ONE_TO_ONE,blk.44.ssm_norm.weight,128,512,KQ-GGUF-RULE-TENSOR-NAME-v1,KQ-GGUF-EVIDENCE-002,PROVEN_CONVERTER,GGUF dimensions use reversed physical dimension order
model.language_model.layers.44.linear_attn.out_proj.weight,BF16,2560x6144,15728640,31457280,text,gdn,44,,REQUIRED_INITIAL_TEXT,TRANSFORMED_LAYOUT,blk.44.ssm_out.weight,15728640,16711680,KQ-GGUF-RULE-CONVERTER-TRANSFORM-v1,KQ-GGUF-EVIDENCE-003,PROVEN_CONVERTER,Converter reorders grouped GDN value-head rows or columns to tiled GGML order
model.language_model.layers.44.mlp.experts.down_proj,BF16,512x2560x640,838860800,1677721600,text,routed_experts,44,STACKED_0_511,REQUIRED_INITIAL_TEXT,RENAMED_ONE_TO_ONE,blk.44.ffn_down_exps.weight,838860800,629145600,KQ-GGUF-RULE-TENSOR-NAME-v1,KQ-GGUF-EVIDENCE-002,PROVEN_CONVERTER,GGUF dimensions use reversed physical dimension order
model.language_model.layers.44.mlp.experts.gate_up_proj,BF16,512x1280x2560,1677721600,3355443200,text,routed_experts,44,STACKED_0_511,REQUIRED_INITIAL_TEXT,SPLIT_IN_GGUF,blk.44.ffn_gate_exps.weight;blk.44.ffn_up_exps.weight,1677721600,943718400,KQ-GGUF-RULE-MOE-SPLIT-v1,KQ-GGUF-EVIDENCE-004,PROVEN_CONVERTER,Canonical projection is split along the converter-defined projection dimension
model.language_model.layers.44.mlp.gate.weight,BF16,512x2560,1310720,2621440,text,router,44,,REQUIRED_INITIAL_TEXT,RENAMED_ONE_TO_ONE,blk.44.ffn_gate_inp.weight,1310720,5242880,KQ-GGUF-RULE-TENSOR-NAME-v1,KQ-GGUF-EVIDENCE-002,PROVEN_CONVERTER,GGUF dimensions use reversed physical dimension order
model.language_model.layers.44.mlp.shared_expert.down_proj.weight,BF16,2560x640,1638400,3276800,text,shared_expert,44,,REQUIRED_INITIAL_TEXT,RENAMED_ONE_TO_ONE,blk.44.ffn_down_shexp.weight,1638400,1740800,KQ-GGUF-RULE-TENSOR-NAME-v1,KQ-GGUF-EVIDENCE-002,PROVEN_CONVERTER,GGUF dimensions use reversed physical dimension order
model.language_model.layers.44.mlp.shared_expert.gate_proj.weight,BF16,640x2560,1638400,3276800,text,shared_expert,44,,REQUIRED_INITIAL_TEXT,RENAMED_ONE_TO_ONE,blk.44.ffn_gate_shexp.weight,1638400,1740800,KQ-GGUF-RULE-TENSOR-NAME-v1,KQ-GGUF-EVIDENCE-002,PROVEN_CONVERTER,GGUF dimensions use reversed physical dimension order
model.language_model.layers.44.mlp.shared_expert.up_proj.weight,BF16,640x2560,1638400,3276800,text,shared_expert,44,,REQUIRED_INITIAL_TEXT,RENAMED_ONE_TO_ONE,blk.44.ffn_up_shexp.weight,1638400,1740800,KQ-GGUF-RULE-TENSOR-NAME-v1,KQ-GGUF-EVIDENCE-002,PROVEN_CONVERTER,GGUF dimensions use reversed physical dimension order
model.language_model.layers.44.mlp.shared_expert_gate.weight,BF16,1x2560,2560,5120,text,shared_expert,44,,REQUIRED_INITIAL_TEXT,RENAMED_ONE_TO_ONE,blk.44.ffn_gate_inp_shexp.weight,2560,10240,KQ-GGUF-RULE-TENSOR-NAME-v1,KQ-GGUF-EVIDENCE-002,PROVEN_CONVERTER,GGUF dimensions use reversed physical dimension order
model.language_model.layers.44.mlp_hyper_connection.block_inject_weight.weight,BF16,4x10240,40960,81920,text,gated_residual,44,,REQUIRED_INITIAL_TEXT,RENAMED_ONE_TO_ONE,blk.44.hc_ffn_inject.weight,40960,163840,KQ-GGUF-RULE-TENSOR-NAME-v1,KQ-GGUF-EVIDENCE-002,PROVEN_CONVERTER,GGUF dimensions use reversed physical dimension order
model.language_model.layers.44.mlp_hyper_connection.hc_norm.weight,BF16,10240,10240,20480,text,gated_residual,44,,REQUIRED_INITIAL_TEXT,RENAMED_ONE_TO_ONE,blk.44.hc_ffn_norm.weight,10240,40960,KQ-GGUF-RULE-TENSOR-NAME-v1,KQ-GGUF-EVIDENCE-002,PROVEN_CONVERTER,GGUF dimensions use reversed physical dimension order
model.language_model.layers.44.mlp_hyper_connection.input_mix_weight_down.weight,BF16,320x10240,3276800,6553600,text,gated_residual,44,,REQUIRED_INITIAL_TEXT,RENAMED_ONE_TO_ONE,blk.44.hc_ffn_down.weight,3276800,3481600,KQ-GGUF-RULE-TENSOR-NAME-v1,KQ-GGUF-EVIDENCE-002,PROVEN_CONVERTER,GGUF dimensions use reversed physical dimension order
model.language_model.layers.44.mlp_hyper_connection.input_mix_weight_up.weight,BF16,10240x320,3276800,6553600,text,gated_residual,44,,REQUIRED_INITIAL_TEXT,RENAMED_ONE_TO_ONE,blk.44.hc_ffn_up.weight,3276800,3481600,KQ-GGUF-RULE-TENSOR-NAME-v1,KQ-GGUF-EVIDENCE-002,PROVEN_CONVERTER,GGUF dimensions use reversed physical dimension order
model.language_model.layers.45.attn_hyper_connection.block_inject_weight.weight,BF16,4x10240,40960,81920,text,gated_residual,45,,REQUIRED_INITIAL_TEXT,RENAMED_ONE_TO_ONE,blk.45.hc_attn_inject.weight,40960,163840,KQ-GGUF-RULE-TENSOR-NAME-v1,KQ-GGUF-EVIDENCE-002,PROVEN_CONVERTER,GGUF dimensions use reversed physical dimension order
model.language_model.layers.45.attn_hyper_connection.hc_norm.weight,BF16,10240,10240,20480,text,gated_residual,45,,REQUIRED_INITIAL_TEXT,RENAMED_ONE_TO_ONE,blk.45.hc_attn_norm.weight,10240,40960,KQ-GGUF-RULE-TENSOR-NAME-v1,KQ-GGUF-EVIDENCE-002,PROVEN_CONVERTER,GGUF dimensions use reversed physical dimension order
model.language_model.layers.45.attn_hyper_connection.input_mix_weight_down.weight,BF16,320x10240,3276800,6553600,text,gated_residual,45,,REQUIRED_INITIAL_TEXT,RENAMED_ONE_TO_ONE,blk.45.hc_attn_down.weight,3276800,3481600,KQ-GGUF-RULE-TENSOR-NAME-v1,KQ-GGUF-EVIDENCE-002,PROVEN_CONVERTER,GGUF dimensions use reversed physical dimension order
model.language_model.layers.45.attn_hyper_connection.input_mix_weight_up.weight,BF16,10240x320,3276800,6553600,text,gated_residual,45,,REQUIRED_INITIAL_TEXT,RENAMED_ONE_TO_ONE,blk.45.hc_attn_up.weight,3276800,3481600,KQ-GGUF-RULE-TENSOR-NAME-v1,KQ-GGUF-EVIDENCE-002,PROVEN_CONVERTER,GGUF dimensions use reversed physical dimension order
model.language_model.layers.45.linear_attn.A_log,BF16,48,48,96,text,gdn,45,,REQUIRED_INITIAL_TEXT,TRANSFORMED_LAYOUT,blk.45.ssm_a,48,192,KQ-GGUF-RULE-CONVERTER-TRANSFORM-v1,KQ-GGUF-EVIDENCE-003,PROVEN_CONVERTER,Converter stores -exp(A_log) in the one-to-one GGUF tensor
model.language_model.layers.45.linear_attn.conv1d.weight,BF16,10240x1x4,40960,81920,text,gdn,45,,REQUIRED_INITIAL_TEXT,TRANSFORMED_LAYOUT,blk.45.ssm_conv1d.weight,40960,163840,KQ-GGUF-RULE-CONVERTER-TRANSFORM-v1,KQ-GGUF-EVIDENCE-003,PROVEN_CONVERTER,Converter removes the singleton convolution dimension
model.language_model.layers.45.linear_attn.dt_bias,BF16,48,48,96,text,gdn,45,,REQUIRED_INITIAL_TEXT,RENAMED_ONE_TO_ONE,blk.45.ssm_dt.bias,48,192,KQ-GGUF-RULE-TENSOR-NAME-v1,KQ-GGUF-EVIDENCE-002,PROVEN_CONVERTER,GGUF dimensions use reversed physical dimension order
model.language_model.layers.45.linear_attn.in_proj_a.weight,BF16,48x2560,122880,245760,text,gdn,45,,REQUIRED_INITIAL_TEXT,TRANSFORMED_LAYOUT,blk.45.ssm_alpha.weight,122880,491520,KQ-GGUF-RULE-CONVERTER-TRANSFORM-v1,KQ-GGUF-EVIDENCE-003,PROVEN_CONVERTER,Converter reorders grouped GDN value-head rows or columns to tiled GGML order
model.language_model.layers.45.linear_attn.in_proj_b.weight,BF16,48x2560,122880,245760,text,gdn,45,,REQUIRED_INITIAL_TEXT,TRANSFORMED_LAYOUT,blk.45.ssm_beta.weight,122880,491520,KQ-GGUF-RULE-CONVERTER-TRANSFORM-v1,KQ-GGUF-EVIDENCE-003,PROVEN_CONVERTER,Converter reorders grouped GDN value-head rows or columns to tiled GGML order
model.language_model.layers.45.linear_attn.in_proj_qkv.weight,BF16,10240x2560,26214400,52428800,text,gdn,45,,REQUIRED_INITIAL_TEXT,TRANSFORMED_LAYOUT,blk.45.attn_qkv.weight,26214400,27852800,KQ-GGUF-RULE-CONVERTER-TRANSFORM-v1,KQ-GGUF-EVIDENCE-003,PROVEN_CONVERTER,Converter reorders grouped GDN value-head rows or columns to tiled GGML order
model.language_model.layers.45.linear_attn.in_proj_z.weight,BF16,6144x2560,15728640,31457280,text,gdn,45,,REQUIRED_INITIAL_TEXT,TRANSFORMED_LAYOUT,blk.45.attn_gate.weight,15728640,16711680,KQ-GGUF-RULE-CONVERTER-TRANSFORM-v1,KQ-GGUF-EVIDENCE-003,PROVEN_CONVERTER,Converter reorders grouped GDN value-head rows or columns to tiled GGML order
model.language_model.layers.45.linear_attn.norm.weight,BF16,128,128,256,text,gdn,45,,REQUIRED_INITIAL_TEXT,RENAMED_ONE_TO_ONE,blk.45.ssm_norm.weight,128,512,KQ-GGUF-RULE-TENSOR-NAME-v1,KQ-GGUF-EVIDENCE-002,PROVEN_CONVERTER,GGUF dimensions use reversed physical dimension order
model.language_model.layers.45.linear_attn.out_proj.weight,BF16,2560x6144,15728640,31457280,text,gdn,45,,REQUIRED_INITIAL_TEXT,TRANSFORMED_LAYOUT,blk.45.ssm_out.weight,15728640,16711680,KQ-GGUF-RULE-CONVERTER-TRANSFORM-v1,KQ-GGUF-EVIDENCE-003,PROVEN_CONVERTER,Converter reorders grouped GDN value-head rows or columns to tiled GGML order
model.language_model.layers.45.mlp.experts.down_proj,BF16,512x2560x640,838860800,1677721600,text,routed_experts,45,STACKED_0_511,REQUIRED_INITIAL_TEXT,RENAMED_ONE_TO_ONE,blk.45.ffn_down_exps.weight,838860800,629145600,KQ-GGUF-RULE-TENSOR-NAME-v1,KQ-GGUF-EVIDENCE-002,PROVEN_CONVERTER,GGUF dimensions use reversed physical dimension order
model.language_model.layers.45.mlp.experts.gate_up_proj,BF16,512x1280x2560,1677721600,3355443200,text,routed_experts,45,STACKED_0_511,REQUIRED_INITIAL_TEXT,SPLIT_IN_GGUF,blk.45.ffn_gate_exps.weight;blk.45.ffn_up_exps.weight,1677721600,943718400,KQ-GGUF-RULE-MOE-SPLIT-v1,KQ-GGUF-EVIDENCE-004,PROVEN_CONVERTER,Canonical projection is split along the converter-defined projection dimension
model.language_model.layers.45.mlp.gate.weight,BF16,512x2560,1310720,2621440,text,router,45,,REQUIRED_INITIAL_TEXT,RENAMED_ONE_TO_ONE,blk.45.ffn_gate_inp.weight,1310720,5242880,KQ-GGUF-RULE-TENSOR-NAME-v1,KQ-GGUF-EVIDENCE-002,PROVEN_CONVERTER,GGUF dimensions use reversed physical dimension order
model.language_model.layers.45.mlp.shared_expert.down_proj.weight,BF16,2560x640,1638400,3276800,text,shared_expert,45,,REQUIRED_INITIAL_TEXT,RENAMED_ONE_TO_ONE,blk.45.ffn_down_shexp.weight,1638400,1740800,KQ-GGUF-RULE-TENSOR-NAME-v1,KQ-GGUF-EVIDENCE-002,PROVEN_CONVERTER,GGUF dimensions use reversed physical dimension order
model.language_model.layers.45.mlp.shared_expert.gate_proj.weight,BF16,640x2560,1638400,3276800,text,shared_expert,45,,REQUIRED_INITIAL_TEXT,RENAMED_ONE_TO_ONE,blk.45.ffn_gate_shexp.weight,1638400,1740800,KQ-GGUF-RULE-TENSOR-NAME-v1,KQ-GGUF-EVIDENCE-002,PROVEN_CONVERTER,GGUF dimensions use reversed physical dimension order
model.language_model.layers.45.mlp.shared_expert.up_proj.weight,BF16,640x2560,1638400,3276800,text,shared_expert,45,,REQUIRED_INITIAL_TEXT,RENAMED_ONE_TO_ONE,blk.45.ffn_up_shexp.weight,1638400,1740800,KQ-GGUF-RULE-TENSOR-NAME-v1,KQ-GGUF-EVIDENCE-002,PROVEN_CONVERTER,GGUF dimensions use reversed physical dimension order
model.language_model.layers.45.mlp.shared_expert_gate.weight,BF16,1x2560,2560,5120,text,shared_expert,45,,REQUIRED_INITIAL_TEXT,RENAMED_ONE_TO_ONE,blk.45.ffn_gate_inp_shexp.weight,2560,10240,KQ-GGUF-RULE-TENSOR-NAME-v1,KQ-GGUF-EVIDENCE-002,PROVEN_CONVERTER,GGUF dimensions use reversed physical dimension order
model.language_model.layers.45.mlp_hyper_connection.block_inject_weight.weight,BF16,4x10240,40960,81920,text,gated_residual,45,,REQUIRED_INITIAL_TEXT,RENAMED_ONE_TO_ONE,blk.45.hc_ffn_inject.weight,40960,163840,KQ-GGUF-RULE-TENSOR-NAME-v1,KQ-GGUF-EVIDENCE-002,PROVEN_CONVERTER,GGUF dimensions use reversed physical dimension order
model.language_model.layers.45.mlp_hyper_connection.hc_norm.weight,BF16,10240,10240,20480,text,gated_residual,45,,REQUIRED_INITIAL_TEXT,RENAMED_ONE_TO_ONE,blk.45.hc_ffn_norm.weight,10240,40960,KQ-GGUF-RULE-TENSOR-NAME-v1,KQ-GGUF-EVIDENCE-002,PROVEN_CONVERTER,GGUF dimensions use reversed physical dimension order
model.language_model.layers.45.mlp_hyper_connection.input_mix_weight_down.weight,BF16,320x10240,3276800,6553600,text,gated_residual,45,,REQUIRED_INITIAL_TEXT,RENAMED_ONE_TO_ONE,blk.45.hc_ffn_down.weight,3276800,3481600,KQ-GGUF-RULE-TENSOR-NAME-v1,KQ-GGUF-EVIDENCE-002,PROVEN_CONVERTER,GGUF dimensions use reversed physical dimension order
model.language_model.layers.45.mlp_hyper_connection.input_mix_weight_up.weight,BF16,10240x320,3276800,6553600,text,gated_residual,45,,REQUIRED_INITIAL_TEXT,RENAMED_ONE_TO_ONE,blk.45.hc_ffn_up.weight,3276800,3481600,KQ-GGUF-RULE-TENSOR-NAME-v1,KQ-GGUF-EVIDENCE-002,PROVEN_CONVERTER,GGUF dimensions use reversed physical dimension order
model.language_model.layers.46.attn_hyper_connection.block_inject_weight.weight,BF16,4x10240,40960,81920,text,gated_residual,46,,REQUIRED_INITIAL_TEXT,RENAMED_ONE_TO_ONE,blk.46.hc_attn_inject.weight,40960,163840,KQ-GGUF-RULE-TENSOR-NAME-v1,KQ-GGUF-EVIDENCE-002,PROVEN_CONVERTER,GGUF dimensions use reversed physical dimension order
model.language_model.layers.46.attn_hyper_connection.hc_norm.weight,BF16,10240,10240,20480,text,gated_residual,46,,REQUIRED_INITIAL_TEXT,RENAMED_ONE_TO_ONE,blk.46.hc_attn_norm.weight,10240,40960,KQ-GGUF-RULE-TENSOR-NAME-v1,KQ-GGUF-EVIDENCE-002,PROVEN_CONVERTER,GGUF dimensions use reversed physical dimension order
model.language_model.layers.46.attn_hyper_connection.input_mix_weight_down.weight,BF16,320x10240,3276800,6553600,text,gated_residual,46,,REQUIRED_INITIAL_TEXT,RENAMED_ONE_TO_ONE,blk.46.hc_attn_down.weight,3276800,3481600,KQ-GGUF-RULE-TENSOR-NAME-v1,KQ-GGUF-EVIDENCE-002,PROVEN_CONVERTER,GGUF dimensions use reversed physical dimension order
model.language_model.layers.46.attn_hyper_connection.input_mix_weight_up.weight,BF16,10240x320,3276800,6553600,text,gated_residual,46,,REQUIRED_INITIAL_TEXT,RENAMED_ONE_TO_ONE,blk.46.hc_attn_up.weight,3276800,3481600,KQ-GGUF-RULE-TENSOR-NAME-v1,KQ-GGUF-EVIDENCE-002,PROVEN_CONVERTER,GGUF dimensions use reversed physical dimension order
model.language_model.layers.46.linear_attn.A_log,BF16,48,48,96,text,gdn,46,,REQUIRED_INITIAL_TEXT,TRANSFORMED_LAYOUT,blk.46.ssm_a,48,192,KQ-GGUF-RULE-CONVERTER-TRANSFORM-v1,KQ-GGUF-EVIDENCE-003,PROVEN_CONVERTER,Converter stores -exp(A_log) in the one-to-one GGUF tensor
model.language_model.layers.46.linear_attn.conv1d.weight,BF16,10240x1x4,40960,81920,text,gdn,46,,REQUIRED_INITIAL_TEXT,TRANSFORMED_LAYOUT,blk.46.ssm_conv1d.weight,40960,163840,KQ-GGUF-RULE-CONVERTER-TRANSFORM-v1,KQ-GGUF-EVIDENCE-003,PROVEN_CONVERTER,Converter removes the singleton convolution dimension
model.language_model.layers.46.linear_attn.dt_bias,BF16,48,48,96,text,gdn,46,,REQUIRED_INITIAL_TEXT,RENAMED_ONE_TO_ONE,blk.46.ssm_dt.bias,48,192,KQ-GGUF-RULE-TENSOR-NAME-v1,KQ-GGUF-EVIDENCE-002,PROVEN_CONVERTER,GGUF dimensions use reversed physical dimension order
model.language_model.layers.46.linear_attn.in_proj_a.weight,BF16,48x2560,122880,245760,text,gdn,46,,REQUIRED_INITIAL_TEXT,TRANSFORMED_LAYOUT,blk.46.ssm_alpha.weight,122880,491520,KQ-GGUF-RULE-CONVERTER-TRANSFORM-v1,KQ-GGUF-EVIDENCE-003,PROVEN_CONVERTER,Converter reorders grouped GDN value-head rows or columns to tiled GGML order
model.language_model.layers.46.linear_attn.in_proj_b.weight,BF16,48x2560,122880,245760,text,gdn,46,,REQUIRED_INITIAL_TEXT,TRANSFORMED_LAYOUT,blk.46.ssm_beta.weight,122880,491520,KQ-GGUF-RULE-CONVERTER-TRANSFORM-v1,KQ-GGUF-EVIDENCE-003,PROVEN_CONVERTER,Converter reorders grouped GDN value-head rows or columns to tiled GGML order
model.language_model.layers.46.linear_attn.in_proj_qkv.weight,BF16,10240x2560,26214400,52428800,text,gdn,46,,REQUIRED_INITIAL_TEXT,TRANSFORMED_LAYOUT,blk.46.attn_qkv.weight,26214400,27852800,KQ-GGUF-RULE-CONVERTER-TRANSFORM-v1,KQ-GGUF-EVIDENCE-003,PROVEN_CONVERTER,Converter reorders grouped GDN value-head rows or columns to tiled GGML order
model.language_model.layers.46.linear_attn.in_proj_z.weight,BF16,6144x2560,15728640,31457280,text,gdn,46,,REQUIRED_INITIAL_TEXT,TRANSFORMED_LAYOUT,blk.46.attn_gate.weight,15728640,16711680,KQ-GGUF-RULE-CONVERTER-TRANSFORM-v1,KQ-GGUF-EVIDENCE-003,PROVEN_CONVERTER,Converter reorders grouped GDN value-head rows or columns to tiled GGML order
model.language_model.layers.46.linear_attn.norm.weight,BF16,128,128,256,text,gdn,46,,REQUIRED_INITIAL_TEXT,RENAMED_ONE_TO_ONE,blk.46.ssm_norm.weight,128,512,KQ-GGUF-RULE-TENSOR-NAME-v1,KQ-GGUF-EVIDENCE-002,PROVEN_CONVERTER,GGUF dimensions use reversed physical dimension order
model.language_model.layers.46.linear_attn.out_proj.weight,BF16,2560x6144,15728640,31457280,text,gdn,46,,REQUIRED_INITIAL_TEXT,TRANSFORMED_LAYOUT,blk.46.ssm_out.weight,15728640,16711680,KQ-GGUF-RULE-CONVERTER-TRANSFORM-v1,KQ-GGUF-EVIDENCE-003,PROVEN_CONVERTER,Converter reorders grouped GDN value-head rows or columns to tiled GGML order
model.language_model.layers.46.mlp.experts.down_proj,BF16,512x2560x640,838860800,1677721600,text,routed_experts,46,STACKED_0_511,REQUIRED_INITIAL_TEXT,RENAMED_ONE_TO_ONE,blk.46.ffn_down_exps.weight,838860800,891289600,KQ-GGUF-RULE-TENSOR-NAME-v1,KQ-GGUF-EVIDENCE-002,PROVEN_CONVERTER,GGUF dimensions use reversed physical dimension order
model.language_model.layers.46.mlp.experts.gate_up_proj,BF16,512x1280x2560,1677721600,3355443200,text,routed_experts,46,STACKED_0_511,REQUIRED_INITIAL_TEXT,SPLIT_IN_GGUF,blk.46.ffn_gate_exps.weight;blk.46.ffn_up_exps.weight,1677721600,943718400,KQ-GGUF-RULE-MOE-SPLIT-v1,KQ-GGUF-EVIDENCE-004,PROVEN_CONVERTER,Canonical projection is split along the converter-defined projection dimension
model.language_model.layers.46.mlp.gate.weight,BF16,512x2560,1310720,2621440,text,router,46,,REQUIRED_INITIAL_TEXT,RENAMED_ONE_TO_ONE,blk.46.ffn_gate_inp.weight,1310720,5242880,KQ-GGUF-RULE-TENSOR-NAME-v1,KQ-GGUF-EVIDENCE-002,PROVEN_CONVERTER,GGUF dimensions use reversed physical dimension order
model.language_model.layers.46.mlp.shared_expert.down_proj.weight,BF16,2560x640,1638400,3276800,text,shared_expert,46,,REQUIRED_INITIAL_TEXT,RENAMED_ONE_TO_ONE,blk.46.ffn_down_shexp.weight,1638400,1740800,KQ-GGUF-RULE-TENSOR-NAME-v1,KQ-GGUF-EVIDENCE-002,PROVEN_CONVERTER,GGUF dimensions use reversed physical dimension order
model.language_model.layers.46.mlp.shared_expert.gate_proj.weight,BF16,640x2560,1638400,3276800,text,shared_expert,46,,REQUIRED_INITIAL_TEXT,RENAMED_ONE_TO_ONE,blk.46.ffn_gate_shexp.weight,1638400,1740800,KQ-GGUF-RULE-TENSOR-NAME-v1,KQ-GGUF-EVIDENCE-002,PROVEN_CONVERTER,GGUF dimensions use reversed physical dimension order
model.language_model.layers.46.mlp.shared_expert.up_proj.weight,BF16,640x2560,1638400,3276800,text,shared_expert,46,,REQUIRED_INITIAL_TEXT,RENAMED_ONE_TO_ONE,blk.46.ffn_up_shexp.weight,1638400,1740800,KQ-GGUF-RULE-TENSOR-NAME-v1,KQ-GGUF-EVIDENCE-002,PROVEN_CONVERTER,GGUF dimensions use reversed physical dimension order
model.language_model.layers.46.mlp.shared_expert_gate.weight,BF16,1x2560,2560,5120,text,shared_expert,46,,REQUIRED_INITIAL_TEXT,RENAMED_ONE_TO_ONE,blk.46.ffn_gate_inp_shexp.weight,2560,10240,KQ-GGUF-RULE-TENSOR-NAME-v1,KQ-GGUF-EVIDENCE-002,PROVEN_CONVERTER,GGUF dimensions use reversed physical dimension order
model.language_model.layers.46.mlp_hyper_connection.block_inject_weight.weight,BF16,4x10240,40960,81920,text,gated_residual,46,,REQUIRED_INITIAL_TEXT,RENAMED_ONE_TO_ONE,blk.46.hc_ffn_inject.weight,40960,163840,KQ-GGUF-RULE-TENSOR-NAME-v1,KQ-GGUF-EVIDENCE-002,PROVEN_CONVERTER,GGUF dimensions use reversed physical dimension order
model.language_model.layers.46.mlp_hyper_connection.hc_norm.weight,BF16,10240,10240,20480,text,gated_residual,46,,REQUIRED_INITIAL_TEXT,RENAMED_ONE_TO_ONE,blk.46.hc_ffn_norm.weight,10240,40960,KQ-GGUF-RULE-TENSOR-NAME-v1,KQ-GGUF-EVIDENCE-002,PROVEN_CONVERTER,GGUF dimensions use reversed physical dimension order
model.language_model.layers.46.mlp_hyper_connection.input_mix_weight_down.weight,BF16,320x10240,3276800,6553600,text,gated_residual,46,,REQUIRED_INITIAL_TEXT,RENAMED_ONE_TO_ONE,blk.46.hc_ffn_down.weight,3276800,3481600,KQ-GGUF-RULE-TENSOR-NAME-v1,KQ-GGUF-EVIDENCE-002,PROVEN_CONVERTER,GGUF dimensions use reversed physical dimension order
model.language_model.layers.46.mlp_hyper_connection.input_mix_weight_up.weight,BF16,10240x320,3276800,6553600,text,gated_residual,46,,REQUIRED_INITIAL_TEXT,RENAMED_ONE_TO_ONE,blk.46.hc_ffn_up.weight,3276800,3481600,KQ-GGUF-RULE-TENSOR-NAME-v1,KQ-GGUF-EVIDENCE-002,PROVEN_CONVERTER,GGUF dimensions use reversed physical dimension order
model.language_model.layers.47.attn_hyper_connection.block_inject_weight.weight,BF16,4x10240,40960,81920,text,gated_residual,47,,REQUIRED_INITIAL_TEXT,RENAMED_ONE_TO_ONE,blk.47.hc_attn_inject.weight,40960,163840,KQ-GGUF-RULE-TENSOR-NAME-v1,KQ-GGUF-EVIDENCE-002,PROVEN_CONVERTER,GGUF dimensions use reversed physical dimension order
model.language_model.layers.47.attn_hyper_connection.hc_norm.weight,BF16,10240,10240,20480,text,gated_residual,47,,REQUIRED_INITIAL_TEXT,RENAMED_ONE_TO_ONE,blk.47.hc_attn_norm.weight,10240,40960,KQ-GGUF-RULE-TENSOR-NAME-v1,KQ-GGUF-EVIDENCE-002,PROVEN_CONVERTER,GGUF dimensions use reversed physical dimension order
model.language_model.layers.47.attn_hyper_connection.input_mix_weight_down.weight,BF16,320x10240,3276800,6553600,text,gated_residual,47,,REQUIRED_INITIAL_TEXT,RENAMED_ONE_TO_ONE,blk.47.hc_attn_down.weight,3276800,3481600,KQ-GGUF-RULE-TENSOR-NAME-v1,KQ-GGUF-EVIDENCE-002,PROVEN_CONVERTER,GGUF dimensions use reversed physical dimension order
model.language_model.layers.47.attn_hyper_connection.input_mix_weight_up.weight,BF16,10240x320,3276800,6553600,text,gated_residual,47,,REQUIRED_INITIAL_TEXT,RENAMED_ONE_TO_ONE,blk.47.hc_attn_up.weight,3276800,3481600,KQ-GGUF-RULE-TENSOR-NAME-v1,KQ-GGUF-EVIDENCE-002,PROVEN_CONVERTER,GGUF dimensions use reversed physical dimension order
model.language_model.layers.47.mlp.experts.down_proj,BF16,512x2560x640,838860800,1677721600,text,routed_experts,47,STACKED_0_511,REQUIRED_INITIAL_TEXT,RENAMED_ONE_TO_ONE,blk.47.ffn_down_exps.weight,838860800,891289600,KQ-GGUF-RULE-TENSOR-NAME-v1,KQ-GGUF-EVIDENCE-002,PROVEN_CONVERTER,GGUF dimensions use reversed physical dimension order
model.language_model.layers.47.mlp.experts.gate_up_proj,BF16,512x1280x2560,1677721600,3355443200,text,routed_experts,47,STACKED_0_511,REQUIRED_INITIAL_TEXT,SPLIT_IN_GGUF,blk.47.ffn_gate_exps.weight;blk.47.ffn_up_exps.weight,1677721600,943718400,KQ-GGUF-RULE-MOE-SPLIT-v1,KQ-GGUF-EVIDENCE-004,PROVEN_CONVERTER,Canonical projection is split along the converter-defined projection dimension
model.language_model.layers.47.mlp.gate.weight,BF16,512x2560,1310720,2621440,text,router,47,,REQUIRED_INITIAL_TEXT,RENAMED_ONE_TO_ONE,blk.47.ffn_gate_inp.weight,1310720,5242880,KQ-GGUF-RULE-TENSOR-NAME-v1,KQ-GGUF-EVIDENCE-002,PROVEN_CONVERTER,GGUF dimensions use reversed physical dimension order
model.language_model.layers.47.mlp.shared_expert.down_proj.weight,BF16,2560x640,1638400,3276800,text,shared_expert,47,,REQUIRED_INITIAL_TEXT,RENAMED_ONE_TO_ONE,blk.47.ffn_down_shexp.weight,1638400,1740800,KQ-GGUF-RULE-TENSOR-NAME-v1,KQ-GGUF-EVIDENCE-002,PROVEN_CONVERTER,GGUF dimensions use reversed physical dimension order
model.language_model.layers.47.mlp.shared_expert.gate_proj.weight,BF16,640x2560,1638400,3276800,text,shared_expert,47,,REQUIRED_INITIAL_TEXT,RENAMED_ONE_TO_ONE,blk.47.ffn_gate_shexp.weight,1638400,1740800,KQ-GGUF-RULE-TENSOR-NAME-v1,KQ-GGUF-EVIDENCE-002,PROVEN_CONVERTER,GGUF dimensions use reversed physical dimension order
model.language_model.layers.47.mlp.shared_expert.up_proj.weight,BF16,640x2560,1638400,3276800,text,shared_expert,47,,REQUIRED_INITIAL_TEXT,RENAMED_ONE_TO_ONE,blk.47.ffn_up_shexp.weight,1638400,1740800,KQ-GGUF-RULE-TENSOR-NAME-v1,KQ-GGUF-EVIDENCE-002,PROVEN_CONVERTER,GGUF dimensions use reversed physical dimension order
model.language_model.layers.47.mlp.shared_expert_gate.weight,BF16,1x2560,2560,5120,text,shared_expert,47,,REQUIRED_INITIAL_TEXT,RENAMED_ONE_TO_ONE,blk.47.ffn_gate_inp_shexp.weight,2560,10240,KQ-GGUF-RULE-TENSOR-NAME-v1,KQ-GGUF-EVIDENCE-002,PROVEN_CONVERTER,GGUF dimensions use reversed physical dimension order
model.language_model.layers.47.mlp_hyper_connection.block_inject_weight.weight,BF16,4x10240,40960,81920,text,gated_residual,47,,REQUIRED_INITIAL_TEXT,RENAMED_ONE_TO_ONE,blk.47.hc_ffn_inject.weight,40960,163840,KQ-GGUF-RULE-TENSOR-NAME-v1,KQ-GGUF-EVIDENCE-002,PROVEN_CONVERTER,GGUF dimensions use reversed physical dimension order
model.language_model.layers.47.mlp_hyper_connection.hc_norm.weight,BF16,10240,10240,20480,text,gated_residual,47,,REQUIRED_INITIAL_TEXT,RENAMED_ONE_TO_ONE,blk.47.hc_ffn_norm.weight,10240,40960,KQ-GGUF-RULE-TENSOR-NAME-v1,KQ-GGUF-EVIDENCE-002,PROVEN_CONVERTER,GGUF dimensions use reversed physical dimension order
model.language_model.layers.47.mlp_hyper_connection.input_mix_weight_down.weight,BF16,320x10240,3276800,6553600,text,gated_residual,47,,REQUIRED_INITIAL_TEXT,RENAMED_ONE_TO_ONE,blk.47.hc_ffn_down.weight,3276800,3481600,KQ-GGUF-RULE-TENSOR-NAME-v1,KQ-GGUF-EVIDENCE-002,PROVEN_CONVERTER,GGUF dimensions use reversed physical dimension order
model.language_model.layers.47.mlp_hyper_connection.input_mix_weight_up.weight,BF16,10240x320,3276800,6553600,text,gated_residual,47,,REQUIRED_INITIAL_TEXT,RENAMED_ONE_TO_ONE,blk.47.hc_ffn_up.weight,3276800,3481600,KQ-GGUF-RULE-TENSOR-NAME-v1,KQ-GGUF-EVIDENCE-002,PROVEN_CONVERTER,GGUF dimensions use reversed physical dimension order
model.language_model.layers.47.self_attn.indexer.index_qk_proj.weight,BF16,640x2560,1638400,3276800,text,qsa_indexer,47,,REQUIRED_INITIAL_TEXT,SPLIT_IN_GGUF,blk.47.indexer.q_proj.weight;blk.47.indexer.k_proj.weight,1638400,3276800,KQ-GGUF-RULE-QSA-SPLIT-v1,KQ-GGUF-EVIDENCE-003,PROVEN_CONVERTER,Canonical projection is split along the converter-defined projection dimension
model.language_model.layers.47.self_attn.indexer.k_layernorm.weight,BF16,128,128,256,text,qsa_indexer,47,,REQUIRED_INITIAL_TEXT,RENAMED_ONE_TO_ONE,blk.47.indexer.k_norm.weight,128,512,KQ-GGUF-RULE-TENSOR-NAME-v1,KQ-GGUF-EVIDENCE-002,PROVEN_CONVERTER,GGUF dimensions use reversed physical dimension order
model.language_model.layers.47.self_attn.indexer.q_layernorm.weight,BF16,128,128,256,text,qsa_indexer,47,,REQUIRED_INITIAL_TEXT,RENAMED_ONE_TO_ONE,blk.47.indexer.q_norm.weight,128,512,KQ-GGUF-RULE-TENSOR-NAME-v1,KQ-GGUF-EVIDENCE-002,PROVEN_CONVERTER,GGUF dimensions use reversed physical dimension order
model.language_model.layers.47.self_attn.k_norm.weight,BF16,256,256,512,text,qsa_attention,47,,REQUIRED_INITIAL_TEXT,RENAMED_ONE_TO_ONE,blk.47.attn_k_norm.weight,256,1024,KQ-GGUF-RULE-TENSOR-NAME-v1,KQ-GGUF-EVIDENCE-002,PROVEN_CONVERTER,GGUF dimensions use reversed physical dimension order
model.language_model.layers.47.self_attn.k_proj.weight,BF16,512x2560,1310720,2621440,text,qsa_attention,47,,REQUIRED_INITIAL_TEXT,RENAMED_ONE_TO_ONE,blk.47.attn_k.weight,1310720,1392640,KQ-GGUF-RULE-TENSOR-NAME-v1,KQ-GGUF-EVIDENCE-002,PROVEN_CONVERTER,GGUF dimensions use reversed physical dimension order
model.language_model.layers.47.self_attn.o_proj.weight,BF16,2560x6144,15728640,31457280,text,qsa_attention,47,,REQUIRED_INITIAL_TEXT,RENAMED_ONE_TO_ONE,blk.47.attn_output.weight,15728640,16711680,KQ-GGUF-RULE-TENSOR-NAME-v1,KQ-GGUF-EVIDENCE-002,PROVEN_CONVERTER,GGUF dimensions use reversed physical dimension order
model.language_model.layers.47.self_attn.q_norm.weight,BF16,256,256,512,text,qsa_attention,47,,REQUIRED_INITIAL_TEXT,RENAMED_ONE_TO_ONE,blk.47.attn_q_norm.weight,256,1024,KQ-GGUF-RULE-TENSOR-NAME-v1,KQ-GGUF-EVIDENCE-002,PROVEN_CONVERTER,GGUF dimensions use reversed physical dimension order
model.language_model.layers.47.self_attn.q_proj.weight,BF16,12288x2560,31457280,62914560,text,qsa_attention,47,,REQUIRED_INITIAL_TEXT,RENAMED_ONE_TO_ONE,blk.47.attn_q.weight,31457280,33423360,KQ-GGUF-RULE-TENSOR-NAME-v1,KQ-GGUF-EVIDENCE-002,PROVEN_CONVERTER,GGUF dimensions use reversed physical dimension order
model.language_model.layers.47.self_attn.v_proj.weight,BF16,512x2560,1310720,2621440,text,qsa_attention,47,,REQUIRED_INITIAL_TEXT,RENAMED_ONE_TO_ONE,blk.47.attn_v.weight,1310720,1392640,KQ-GGUF-RULE-TENSOR-NAME-v1,KQ-GGUF-EVIDENCE-002,PROVEN_CONVERTER,GGUF dimensions use reversed physical dimension order
model.language_model.layers.5.attn_hyper_connection.block_inject_weight.weight,BF16,4x10240,40960,81920,text,gated_residual,5,,REQUIRED_INITIAL_TEXT,RENAMED_ONE_TO_ONE,blk.5.hc_attn_inject.weight,40960,163840,KQ-GGUF-RULE-TENSOR-NAME-v1,KQ-GGUF-EVIDENCE-002,PROVEN_CONVERTER,GGUF dimensions use reversed physical dimension order
model.language_model.layers.5.attn_hyper_connection.hc_norm.weight,BF16,10240,10240,20480,text,gated_residual,5,,REQUIRED_INITIAL_TEXT,RENAMED_ONE_TO_ONE,blk.5.hc_attn_norm.weight,10240,40960,KQ-GGUF-RULE-TENSOR-NAME-v1,KQ-GGUF-EVIDENCE-002,PROVEN_CONVERTER,GGUF dimensions use reversed physical dimension order
model.language_model.layers.5.attn_hyper_connection.input_mix_weight_down.weight,BF16,320x10240,3276800,6553600,text,gated_residual,5,,REQUIRED_INITIAL_TEXT,RENAMED_ONE_TO_ONE,blk.5.hc_attn_down.weight,3276800,3481600,KQ-GGUF-RULE-TENSOR-NAME-v1,KQ-GGUF-EVIDENCE-002,PROVEN_CONVERTER,GGUF dimensions use reversed physical dimension order
model.language_model.layers.5.attn_hyper_connection.input_mix_weight_up.weight,BF16,10240x320,3276800,6553600,text,gated_residual,5,,REQUIRED_INITIAL_TEXT,RENAMED_ONE_TO_ONE,blk.5.hc_attn_up.weight,3276800,3481600,KQ-GGUF-RULE-TENSOR-NAME-v1,KQ-GGUF-EVIDENCE-002,PROVEN_CONVERTER,GGUF dimensions use reversed physical dimension order
model.language_model.layers.5.linear_attn.A_log,BF16,48,48,96,text,gdn,5,,REQUIRED_INITIAL_TEXT,TRANSFORMED_LAYOUT,blk.5.ssm_a,48,192,KQ-GGUF-RULE-CONVERTER-TRANSFORM-v1,KQ-GGUF-EVIDENCE-003,PROVEN_CONVERTER,Converter stores -exp(A_log) in the one-to-one GGUF tensor
model.language_model.layers.5.linear_attn.conv1d.weight,BF16,10240x1x4,40960,81920,text,gdn,5,,REQUIRED_INITIAL_TEXT,TRANSFORMED_LAYOUT,blk.5.ssm_conv1d.weight,40960,163840,KQ-GGUF-RULE-CONVERTER-TRANSFORM-v1,KQ-GGUF-EVIDENCE-003,PROVEN_CONVERTER,Converter removes the singleton convolution dimension
model.language_model.layers.5.linear_attn.dt_bias,BF16,48,48,96,text,gdn,5,,REQUIRED_INITIAL_TEXT,RENAMED_ONE_TO_ONE,blk.5.ssm_dt.bias,48,192,KQ-GGUF-RULE-TENSOR-NAME-v1,KQ-GGUF-EVIDENCE-002,PROVEN_CONVERTER,GGUF dimensions use reversed physical dimension order
model.language_model.layers.5.linear_attn.in_proj_a.weight,BF16,48x2560,122880,245760,text,gdn,5,,REQUIRED_INITIAL_TEXT,TRANSFORMED_LAYOUT,blk.5.ssm_alpha.weight,122880,491520,KQ-GGUF-RULE-CONVERTER-TRANSFORM-v1,KQ-GGUF-EVIDENCE-003,PROVEN_CONVERTER,Converter reorders grouped GDN value-head rows or columns to tiled GGML order
model.language_model.layers.5.linear_attn.in_proj_b.weight,BF16,48x2560,122880,245760,text,gdn,5,,REQUIRED_INITIAL_TEXT,TRANSFORMED_LAYOUT,blk.5.ssm_beta.weight,122880,491520,KQ-GGUF-RULE-CONVERTER-TRANSFORM-v1,KQ-GGUF-EVIDENCE-003,PROVEN_CONVERTER,Converter reorders grouped GDN value-head rows or columns to tiled GGML order
model.language_model.layers.5.linear_attn.in_proj_qkv.weight,BF16,10240x2560,26214400,52428800,text,gdn,5,,REQUIRED_INITIAL_TEXT,TRANSFORMED_LAYOUT,blk.5.attn_qkv.weight,26214400,27852800,KQ-GGUF-RULE-CONVERTER-TRANSFORM-v1,KQ-GGUF-EVIDENCE-003,PROVEN_CONVERTER,Converter reorders grouped GDN value-head rows or columns to tiled GGML order
model.language_model.layers.5.linear_attn.in_proj_z.weight,BF16,6144x2560,15728640,31457280,text,gdn,5,,REQUIRED_INITIAL_TEXT,TRANSFORMED_LAYOUT,blk.5.attn_gate.weight,15728640,16711680,KQ-GGUF-RULE-CONVERTER-TRANSFORM-v1,KQ-GGUF-EVIDENCE-003,PROVEN_CONVERTER,Converter reorders grouped GDN value-head rows or columns to tiled GGML order
model.language_model.layers.5.linear_attn.norm.weight,BF16,128,128,256,text,gdn,5,,REQUIRED_INITIAL_TEXT,RENAMED_ONE_TO_ONE,blk.5.ssm_norm.weight,128,512,KQ-GGUF-RULE-TENSOR-NAME-v1,KQ-GGUF-EVIDENCE-002,PROVEN_CONVERTER,GGUF dimensions use reversed physical dimension order
model.language_model.layers.5.linear_attn.out_proj.weight,BF16,2560x6144,15728640,31457280,text,gdn,5,,REQUIRED_INITIAL_TEXT,TRANSFORMED_LAYOUT,blk.5.ssm_out.weight,15728640,16711680,KQ-GGUF-RULE-CONVERTER-TRANSFORM-v1,KQ-GGUF-EVIDENCE-003,PROVEN_CONVERTER,Converter reorders grouped GDN value-head rows or columns to tiled GGML order
model.language_model.layers.5.mlp.experts.down_proj,BF16,512x2560x640,838860800,1677721600,text,routed_experts,5,STACKED_0_511,REQUIRED_INITIAL_TEXT,RENAMED_ONE_TO_ONE,blk.5.ffn_down_exps.weight,838860800,629145600,KQ-GGUF-RULE-TENSOR-NAME-v1,KQ-GGUF-EVIDENCE-002,PROVEN_CONVERTER,GGUF dimensions use reversed physical dimension order
model.language_model.layers.5.mlp.experts.gate_up_proj,BF16,512x1280x2560,1677721600,3355443200,text,routed_experts,5,STACKED_0_511,REQUIRED_INITIAL_TEXT,SPLIT_IN_GGUF,blk.5.ffn_gate_exps.weight;blk.5.ffn_up_exps.weight,1677721600,943718400,KQ-GGUF-RULE-MOE-SPLIT-v1,KQ-GGUF-EVIDENCE-004,PROVEN_CONVERTER,Canonical projection is split along the converter-defined projection dimension
model.language_model.layers.5.mlp.gate.weight,BF16,512x2560,1310720,2621440,text,router,5,,REQUIRED_INITIAL_TEXT,RENAMED_ONE_TO_ONE,blk.5.ffn_gate_inp.weight,1310720,5242880,KQ-GGUF-RULE-TENSOR-NAME-v1,KQ-GGUF-EVIDENCE-002,PROVEN_CONVERTER,GGUF dimensions use reversed physical dimension order
model.language_model.layers.5.mlp.shared_expert.down_proj.weight,BF16,2560x640,1638400,3276800,text,shared_expert,5,,REQUIRED_INITIAL_TEXT,RENAMED_ONE_TO_ONE,blk.5.ffn_down_shexp.weight,1638400,1740800,KQ-GGUF-RULE-TENSOR-NAME-v1,KQ-GGUF-EVIDENCE-002,PROVEN_CONVERTER,GGUF dimensions use reversed physical dimension order
model.language_model.layers.5.mlp.shared_expert.gate_proj.weight,BF16,640x2560,1638400,3276800,text,shared_expert,5,,REQUIRED_INITIAL_TEXT,RENAMED_ONE_TO_ONE,blk.5.ffn_gate_shexp.weight,1638400,1740800,KQ-GGUF-RULE-TENSOR-NAME-v1,KQ-GGUF-EVIDENCE-002,PROVEN_CONVERTER,GGUF dimensions use reversed physical dimension order
model.language_model.layers.5.mlp.shared_expert.up_proj.weight,BF16,640x2560,1638400,3276800,text,shared_expert,5,,REQUIRED_INITIAL_TEXT,RENAMED_ONE_TO_ONE,blk.5.ffn_up_shexp.weight,1638400,1740800,KQ-GGUF-RULE-TENSOR-NAME-v1,KQ-GGUF-EVIDENCE-002,PROVEN_CONVERTER,GGUF dimensions use reversed physical dimension order
model.language_model.layers.5.mlp.shared_expert_gate.weight,BF16,1x2560,2560,5120,text,shared_expert,5,,REQUIRED_INITIAL_TEXT,RENAMED_ONE_TO_ONE,blk.5.ffn_gate_inp_shexp.weight,2560,10240,KQ-GGUF-RULE-TENSOR-NAME-v1,KQ-GGUF-EVIDENCE-002,PROVEN_CONVERTER,GGUF dimensions use reversed physical dimension order
model.language_model.layers.5.mlp_hyper_connection.block_inject_weight.weight,BF16,4x10240,40960,81920,text,gated_residual,5,,REQUIRED_INITIAL_TEXT,RENAMED_ONE_TO_ONE,blk.5.hc_ffn_inject.weight,40960,163840,KQ-GGUF-RULE-TENSOR-NAME-v1,KQ-GGUF-EVIDENCE-002,PROVEN_CONVERTER,GGUF dimensions use reversed physical dimension order
model.language_model.layers.5.mlp_hyper_connection.hc_norm.weight,BF16,10240,10240,20480,text,gated_residual,5,,REQUIRED_INITIAL_TEXT,RENAMED_ONE_TO_ONE,blk.5.hc_ffn_norm.weight,10240,40960,KQ-GGUF-RULE-TENSOR-NAME-v1,KQ-GGUF-EVIDENCE-002,PROVEN_CONVERTER,GGUF dimensions use reversed physical dimension order
model.language_model.layers.5.mlp_hyper_connection.input_mix_weight_down.weight,BF16,320x10240,3276800,6553600,text,gated_residual,5,,REQUIRED_INITIAL_TEXT,RENAMED_ONE_TO_ONE,blk.5.hc_ffn_down.weight,3276800,3481600,KQ-GGUF-RULE-TENSOR-NAME-v1,KQ-GGUF-EVIDENCE-002,PROVEN_CONVERTER,GGUF dimensions use reversed physical dimension order
model.language_model.layers.5.mlp_hyper_connection.input_mix_weight_up.weight,BF16,10240x320,3276800,6553600,text,gated_residual,5,,REQUIRED_INITIAL_TEXT,RENAMED_ONE_TO_ONE,blk.5.hc_ffn_up.weight,3276800,3481600,KQ-GGUF-RULE-TENSOR-NAME-v1,KQ-GGUF-EVIDENCE-002,PROVEN_CONVERTER,GGUF dimensions use reversed physical dimension order
model.language_model.layers.6.attn_hyper_connection.block_inject_weight.weight,BF16,4x10240,40960,81920,text,gated_residual,6,,REQUIRED_INITIAL_TEXT,RENAMED_ONE_TO_ONE,blk.6.hc_attn_inject.weight,40960,163840,KQ-GGUF-RULE-TENSOR-NAME-v1,KQ-GGUF-EVIDENCE-002,PROVEN_CONVERTER,GGUF dimensions use reversed physical dimension order
model.language_model.layers.6.attn_hyper_connection.hc_norm.weight,BF16,10240,10240,20480,text,gated_residual,6,,REQUIRED_INITIAL_TEXT,RENAMED_ONE_TO_ONE,blk.6.hc_attn_norm.weight,10240,40960,KQ-GGUF-RULE-TENSOR-NAME-v1,KQ-GGUF-EVIDENCE-002,PROVEN_CONVERTER,GGUF dimensions use reversed physical dimension order
model.language_model.layers.6.attn_hyper_connection.input_mix_weight_down.weight,BF16,320x10240,3276800,6553600,text,gated_residual,6,,REQUIRED_INITIAL_TEXT,RENAMED_ONE_TO_ONE,blk.6.hc_attn_down.weight,3276800,3481600,KQ-GGUF-RULE-TENSOR-NAME-v1,KQ-GGUF-EVIDENCE-002,PROVEN_CONVERTER,GGUF dimensions use reversed physical dimension order
model.language_model.layers.6.attn_hyper_connection.input_mix_weight_up.weight,BF16,10240x320,3276800,6553600,text,gated_residual,6,,REQUIRED_INITIAL_TEXT,RENAMED_ONE_TO_ONE,blk.6.hc_attn_up.weight,3276800,3481600,KQ-GGUF-RULE-TENSOR-NAME-v1,KQ-GGUF-EVIDENCE-002,PROVEN_CONVERTER,GGUF dimensions use reversed physical dimension order
model.language_model.layers.6.linear_attn.A_log,BF16,48,48,96,text,gdn,6,,REQUIRED_INITIAL_TEXT,TRANSFORMED_LAYOUT,blk.6.ssm_a,48,192,KQ-GGUF-RULE-CONVERTER-TRANSFORM-v1,KQ-GGUF-EVIDENCE-003,PROVEN_CONVERTER,Converter stores -exp(A_log) in the one-to-one GGUF tensor
model.language_model.layers.6.linear_attn.conv1d.weight,BF16,10240x1x4,40960,81920,text,gdn,6,,REQUIRED_INITIAL_TEXT,TRANSFORMED_LAYOUT,blk.6.ssm_conv1d.weight,40960,163840,KQ-GGUF-RULE-CONVERTER-TRANSFORM-v1,KQ-GGUF-EVIDENCE-003,PROVEN_CONVERTER,Converter removes the singleton convolution dimension
model.language_model.layers.6.linear_attn.dt_bias,BF16,48,48,96,text,gdn,6,,REQUIRED_INITIAL_TEXT,RENAMED_ONE_TO_ONE,blk.6.ssm_dt.bias,48,192,KQ-GGUF-RULE-TENSOR-NAME-v1,KQ-GGUF-EVIDENCE-002,PROVEN_CONVERTER,GGUF dimensions use reversed physical dimension order
model.language_model.layers.6.linear_attn.in_proj_a.weight,BF16,48x2560,122880,245760,text,gdn,6,,REQUIRED_INITIAL_TEXT,TRANSFORMED_LAYOUT,blk.6.ssm_alpha.weight,122880,491520,KQ-GGUF-RULE-CONVERTER-TRANSFORM-v1,KQ-GGUF-EVIDENCE-003,PROVEN_CONVERTER,Converter reorders grouped GDN value-head rows or columns to tiled GGML order
model.language_model.layers.6.linear_attn.in_proj_b.weight,BF16,48x2560,122880,245760,text,gdn,6,,REQUIRED_INITIAL_TEXT,TRANSFORMED_LAYOUT,blk.6.ssm_beta.weight,122880,491520,KQ-GGUF-RULE-CONVERTER-TRANSFORM-v1,KQ-GGUF-EVIDENCE-003,PROVEN_CONVERTER,Converter reorders grouped GDN value-head rows or columns to tiled GGML order
model.language_model.layers.6.linear_attn.in_proj_qkv.weight,BF16,10240x2560,26214400,52428800,text,gdn,6,,REQUIRED_INITIAL_TEXT,TRANSFORMED_LAYOUT,blk.6.attn_qkv.weight,26214400,27852800,KQ-GGUF-RULE-CONVERTER-TRANSFORM-v1,KQ-GGUF-EVIDENCE-003,PROVEN_CONVERTER,Converter reorders grouped GDN value-head rows or columns to tiled GGML order
model.language_model.layers.6.linear_attn.in_proj_z.weight,BF16,6144x2560,15728640,31457280,text,gdn,6,,REQUIRED_INITIAL_TEXT,TRANSFORMED_LAYOUT,blk.6.attn_gate.weight,15728640,16711680,KQ-GGUF-RULE-CONVERTER-TRANSFORM-v1,KQ-GGUF-EVIDENCE-003,PROVEN_CONVERTER,Converter reorders grouped GDN value-head rows or columns to tiled GGML order
model.language_model.layers.6.linear_attn.norm.weight,BF16,128,128,256,text,gdn,6,,REQUIRED_INITIAL_TEXT,RENAMED_ONE_TO_ONE,blk.6.ssm_norm.weight,128,512,KQ-GGUF-RULE-TENSOR-NAME-v1,KQ-GGUF-EVIDENCE-002,PROVEN_CONVERTER,GGUF dimensions use reversed physical dimension order
model.language_model.layers.6.linear_attn.out_proj.weight,BF16,2560x6144,15728640,31457280,text,gdn,6,,REQUIRED_INITIAL_TEXT,TRANSFORMED_LAYOUT,blk.6.ssm_out.weight,15728640,16711680,KQ-GGUF-RULE-CONVERTER-TRANSFORM-v1,KQ-GGUF-EVIDENCE-003,PROVEN_CONVERTER,Converter reorders grouped GDN value-head rows or columns to tiled GGML order
model.language_model.layers.6.mlp.experts.down_proj,BF16,512x2560x640,838860800,1677721600,text,routed_experts,6,STACKED_0_511,REQUIRED_INITIAL_TEXT,RENAMED_ONE_TO_ONE,blk.6.ffn_down_exps.weight,838860800,629145600,KQ-GGUF-RULE-TENSOR-NAME-v1,KQ-GGUF-EVIDENCE-002,PROVEN_CONVERTER,GGUF dimensions use reversed physical dimension order
model.language_model.layers.6.mlp.experts.gate_up_proj,BF16,512x1280x2560,1677721600,3355443200,text,routed_experts,6,STACKED_0_511,REQUIRED_INITIAL_TEXT,SPLIT_IN_GGUF,blk.6.ffn_gate_exps.weight;blk.6.ffn_up_exps.weight,1677721600,943718400,KQ-GGUF-RULE-MOE-SPLIT-v1,KQ-GGUF-EVIDENCE-004,PROVEN_CONVERTER,Canonical projection is split along the converter-defined projection dimension
model.language_model.layers.6.mlp.gate.weight,BF16,512x2560,1310720,2621440,text,router,6,,REQUIRED_INITIAL_TEXT,RENAMED_ONE_TO_ONE,blk.6.ffn_gate_inp.weight,1310720,5242880,KQ-GGUF-RULE-TENSOR-NAME-v1,KQ-GGUF-EVIDENCE-002,PROVEN_CONVERTER,GGUF dimensions use reversed physical dimension order
model.language_model.layers.6.mlp.shared_expert.down_proj.weight,BF16,2560x640,1638400,3276800,text,shared_expert,6,,REQUIRED_INITIAL_TEXT,RENAMED_ONE_TO_ONE,blk.6.ffn_down_shexp.weight,1638400,1740800,KQ-GGUF-RULE-TENSOR-NAME-v1,KQ-GGUF-EVIDENCE-002,PROVEN_CONVERTER,GGUF dimensions use reversed physical dimension order
model.language_model.layers.6.mlp.shared_expert.gate_proj.weight,BF16,640x2560,1638400,3276800,text,shared_expert,6,,REQUIRED_INITIAL_TEXT,RENAMED_ONE_TO_ONE,blk.6.ffn_gate_shexp.weight,1638400,1740800,KQ-GGUF-RULE-TENSOR-NAME-v1,KQ-GGUF-EVIDENCE-002,PROVEN_CONVERTER,GGUF dimensions use reversed physical dimension order
model.language_model.layers.6.mlp.shared_expert.up_proj.weight,BF16,640x2560,1638400,3276800,text,shared_expert,6,,REQUIRED_INITIAL_TEXT,RENAMED_ONE_TO_ONE,blk.6.ffn_up_shexp.weight,1638400,1740800,KQ-GGUF-RULE-TENSOR-NAME-v1,KQ-GGUF-EVIDENCE-002,PROVEN_CONVERTER,GGUF dimensions use reversed physical dimension order
model.language_model.layers.6.mlp.shared_expert_gate.weight,BF16,1x2560,2560,5120,text,shared_expert,6,,REQUIRED_INITIAL_TEXT,RENAMED_ONE_TO_ONE,blk.6.ffn_gate_inp_shexp.weight,2560,10240,KQ-GGUF-RULE-TENSOR-NAME-v1,KQ-GGUF-EVIDENCE-002,PROVEN_CONVERTER,GGUF dimensions use reversed physical dimension order
model.language_model.layers.6.mlp_hyper_connection.block_inject_weight.weight,BF16,4x10240,40960,81920,text,gated_residual,6,,REQUIRED_INITIAL_TEXT,RENAMED_ONE_TO_ONE,blk.6.hc_ffn_inject.weight,40960,163840,KQ-GGUF-RULE-TENSOR-NAME-v1,KQ-GGUF-EVIDENCE-002,PROVEN_CONVERTER,GGUF dimensions use reversed physical dimension order
model.language_model.layers.6.mlp_hyper_connection.hc_norm.weight,BF16,10240,10240,20480,text,gated_residual,6,,REQUIRED_INITIAL_TEXT,RENAMED_ONE_TO_ONE,blk.6.hc_ffn_norm.weight,10240,40960,KQ-GGUF-RULE-TENSOR-NAME-v1,KQ-GGUF-EVIDENCE-002,PROVEN_CONVERTER,GGUF dimensions use reversed physical dimension order
model.language_model.layers.6.mlp_hyper_connection.input_mix_weight_down.weight,BF16,320x10240,3276800,6553600,text,gated_residual,6,,REQUIRED_INITIAL_TEXT,RENAMED_ONE_TO_ONE,blk.6.hc_ffn_down.weight,3276800,3481600,KQ-GGUF-RULE-TENSOR-NAME-v1,KQ-GGUF-EVIDENCE-002,PROVEN_CONVERTER,GGUF dimensions use reversed physical dimension order
model.language_model.layers.6.mlp_hyper_connection.input_mix_weight_up.weight,BF16,10240x320,3276800,6553600,text,gated_residual,6,,REQUIRED_INITIAL_TEXT,RENAMED_ONE_TO_ONE,blk.6.hc_ffn_up.weight,3276800,3481600,KQ-GGUF-RULE-TENSOR-NAME-v1,KQ-GGUF-EVIDENCE-002,PROVEN_CONVERTER,GGUF dimensions use reversed physical dimension order
model.language_model.layers.7.attn_hyper_connection.block_inject_weight.weight,BF16,4x10240,40960,81920,text,gated_residual,7,,REQUIRED_INITIAL_TEXT,RENAMED_ONE_TO_ONE,blk.7.hc_attn_inject.weight,40960,163840,KQ-GGUF-RULE-TENSOR-NAME-v1,KQ-GGUF-EVIDENCE-002,PROVEN_CONVERTER,GGUF dimensions use reversed physical dimension order
model.language_model.layers.7.attn_hyper_connection.hc_norm.weight,BF16,10240,10240,20480,text,gated_residual,7,,REQUIRED_INITIAL_TEXT,RENAMED_ONE_TO_ONE,blk.7.hc_attn_norm.weight,10240,40960,KQ-GGUF-RULE-TENSOR-NAME-v1,KQ-GGUF-EVIDENCE-002,PROVEN_CONVERTER,GGUF dimensions use reversed physical dimension order
model.language_model.layers.7.attn_hyper_connection.input_mix_weight_down.weight,BF16,320x10240,3276800,6553600,text,gated_residual,7,,REQUIRED_INITIAL_TEXT,RENAMED_ONE_TO_ONE,blk.7.hc_attn_down.weight,3276800,3481600,KQ-GGUF-RULE-TENSOR-NAME-v1,KQ-GGUF-EVIDENCE-002,PROVEN_CONVERTER,GGUF dimensions use reversed physical dimension order
model.language_model.layers.7.attn_hyper_connection.input_mix_weight_up.weight,BF16,10240x320,3276800,6553600,text,gated_residual,7,,REQUIRED_INITIAL_TEXT,RENAMED_ONE_TO_ONE,blk.7.hc_attn_up.weight,3276800,3481600,KQ-GGUF-RULE-TENSOR-NAME-v1,KQ-GGUF-EVIDENCE-002,PROVEN_CONVERTER,GGUF dimensions use reversed physical dimension order
model.language_model.layers.7.mlp.experts.down_proj,BF16,512x2560x640,838860800,1677721600,text,routed_experts,7,STACKED_0_511,REQUIRED_INITIAL_TEXT,RENAMED_ONE_TO_ONE,blk.7.ffn_down_exps.weight,838860800,629145600,KQ-GGUF-RULE-TENSOR-NAME-v1,KQ-GGUF-EVIDENCE-002,PROVEN_CONVERTER,GGUF dimensions use reversed physical dimension order
model.language_model.layers.7.mlp.experts.gate_up_proj,BF16,512x1280x2560,1677721600,3355443200,text,routed_experts,7,STACKED_0_511,REQUIRED_INITIAL_TEXT,SPLIT_IN_GGUF,blk.7.ffn_gate_exps.weight;blk.7.ffn_up_exps.weight,1677721600,943718400,KQ-GGUF-RULE-MOE-SPLIT-v1,KQ-GGUF-EVIDENCE-004,PROVEN_CONVERTER,Canonical projection is split along the converter-defined projection dimension
model.language_model.layers.7.mlp.gate.weight,BF16,512x2560,1310720,2621440,text,router,7,,REQUIRED_INITIAL_TEXT,RENAMED_ONE_TO_ONE,blk.7.ffn_gate_inp.weight,1310720,5242880,KQ-GGUF-RULE-TENSOR-NAME-v1,KQ-GGUF-EVIDENCE-002,PROVEN_CONVERTER,GGUF dimensions use reversed physical dimension order
model.language_model.layers.7.mlp.shared_expert.down_proj.weight,BF16,2560x640,1638400,3276800,text,shared_expert,7,,REQUIRED_INITIAL_TEXT,RENAMED_ONE_TO_ONE,blk.7.ffn_down_shexp.weight,1638400,1740800,KQ-GGUF-RULE-TENSOR-NAME-v1,KQ-GGUF-EVIDENCE-002,PROVEN_CONVERTER,GGUF dimensions use reversed physical dimension order
model.language_model.layers.7.mlp.shared_expert.gate_proj.weight,BF16,640x2560,1638400,3276800,text,shared_expert,7,,REQUIRED_INITIAL_TEXT,RENAMED_ONE_TO_ONE,blk.7.ffn_gate_shexp.weight,1638400,1740800,KQ-GGUF-RULE-TENSOR-NAME-v1,KQ-GGUF-EVIDENCE-002,PROVEN_CONVERTER,GGUF dimensions use reversed physical dimension order
model.language_model.layers.7.mlp.shared_expert.up_proj.weight,BF16,640x2560,1638400,3276800,text,shared_expert,7,,REQUIRED_INITIAL_TEXT,RENAMED_ONE_TO_ONE,blk.7.ffn_up_shexp.weight,1638400,1740800,KQ-GGUF-RULE-TENSOR-NAME-v1,KQ-GGUF-EVIDENCE-002,PROVEN_CONVERTER,GGUF dimensions use reversed physical dimension order
model.language_model.layers.7.mlp.shared_expert_gate.weight,BF16,1x2560,2560,5120,text,shared_expert,7,,REQUIRED_INITIAL_TEXT,RENAMED_ONE_TO_ONE,blk.7.ffn_gate_inp_shexp.weight,2560,10240,KQ-GGUF-RULE-TENSOR-NAME-v1,KQ-GGUF-EVIDENCE-002,PROVEN_CONVERTER,GGUF dimensions use reversed physical dimension order
model.language_model.layers.7.mlp_hyper_connection.block_inject_weight.weight,BF16,4x10240,40960,81920,text,gated_residual,7,,REQUIRED_INITIAL_TEXT,RENAMED_ONE_TO_ONE,blk.7.hc_ffn_inject.weight,40960,163840,KQ-GGUF-RULE-TENSOR-NAME-v1,KQ-GGUF-EVIDENCE-002,PROVEN_CONVERTER,GGUF dimensions use reversed physical dimension order
model.language_model.layers.7.mlp_hyper_connection.hc_norm.weight,BF16,10240,10240,20480,text,gated_residual,7,,REQUIRED_INITIAL_TEXT,RENAMED_ONE_TO_ONE,blk.7.hc_ffn_norm.weight,10240,40960,KQ-GGUF-RULE-TENSOR-NAME-v1,KQ-GGUF-EVIDENCE-002,PROVEN_CONVERTER,GGUF dimensions use reversed physical dimension order
model.language_model.layers.7.mlp_hyper_connection.input_mix_weight_down.weight,BF16,320x10240,3276800,6553600,text,gated_residual,7,,REQUIRED_INITIAL_TEXT,RENAMED_ONE_TO_ONE,blk.7.hc_ffn_down.weight,3276800,3481600,KQ-GGUF-RULE-TENSOR-NAME-v1,KQ-GGUF-EVIDENCE-002,PROVEN_CONVERTER,GGUF dimensions use reversed physical dimension order
model.language_model.layers.7.mlp_hyper_connection.input_mix_weight_up.weight,BF16,10240x320,3276800,6553600,text,gated_residual,7,,REQUIRED_INITIAL_TEXT,RENAMED_ONE_TO_ONE,blk.7.hc_ffn_up.weight,3276800,3481600,KQ-GGUF-RULE-TENSOR-NAME-v1,KQ-GGUF-EVIDENCE-002,PROVEN_CONVERTER,GGUF dimensions use reversed physical dimension order
model.language_model.layers.7.self_attn.indexer.index_qk_proj.weight,BF16,640x2560,1638400,3276800,text,qsa_indexer,7,,REQUIRED_INITIAL_TEXT,SPLIT_IN_GGUF,blk.7.indexer.q_proj.weight;blk.7.indexer.k_proj.weight,1638400,3276800,KQ-GGUF-RULE-QSA-SPLIT-v1,KQ-GGUF-EVIDENCE-003,PROVEN_CONVERTER,Canonical projection is split along the converter-defined projection dimension
model.language_model.layers.7.self_attn.indexer.k_layernorm.weight,BF16,128,128,256,text,qsa_indexer,7,,REQUIRED_INITIAL_TEXT,RENAMED_ONE_TO_ONE,blk.7.indexer.k_norm.weight,128,512,KQ-GGUF-RULE-TENSOR-NAME-v1,KQ-GGUF-EVIDENCE-002,PROVEN_CONVERTER,GGUF dimensions use reversed physical dimension order
model.language_model.layers.7.self_attn.indexer.q_layernorm.weight,BF16,128,128,256,text,qsa_indexer,7,,REQUIRED_INITIAL_TEXT,RENAMED_ONE_TO_ONE,blk.7.indexer.q_norm.weight,128,512,KQ-GGUF-RULE-TENSOR-NAME-v1,KQ-GGUF-EVIDENCE-002,PROVEN_CONVERTER,GGUF dimensions use reversed physical dimension order
model.language_model.layers.7.self_attn.k_norm.weight,BF16,256,256,512,text,qsa_attention,7,,REQUIRED_INITIAL_TEXT,RENAMED_ONE_TO_ONE,blk.7.attn_k_norm.weight,256,1024,KQ-GGUF-RULE-TENSOR-NAME-v1,KQ-GGUF-EVIDENCE-002,PROVEN_CONVERTER,GGUF dimensions use reversed physical dimension order
model.language_model.layers.7.self_attn.k_proj.weight,BF16,512x2560,1310720,2621440,text,qsa_attention,7,,REQUIRED_INITIAL_TEXT,RENAMED_ONE_TO_ONE,blk.7.attn_k.weight,1310720,1392640,KQ-GGUF-RULE-TENSOR-NAME-v1,KQ-GGUF-EVIDENCE-002,PROVEN_CONVERTER,GGUF dimensions use reversed physical dimension order
model.language_model.layers.7.self_attn.o_proj.weight,BF16,2560x6144,15728640,31457280,text,qsa_attention,7,,REQUIRED_INITIAL_TEXT,RENAMED_ONE_TO_ONE,blk.7.attn_output.weight,15728640,16711680,KQ-GGUF-RULE-TENSOR-NAME-v1,KQ-GGUF-EVIDENCE-002,PROVEN_CONVERTER,GGUF dimensions use reversed physical dimension order
model.language_model.layers.7.self_attn.q_norm.weight,BF16,256,256,512,text,qsa_attention,7,,REQUIRED_INITIAL_TEXT,RENAMED_ONE_TO_ONE,blk.7.attn_q_norm.weight,256,1024,KQ-GGUF-RULE-TENSOR-NAME-v1,KQ-GGUF-EVIDENCE-002,PROVEN_CONVERTER,GGUF dimensions use reversed physical dimension order
model.language_model.layers.7.self_attn.q_proj.weight,BF16,12288x2560,31457280,62914560,text,qsa_attention,7,,REQUIRED_INITIAL_TEXT,RENAMED_ONE_TO_ONE,blk.7.attn_q.weight,31457280,33423360,KQ-GGUF-RULE-TENSOR-NAME-v1,KQ-GGUF-EVIDENCE-002,PROVEN_CONVERTER,GGUF dimensions use reversed physical dimension order
model.language_model.layers.7.self_attn.v_proj.weight,BF16,512x2560,1310720,2621440,text,qsa_attention,7,,REQUIRED_INITIAL_TEXT,RENAMED_ONE_TO_ONE,blk.7.attn_v.weight,1310720,1392640,KQ-GGUF-RULE-TENSOR-NAME-v1,KQ-GGUF-EVIDENCE-002,PROVEN_CONVERTER,GGUF dimensions use reversed physical dimension order
model.language_model.layers.8.attn_hyper_connection.block_inject_weight.weight,BF16,4x10240,40960,81920,text,gated_residual,8,,REQUIRED_INITIAL_TEXT,RENAMED_ONE_TO_ONE,blk.8.hc_attn_inject.weight,40960,163840,KQ-GGUF-RULE-TENSOR-NAME-v1,KQ-GGUF-EVIDENCE-002,PROVEN_CONVERTER,GGUF dimensions use reversed physical dimension order
model.language_model.layers.8.attn_hyper_connection.hc_norm.weight,BF16,10240,10240,20480,text,gated_residual,8,,REQUIRED_INITIAL_TEXT,RENAMED_ONE_TO_ONE,blk.8.hc_attn_norm.weight,10240,40960,KQ-GGUF-RULE-TENSOR-NAME-v1,KQ-GGUF-EVIDENCE-002,PROVEN_CONVERTER,GGUF dimensions use reversed physical dimension order
model.language_model.layers.8.attn_hyper_connection.input_mix_weight_down.weight,BF16,320x10240,3276800,6553600,text,gated_residual,8,,REQUIRED_INITIAL_TEXT,RENAMED_ONE_TO_ONE,blk.8.hc_attn_down.weight,3276800,3481600,KQ-GGUF-RULE-TENSOR-NAME-v1,KQ-GGUF-EVIDENCE-002,PROVEN_CONVERTER,GGUF dimensions use reversed physical dimension order
model.language_model.layers.8.attn_hyper_connection.input_mix_weight_up.weight,BF16,10240x320,3276800,6553600,text,gated_residual,8,,REQUIRED_INITIAL_TEXT,RENAMED_ONE_TO_ONE,blk.8.hc_attn_up.weight,3276800,3481600,KQ-GGUF-RULE-TENSOR-NAME-v1,KQ-GGUF-EVIDENCE-002,PROVEN_CONVERTER,GGUF dimensions use reversed physical dimension order
model.language_model.layers.8.linear_attn.A_log,BF16,48,48,96,text,gdn,8,,REQUIRED_INITIAL_TEXT,TRANSFORMED_LAYOUT,blk.8.ssm_a,48,192,KQ-GGUF-RULE-CONVERTER-TRANSFORM-v1,KQ-GGUF-EVIDENCE-003,PROVEN_CONVERTER,Converter stores -exp(A_log) in the one-to-one GGUF tensor
model.language_model.layers.8.linear_attn.conv1d.weight,BF16,10240x1x4,40960,81920,text,gdn,8,,REQUIRED_INITIAL_TEXT,TRANSFORMED_LAYOUT,blk.8.ssm_conv1d.weight,40960,163840,KQ-GGUF-RULE-CONVERTER-TRANSFORM-v1,KQ-GGUF-EVIDENCE-003,PROVEN_CONVERTER,Converter removes the singleton convolution dimension
model.language_model.layers.8.linear_attn.dt_bias,BF16,48,48,96,text,gdn,8,,REQUIRED_INITIAL_TEXT,RENAMED_ONE_TO_ONE,blk.8.ssm_dt.bias,48,192,KQ-GGUF-RULE-TENSOR-NAME-v1,KQ-GGUF-EVIDENCE-002,PROVEN_CONVERTER,GGUF dimensions use reversed physical dimension order
model.language_model.layers.8.linear_attn.in_proj_a.weight,BF16,48x2560,122880,245760,text,gdn,8,,REQUIRED_INITIAL_TEXT,TRANSFORMED_LAYOUT,blk.8.ssm_alpha.weight,122880,491520,KQ-GGUF-RULE-CONVERTER-TRANSFORM-v1,KQ-GGUF-EVIDENCE-003,PROVEN_CONVERTER,Converter reorders grouped GDN value-head rows or columns to tiled GGML order
model.language_model.layers.8.linear_attn.in_proj_b.weight,BF16,48x2560,122880,245760,text,gdn,8,,REQUIRED_INITIAL_TEXT,TRANSFORMED_LAYOUT,blk.8.ssm_beta.weight,122880,491520,KQ-GGUF-RULE-CONVERTER-TRANSFORM-v1,KQ-GGUF-EVIDENCE-003,PROVEN_CONVERTER,Converter reorders grouped GDN value-head rows or columns to tiled GGML order
model.language_model.layers.8.linear_attn.in_proj_qkv.weight,BF16,10240x2560,26214400,52428800,text,gdn,8,,REQUIRED_INITIAL_TEXT,TRANSFORMED_LAYOUT,blk.8.attn_qkv.weight,26214400,27852800,KQ-GGUF-RULE-CONVERTER-TRANSFORM-v1,KQ-GGUF-EVIDENCE-003,PROVEN_CONVERTER,Converter reorders grouped GDN value-head rows or columns to tiled GGML order
model.language_model.layers.8.linear_attn.in_proj_z.weight,BF16,6144x2560,15728640,31457280,text,gdn,8,,REQUIRED_INITIAL_TEXT,TRANSFORMED_LAYOUT,blk.8.attn_gate.weight,15728640,16711680,KQ-GGUF-RULE-CONVERTER-TRANSFORM-v1,KQ-GGUF-EVIDENCE-003,PROVEN_CONVERTER,Converter reorders grouped GDN value-head rows or columns to tiled GGML order
model.language_model.layers.8.linear_attn.norm.weight,BF16,128,128,256,text,gdn,8,,REQUIRED_INITIAL_TEXT,RENAMED_ONE_TO_ONE,blk.8.ssm_norm.weight,128,512,KQ-GGUF-RULE-TENSOR-NAME-v1,KQ-GGUF-EVIDENCE-002,PROVEN_CONVERTER,GGUF dimensions use reversed physical dimension order
model.language_model.layers.8.linear_attn.out_proj.weight,BF16,2560x6144,15728640,31457280,text,gdn,8,,REQUIRED_INITIAL_TEXT,TRANSFORMED_LAYOUT,blk.8.ssm_out.weight,15728640,16711680,KQ-GGUF-RULE-CONVERTER-TRANSFORM-v1,KQ-GGUF-EVIDENCE-003,PROVEN_CONVERTER,Converter reorders grouped GDN value-head rows or columns to tiled GGML order
model.language_model.layers.8.mlp.experts.down_proj,BF16,512x2560x640,838860800,1677721600,text,routed_experts,8,STACKED_0_511,REQUIRED_INITIAL_TEXT,RENAMED_ONE_TO_ONE,blk.8.ffn_down_exps.weight,838860800,629145600,KQ-GGUF-RULE-TENSOR-NAME-v1,KQ-GGUF-EVIDENCE-002,PROVEN_CONVERTER,GGUF dimensions use reversed physical dimension order
model.language_model.layers.8.mlp.experts.gate_up_proj,BF16,512x1280x2560,1677721600,3355443200,text,routed_experts,8,STACKED_0_511,REQUIRED_INITIAL_TEXT,SPLIT_IN_GGUF,blk.8.ffn_gate_exps.weight;blk.8.ffn_up_exps.weight,1677721600,943718400,KQ-GGUF-RULE-MOE-SPLIT-v1,KQ-GGUF-EVIDENCE-004,PROVEN_CONVERTER,Canonical projection is split along the converter-defined projection dimension
model.language_model.layers.8.mlp.gate.weight,BF16,512x2560,1310720,2621440,text,router,8,,REQUIRED_INITIAL_TEXT,RENAMED_ONE_TO_ONE,blk.8.ffn_gate_inp.weight,1310720,5242880,KQ-GGUF-RULE-TENSOR-NAME-v1,KQ-GGUF-EVIDENCE-002,PROVEN_CONVERTER,GGUF dimensions use reversed physical dimension order
model.language_model.layers.8.mlp.shared_expert.down_proj.weight,BF16,2560x640,1638400,3276800,text,shared_expert,8,,REQUIRED_INITIAL_TEXT,RENAMED_ONE_TO_ONE,blk.8.ffn_down_shexp.weight,1638400,1740800,KQ-GGUF-RULE-TENSOR-NAME-v1,KQ-GGUF-EVIDENCE-002,PROVEN_CONVERTER,GGUF dimensions use reversed physical dimension order
model.language_model.layers.8.mlp.shared_expert.gate_proj.weight,BF16,640x2560,1638400,3276800,text,shared_expert,8,,REQUIRED_INITIAL_TEXT,RENAMED_ONE_TO_ONE,blk.8.ffn_gate_shexp.weight,1638400,1740800,KQ-GGUF-RULE-TENSOR-NAME-v1,KQ-GGUF-EVIDENCE-002,PROVEN_CONVERTER,GGUF dimensions use reversed physical dimension order
model.language_model.layers.8.mlp.shared_expert.up_proj.weight,BF16,640x2560,1638400,3276800,text,shared_expert,8,,REQUIRED_INITIAL_TEXT,RENAMED_ONE_TO_ONE,blk.8.ffn_up_shexp.weight,1638400,1740800,KQ-GGUF-RULE-TENSOR-NAME-v1,KQ-GGUF-EVIDENCE-002,PROVEN_CONVERTER,GGUF dimensions use reversed physical dimension order
model.language_model.layers.8.mlp.shared_expert_gate.weight,BF16,1x2560,2560,5120,text,shared_expert,8,,REQUIRED_INITIAL_TEXT,RENAMED_ONE_TO_ONE,blk.8.ffn_gate_inp_shexp.weight,2560,10240,KQ-GGUF-RULE-TENSOR-NAME-v1,KQ-GGUF-EVIDENCE-002,PROVEN_CONVERTER,GGUF dimensions use reversed physical dimension order
model.language_model.layers.8.mlp_hyper_connection.block_inject_weight.weight,BF16,4x10240,40960,81920,text,gated_residual,8,,REQUIRED_INITIAL_TEXT,RENAMED_ONE_TO_ONE,blk.8.hc_ffn_inject.weight,40960,163840,KQ-GGUF-RULE-TENSOR-NAME-v1,KQ-GGUF-EVIDENCE-002,PROVEN_CONVERTER,GGUF dimensions use reversed physical dimension order
model.language_model.layers.8.mlp_hyper_connection.hc_norm.weight,BF16,10240,10240,20480,text,gated_residual,8,,REQUIRED_INITIAL_TEXT,RENAMED_ONE_TO_ONE,blk.8.hc_ffn_norm.weight,10240,40960,KQ-GGUF-RULE-TENSOR-NAME-v1,KQ-GGUF-EVIDENCE-002,PROVEN_CONVERTER,GGUF dimensions use reversed physical dimension order
model.language_model.layers.8.mlp_hyper_connection.input_mix_weight_down.weight,BF16,320x10240,3276800,6553600,text,gated_residual,8,,REQUIRED_INITIAL_TEXT,RENAMED_ONE_TO_ONE,blk.8.hc_ffn_down.weight,3276800,3481600,KQ-GGUF-RULE-TENSOR-NAME-v1,KQ-GGUF-EVIDENCE-002,PROVEN_CONVERTER,GGUF dimensions use reversed physical dimension order
model.language_model.layers.8.mlp_hyper_connection.input_mix_weight_up.weight,BF16,10240x320,3276800,6553600,text,gated_residual,8,,REQUIRED_INITIAL_TEXT,RENAMED_ONE_TO_ONE,blk.8.hc_ffn_up.weight,3276800,3481600,KQ-GGUF-RULE-TENSOR-NAME-v1,KQ-GGUF-EVIDENCE-002,PROVEN_CONVERTER,GGUF dimensions use reversed physical dimension order
model.language_model.layers.9.attn_hyper_connection.block_inject_weight.weight,BF16,4x10240,40960,81920,text,gated_residual,9,,REQUIRED_INITIAL_TEXT,RENAMED_ONE_TO_ONE,blk.9.hc_attn_inject.weight,40960,163840,KQ-GGUF-RULE-TENSOR-NAME-v1,KQ-GGUF-EVIDENCE-002,PROVEN_CONVERTER,GGUF dimensions use reversed physical dimension order
model.language_model.layers.9.attn_hyper_connection.hc_norm.weight,BF16,10240,10240,20480,text,gated_residual,9,,REQUIRED_INITIAL_TEXT,RENAMED_ONE_TO_ONE,blk.9.hc_attn_norm.weight,10240,40960,KQ-GGUF-RULE-TENSOR-NAME-v1,KQ-GGUF-EVIDENCE-002,PROVEN_CONVERTER,GGUF dimensions use reversed physical dimension order
model.language_model.layers.9.attn_hyper_connection.input_mix_weight_down.weight,BF16,320x10240,3276800,6553600,text,gated_residual,9,,REQUIRED_INITIAL_TEXT,RENAMED_ONE_TO_ONE,blk.9.hc_attn_down.weight,3276800,3481600,KQ-GGUF-RULE-TENSOR-NAME-v1,KQ-GGUF-EVIDENCE-002,PROVEN_CONVERTER,GGUF dimensions use reversed physical dimension order
model.language_model.layers.9.attn_hyper_connection.input_mix_weight_up.weight,BF16,10240x320,3276800,6553600,text,gated_residual,9,,REQUIRED_INITIAL_TEXT,RENAMED_ONE_TO_ONE,blk.9.hc_attn_up.weight,3276800,3481600,KQ-GGUF-RULE-TENSOR-NAME-v1,KQ-GGUF-EVIDENCE-002,PROVEN_CONVERTER,GGUF dimensions use reversed physical dimension order
model.language_model.layers.9.linear_attn.A_log,BF16,48,48,96,text,gdn,9,,REQUIRED_INITIAL_TEXT,TRANSFORMED_LAYOUT,blk.9.ssm_a,48,192,KQ-GGUF-RULE-CONVERTER-TRANSFORM-v1,KQ-GGUF-EVIDENCE-003,PROVEN_CONVERTER,Converter stores -exp(A_log) in the one-to-one GGUF tensor
model.language_model.layers.9.linear_attn.conv1d.weight,BF16,10240x1x4,40960,81920,text,gdn,9,,REQUIRED_INITIAL_TEXT,TRANSFORMED_LAYOUT,blk.9.ssm_conv1d.weight,40960,163840,KQ-GGUF-RULE-CONVERTER-TRANSFORM-v1,KQ-GGUF-EVIDENCE-003,PROVEN_CONVERTER,Converter removes the singleton convolution dimension
model.language_model.layers.9.linear_attn.dt_bias,BF16,48,48,96,text,gdn,9,,REQUIRED_INITIAL_TEXT,RENAMED_ONE_TO_ONE,blk.9.ssm_dt.bias,48,192,KQ-GGUF-RULE-TENSOR-NAME-v1,KQ-GGUF-EVIDENCE-002,PROVEN_CONVERTER,GGUF dimensions use reversed physical dimension order
model.language_model.layers.9.linear_attn.in_proj_a.weight,BF16,48x2560,122880,245760,text,gdn,9,,REQUIRED_INITIAL_TEXT,TRANSFORMED_LAYOUT,blk.9.ssm_alpha.weight,122880,491520,KQ-GGUF-RULE-CONVERTER-TRANSFORM-v1,KQ-GGUF-EVIDENCE-003,PROVEN_CONVERTER,Converter reorders grouped GDN value-head rows or columns to tiled GGML order
model.language_model.layers.9.linear_attn.in_proj_b.weight,BF16,48x2560,122880,245760,text,gdn,9,,REQUIRED_INITIAL_TEXT,TRANSFORMED_LAYOUT,blk.9.ssm_beta.weight,122880,491520,KQ-GGUF-RULE-CONVERTER-TRANSFORM-v1,KQ-GGUF-EVIDENCE-003,PROVEN_CONVERTER,Converter reorders grouped GDN value-head rows or columns to tiled GGML order
model.language_model.layers.9.linear_attn.in_proj_qkv.weight,BF16,10240x2560,26214400,52428800,text,gdn,9,,REQUIRED_INITIAL_TEXT,TRANSFORMED_LAYOUT,blk.9.attn_qkv.weight,26214400,27852800,KQ-GGUF-RULE-CONVERTER-TRANSFORM-v1,KQ-GGUF-EVIDENCE-003,PROVEN_CONVERTER,Converter reorders grouped GDN value-head rows or columns to tiled GGML order
model.language_model.layers.9.linear_attn.in_proj_z.weight,BF16,6144x2560,15728640,31457280,text,gdn,9,,REQUIRED_INITIAL_TEXT,TRANSFORMED_LAYOUT,blk.9.attn_gate.weight,15728640,16711680,KQ-GGUF-RULE-CONVERTER-TRANSFORM-v1,KQ-GGUF-EVIDENCE-003,PROVEN_CONVERTER,Converter reorders grouped GDN value-head rows or columns to tiled GGML order
model.language_model.layers.9.linear_attn.norm.weight,BF16,128,128,256,text,gdn,9,,REQUIRED_INITIAL_TEXT,RENAMED_ONE_TO_ONE,blk.9.ssm_norm.weight,128,512,KQ-GGUF-RULE-TENSOR-NAME-v1,KQ-GGUF-EVIDENCE-002,PROVEN_CONVERTER,GGUF dimensions use reversed physical dimension order
model.language_model.layers.9.linear_attn.out_proj.weight,BF16,2560x6144,15728640,31457280,text,gdn,9,,REQUIRED_INITIAL_TEXT,TRANSFORMED_LAYOUT,blk.9.ssm_out.weight,15728640,16711680,KQ-GGUF-RULE-CONVERTER-TRANSFORM-v1,KQ-GGUF-EVIDENCE-003,PROVEN_CONVERTER,Converter reorders grouped GDN value-head rows or columns to tiled GGML order
model.language_model.layers.9.mlp.experts.down_proj,BF16,512x2560x640,838860800,1677721600,text,routed_experts,9,STACKED_0_511,REQUIRED_INITIAL_TEXT,RENAMED_ONE_TO_ONE,blk.9.ffn_down_exps.weight,838860800,629145600,KQ-GGUF-RULE-TENSOR-NAME-v1,KQ-GGUF-EVIDENCE-002,PROVEN_CONVERTER,GGUF dimensions use reversed physical dimension order
model.language_model.layers.9.mlp.experts.gate_up_proj,BF16,512x1280x2560,1677721600,3355443200,text,routed_experts,9,STACKED_0_511,REQUIRED_INITIAL_TEXT,SPLIT_IN_GGUF,blk.9.ffn_gate_exps.weight;blk.9.ffn_up_exps.weight,1677721600,943718400,KQ-GGUF-RULE-MOE-SPLIT-v1,KQ-GGUF-EVIDENCE-004,PROVEN_CONVERTER,Canonical projection is split along the converter-defined projection dimension
model.language_model.layers.9.mlp.gate.weight,BF16,512x2560,1310720,2621440,text,router,9,,REQUIRED_INITIAL_TEXT,RENAMED_ONE_TO_ONE,blk.9.ffn_gate_inp.weight,1310720,5242880,KQ-GGUF-RULE-TENSOR-NAME-v1,KQ-GGUF-EVIDENCE-002,PROVEN_CONVERTER,GGUF dimensions use reversed physical dimension order
model.language_model.layers.9.mlp.shared_expert.down_proj.weight,BF16,2560x640,1638400,3276800,text,shared_expert,9,,REQUIRED_INITIAL_TEXT,RENAMED_ONE_TO_ONE,blk.9.ffn_down_shexp.weight,1638400,1740800,KQ-GGUF-RULE-TENSOR-NAME-v1,KQ-GGUF-EVIDENCE-002,PROVEN_CONVERTER,GGUF dimensions use reversed physical dimension order
model.language_model.layers.9.mlp.shared_expert.gate_proj.weight,BF16,640x2560,1638400,3276800,text,shared_expert,9,,REQUIRED_INITIAL_TEXT,RENAMED_ONE_TO_ONE,blk.9.ffn_gate_shexp.weight,1638400,1740800,KQ-GGUF-RULE-TENSOR-NAME-v1,KQ-GGUF-EVIDENCE-002,PROVEN_CONVERTER,GGUF dimensions use reversed physical dimension order
model.language_model.layers.9.mlp.shared_expert.up_proj.weight,BF16,640x2560,1638400,3276800,text,shared_expert,9,,REQUIRED_INITIAL_TEXT,RENAMED_ONE_TO_ONE,blk.9.ffn_up_shexp.weight,1638400,1740800,KQ-GGUF-RULE-TENSOR-NAME-v1,KQ-GGUF-EVIDENCE-002,PROVEN_CONVERTER,GGUF dimensions use reversed physical dimension order
model.language_model.layers.9.mlp.shared_expert_gate.weight,BF16,1x2560,2560,5120,text,shared_expert,9,,REQUIRED_INITIAL_TEXT,RENAMED_ONE_TO_ONE,blk.9.ffn_gate_inp_shexp.weight,2560,10240,KQ-GGUF-RULE-TENSOR-NAME-v1,KQ-GGUF-EVIDENCE-002,PROVEN_CONVERTER,GGUF dimensions use reversed physical dimension order
model.language_model.layers.9.mlp_hyper_connection.block_inject_weight.weight,BF16,4x10240,40960,81920,text,gated_residual,9,,REQUIRED_INITIAL_TEXT,RENAMED_ONE_TO_ONE,blk.9.hc_ffn_inject.weight,40960,163840,KQ-GGUF-RULE-TENSOR-NAME-v1,KQ-GGUF-EVIDENCE-002,PROVEN_CONVERTER,GGUF dimensions use reversed physical dimension order
model.language_model.layers.9.mlp_hyper_connection.hc_norm.weight,BF16,10240,10240,20480,text,gated_residual,9,,REQUIRED_INITIAL_TEXT,RENAMED_ONE_TO_ONE,blk.9.hc_ffn_norm.weight,10240,40960,KQ-GGUF-RULE-TENSOR-NAME-v1,KQ-GGUF-EVIDENCE-002,PROVEN_CONVERTER,GGUF dimensions use reversed physical dimension order
model.language_model.layers.9.mlp_hyper_connection.input_mix_weight_down.weight,BF16,320x10240,3276800,6553600,text,gated_residual,9,,REQUIRED_INITIAL_TEXT,RENAMED_ONE_TO_ONE,blk.9.hc_ffn_down.weight,3276800,3481600,KQ-GGUF-RULE-TENSOR-NAME-v1,KQ-GGUF-EVIDENCE-002,PROVEN_CONVERTER,GGUF dimensions use reversed physical dimension order
model.language_model.layers.9.mlp_hyper_connection.input_mix_weight_up.weight,BF16,10240x320,3276800,6553600,text,gated_residual,9,,REQUIRED_INITIAL_TEXT,RENAMED_ONE_TO_ONE,blk.9.hc_ffn_up.weight,3276800,3481600,KQ-GGUF-RULE-TENSOR-NAME-v1,KQ-GGUF-EVIDENCE-002,PROVEN_CONVERTER,GGUF dimensions use reversed physical dimension order
model.visual.blocks.0.attn.proj.bias,BF16,1152,1152,2304,vision,vision_block,0,,EXCLUDED_INITIAL_VISION,OMITTED_INITIAL_SCOPE_VALID,,0,0,KQ-GGUF-RULE-SCOPE-OMISSION-v1,KQ-GGUF-EVIDENCE-005,PROVEN_CANONICAL,Excluded by the accepted ADR-0005 initial text-only scope
model.visual.blocks.0.attn.proj.weight,BF16,1152x1152,1327104,2654208,vision,vision_block,0,,EXCLUDED_INITIAL_VISION,OMITTED_INITIAL_SCOPE_VALID,,0,0,KQ-GGUF-RULE-SCOPE-OMISSION-v1,KQ-GGUF-EVIDENCE-005,PROVEN_CANONICAL,Excluded by the accepted ADR-0005 initial text-only scope
model.visual.blocks.0.attn.qkv.bias,BF16,3456,3456,6912,vision,vision_block,0,,EXCLUDED_INITIAL_VISION,OMITTED_INITIAL_SCOPE_VALID,,0,0,KQ-GGUF-RULE-SCOPE-OMISSION-v1,KQ-GGUF-EVIDENCE-005,PROVEN_CANONICAL,Excluded by the accepted ADR-0005 initial text-only scope
model.visual.blocks.0.attn.qkv.weight,BF16,3456x1152,3981312,7962624,vision,vision_block,0,,EXCLUDED_INITIAL_VISION,OMITTED_INITIAL_SCOPE_VALID,,0,0,KQ-GGUF-RULE-SCOPE-OMISSION-v1,KQ-GGUF-EVIDENCE-005,PROVEN_CANONICAL,Excluded by the accepted ADR-0005 initial text-only scope
model.visual.blocks.0.mlp.linear_fc1.bias,BF16,4304,4304,8608,vision,vision_block,0,,EXCLUDED_INITIAL_VISION,OMITTED_INITIAL_SCOPE_VALID,,0,0,KQ-GGUF-RULE-SCOPE-OMISSION-v1,KQ-GGUF-EVIDENCE-005,PROVEN_CANONICAL,Excluded by the accepted ADR-0005 initial text-only scope
model.visual.blocks.0.mlp.linear_fc1.weight,BF16,4304x1152,4958208,9916416,vision,vision_block,0,,EXCLUDED_INITIAL_VISION,OMITTED_INITIAL_SCOPE_VALID,,0,0,KQ-GGUF-RULE-SCOPE-OMISSION-v1,KQ-GGUF-EVIDENCE-005,PROVEN_CANONICAL,Excluded by the accepted ADR-0005 initial text-only scope
model.visual.blocks.0.mlp.linear_fc2.bias,BF16,1152,1152,2304,vision,vision_block,0,,EXCLUDED_INITIAL_VISION,OMITTED_INITIAL_SCOPE_VALID,,0,0,KQ-GGUF-RULE-SCOPE-OMISSION-v1,KQ-GGUF-EVIDENCE-005,PROVEN_CANONICAL,Excluded by the accepted ADR-0005 initial text-only scope
model.visual.blocks.0.mlp.linear_fc2.weight,BF16,1152x4304,4958208,9916416,vision,vision_block,0,,EXCLUDED_INITIAL_VISION,OMITTED_INITIAL_SCOPE_VALID,,0,0,KQ-GGUF-RULE-SCOPE-OMISSION-v1,KQ-GGUF-EVIDENCE-005,PROVEN_CANONICAL,Excluded by the accepted ADR-0005 initial text-only scope
model.visual.blocks.0.norm1.bias,BF16,1152,1152,2304,vision,vision_block,0,,EXCLUDED_INITIAL_VISION,OMITTED_INITIAL_SCOPE_VALID,,0,0,KQ-GGUF-RULE-SCOPE-OMISSION-v1,KQ-GGUF-EVIDENCE-005,PROVEN_CANONICAL,Excluded by the accepted ADR-0005 initial text-only scope
model.visual.blocks.0.norm1.weight,BF16,1152,1152,2304,vision,vision_block,0,,EXCLUDED_INITIAL_VISION,OMITTED_INITIAL_SCOPE_VALID,,0,0,KQ-GGUF-RULE-SCOPE-OMISSION-v1,KQ-GGUF-EVIDENCE-005,PROVEN_CANONICAL,Excluded by the accepted ADR-0005 initial text-only scope
model.visual.blocks.0.norm2.bias,BF16,1152,1152,2304,vision,vision_block,0,,EXCLUDED_INITIAL_VISION,OMITTED_INITIAL_SCOPE_VALID,,0,0,KQ-GGUF-RULE-SCOPE-OMISSION-v1,KQ-GGUF-EVIDENCE-005,PROVEN_CANONICAL,Excluded by the accepted ADR-0005 initial text-only scope
model.visual.blocks.0.norm2.weight,BF16,1152,1152,2304,vision,vision_block,0,,EXCLUDED_INITIAL_VISION,OMITTED_INITIAL_SCOPE_VALID,,0,0,KQ-GGUF-RULE-SCOPE-OMISSION-v1,KQ-GGUF-EVIDENCE-005,PROVEN_CANONICAL,Excluded by the accepted ADR-0005 initial text-only scope
model.visual.blocks.1.attn.proj.bias,BF16,1152,1152,2304,vision,vision_block,1,,EXCLUDED_INITIAL_VISION,OMITTED_INITIAL_SCOPE_VALID,,0,0,KQ-GGUF-RULE-SCOPE-OMISSION-v1,KQ-GGUF-EVIDENCE-005,PROVEN_CANONICAL,Excluded by the accepted ADR-0005 initial text-only scope
model.visual.blocks.1.attn.proj.weight,BF16,1152x1152,1327104,2654208,vision,vision_block,1,,EXCLUDED_INITIAL_VISION,OMITTED_INITIAL_SCOPE_VALID,,0,0,KQ-GGUF-RULE-SCOPE-OMISSION-v1,KQ-GGUF-EVIDENCE-005,PROVEN_CANONICAL,Excluded by the accepted ADR-0005 initial text-only scope
model.visual.blocks.1.attn.qkv.bias,BF16,3456,3456,6912,vision,vision_block,1,,EXCLUDED_INITIAL_VISION,OMITTED_INITIAL_SCOPE_VALID,,0,0,KQ-GGUF-RULE-SCOPE-OMISSION-v1,KQ-GGUF-EVIDENCE-005,PROVEN_CANONICAL,Excluded by the accepted ADR-0005 initial text-only scope
model.visual.blocks.1.attn.qkv.weight,BF16,3456x1152,3981312,7962624,vision,vision_block,1,,EXCLUDED_INITIAL_VISION,OMITTED_INITIAL_SCOPE_VALID,,0,0,KQ-GGUF-RULE-SCOPE-OMISSION-v1,KQ-GGUF-EVIDENCE-005,PROVEN_CANONICAL,Excluded by the accepted ADR-0005 initial text-only scope
model.visual.blocks.1.mlp.linear_fc1.bias,BF16,4304,4304,8608,vision,vision_block,1,,EXCLUDED_INITIAL_VISION,OMITTED_INITIAL_SCOPE_VALID,,0,0,KQ-GGUF-RULE-SCOPE-OMISSION-v1,KQ-GGUF-EVIDENCE-005,PROVEN_CANONICAL,Excluded by the accepted ADR-0005 initial text-only scope
model.visual.blocks.1.mlp.linear_fc1.weight,BF16,4304x1152,4958208,9916416,vision,vision_block,1,,EXCLUDED_INITIAL_VISION,OMITTED_INITIAL_SCOPE_VALID,,0,0,KQ-GGUF-RULE-SCOPE-OMISSION-v1,KQ-GGUF-EVIDENCE-005,PROVEN_CANONICAL,Excluded by the accepted ADR-0005 initial text-only scope
model.visual.blocks.1.mlp.linear_fc2.bias,BF16,1152,1152,2304,vision,vision_block,1,,EXCLUDED_INITIAL_VISION,OMITTED_INITIAL_SCOPE_VALID,,0,0,KQ-GGUF-RULE-SCOPE-OMISSION-v1,KQ-GGUF-EVIDENCE-005,PROVEN_CANONICAL,Excluded by the accepted ADR-0005 initial text-only scope
model.visual.blocks.1.mlp.linear_fc2.weight,BF16,1152x4304,4958208,9916416,vision,vision_block,1,,EXCLUDED_INITIAL_VISION,OMITTED_INITIAL_SCOPE_VALID,,0,0,KQ-GGUF-RULE-SCOPE-OMISSION-v1,KQ-GGUF-EVIDENCE-005,PROVEN_CANONICAL,Excluded by the accepted ADR-0005 initial text-only scope
model.visual.blocks.1.norm1.bias,BF16,1152,1152,2304,vision,vision_block,1,,EXCLUDED_INITIAL_VISION,OMITTED_INITIAL_SCOPE_VALID,,0,0,KQ-GGUF-RULE-SCOPE-OMISSION-v1,KQ-GGUF-EVIDENCE-005,PROVEN_CANONICAL,Excluded by the accepted ADR-0005 initial text-only scope
model.visual.blocks.1.norm1.weight,BF16,1152,1152,2304,vision,vision_block,1,,EXCLUDED_INITIAL_VISION,OMITTED_INITIAL_SCOPE_VALID,,0,0,KQ-GGUF-RULE-SCOPE-OMISSION-v1,KQ-GGUF-EVIDENCE-005,PROVEN_CANONICAL,Excluded by the accepted ADR-0005 initial text-only scope
model.visual.blocks.1.norm2.bias,BF16,1152,1152,2304,vision,vision_block,1,,EXCLUDED_INITIAL_VISION,OMITTED_INITIAL_SCOPE_VALID,,0,0,KQ-GGUF-RULE-SCOPE-OMISSION-v1,KQ-GGUF-EVIDENCE-005,PROVEN_CANONICAL,Excluded by the accepted ADR-0005 initial text-only scope
model.visual.blocks.1.norm2.weight,BF16,1152,1152,2304,vision,vision_block,1,,EXCLUDED_INITIAL_VISION,OMITTED_INITIAL_SCOPE_VALID,,0,0,KQ-GGUF-RULE-SCOPE-OMISSION-v1,KQ-GGUF-EVIDENCE-005,PROVEN_CANONICAL,Excluded by the accepted ADR-0005 initial text-only scope
model.visual.blocks.10.attn.proj.bias,BF16,1152,1152,2304,vision,vision_block,10,,EXCLUDED_INITIAL_VISION,OMITTED_INITIAL_SCOPE_VALID,,0,0,KQ-GGUF-RULE-SCOPE-OMISSION-v1,KQ-GGUF-EVIDENCE-005,PROVEN_CANONICAL,Excluded by the accepted ADR-0005 initial text-only scope
model.visual.blocks.10.attn.proj.weight,BF16,1152x1152,1327104,2654208,vision,vision_block,10,,EXCLUDED_INITIAL_VISION,OMITTED_INITIAL_SCOPE_VALID,,0,0,KQ-GGUF-RULE-SCOPE-OMISSION-v1,KQ-GGUF-EVIDENCE-005,PROVEN_CANONICAL,Excluded by the accepted ADR-0005 initial text-only scope
model.visual.blocks.10.attn.qkv.bias,BF16,3456,3456,6912,vision,vision_block,10,,EXCLUDED_INITIAL_VISION,OMITTED_INITIAL_SCOPE_VALID,,0,0,KQ-GGUF-RULE-SCOPE-OMISSION-v1,KQ-GGUF-EVIDENCE-005,PROVEN_CANONICAL,Excluded by the accepted ADR-0005 initial text-only scope
model.visual.blocks.10.attn.qkv.weight,BF16,3456x1152,3981312,7962624,vision,vision_block,10,,EXCLUDED_INITIAL_VISION,OMITTED_INITIAL_SCOPE_VALID,,0,0,KQ-GGUF-RULE-SCOPE-OMISSION-v1,KQ-GGUF-EVIDENCE-005,PROVEN_CANONICAL,Excluded by the accepted ADR-0005 initial text-only scope
model.visual.blocks.10.mlp.linear_fc1.bias,BF16,4304,4304,8608,vision,vision_block,10,,EXCLUDED_INITIAL_VISION,OMITTED_INITIAL_SCOPE_VALID,,0,0,KQ-GGUF-RULE-SCOPE-OMISSION-v1,KQ-GGUF-EVIDENCE-005,PROVEN_CANONICAL,Excluded by the accepted ADR-0005 initial text-only scope
model.visual.blocks.10.mlp.linear_fc1.weight,BF16,4304x1152,4958208,9916416,vision,vision_block,10,,EXCLUDED_INITIAL_VISION,OMITTED_INITIAL_SCOPE_VALID,,0,0,KQ-GGUF-RULE-SCOPE-OMISSION-v1,KQ-GGUF-EVIDENCE-005,PROVEN_CANONICAL,Excluded by the accepted ADR-0005 initial text-only scope
model.visual.blocks.10.mlp.linear_fc2.bias,BF16,1152,1152,2304,vision,vision_block,10,,EXCLUDED_INITIAL_VISION,OMITTED_INITIAL_SCOPE_VALID,,0,0,KQ-GGUF-RULE-SCOPE-OMISSION-v1,KQ-GGUF-EVIDENCE-005,PROVEN_CANONICAL,Excluded by the accepted ADR-0005 initial text-only scope
model.visual.blocks.10.mlp.linear_fc2.weight,BF16,1152x4304,4958208,9916416,vision,vision_block,10,,EXCLUDED_INITIAL_VISION,OMITTED_INITIAL_SCOPE_VALID,,0,0,KQ-GGUF-RULE-SCOPE-OMISSION-v1,KQ-GGUF-EVIDENCE-005,PROVEN_CANONICAL,Excluded by the accepted ADR-0005 initial text-only scope
model.visual.blocks.10.norm1.bias,BF16,1152,1152,2304,vision,vision_block,10,,EXCLUDED_INITIAL_VISION,OMITTED_INITIAL_SCOPE_VALID,,0,0,KQ-GGUF-RULE-SCOPE-OMISSION-v1,KQ-GGUF-EVIDENCE-005,PROVEN_CANONICAL,Excluded by the accepted ADR-0005 initial text-only scope
model.visual.blocks.10.norm1.weight,BF16,1152,1152,2304,vision,vision_block,10,,EXCLUDED_INITIAL_VISION,OMITTED_INITIAL_SCOPE_VALID,,0,0,KQ-GGUF-RULE-SCOPE-OMISSION-v1,KQ-GGUF-EVIDENCE-005,PROVEN_CANONICAL,Excluded by the accepted ADR-0005 initial text-only scope
model.visual.blocks.10.norm2.bias,BF16,1152,1152,2304,vision,vision_block,10,,EXCLUDED_INITIAL_VISION,OMITTED_INITIAL_SCOPE_VALID,,0,0,KQ-GGUF-RULE-SCOPE-OMISSION-v1,KQ-GGUF-EVIDENCE-005,PROVEN_CANONICAL,Excluded by the accepted ADR-0005 initial text-only scope
model.visual.blocks.10.norm2.weight,BF16,1152,1152,2304,vision,vision_block,10,,EXCLUDED_INITIAL_VISION,OMITTED_INITIAL_SCOPE_VALID,,0,0,KQ-GGUF-RULE-SCOPE-OMISSION-v1,KQ-GGUF-EVIDENCE-005,PROVEN_CANONICAL,Excluded by the accepted ADR-0005 initial text-only scope
model.visual.blocks.11.attn.proj.bias,BF16,1152,1152,2304,vision,vision_block,11,,EXCLUDED_INITIAL_VISION,OMITTED_INITIAL_SCOPE_VALID,,0,0,KQ-GGUF-RULE-SCOPE-OMISSION-v1,KQ-GGUF-EVIDENCE-005,PROVEN_CANONICAL,Excluded by the accepted ADR-0005 initial text-only scope
model.visual.blocks.11.attn.proj.weight,BF16,1152x1152,1327104,2654208,vision,vision_block,11,,EXCLUDED_INITIAL_VISION,OMITTED_INITIAL_SCOPE_VALID,,0,0,KQ-GGUF-RULE-SCOPE-OMISSION-v1,KQ-GGUF-EVIDENCE-005,PROVEN_CANONICAL,Excluded by the accepted ADR-0005 initial text-only scope
model.visual.blocks.11.attn.qkv.bias,BF16,3456,3456,6912,vision,vision_block,11,,EXCLUDED_INITIAL_VISION,OMITTED_INITIAL_SCOPE_VALID,,0,0,KQ-GGUF-RULE-SCOPE-OMISSION-v1,KQ-GGUF-EVIDENCE-005,PROVEN_CANONICAL,Excluded by the accepted ADR-0005 initial text-only scope
model.visual.blocks.11.attn.qkv.weight,BF16,3456x1152,3981312,7962624,vision,vision_block,11,,EXCLUDED_INITIAL_VISION,OMITTED_INITIAL_SCOPE_VALID,,0,0,KQ-GGUF-RULE-SCOPE-OMISSION-v1,KQ-GGUF-EVIDENCE-005,PROVEN_CANONICAL,Excluded by the accepted ADR-0005 initial text-only scope
model.visual.blocks.11.mlp.linear_fc1.bias,BF16,4304,4304,8608,vision,vision_block,11,,EXCLUDED_INITIAL_VISION,OMITTED_INITIAL_SCOPE_VALID,,0,0,KQ-GGUF-RULE-SCOPE-OMISSION-v1,KQ-GGUF-EVIDENCE-005,PROVEN_CANONICAL,Excluded by the accepted ADR-0005 initial text-only scope
model.visual.blocks.11.mlp.linear_fc1.weight,BF16,4304x1152,4958208,9916416,vision,vision_block,11,,EXCLUDED_INITIAL_VISION,OMITTED_INITIAL_SCOPE_VALID,,0,0,KQ-GGUF-RULE-SCOPE-OMISSION-v1,KQ-GGUF-EVIDENCE-005,PROVEN_CANONICAL,Excluded by the accepted ADR-0005 initial text-only scope
model.visual.blocks.11.mlp.linear_fc2.bias,BF16,1152,1152,2304,vision,vision_block,11,,EXCLUDED_INITIAL_VISION,OMITTED_INITIAL_SCOPE_VALID,,0,0,KQ-GGUF-RULE-SCOPE-OMISSION-v1,KQ-GGUF-EVIDENCE-005,PROVEN_CANONICAL,Excluded by the accepted ADR-0005 initial text-only scope
model.visual.blocks.11.mlp.linear_fc2.weight,BF16,1152x4304,4958208,9916416,vision,vision_block,11,,EXCLUDED_INITIAL_VISION,OMITTED_INITIAL_SCOPE_VALID,,0,0,KQ-GGUF-RULE-SCOPE-OMISSION-v1,KQ-GGUF-EVIDENCE-005,PROVEN_CANONICAL,Excluded by the accepted ADR-0005 initial text-only scope
model.visual.blocks.11.norm1.bias,BF16,1152,1152,2304,vision,vision_block,11,,EXCLUDED_INITIAL_VISION,OMITTED_INITIAL_SCOPE_VALID,,0,0,KQ-GGUF-RULE-SCOPE-OMISSION-v1,KQ-GGUF-EVIDENCE-005,PROVEN_CANONICAL,Excluded by the accepted ADR-0005 initial text-only scope
model.visual.blocks.11.norm1.weight,BF16,1152,1152,2304,vision,vision_block,11,,EXCLUDED_INITIAL_VISION,OMITTED_INITIAL_SCOPE_VALID,,0,0,KQ-GGUF-RULE-SCOPE-OMISSION-v1,KQ-GGUF-EVIDENCE-005,PROVEN_CANONICAL,Excluded by the accepted ADR-0005 initial text-only scope
model.visual.blocks.11.norm2.bias,BF16,1152,1152,2304,vision,vision_block,11,,EXCLUDED_INITIAL_VISION,OMITTED_INITIAL_SCOPE_VALID,,0,0,KQ-GGUF-RULE-SCOPE-OMISSION-v1,KQ-GGUF-EVIDENCE-005,PROVEN_CANONICAL,Excluded by the accepted ADR-0005 initial text-only scope
model.visual.blocks.11.norm2.weight,BF16,1152,1152,2304,vision,vision_block,11,,EXCLUDED_INITIAL_VISION,OMITTED_INITIAL_SCOPE_VALID,,0,0,KQ-GGUF-RULE-SCOPE-OMISSION-v1,KQ-GGUF-EVIDENCE-005,PROVEN_CANONICAL,Excluded by the accepted ADR-0005 initial text-only scope
model.visual.blocks.12.attn.proj.bias,BF16,1152,1152,2304,vision,vision_block,12,,EXCLUDED_INITIAL_VISION,OMITTED_INITIAL_SCOPE_VALID,,0,0,KQ-GGUF-RULE-SCOPE-OMISSION-v1,KQ-GGUF-EVIDENCE-005,PROVEN_CANONICAL,Excluded by the accepted ADR-0005 initial text-only scope
model.visual.blocks.12.attn.proj.weight,BF16,1152x1152,1327104,2654208,vision,vision_block,12,,EXCLUDED_INITIAL_VISION,OMITTED_INITIAL_SCOPE_VALID,,0,0,KQ-GGUF-RULE-SCOPE-OMISSION-v1,KQ-GGUF-EVIDENCE-005,PROVEN_CANONICAL,Excluded by the accepted ADR-0005 initial text-only scope
model.visual.blocks.12.attn.qkv.bias,BF16,3456,3456,6912,vision,vision_block,12,,EXCLUDED_INITIAL_VISION,OMITTED_INITIAL_SCOPE_VALID,,0,0,KQ-GGUF-RULE-SCOPE-OMISSION-v1,KQ-GGUF-EVIDENCE-005,PROVEN_CANONICAL,Excluded by the accepted ADR-0005 initial text-only scope
model.visual.blocks.12.attn.qkv.weight,BF16,3456x1152,3981312,7962624,vision,vision_block,12,,EXCLUDED_INITIAL_VISION,OMITTED_INITIAL_SCOPE_VALID,,0,0,KQ-GGUF-RULE-SCOPE-OMISSION-v1,KQ-GGUF-EVIDENCE-005,PROVEN_CANONICAL,Excluded by the accepted ADR-0005 initial text-only scope
model.visual.blocks.12.mlp.linear_fc1.bias,BF16,4304,4304,8608,vision,vision_block,12,,EXCLUDED_INITIAL_VISION,OMITTED_INITIAL_SCOPE_VALID,,0,0,KQ-GGUF-RULE-SCOPE-OMISSION-v1,KQ-GGUF-EVIDENCE-005,PROVEN_CANONICAL,Excluded by the accepted ADR-0005 initial text-only scope
model.visual.blocks.12.mlp.linear_fc1.weight,BF16,4304x1152,4958208,9916416,vision,vision_block,12,,EXCLUDED_INITIAL_VISION,OMITTED_INITIAL_SCOPE_VALID,,0,0,KQ-GGUF-RULE-SCOPE-OMISSION-v1,KQ-GGUF-EVIDENCE-005,PROVEN_CANONICAL,Excluded by the accepted ADR-0005 initial text-only scope
model.visual.blocks.12.mlp.linear_fc2.bias,BF16,1152,1152,2304,vision,vision_block,12,,EXCLUDED_INITIAL_VISION,OMITTED_INITIAL_SCOPE_VALID,,0,0,KQ-GGUF-RULE-SCOPE-OMISSION-v1,KQ-GGUF-EVIDENCE-005,PROVEN_CANONICAL,Excluded by the accepted ADR-0005 initial text-only scope
model.visual.blocks.12.mlp.linear_fc2.weight,BF16,1152x4304,4958208,9916416,vision,vision_block,12,,EXCLUDED_INITIAL_VISION,OMITTED_INITIAL_SCOPE_VALID,,0,0,KQ-GGUF-RULE-SCOPE-OMISSION-v1,KQ-GGUF-EVIDENCE-005,PROVEN_CANONICAL,Excluded by the accepted ADR-0005 initial text-only scope
model.visual.blocks.12.norm1.bias,BF16,1152,1152,2304,vision,vision_block,12,,EXCLUDED_INITIAL_VISION,OMITTED_INITIAL_SCOPE_VALID,,0,0,KQ-GGUF-RULE-SCOPE-OMISSION-v1,KQ-GGUF-EVIDENCE-005,PROVEN_CANONICAL,Excluded by the accepted ADR-0005 initial text-only scope
model.visual.blocks.12.norm1.weight,BF16,1152,1152,2304,vision,vision_block,12,,EXCLUDED_INITIAL_VISION,OMITTED_INITIAL_SCOPE_VALID,,0,0,KQ-GGUF-RULE-SCOPE-OMISSION-v1,KQ-GGUF-EVIDENCE-005,PROVEN_CANONICAL,Excluded by the accepted ADR-0005 initial text-only scope
model.visual.blocks.12.norm2.bias,BF16,1152,1152,2304,vision,vision_block,12,,EXCLUDED_INITIAL_VISION,OMITTED_INITIAL_SCOPE_VALID,,0,0,KQ-GGUF-RULE-SCOPE-OMISSION-v1,KQ-GGUF-EVIDENCE-005,PROVEN_CANONICAL,Excluded by the accepted ADR-0005 initial text-only scope
model.visual.blocks.12.norm2.weight,BF16,1152,1152,2304,vision,vision_block,12,,EXCLUDED_INITIAL_VISION,OMITTED_INITIAL_SCOPE_VALID,,0,0,KQ-GGUF-RULE-SCOPE-OMISSION-v1,KQ-GGUF-EVIDENCE-005,PROVEN_CANONICAL,Excluded by the accepted ADR-0005 initial text-only scope
model.visual.blocks.13.attn.proj.bias,BF16,1152,1152,2304,vision,vision_block,13,,EXCLUDED_INITIAL_VISION,OMITTED_INITIAL_SCOPE_VALID,,0,0,KQ-GGUF-RULE-SCOPE-OMISSION-v1,KQ-GGUF-EVIDENCE-005,PROVEN_CANONICAL,Excluded by the accepted ADR-0005 initial text-only scope
model.visual.blocks.13.attn.proj.weight,BF16,1152x1152,1327104,2654208,vision,vision_block,13,,EXCLUDED_INITIAL_VISION,OMITTED_INITIAL_SCOPE_VALID,,0,0,KQ-GGUF-RULE-SCOPE-OMISSION-v1,KQ-GGUF-EVIDENCE-005,PROVEN_CANONICAL,Excluded by the accepted ADR-0005 initial text-only scope
model.visual.blocks.13.attn.qkv.bias,BF16,3456,3456,6912,vision,vision_block,13,,EXCLUDED_INITIAL_VISION,OMITTED_INITIAL_SCOPE_VALID,,0,0,KQ-GGUF-RULE-SCOPE-OMISSION-v1,KQ-GGUF-EVIDENCE-005,PROVEN_CANONICAL,Excluded by the accepted ADR-0005 initial text-only scope
model.visual.blocks.13.attn.qkv.weight,BF16,3456x1152,3981312,7962624,vision,vision_block,13,,EXCLUDED_INITIAL_VISION,OMITTED_INITIAL_SCOPE_VALID,,0,0,KQ-GGUF-RULE-SCOPE-OMISSION-v1,KQ-GGUF-EVIDENCE-005,PROVEN_CANONICAL,Excluded by the accepted ADR-0005 initial text-only scope
model.visual.blocks.13.mlp.linear_fc1.bias,BF16,4304,4304,8608,vision,vision_block,13,,EXCLUDED_INITIAL_VISION,OMITTED_INITIAL_SCOPE_VALID,,0,0,KQ-GGUF-RULE-SCOPE-OMISSION-v1,KQ-GGUF-EVIDENCE-005,PROVEN_CANONICAL,Excluded by the accepted ADR-0005 initial text-only scope
model.visual.blocks.13.mlp.linear_fc1.weight,BF16,4304x1152,4958208,9916416,vision,vision_block,13,,EXCLUDED_INITIAL_VISION,OMITTED_INITIAL_SCOPE_VALID,,0,0,KQ-GGUF-RULE-SCOPE-OMISSION-v1,KQ-GGUF-EVIDENCE-005,PROVEN_CANONICAL,Excluded by the accepted ADR-0005 initial text-only scope
model.visual.blocks.13.mlp.linear_fc2.bias,BF16,1152,1152,2304,vision,vision_block,13,,EXCLUDED_INITIAL_VISION,OMITTED_INITIAL_SCOPE_VALID,,0,0,KQ-GGUF-RULE-SCOPE-OMISSION-v1,KQ-GGUF-EVIDENCE-005,PROVEN_CANONICAL,Excluded by the accepted ADR-0005 initial text-only scope
model.visual.blocks.13.mlp.linear_fc2.weight,BF16,1152x4304,4958208,9916416,vision,vision_block,13,,EXCLUDED_INITIAL_VISION,OMITTED_INITIAL_SCOPE_VALID,,0,0,KQ-GGUF-RULE-SCOPE-OMISSION-v1,KQ-GGUF-EVIDENCE-005,PROVEN_CANONICAL,Excluded by the accepted ADR-0005 initial text-only scope
model.visual.blocks.13.norm1.bias,BF16,1152,1152,2304,vision,vision_block,13,,EXCLUDED_INITIAL_VISION,OMITTED_INITIAL_SCOPE_VALID,,0,0,KQ-GGUF-RULE-SCOPE-OMISSION-v1,KQ-GGUF-EVIDENCE-005,PROVEN_CANONICAL,Excluded by the accepted ADR-0005 initial text-only scope
model.visual.blocks.13.norm1.weight,BF16,1152,1152,2304,vision,vision_block,13,,EXCLUDED_INITIAL_VISION,OMITTED_INITIAL_SCOPE_VALID,,0,0,KQ-GGUF-RULE-SCOPE-OMISSION-v1,KQ-GGUF-EVIDENCE-005,PROVEN_CANONICAL,Excluded by the accepted ADR-0005 initial text-only scope
model.visual.blocks.13.norm2.bias,BF16,1152,1152,2304,vision,vision_block,13,,EXCLUDED_INITIAL_VISION,OMITTED_INITIAL_SCOPE_VALID,,0,0,KQ-GGUF-RULE-SCOPE-OMISSION-v1,KQ-GGUF-EVIDENCE-005,PROVEN_CANONICAL,Excluded by the accepted ADR-0005 initial text-only scope
model.visual.blocks.13.norm2.weight,BF16,1152,1152,2304,vision,vision_block,13,,EXCLUDED_INITIAL_VISION,OMITTED_INITIAL_SCOPE_VALID,,0,0,KQ-GGUF-RULE-SCOPE-OMISSION-v1,KQ-GGUF-EVIDENCE-005,PROVEN_CANONICAL,Excluded by the accepted ADR-0005 initial text-only scope
model.visual.blocks.14.attn.proj.bias,BF16,1152,1152,2304,vision,vision_block,14,,EXCLUDED_INITIAL_VISION,OMITTED_INITIAL_SCOPE_VALID,,0,0,KQ-GGUF-RULE-SCOPE-OMISSION-v1,KQ-GGUF-EVIDENCE-005,PROVEN_CANONICAL,Excluded by the accepted ADR-0005 initial text-only scope
model.visual.blocks.14.attn.proj.weight,BF16,1152x1152,1327104,2654208,vision,vision_block,14,,EXCLUDED_INITIAL_VISION,OMITTED_INITIAL_SCOPE_VALID,,0,0,KQ-GGUF-RULE-SCOPE-OMISSION-v1,KQ-GGUF-EVIDENCE-005,PROVEN_CANONICAL,Excluded by the accepted ADR-0005 initial text-only scope
model.visual.blocks.14.attn.qkv.bias,BF16,3456,3456,6912,vision,vision_block,14,,EXCLUDED_INITIAL_VISION,OMITTED_INITIAL_SCOPE_VALID,,0,0,KQ-GGUF-RULE-SCOPE-OMISSION-v1,KQ-GGUF-EVIDENCE-005,PROVEN_CANONICAL,Excluded by the accepted ADR-0005 initial text-only scope
model.visual.blocks.14.attn.qkv.weight,BF16,3456x1152,3981312,7962624,vision,vision_block,14,,EXCLUDED_INITIAL_VISION,OMITTED_INITIAL_SCOPE_VALID,,0,0,KQ-GGUF-RULE-SCOPE-OMISSION-v1,KQ-GGUF-EVIDENCE-005,PROVEN_CANONICAL,Excluded by the accepted ADR-0005 initial text-only scope
model.visual.blocks.14.mlp.linear_fc1.bias,BF16,4304,4304,8608,vision,vision_block,14,,EXCLUDED_INITIAL_VISION,OMITTED_INITIAL_SCOPE_VALID,,0,0,KQ-GGUF-RULE-SCOPE-OMISSION-v1,KQ-GGUF-EVIDENCE-005,PROVEN_CANONICAL,Excluded by the accepted ADR-0005 initial text-only scope
model.visual.blocks.14.mlp.linear_fc1.weight,BF16,4304x1152,4958208,9916416,vision,vision_block,14,,EXCLUDED_INITIAL_VISION,OMITTED_INITIAL_SCOPE_VALID,,0,0,KQ-GGUF-RULE-SCOPE-OMISSION-v1,KQ-GGUF-EVIDENCE-005,PROVEN_CANONICAL,Excluded by the accepted ADR-0005 initial text-only scope
model.visual.blocks.14.mlp.linear_fc2.bias,BF16,1152,1152,2304,vision,vision_block,14,,EXCLUDED_INITIAL_VISION,OMITTED_INITIAL_SCOPE_VALID,,0,0,KQ-GGUF-RULE-SCOPE-OMISSION-v1,KQ-GGUF-EVIDENCE-005,PROVEN_CANONICAL,Excluded by the accepted ADR-0005 initial text-only scope
model.visual.blocks.14.mlp.linear_fc2.weight,BF16,1152x4304,4958208,9916416,vision,vision_block,14,,EXCLUDED_INITIAL_VISION,OMITTED_INITIAL_SCOPE_VALID,,0,0,KQ-GGUF-RULE-SCOPE-OMISSION-v1,KQ-GGUF-EVIDENCE-005,PROVEN_CANONICAL,Excluded by the accepted ADR-0005 initial text-only scope
model.visual.blocks.14.norm1.bias,BF16,1152,1152,2304,vision,vision_block,14,,EXCLUDED_INITIAL_VISION,OMITTED_INITIAL_SCOPE_VALID,,0,0,KQ-GGUF-RULE-SCOPE-OMISSION-v1,KQ-GGUF-EVIDENCE-005,PROVEN_CANONICAL,Excluded by the accepted ADR-0005 initial text-only scope
model.visual.blocks.14.norm1.weight,BF16,1152,1152,2304,vision,vision_block,14,,EXCLUDED_INITIAL_VISION,OMITTED_INITIAL_SCOPE_VALID,,0,0,KQ-GGUF-RULE-SCOPE-OMISSION-v1,KQ-GGUF-EVIDENCE-005,PROVEN_CANONICAL,Excluded by the accepted ADR-0005 initial text-only scope
model.visual.blocks.14.norm2.bias,BF16,1152,1152,2304,vision,vision_block,14,,EXCLUDED_INITIAL_VISION,OMITTED_INITIAL_SCOPE_VALID,,0,0,KQ-GGUF-RULE-SCOPE-OMISSION-v1,KQ-GGUF-EVIDENCE-005,PROVEN_CANONICAL,Excluded by the accepted ADR-0005 initial text-only scope
model.visual.blocks.14.norm2.weight,BF16,1152,1152,2304,vision,vision_block,14,,EXCLUDED_INITIAL_VISION,OMITTED_INITIAL_SCOPE_VALID,,0,0,KQ-GGUF-RULE-SCOPE-OMISSION-v1,KQ-GGUF-EVIDENCE-005,PROVEN_CANONICAL,Excluded by the accepted ADR-0005 initial text-only scope
model.visual.blocks.15.attn.proj.bias,BF16,1152,1152,2304,vision,vision_block,15,,EXCLUDED_INITIAL_VISION,OMITTED_INITIAL_SCOPE_VALID,,0,0,KQ-GGUF-RULE-SCOPE-OMISSION-v1,KQ-GGUF-EVIDENCE-005,PROVEN_CANONICAL,Excluded by the accepted ADR-0005 initial text-only scope
model.visual.blocks.15.attn.proj.weight,BF16,1152x1152,1327104,2654208,vision,vision_block,15,,EXCLUDED_INITIAL_VISION,OMITTED_INITIAL_SCOPE_VALID,,0,0,KQ-GGUF-RULE-SCOPE-OMISSION-v1,KQ-GGUF-EVIDENCE-005,PROVEN_CANONICAL,Excluded by the accepted ADR-0005 initial text-only scope
model.visual.blocks.15.attn.qkv.bias,BF16,3456,3456,6912,vision,vision_block,15,,EXCLUDED_INITIAL_VISION,OMITTED_INITIAL_SCOPE_VALID,,0,0,KQ-GGUF-RULE-SCOPE-OMISSION-v1,KQ-GGUF-EVIDENCE-005,PROVEN_CANONICAL,Excluded by the accepted ADR-0005 initial text-only scope
model.visual.blocks.15.attn.qkv.weight,BF16,3456x1152,3981312,7962624,vision,vision_block,15,,EXCLUDED_INITIAL_VISION,OMITTED_INITIAL_SCOPE_VALID,,0,0,KQ-GGUF-RULE-SCOPE-OMISSION-v1,KQ-GGUF-EVIDENCE-005,PROVEN_CANONICAL,Excluded by the accepted ADR-0005 initial text-only scope
model.visual.blocks.15.mlp.linear_fc1.bias,BF16,4304,4304,8608,vision,vision_block,15,,EXCLUDED_INITIAL_VISION,OMITTED_INITIAL_SCOPE_VALID,,0,0,KQ-GGUF-RULE-SCOPE-OMISSION-v1,KQ-GGUF-EVIDENCE-005,PROVEN_CANONICAL,Excluded by the accepted ADR-0005 initial text-only scope
model.visual.blocks.15.mlp.linear_fc1.weight,BF16,4304x1152,4958208,9916416,vision,vision_block,15,,EXCLUDED_INITIAL_VISION,OMITTED_INITIAL_SCOPE_VALID,,0,0,KQ-GGUF-RULE-SCOPE-OMISSION-v1,KQ-GGUF-EVIDENCE-005,PROVEN_CANONICAL,Excluded by the accepted ADR-0005 initial text-only scope
model.visual.blocks.15.mlp.linear_fc2.bias,BF16,1152,1152,2304,vision,vision_block,15,,EXCLUDED_INITIAL_VISION,OMITTED_INITIAL_SCOPE_VALID,,0,0,KQ-GGUF-RULE-SCOPE-OMISSION-v1,KQ-GGUF-EVIDENCE-005,PROVEN_CANONICAL,Excluded by the accepted ADR-0005 initial text-only scope
model.visual.blocks.15.mlp.linear_fc2.weight,BF16,1152x4304,4958208,9916416,vision,vision_block,15,,EXCLUDED_INITIAL_VISION,OMITTED_INITIAL_SCOPE_VALID,,0,0,KQ-GGUF-RULE-SCOPE-OMISSION-v1,KQ-GGUF-EVIDENCE-005,PROVEN_CANONICAL,Excluded by the accepted ADR-0005 initial text-only scope
model.visual.blocks.15.norm1.bias,BF16,1152,1152,2304,vision,vision_block,15,,EXCLUDED_INITIAL_VISION,OMITTED_INITIAL_SCOPE_VALID,,0,0,KQ-GGUF-RULE-SCOPE-OMISSION-v1,KQ-GGUF-EVIDENCE-005,PROVEN_CANONICAL,Excluded by the accepted ADR-0005 initial text-only scope
model.visual.blocks.15.norm1.weight,BF16,1152,1152,2304,vision,vision_block,15,,EXCLUDED_INITIAL_VISION,OMITTED_INITIAL_SCOPE_VALID,,0,0,KQ-GGUF-RULE-SCOPE-OMISSION-v1,KQ-GGUF-EVIDENCE-005,PROVEN_CANONICAL,Excluded by the accepted ADR-0005 initial text-only scope
model.visual.blocks.15.norm2.bias,BF16,1152,1152,2304,vision,vision_block,15,,EXCLUDED_INITIAL_VISION,OMITTED_INITIAL_SCOPE_VALID,,0,0,KQ-GGUF-RULE-SCOPE-OMISSION-v1,KQ-GGUF-EVIDENCE-005,PROVEN_CANONICAL,Excluded by the accepted ADR-0005 initial text-only scope
model.visual.blocks.15.norm2.weight,BF16,1152,1152,2304,vision,vision_block,15,,EXCLUDED_INITIAL_VISION,OMITTED_INITIAL_SCOPE_VALID,,0,0,KQ-GGUF-RULE-SCOPE-OMISSION-v1,KQ-GGUF-EVIDENCE-005,PROVEN_CANONICAL,Excluded by the accepted ADR-0005 initial text-only scope
model.visual.blocks.16.attn.proj.bias,BF16,1152,1152,2304,vision,vision_block,16,,EXCLUDED_INITIAL_VISION,OMITTED_INITIAL_SCOPE_VALID,,0,0,KQ-GGUF-RULE-SCOPE-OMISSION-v1,KQ-GGUF-EVIDENCE-005,PROVEN_CANONICAL,Excluded by the accepted ADR-0005 initial text-only scope
model.visual.blocks.16.attn.proj.weight,BF16,1152x1152,1327104,2654208,vision,vision_block,16,,EXCLUDED_INITIAL_VISION,OMITTED_INITIAL_SCOPE_VALID,,0,0,KQ-GGUF-RULE-SCOPE-OMISSION-v1,KQ-GGUF-EVIDENCE-005,PROVEN_CANONICAL,Excluded by the accepted ADR-0005 initial text-only scope
model.visual.blocks.16.attn.qkv.bias,BF16,3456,3456,6912,vision,vision_block,16,,EXCLUDED_INITIAL_VISION,OMITTED_INITIAL_SCOPE_VALID,,0,0,KQ-GGUF-RULE-SCOPE-OMISSION-v1,KQ-GGUF-EVIDENCE-005,PROVEN_CANONICAL,Excluded by the accepted ADR-0005 initial text-only scope
model.visual.blocks.16.attn.qkv.weight,BF16,3456x1152,3981312,7962624,vision,vision_block,16,,EXCLUDED_INITIAL_VISION,OMITTED_INITIAL_SCOPE_VALID,,0,0,KQ-GGUF-RULE-SCOPE-OMISSION-v1,KQ-GGUF-EVIDENCE-005,PROVEN_CANONICAL,Excluded by the accepted ADR-0005 initial text-only scope
model.visual.blocks.16.mlp.linear_fc1.bias,BF16,4304,4304,8608,vision,vision_block,16,,EXCLUDED_INITIAL_VISION,OMITTED_INITIAL_SCOPE_VALID,,0,0,KQ-GGUF-RULE-SCOPE-OMISSION-v1,KQ-GGUF-EVIDENCE-005,PROVEN_CANONICAL,Excluded by the accepted ADR-0005 initial text-only scope
model.visual.blocks.16.mlp.linear_fc1.weight,BF16,4304x1152,4958208,9916416,vision,vision_block,16,,EXCLUDED_INITIAL_VISION,OMITTED_INITIAL_SCOPE_VALID,,0,0,KQ-GGUF-RULE-SCOPE-OMISSION-v1,KQ-GGUF-EVIDENCE-005,PROVEN_CANONICAL,Excluded by the accepted ADR-0005 initial text-only scope
model.visual.blocks.16.mlp.linear_fc2.bias,BF16,1152,1152,2304,vision,vision_block,16,,EXCLUDED_INITIAL_VISION,OMITTED_INITIAL_SCOPE_VALID,,0,0,KQ-GGUF-RULE-SCOPE-OMISSION-v1,KQ-GGUF-EVIDENCE-005,PROVEN_CANONICAL,Excluded by the accepted ADR-0005 initial text-only scope
model.visual.blocks.16.mlp.linear_fc2.weight,BF16,1152x4304,4958208,9916416,vision,vision_block,16,,EXCLUDED_INITIAL_VISION,OMITTED_INITIAL_SCOPE_VALID,,0,0,KQ-GGUF-RULE-SCOPE-OMISSION-v1,KQ-GGUF-EVIDENCE-005,PROVEN_CANONICAL,Excluded by the accepted ADR-0005 initial text-only scope
model.visual.blocks.16.norm1.bias,BF16,1152,1152,2304,vision,vision_block,16,,EXCLUDED_INITIAL_VISION,OMITTED_INITIAL_SCOPE_VALID,,0,0,KQ-GGUF-RULE-SCOPE-OMISSION-v1,KQ-GGUF-EVIDENCE-005,PROVEN_CANONICAL,Excluded by the accepted ADR-0005 initial text-only scope
model.visual.blocks.16.norm1.weight,BF16,1152,1152,2304,vision,vision_block,16,,EXCLUDED_INITIAL_VISION,OMITTED_INITIAL_SCOPE_VALID,,0,0,KQ-GGUF-RULE-SCOPE-OMISSION-v1,KQ-GGUF-EVIDENCE-005,PROVEN_CANONICAL,Excluded by the accepted ADR-0005 initial text-only scope
model.visual.blocks.16.norm2.bias,BF16,1152,1152,2304,vision,vision_block,16,,EXCLUDED_INITIAL_VISION,OMITTED_INITIAL_SCOPE_VALID,,0,0,KQ-GGUF-RULE-SCOPE-OMISSION-v1,KQ-GGUF-EVIDENCE-005,PROVEN_CANONICAL,Excluded by the accepted ADR-0005 initial text-only scope
model.visual.blocks.16.norm2.weight,BF16,1152,1152,2304,vision,vision_block,16,,EXCLUDED_INITIAL_VISION,OMITTED_INITIAL_SCOPE_VALID,,0,0,KQ-GGUF-RULE-SCOPE-OMISSION-v1,KQ-GGUF-EVIDENCE-005,PROVEN_CANONICAL,Excluded by the accepted ADR-0005 initial text-only scope
model.visual.blocks.17.attn.proj.bias,BF16,1152,1152,2304,vision,vision_block,17,,EXCLUDED_INITIAL_VISION,OMITTED_INITIAL_SCOPE_VALID,,0,0,KQ-GGUF-RULE-SCOPE-OMISSION-v1,KQ-GGUF-EVIDENCE-005,PROVEN_CANONICAL,Excluded by the accepted ADR-0005 initial text-only scope
model.visual.blocks.17.attn.proj.weight,BF16,1152x1152,1327104,2654208,vision,vision_block,17,,EXCLUDED_INITIAL_VISION,OMITTED_INITIAL_SCOPE_VALID,,0,0,KQ-GGUF-RULE-SCOPE-OMISSION-v1,KQ-GGUF-EVIDENCE-005,PROVEN_CANONICAL,Excluded by the accepted ADR-0005 initial text-only scope
model.visual.blocks.17.attn.qkv.bias,BF16,3456,3456,6912,vision,vision_block,17,,EXCLUDED_INITIAL_VISION,OMITTED_INITIAL_SCOPE_VALID,,0,0,KQ-GGUF-RULE-SCOPE-OMISSION-v1,KQ-GGUF-EVIDENCE-005,PROVEN_CANONICAL,Excluded by the accepted ADR-0005 initial text-only scope
model.visual.blocks.17.attn.qkv.weight,BF16,3456x1152,3981312,7962624,vision,vision_block,17,,EXCLUDED_INITIAL_VISION,OMITTED_INITIAL_SCOPE_VALID,,0,0,KQ-GGUF-RULE-SCOPE-OMISSION-v1,KQ-GGUF-EVIDENCE-005,PROVEN_CANONICAL,Excluded by the accepted ADR-0005 initial text-only scope
model.visual.blocks.17.mlp.linear_fc1.bias,BF16,4304,4304,8608,vision,vision_block,17,,EXCLUDED_INITIAL_VISION,OMITTED_INITIAL_SCOPE_VALID,,0,0,KQ-GGUF-RULE-SCOPE-OMISSION-v1,KQ-GGUF-EVIDENCE-005,PROVEN_CANONICAL,Excluded by the accepted ADR-0005 initial text-only scope
model.visual.blocks.17.mlp.linear_fc1.weight,BF16,4304x1152,4958208,9916416,vision,vision_block,17,,EXCLUDED_INITIAL_VISION,OMITTED_INITIAL_SCOPE_VALID,,0,0,KQ-GGUF-RULE-SCOPE-OMISSION-v1,KQ-GGUF-EVIDENCE-005,PROVEN_CANONICAL,Excluded by the accepted ADR-0005 initial text-only scope
model.visual.blocks.17.mlp.linear_fc2.bias,BF16,1152,1152,2304,vision,vision_block,17,,EXCLUDED_INITIAL_VISION,OMITTED_INITIAL_SCOPE_VALID,,0,0,KQ-GGUF-RULE-SCOPE-OMISSION-v1,KQ-GGUF-EVIDENCE-005,PROVEN_CANONICAL,Excluded by the accepted ADR-0005 initial text-only scope
model.visual.blocks.17.mlp.linear_fc2.weight,BF16,1152x4304,4958208,9916416,vision,vision_block,17,,EXCLUDED_INITIAL_VISION,OMITTED_INITIAL_SCOPE_VALID,,0,0,KQ-GGUF-RULE-SCOPE-OMISSION-v1,KQ-GGUF-EVIDENCE-005,PROVEN_CANONICAL,Excluded by the accepted ADR-0005 initial text-only scope
model.visual.blocks.17.norm1.bias,BF16,1152,1152,2304,vision,vision_block,17,,EXCLUDED_INITIAL_VISION,OMITTED_INITIAL_SCOPE_VALID,,0,0,KQ-GGUF-RULE-SCOPE-OMISSION-v1,KQ-GGUF-EVIDENCE-005,PROVEN_CANONICAL,Excluded by the accepted ADR-0005 initial text-only scope
model.visual.blocks.17.norm1.weight,BF16,1152,1152,2304,vision,vision_block,17,,EXCLUDED_INITIAL_VISION,OMITTED_INITIAL_SCOPE_VALID,,0,0,KQ-GGUF-RULE-SCOPE-OMISSION-v1,KQ-GGUF-EVIDENCE-005,PROVEN_CANONICAL,Excluded by the accepted ADR-0005 initial text-only scope
model.visual.blocks.17.norm2.bias,BF16,1152,1152,2304,vision,vision_block,17,,EXCLUDED_INITIAL_VISION,OMITTED_INITIAL_SCOPE_VALID,,0,0,KQ-GGUF-RULE-SCOPE-OMISSION-v1,KQ-GGUF-EVIDENCE-005,PROVEN_CANONICAL,Excluded by the accepted ADR-0005 initial text-only scope
model.visual.blocks.17.norm2.weight,BF16,1152,1152,2304,vision,vision_block,17,,EXCLUDED_INITIAL_VISION,OMITTED_INITIAL_SCOPE_VALID,,0,0,KQ-GGUF-RULE-SCOPE-OMISSION-v1,KQ-GGUF-EVIDENCE-005,PROVEN_CANONICAL,Excluded by the accepted ADR-0005 initial text-only scope
model.visual.blocks.18.attn.proj.bias,BF16,1152,1152,2304,vision,vision_block,18,,EXCLUDED_INITIAL_VISION,OMITTED_INITIAL_SCOPE_VALID,,0,0,KQ-GGUF-RULE-SCOPE-OMISSION-v1,KQ-GGUF-EVIDENCE-005,PROVEN_CANONICAL,Excluded by the accepted ADR-0005 initial text-only scope
model.visual.blocks.18.attn.proj.weight,BF16,1152x1152,1327104,2654208,vision,vision_block,18,,EXCLUDED_INITIAL_VISION,OMITTED_INITIAL_SCOPE_VALID,,0,0,KQ-GGUF-RULE-SCOPE-OMISSION-v1,KQ-GGUF-EVIDENCE-005,PROVEN_CANONICAL,Excluded by the accepted ADR-0005 initial text-only scope
model.visual.blocks.18.attn.qkv.bias,BF16,3456,3456,6912,vision,vision_block,18,,EXCLUDED_INITIAL_VISION,OMITTED_INITIAL_SCOPE_VALID,,0,0,KQ-GGUF-RULE-SCOPE-OMISSION-v1,KQ-GGUF-EVIDENCE-005,PROVEN_CANONICAL,Excluded by the accepted ADR-0005 initial text-only scope
model.visual.blocks.18.attn.qkv.weight,BF16,3456x1152,3981312,7962624,vision,vision_block,18,,EXCLUDED_INITIAL_VISION,OMITTED_INITIAL_SCOPE_VALID,,0,0,KQ-GGUF-RULE-SCOPE-OMISSION-v1,KQ-GGUF-EVIDENCE-005,PROVEN_CANONICAL,Excluded by the accepted ADR-0005 initial text-only scope
model.visual.blocks.18.mlp.linear_fc1.bias,BF16,4304,4304,8608,vision,vision_block,18,,EXCLUDED_INITIAL_VISION,OMITTED_INITIAL_SCOPE_VALID,,0,0,KQ-GGUF-RULE-SCOPE-OMISSION-v1,KQ-GGUF-EVIDENCE-005,PROVEN_CANONICAL,Excluded by the accepted ADR-0005 initial text-only scope
model.visual.blocks.18.mlp.linear_fc1.weight,BF16,4304x1152,4958208,9916416,vision,vision_block,18,,EXCLUDED_INITIAL_VISION,OMITTED_INITIAL_SCOPE_VALID,,0,0,KQ-GGUF-RULE-SCOPE-OMISSION-v1,KQ-GGUF-EVIDENCE-005,PROVEN_CANONICAL,Excluded by the accepted ADR-0005 initial text-only scope
model.visual.blocks.18.mlp.linear_fc2.bias,BF16,1152,1152,2304,vision,vision_block,18,,EXCLUDED_INITIAL_VISION,OMITTED_INITIAL_SCOPE_VALID,,0,0,KQ-GGUF-RULE-SCOPE-OMISSION-v1,KQ-GGUF-EVIDENCE-005,PROVEN_CANONICAL,Excluded by the accepted ADR-0005 initial text-only scope
model.visual.blocks.18.mlp.linear_fc2.weight,BF16,1152x4304,4958208,9916416,vision,vision_block,18,,EXCLUDED_INITIAL_VISION,OMITTED_INITIAL_SCOPE_VALID,,0,0,KQ-GGUF-RULE-SCOPE-OMISSION-v1,KQ-GGUF-EVIDENCE-005,PROVEN_CANONICAL,Excluded by the accepted ADR-0005 initial text-only scope
model.visual.blocks.18.norm1.bias,BF16,1152,1152,2304,vision,vision_block,18,,EXCLUDED_INITIAL_VISION,OMITTED_INITIAL_SCOPE_VALID,,0,0,KQ-GGUF-RULE-SCOPE-OMISSION-v1,KQ-GGUF-EVIDENCE-005,PROVEN_CANONICAL,Excluded by the accepted ADR-0005 initial text-only scope
model.visual.blocks.18.norm1.weight,BF16,1152,1152,2304,vision,vision_block,18,,EXCLUDED_INITIAL_VISION,OMITTED_INITIAL_SCOPE_VALID,,0,0,KQ-GGUF-RULE-SCOPE-OMISSION-v1,KQ-GGUF-EVIDENCE-005,PROVEN_CANONICAL,Excluded by the accepted ADR-0005 initial text-only scope
model.visual.blocks.18.norm2.bias,BF16,1152,1152,2304,vision,vision_block,18,,EXCLUDED_INITIAL_VISION,OMITTED_INITIAL_SCOPE_VALID,,0,0,KQ-GGUF-RULE-SCOPE-OMISSION-v1,KQ-GGUF-EVIDENCE-005,PROVEN_CANONICAL,Excluded by the accepted ADR-0005 initial text-only scope
model.visual.blocks.18.norm2.weight,BF16,1152,1152,2304,vision,vision_block,18,,EXCLUDED_INITIAL_VISION,OMITTED_INITIAL_SCOPE_VALID,,0,0,KQ-GGUF-RULE-SCOPE-OMISSION-v1,KQ-GGUF-EVIDENCE-005,PROVEN_CANONICAL,Excluded by the accepted ADR-0005 initial text-only scope
model.visual.blocks.19.attn.proj.bias,BF16,1152,1152,2304,vision,vision_block,19,,EXCLUDED_INITIAL_VISION,OMITTED_INITIAL_SCOPE_VALID,,0,0,KQ-GGUF-RULE-SCOPE-OMISSION-v1,KQ-GGUF-EVIDENCE-005,PROVEN_CANONICAL,Excluded by the accepted ADR-0005 initial text-only scope
model.visual.blocks.19.attn.proj.weight,BF16,1152x1152,1327104,2654208,vision,vision_block,19,,EXCLUDED_INITIAL_VISION,OMITTED_INITIAL_SCOPE_VALID,,0,0,KQ-GGUF-RULE-SCOPE-OMISSION-v1,KQ-GGUF-EVIDENCE-005,PROVEN_CANONICAL,Excluded by the accepted ADR-0005 initial text-only scope
model.visual.blocks.19.attn.qkv.bias,BF16,3456,3456,6912,vision,vision_block,19,,EXCLUDED_INITIAL_VISION,OMITTED_INITIAL_SCOPE_VALID,,0,0,KQ-GGUF-RULE-SCOPE-OMISSION-v1,KQ-GGUF-EVIDENCE-005,PROVEN_CANONICAL,Excluded by the accepted ADR-0005 initial text-only scope
model.visual.blocks.19.attn.qkv.weight,BF16,3456x1152,3981312,7962624,vision,vision_block,19,,EXCLUDED_INITIAL_VISION,OMITTED_INITIAL_SCOPE_VALID,,0,0,KQ-GGUF-RULE-SCOPE-OMISSION-v1,KQ-GGUF-EVIDENCE-005,PROVEN_CANONICAL,Excluded by the accepted ADR-0005 initial text-only scope
model.visual.blocks.19.mlp.linear_fc1.bias,BF16,4304,4304,8608,vision,vision_block,19,,EXCLUDED_INITIAL_VISION,OMITTED_INITIAL_SCOPE_VALID,,0,0,KQ-GGUF-RULE-SCOPE-OMISSION-v1,KQ-GGUF-EVIDENCE-005,PROVEN_CANONICAL,Excluded by the accepted ADR-0005 initial text-only scope
model.visual.blocks.19.mlp.linear_fc1.weight,BF16,4304x1152,4958208,9916416,vision,vision_block,19,,EXCLUDED_INITIAL_VISION,OMITTED_INITIAL_SCOPE_VALID,,0,0,KQ-GGUF-RULE-SCOPE-OMISSION-v1,KQ-GGUF-EVIDENCE-005,PROVEN_CANONICAL,Excluded by the accepted ADR-0005 initial text-only scope
model.visual.blocks.19.mlp.linear_fc2.bias,BF16,1152,1152,2304,vision,vision_block,19,,EXCLUDED_INITIAL_VISION,OMITTED_INITIAL_SCOPE_VALID,,0,0,KQ-GGUF-RULE-SCOPE-OMISSION-v1,KQ-GGUF-EVIDENCE-005,PROVEN_CANONICAL,Excluded by the accepted ADR-0005 initial text-only scope
model.visual.blocks.19.mlp.linear_fc2.weight,BF16,1152x4304,4958208,9916416,vision,vision_block,19,,EXCLUDED_INITIAL_VISION,OMITTED_INITIAL_SCOPE_VALID,,0,0,KQ-GGUF-RULE-SCOPE-OMISSION-v1,KQ-GGUF-EVIDENCE-005,PROVEN_CANONICAL,Excluded by the accepted ADR-0005 initial text-only scope
model.visual.blocks.19.norm1.bias,BF16,1152,1152,2304,vision,vision_block,19,,EXCLUDED_INITIAL_VISION,OMITTED_INITIAL_SCOPE_VALID,,0,0,KQ-GGUF-RULE-SCOPE-OMISSION-v1,KQ-GGUF-EVIDENCE-005,PROVEN_CANONICAL,Excluded by the accepted ADR-0005 initial text-only scope
model.visual.blocks.19.norm1.weight,BF16,1152,1152,2304,vision,vision_block,19,,EXCLUDED_INITIAL_VISION,OMITTED_INITIAL_SCOPE_VALID,,0,0,KQ-GGUF-RULE-SCOPE-OMISSION-v1,KQ-GGUF-EVIDENCE-005,PROVEN_CANONICAL,Excluded by the accepted ADR-0005 initial text-only scope
model.visual.blocks.19.norm2.bias,BF16,1152,1152,2304,vision,vision_block,19,,EXCLUDED_INITIAL_VISION,OMITTED_INITIAL_SCOPE_VALID,,0,0,KQ-GGUF-RULE-SCOPE-OMISSION-v1,KQ-GGUF-EVIDENCE-005,PROVEN_CANONICAL,Excluded by the accepted ADR-0005 initial text-only scope
model.visual.blocks.19.norm2.weight,BF16,1152,1152,2304,vision,vision_block,19,,EXCLUDED_INITIAL_VISION,OMITTED_INITIAL_SCOPE_VALID,,0,0,KQ-GGUF-RULE-SCOPE-OMISSION-v1,KQ-GGUF-EVIDENCE-005,PROVEN_CANONICAL,Excluded by the accepted ADR-0005 initial text-only scope
model.visual.blocks.2.attn.proj.bias,BF16,1152,1152,2304,vision,vision_block,2,,EXCLUDED_INITIAL_VISION,OMITTED_INITIAL_SCOPE_VALID,,0,0,KQ-GGUF-RULE-SCOPE-OMISSION-v1,KQ-GGUF-EVIDENCE-005,PROVEN_CANONICAL,Excluded by the accepted ADR-0005 initial text-only scope
model.visual.blocks.2.attn.proj.weight,BF16,1152x1152,1327104,2654208,vision,vision_block,2,,EXCLUDED_INITIAL_VISION,OMITTED_INITIAL_SCOPE_VALID,,0,0,KQ-GGUF-RULE-SCOPE-OMISSION-v1,KQ-GGUF-EVIDENCE-005,PROVEN_CANONICAL,Excluded by the accepted ADR-0005 initial text-only scope
model.visual.blocks.2.attn.qkv.bias,BF16,3456,3456,6912,vision,vision_block,2,,EXCLUDED_INITIAL_VISION,OMITTED_INITIAL_SCOPE_VALID,,0,0,KQ-GGUF-RULE-SCOPE-OMISSION-v1,KQ-GGUF-EVIDENCE-005,PROVEN_CANONICAL,Excluded by the accepted ADR-0005 initial text-only scope
model.visual.blocks.2.attn.qkv.weight,BF16,3456x1152,3981312,7962624,vision,vision_block,2,,EXCLUDED_INITIAL_VISION,OMITTED_INITIAL_SCOPE_VALID,,0,0,KQ-GGUF-RULE-SCOPE-OMISSION-v1,KQ-GGUF-EVIDENCE-005,PROVEN_CANONICAL,Excluded by the accepted ADR-0005 initial text-only scope
model.visual.blocks.2.mlp.linear_fc1.bias,BF16,4304,4304,8608,vision,vision_block,2,,EXCLUDED_INITIAL_VISION,OMITTED_INITIAL_SCOPE_VALID,,0,0,KQ-GGUF-RULE-SCOPE-OMISSION-v1,KQ-GGUF-EVIDENCE-005,PROVEN_CANONICAL,Excluded by the accepted ADR-0005 initial text-only scope
model.visual.blocks.2.mlp.linear_fc1.weight,BF16,4304x1152,4958208,9916416,vision,vision_block,2,,EXCLUDED_INITIAL_VISION,OMITTED_INITIAL_SCOPE_VALID,,0,0,KQ-GGUF-RULE-SCOPE-OMISSION-v1,KQ-GGUF-EVIDENCE-005,PROVEN_CANONICAL,Excluded by the accepted ADR-0005 initial text-only scope
model.visual.blocks.2.mlp.linear_fc2.bias,BF16,1152,1152,2304,vision,vision_block,2,,EXCLUDED_INITIAL_VISION,OMITTED_INITIAL_SCOPE_VALID,,0,0,KQ-GGUF-RULE-SCOPE-OMISSION-v1,KQ-GGUF-EVIDENCE-005,PROVEN_CANONICAL,Excluded by the accepted ADR-0005 initial text-only scope
model.visual.blocks.2.mlp.linear_fc2.weight,BF16,1152x4304,4958208,9916416,vision,vision_block,2,,EXCLUDED_INITIAL_VISION,OMITTED_INITIAL_SCOPE_VALID,,0,0,KQ-GGUF-RULE-SCOPE-OMISSION-v1,KQ-GGUF-EVIDENCE-005,PROVEN_CANONICAL,Excluded by the accepted ADR-0005 initial text-only scope
model.visual.blocks.2.norm1.bias,BF16,1152,1152,2304,vision,vision_block,2,,EXCLUDED_INITIAL_VISION,OMITTED_INITIAL_SCOPE_VALID,,0,0,KQ-GGUF-RULE-SCOPE-OMISSION-v1,KQ-GGUF-EVIDENCE-005,PROVEN_CANONICAL,Excluded by the accepted ADR-0005 initial text-only scope
model.visual.blocks.2.norm1.weight,BF16,1152,1152,2304,vision,vision_block,2,,EXCLUDED_INITIAL_VISION,OMITTED_INITIAL_SCOPE_VALID,,0,0,KQ-GGUF-RULE-SCOPE-OMISSION-v1,KQ-GGUF-EVIDENCE-005,PROVEN_CANONICAL,Excluded by the accepted ADR-0005 initial text-only scope
model.visual.blocks.2.norm2.bias,BF16,1152,1152,2304,vision,vision_block,2,,EXCLUDED_INITIAL_VISION,OMITTED_INITIAL_SCOPE_VALID,,0,0,KQ-GGUF-RULE-SCOPE-OMISSION-v1,KQ-GGUF-EVIDENCE-005,PROVEN_CANONICAL,Excluded by the accepted ADR-0005 initial text-only scope
model.visual.blocks.2.norm2.weight,BF16,1152,1152,2304,vision,vision_block,2,,EXCLUDED_INITIAL_VISION,OMITTED_INITIAL_SCOPE_VALID,,0,0,KQ-GGUF-RULE-SCOPE-OMISSION-v1,KQ-GGUF-EVIDENCE-005,PROVEN_CANONICAL,Excluded by the accepted ADR-0005 initial text-only scope
model.visual.blocks.20.attn.proj.bias,BF16,1152,1152,2304,vision,vision_block,20,,EXCLUDED_INITIAL_VISION,OMITTED_INITIAL_SCOPE_VALID,,0,0,KQ-GGUF-RULE-SCOPE-OMISSION-v1,KQ-GGUF-EVIDENCE-005,PROVEN_CANONICAL,Excluded by the accepted ADR-0005 initial text-only scope
model.visual.blocks.20.attn.proj.weight,BF16,1152x1152,1327104,2654208,vision,vision_block,20,,EXCLUDED_INITIAL_VISION,OMITTED_INITIAL_SCOPE_VALID,,0,0,KQ-GGUF-RULE-SCOPE-OMISSION-v1,KQ-GGUF-EVIDENCE-005,PROVEN_CANONICAL,Excluded by the accepted ADR-0005 initial text-only scope
model.visual.blocks.20.attn.qkv.bias,BF16,3456,3456,6912,vision,vision_block,20,,EXCLUDED_INITIAL_VISION,OMITTED_INITIAL_SCOPE_VALID,,0,0,KQ-GGUF-RULE-SCOPE-OMISSION-v1,KQ-GGUF-EVIDENCE-005,PROVEN_CANONICAL,Excluded by the accepted ADR-0005 initial text-only scope
model.visual.blocks.20.attn.qkv.weight,BF16,3456x1152,3981312,7962624,vision,vision_block,20,,EXCLUDED_INITIAL_VISION,OMITTED_INITIAL_SCOPE_VALID,,0,0,KQ-GGUF-RULE-SCOPE-OMISSION-v1,KQ-GGUF-EVIDENCE-005,PROVEN_CANONICAL,Excluded by the accepted ADR-0005 initial text-only scope
model.visual.blocks.20.mlp.linear_fc1.bias,BF16,4304,4304,8608,vision,vision_block,20,,EXCLUDED_INITIAL_VISION,OMITTED_INITIAL_SCOPE_VALID,,0,0,KQ-GGUF-RULE-SCOPE-OMISSION-v1,KQ-GGUF-EVIDENCE-005,PROVEN_CANONICAL,Excluded by the accepted ADR-0005 initial text-only scope
model.visual.blocks.20.mlp.linear_fc1.weight,BF16,4304x1152,4958208,9916416,vision,vision_block,20,,EXCLUDED_INITIAL_VISION,OMITTED_INITIAL_SCOPE_VALID,,0,0,KQ-GGUF-RULE-SCOPE-OMISSION-v1,KQ-GGUF-EVIDENCE-005,PROVEN_CANONICAL,Excluded by the accepted ADR-0005 initial text-only scope
model.visual.blocks.20.mlp.linear_fc2.bias,BF16,1152,1152,2304,vision,vision_block,20,,EXCLUDED_INITIAL_VISION,OMITTED_INITIAL_SCOPE_VALID,,0,0,KQ-GGUF-RULE-SCOPE-OMISSION-v1,KQ-GGUF-EVIDENCE-005,PROVEN_CANONICAL,Excluded by the accepted ADR-0005 initial text-only scope
model.visual.blocks.20.mlp.linear_fc2.weight,BF16,1152x4304,4958208,9916416,vision,vision_block,20,,EXCLUDED_INITIAL_VISION,OMITTED_INITIAL_SCOPE_VALID,,0,0,KQ-GGUF-RULE-SCOPE-OMISSION-v1,KQ-GGUF-EVIDENCE-005,PROVEN_CANONICAL,Excluded by the accepted ADR-0005 initial text-only scope
model.visual.blocks.20.norm1.bias,BF16,1152,1152,2304,vision,vision_block,20,,EXCLUDED_INITIAL_VISION,OMITTED_INITIAL_SCOPE_VALID,,0,0,KQ-GGUF-RULE-SCOPE-OMISSION-v1,KQ-GGUF-EVIDENCE-005,PROVEN_CANONICAL,Excluded by the accepted ADR-0005 initial text-only scope
model.visual.blocks.20.norm1.weight,BF16,1152,1152,2304,vision,vision_block,20,,EXCLUDED_INITIAL_VISION,OMITTED_INITIAL_SCOPE_VALID,,0,0,KQ-GGUF-RULE-SCOPE-OMISSION-v1,KQ-GGUF-EVIDENCE-005,PROVEN_CANONICAL,Excluded by the accepted ADR-0005 initial text-only scope
model.visual.blocks.20.norm2.bias,BF16,1152,1152,2304,vision,vision_block,20,,EXCLUDED_INITIAL_VISION,OMITTED_INITIAL_SCOPE_VALID,,0,0,KQ-GGUF-RULE-SCOPE-OMISSION-v1,KQ-GGUF-EVIDENCE-005,PROVEN_CANONICAL,Excluded by the accepted ADR-0005 initial text-only scope
model.visual.blocks.20.norm2.weight,BF16,1152,1152,2304,vision,vision_block,20,,EXCLUDED_INITIAL_VISION,OMITTED_INITIAL_SCOPE_VALID,,0,0,KQ-GGUF-RULE-SCOPE-OMISSION-v1,KQ-GGUF-EVIDENCE-005,PROVEN_CANONICAL,Excluded by the accepted ADR-0005 initial text-only scope
model.visual.blocks.21.attn.proj.bias,BF16,1152,1152,2304,vision,vision_block,21,,EXCLUDED_INITIAL_VISION,OMITTED_INITIAL_SCOPE_VALID,,0,0,KQ-GGUF-RULE-SCOPE-OMISSION-v1,KQ-GGUF-EVIDENCE-005,PROVEN_CANONICAL,Excluded by the accepted ADR-0005 initial text-only scope
model.visual.blocks.21.attn.proj.weight,BF16,1152x1152,1327104,2654208,vision,vision_block,21,,EXCLUDED_INITIAL_VISION,OMITTED_INITIAL_SCOPE_VALID,,0,0,KQ-GGUF-RULE-SCOPE-OMISSION-v1,KQ-GGUF-EVIDENCE-005,PROVEN_CANONICAL,Excluded by the accepted ADR-0005 initial text-only scope
model.visual.blocks.21.attn.qkv.bias,BF16,3456,3456,6912,vision,vision_block,21,,EXCLUDED_INITIAL_VISION,OMITTED_INITIAL_SCOPE_VALID,,0,0,KQ-GGUF-RULE-SCOPE-OMISSION-v1,KQ-GGUF-EVIDENCE-005,PROVEN_CANONICAL,Excluded by the accepted ADR-0005 initial text-only scope
model.visual.blocks.21.attn.qkv.weight,BF16,3456x1152,3981312,7962624,vision,vision_block,21,,EXCLUDED_INITIAL_VISION,OMITTED_INITIAL_SCOPE_VALID,,0,0,KQ-GGUF-RULE-SCOPE-OMISSION-v1,KQ-GGUF-EVIDENCE-005,PROVEN_CANONICAL,Excluded by the accepted ADR-0005 initial text-only scope
model.visual.blocks.21.mlp.linear_fc1.bias,BF16,4304,4304,8608,vision,vision_block,21,,EXCLUDED_INITIAL_VISION,OMITTED_INITIAL_SCOPE_VALID,,0,0,KQ-GGUF-RULE-SCOPE-OMISSION-v1,KQ-GGUF-EVIDENCE-005,PROVEN_CANONICAL,Excluded by the accepted ADR-0005 initial text-only scope
model.visual.blocks.21.mlp.linear_fc1.weight,BF16,4304x1152,4958208,9916416,vision,vision_block,21,,EXCLUDED_INITIAL_VISION,OMITTED_INITIAL_SCOPE_VALID,,0,0,KQ-GGUF-RULE-SCOPE-OMISSION-v1,KQ-GGUF-EVIDENCE-005,PROVEN_CANONICAL,Excluded by the accepted ADR-0005 initial text-only scope
model.visual.blocks.21.mlp.linear_fc2.bias,BF16,1152,1152,2304,vision,vision_block,21,,EXCLUDED_INITIAL_VISION,OMITTED_INITIAL_SCOPE_VALID,,0,0,KQ-GGUF-RULE-SCOPE-OMISSION-v1,KQ-GGUF-EVIDENCE-005,PROVEN_CANONICAL,Excluded by the accepted ADR-0005 initial text-only scope
model.visual.blocks.21.mlp.linear_fc2.weight,BF16,1152x4304,4958208,9916416,vision,vision_block,21,,EXCLUDED_INITIAL_VISION,OMITTED_INITIAL_SCOPE_VALID,,0,0,KQ-GGUF-RULE-SCOPE-OMISSION-v1,KQ-GGUF-EVIDENCE-005,PROVEN_CANONICAL,Excluded by the accepted ADR-0005 initial text-only scope
model.visual.blocks.21.norm1.bias,BF16,1152,1152,2304,vision,vision_block,21,,EXCLUDED_INITIAL_VISION,OMITTED_INITIAL_SCOPE_VALID,,0,0,KQ-GGUF-RULE-SCOPE-OMISSION-v1,KQ-GGUF-EVIDENCE-005,PROVEN_CANONICAL,Excluded by the accepted ADR-0005 initial text-only scope
model.visual.blocks.21.norm1.weight,BF16,1152,1152,2304,vision,vision_block,21,,EXCLUDED_INITIAL_VISION,OMITTED_INITIAL_SCOPE_VALID,,0,0,KQ-GGUF-RULE-SCOPE-OMISSION-v1,KQ-GGUF-EVIDENCE-005,PROVEN_CANONICAL,Excluded by the accepted ADR-0005 initial text-only scope
model.visual.blocks.21.norm2.bias,BF16,1152,1152,2304,vision,vision_block,21,,EXCLUDED_INITIAL_VISION,OMITTED_INITIAL_SCOPE_VALID,,0,0,KQ-GGUF-RULE-SCOPE-OMISSION-v1,KQ-GGUF-EVIDENCE-005,PROVEN_CANONICAL,Excluded by the accepted ADR-0005 initial text-only scope
model.visual.blocks.21.norm2.weight,BF16,1152,1152,2304,vision,vision_block,21,,EXCLUDED_INITIAL_VISION,OMITTED_INITIAL_SCOPE_VALID,,0,0,KQ-GGUF-RULE-SCOPE-OMISSION-v1,KQ-GGUF-EVIDENCE-005,PROVEN_CANONICAL,Excluded by the accepted ADR-0005 initial text-only scope
model.visual.blocks.22.attn.proj.bias,BF16,1152,1152,2304,vision,vision_block,22,,EXCLUDED_INITIAL_VISION,OMITTED_INITIAL_SCOPE_VALID,,0,0,KQ-GGUF-RULE-SCOPE-OMISSION-v1,KQ-GGUF-EVIDENCE-005,PROVEN_CANONICAL,Excluded by the accepted ADR-0005 initial text-only scope
model.visual.blocks.22.attn.proj.weight,BF16,1152x1152,1327104,2654208,vision,vision_block,22,,EXCLUDED_INITIAL_VISION,OMITTED_INITIAL_SCOPE_VALID,,0,0,KQ-GGUF-RULE-SCOPE-OMISSION-v1,KQ-GGUF-EVIDENCE-005,PROVEN_CANONICAL,Excluded by the accepted ADR-0005 initial text-only scope
model.visual.blocks.22.attn.qkv.bias,BF16,3456,3456,6912,vision,vision_block,22,,EXCLUDED_INITIAL_VISION,OMITTED_INITIAL_SCOPE_VALID,,0,0,KQ-GGUF-RULE-SCOPE-OMISSION-v1,KQ-GGUF-EVIDENCE-005,PROVEN_CANONICAL,Excluded by the accepted ADR-0005 initial text-only scope
model.visual.blocks.22.attn.qkv.weight,BF16,3456x1152,3981312,7962624,vision,vision_block,22,,EXCLUDED_INITIAL_VISION,OMITTED_INITIAL_SCOPE_VALID,,0,0,KQ-GGUF-RULE-SCOPE-OMISSION-v1,KQ-GGUF-EVIDENCE-005,PROVEN_CANONICAL,Excluded by the accepted ADR-0005 initial text-only scope
model.visual.blocks.22.mlp.linear_fc1.bias,BF16,4304,4304,8608,vision,vision_block,22,,EXCLUDED_INITIAL_VISION,OMITTED_INITIAL_SCOPE_VALID,,0,0,KQ-GGUF-RULE-SCOPE-OMISSION-v1,KQ-GGUF-EVIDENCE-005,PROVEN_CANONICAL,Excluded by the accepted ADR-0005 initial text-only scope
model.visual.blocks.22.mlp.linear_fc1.weight,BF16,4304x1152,4958208,9916416,vision,vision_block,22,,EXCLUDED_INITIAL_VISION,OMITTED_INITIAL_SCOPE_VALID,,0,0,KQ-GGUF-RULE-SCOPE-OMISSION-v1,KQ-GGUF-EVIDENCE-005,PROVEN_CANONICAL,Excluded by the accepted ADR-0005 initial text-only scope
model.visual.blocks.22.mlp.linear_fc2.bias,BF16,1152,1152,2304,vision,vision_block,22,,EXCLUDED_INITIAL_VISION,OMITTED_INITIAL_SCOPE_VALID,,0,0,KQ-GGUF-RULE-SCOPE-OMISSION-v1,KQ-GGUF-EVIDENCE-005,PROVEN_CANONICAL,Excluded by the accepted ADR-0005 initial text-only scope
model.visual.blocks.22.mlp.linear_fc2.weight,BF16,1152x4304,4958208,9916416,vision,vision_block,22,,EXCLUDED_INITIAL_VISION,OMITTED_INITIAL_SCOPE_VALID,,0,0,KQ-GGUF-RULE-SCOPE-OMISSION-v1,KQ-GGUF-EVIDENCE-005,PROVEN_CANONICAL,Excluded by the accepted ADR-0005 initial text-only scope
model.visual.blocks.22.norm1.bias,BF16,1152,1152,2304,vision,vision_block,22,,EXCLUDED_INITIAL_VISION,OMITTED_INITIAL_SCOPE_VALID,,0,0,KQ-GGUF-RULE-SCOPE-OMISSION-v1,KQ-GGUF-EVIDENCE-005,PROVEN_CANONICAL,Excluded by the accepted ADR-0005 initial text-only scope
model.visual.blocks.22.norm1.weight,BF16,1152,1152,2304,vision,vision_block,22,,EXCLUDED_INITIAL_VISION,OMITTED_INITIAL_SCOPE_VALID,,0,0,KQ-GGUF-RULE-SCOPE-OMISSION-v1,KQ-GGUF-EVIDENCE-005,PROVEN_CANONICAL,Excluded by the accepted ADR-0005 initial text-only scope
model.visual.blocks.22.norm2.bias,BF16,1152,1152,2304,vision,vision_block,22,,EXCLUDED_INITIAL_VISION,OMITTED_INITIAL_SCOPE_VALID,,0,0,KQ-GGUF-RULE-SCOPE-OMISSION-v1,KQ-GGUF-EVIDENCE-005,PROVEN_CANONICAL,Excluded by the accepted ADR-0005 initial text-only scope
model.visual.blocks.22.norm2.weight,BF16,1152,1152,2304,vision,vision_block,22,,EXCLUDED_INITIAL_VISION,OMITTED_INITIAL_SCOPE_VALID,,0,0,KQ-GGUF-RULE-SCOPE-OMISSION-v1,KQ-GGUF-EVIDENCE-005,PROVEN_CANONICAL,Excluded by the accepted ADR-0005 initial text-only scope
model.visual.blocks.23.attn.proj.bias,BF16,1152,1152,2304,vision,vision_block,23,,EXCLUDED_INITIAL_VISION,OMITTED_INITIAL_SCOPE_VALID,,0,0,KQ-GGUF-RULE-SCOPE-OMISSION-v1,KQ-GGUF-EVIDENCE-005,PROVEN_CANONICAL,Excluded by the accepted ADR-0005 initial text-only scope
model.visual.blocks.23.attn.proj.weight,BF16,1152x1152,1327104,2654208,vision,vision_block,23,,EXCLUDED_INITIAL_VISION,OMITTED_INITIAL_SCOPE_VALID,,0,0,KQ-GGUF-RULE-SCOPE-OMISSION-v1,KQ-GGUF-EVIDENCE-005,PROVEN_CANONICAL,Excluded by the accepted ADR-0005 initial text-only scope
model.visual.blocks.23.attn.qkv.bias,BF16,3456,3456,6912,vision,vision_block,23,,EXCLUDED_INITIAL_VISION,OMITTED_INITIAL_SCOPE_VALID,,0,0,KQ-GGUF-RULE-SCOPE-OMISSION-v1,KQ-GGUF-EVIDENCE-005,PROVEN_CANONICAL,Excluded by the accepted ADR-0005 initial text-only scope
model.visual.blocks.23.attn.qkv.weight,BF16,3456x1152,3981312,7962624,vision,vision_block,23,,EXCLUDED_INITIAL_VISION,OMITTED_INITIAL_SCOPE_VALID,,0,0,KQ-GGUF-RULE-SCOPE-OMISSION-v1,KQ-GGUF-EVIDENCE-005,PROVEN_CANONICAL,Excluded by the accepted ADR-0005 initial text-only scope
model.visual.blocks.23.mlp.linear_fc1.bias,BF16,4304,4304,8608,vision,vision_block,23,,EXCLUDED_INITIAL_VISION,OMITTED_INITIAL_SCOPE_VALID,,0,0,KQ-GGUF-RULE-SCOPE-OMISSION-v1,KQ-GGUF-EVIDENCE-005,PROVEN_CANONICAL,Excluded by the accepted ADR-0005 initial text-only scope
model.visual.blocks.23.mlp.linear_fc1.weight,BF16,4304x1152,4958208,9916416,vision,vision_block,23,,EXCLUDED_INITIAL_VISION,OMITTED_INITIAL_SCOPE_VALID,,0,0,KQ-GGUF-RULE-SCOPE-OMISSION-v1,KQ-GGUF-EVIDENCE-005,PROVEN_CANONICAL,Excluded by the accepted ADR-0005 initial text-only scope
model.visual.blocks.23.mlp.linear_fc2.bias,BF16,1152,1152,2304,vision,vision_block,23,,EXCLUDED_INITIAL_VISION,OMITTED_INITIAL_SCOPE_VALID,,0,0,KQ-GGUF-RULE-SCOPE-OMISSION-v1,KQ-GGUF-EVIDENCE-005,PROVEN_CANONICAL,Excluded by the accepted ADR-0005 initial text-only scope
model.visual.blocks.23.mlp.linear_fc2.weight,BF16,1152x4304,4958208,9916416,vision,vision_block,23,,EXCLUDED_INITIAL_VISION,OMITTED_INITIAL_SCOPE_VALID,,0,0,KQ-GGUF-RULE-SCOPE-OMISSION-v1,KQ-GGUF-EVIDENCE-005,PROVEN_CANONICAL,Excluded by the accepted ADR-0005 initial text-only scope
model.visual.blocks.23.norm1.bias,BF16,1152,1152,2304,vision,vision_block,23,,EXCLUDED_INITIAL_VISION,OMITTED_INITIAL_SCOPE_VALID,,0,0,KQ-GGUF-RULE-SCOPE-OMISSION-v1,KQ-GGUF-EVIDENCE-005,PROVEN_CANONICAL,Excluded by the accepted ADR-0005 initial text-only scope
model.visual.blocks.23.norm1.weight,BF16,1152,1152,2304,vision,vision_block,23,,EXCLUDED_INITIAL_VISION,OMITTED_INITIAL_SCOPE_VALID,,0,0,KQ-GGUF-RULE-SCOPE-OMISSION-v1,KQ-GGUF-EVIDENCE-005,PROVEN_CANONICAL,Excluded by the accepted ADR-0005 initial text-only scope
model.visual.blocks.23.norm2.bias,BF16,1152,1152,2304,vision,vision_block,23,,EXCLUDED_INITIAL_VISION,OMITTED_INITIAL_SCOPE_VALID,,0,0,KQ-GGUF-RULE-SCOPE-OMISSION-v1,KQ-GGUF-EVIDENCE-005,PROVEN_CANONICAL,Excluded by the accepted ADR-0005 initial text-only scope
model.visual.blocks.23.norm2.weight,BF16,1152,1152,2304,vision,vision_block,23,,EXCLUDED_INITIAL_VISION,OMITTED_INITIAL_SCOPE_VALID,,0,0,KQ-GGUF-RULE-SCOPE-OMISSION-v1,KQ-GGUF-EVIDENCE-005,PROVEN_CANONICAL,Excluded by the accepted ADR-0005 initial text-only scope
model.visual.blocks.24.attn.proj.bias,BF16,1152,1152,2304,vision,vision_block,24,,EXCLUDED_INITIAL_VISION,OMITTED_INITIAL_SCOPE_VALID,,0,0,KQ-GGUF-RULE-SCOPE-OMISSION-v1,KQ-GGUF-EVIDENCE-005,PROVEN_CANONICAL,Excluded by the accepted ADR-0005 initial text-only scope
model.visual.blocks.24.attn.proj.weight,BF16,1152x1152,1327104,2654208,vision,vision_block,24,,EXCLUDED_INITIAL_VISION,OMITTED_INITIAL_SCOPE_VALID,,0,0,KQ-GGUF-RULE-SCOPE-OMISSION-v1,KQ-GGUF-EVIDENCE-005,PROVEN_CANONICAL,Excluded by the accepted ADR-0005 initial text-only scope
model.visual.blocks.24.attn.qkv.bias,BF16,3456,3456,6912,vision,vision_block,24,,EXCLUDED_INITIAL_VISION,OMITTED_INITIAL_SCOPE_VALID,,0,0,KQ-GGUF-RULE-SCOPE-OMISSION-v1,KQ-GGUF-EVIDENCE-005,PROVEN_CANONICAL,Excluded by the accepted ADR-0005 initial text-only scope
model.visual.blocks.24.attn.qkv.weight,BF16,3456x1152,3981312,7962624,vision,vision_block,24,,EXCLUDED_INITIAL_VISION,OMITTED_INITIAL_SCOPE_VALID,,0,0,KQ-GGUF-RULE-SCOPE-OMISSION-v1,KQ-GGUF-EVIDENCE-005,PROVEN_CANONICAL,Excluded by the accepted ADR-0005 initial text-only scope
model.visual.blocks.24.mlp.linear_fc1.bias,BF16,4304,4304,8608,vision,vision_block,24,,EXCLUDED_INITIAL_VISION,OMITTED_INITIAL_SCOPE_VALID,,0,0,KQ-GGUF-RULE-SCOPE-OMISSION-v1,KQ-GGUF-EVIDENCE-005,PROVEN_CANONICAL,Excluded by the accepted ADR-0005 initial text-only scope
model.visual.blocks.24.mlp.linear_fc1.weight,BF16,4304x1152,4958208,9916416,vision,vision_block,24,,EXCLUDED_INITIAL_VISION,OMITTED_INITIAL_SCOPE_VALID,,0,0,KQ-GGUF-RULE-SCOPE-OMISSION-v1,KQ-GGUF-EVIDENCE-005,PROVEN_CANONICAL,Excluded by the accepted ADR-0005 initial text-only scope
model.visual.blocks.24.mlp.linear_fc2.bias,BF16,1152,1152,2304,vision,vision_block,24,,EXCLUDED_INITIAL_VISION,OMITTED_INITIAL_SCOPE_VALID,,0,0,KQ-GGUF-RULE-SCOPE-OMISSION-v1,KQ-GGUF-EVIDENCE-005,PROVEN_CANONICAL,Excluded by the accepted ADR-0005 initial text-only scope
model.visual.blocks.24.mlp.linear_fc2.weight,BF16,1152x4304,4958208,9916416,vision,vision_block,24,,EXCLUDED_INITIAL_VISION,OMITTED_INITIAL_SCOPE_VALID,,0,0,KQ-GGUF-RULE-SCOPE-OMISSION-v1,KQ-GGUF-EVIDENCE-005,PROVEN_CANONICAL,Excluded by the accepted ADR-0005 initial text-only scope
model.visual.blocks.24.norm1.bias,BF16,1152,1152,2304,vision,vision_block,24,,EXCLUDED_INITIAL_VISION,OMITTED_INITIAL_SCOPE_VALID,,0,0,KQ-GGUF-RULE-SCOPE-OMISSION-v1,KQ-GGUF-EVIDENCE-005,PROVEN_CANONICAL,Excluded by the accepted ADR-0005 initial text-only scope
model.visual.blocks.24.norm1.weight,BF16,1152,1152,2304,vision,vision_block,24,,EXCLUDED_INITIAL_VISION,OMITTED_INITIAL_SCOPE_VALID,,0,0,KQ-GGUF-RULE-SCOPE-OMISSION-v1,KQ-GGUF-EVIDENCE-005,PROVEN_CANONICAL,Excluded by the accepted ADR-0005 initial text-only scope
model.visual.blocks.24.norm2.bias,BF16,1152,1152,2304,vision,vision_block,24,,EXCLUDED_INITIAL_VISION,OMITTED_INITIAL_SCOPE_VALID,,0,0,KQ-GGUF-RULE-SCOPE-OMISSION-v1,KQ-GGUF-EVIDENCE-005,PROVEN_CANONICAL,Excluded by the accepted ADR-0005 initial text-only scope
model.visual.blocks.24.norm2.weight,BF16,1152,1152,2304,vision,vision_block,24,,EXCLUDED_INITIAL_VISION,OMITTED_INITIAL_SCOPE_VALID,,0,0,KQ-GGUF-RULE-SCOPE-OMISSION-v1,KQ-GGUF-EVIDENCE-005,PROVEN_CANONICAL,Excluded by the accepted ADR-0005 initial text-only scope
model.visual.blocks.25.attn.proj.bias,BF16,1152,1152,2304,vision,vision_block,25,,EXCLUDED_INITIAL_VISION,OMITTED_INITIAL_SCOPE_VALID,,0,0,KQ-GGUF-RULE-SCOPE-OMISSION-v1,KQ-GGUF-EVIDENCE-005,PROVEN_CANONICAL,Excluded by the accepted ADR-0005 initial text-only scope
model.visual.blocks.25.attn.proj.weight,BF16,1152x1152,1327104,2654208,vision,vision_block,25,,EXCLUDED_INITIAL_VISION,OMITTED_INITIAL_SCOPE_VALID,,0,0,KQ-GGUF-RULE-SCOPE-OMISSION-v1,KQ-GGUF-EVIDENCE-005,PROVEN_CANONICAL,Excluded by the accepted ADR-0005 initial text-only scope
model.visual.blocks.25.attn.qkv.bias,BF16,3456,3456,6912,vision,vision_block,25,,EXCLUDED_INITIAL_VISION,OMITTED_INITIAL_SCOPE_VALID,,0,0,KQ-GGUF-RULE-SCOPE-OMISSION-v1,KQ-GGUF-EVIDENCE-005,PROVEN_CANONICAL,Excluded by the accepted ADR-0005 initial text-only scope
model.visual.blocks.25.attn.qkv.weight,BF16,3456x1152,3981312,7962624,vision,vision_block,25,,EXCLUDED_INITIAL_VISION,OMITTED_INITIAL_SCOPE_VALID,,0,0,KQ-GGUF-RULE-SCOPE-OMISSION-v1,KQ-GGUF-EVIDENCE-005,PROVEN_CANONICAL,Excluded by the accepted ADR-0005 initial text-only scope
model.visual.blocks.25.mlp.linear_fc1.bias,BF16,4304,4304,8608,vision,vision_block,25,,EXCLUDED_INITIAL_VISION,OMITTED_INITIAL_SCOPE_VALID,,0,0,KQ-GGUF-RULE-SCOPE-OMISSION-v1,KQ-GGUF-EVIDENCE-005,PROVEN_CANONICAL,Excluded by the accepted ADR-0005 initial text-only scope
model.visual.blocks.25.mlp.linear_fc1.weight,BF16,4304x1152,4958208,9916416,vision,vision_block,25,,EXCLUDED_INITIAL_VISION,OMITTED_INITIAL_SCOPE_VALID,,0,0,KQ-GGUF-RULE-SCOPE-OMISSION-v1,KQ-GGUF-EVIDENCE-005,PROVEN_CANONICAL,Excluded by the accepted ADR-0005 initial text-only scope
model.visual.blocks.25.mlp.linear_fc2.bias,BF16,1152,1152,2304,vision,vision_block,25,,EXCLUDED_INITIAL_VISION,OMITTED_INITIAL_SCOPE_VALID,,0,0,KQ-GGUF-RULE-SCOPE-OMISSION-v1,KQ-GGUF-EVIDENCE-005,PROVEN_CANONICAL,Excluded by the accepted ADR-0005 initial text-only scope
model.visual.blocks.25.mlp.linear_fc2.weight,BF16,1152x4304,4958208,9916416,vision,vision_block,25,,EXCLUDED_INITIAL_VISION,OMITTED_INITIAL_SCOPE_VALID,,0,0,KQ-GGUF-RULE-SCOPE-OMISSION-v1,KQ-GGUF-EVIDENCE-005,PROVEN_CANONICAL,Excluded by the accepted ADR-0005 initial text-only scope
model.visual.blocks.25.norm1.bias,BF16,1152,1152,2304,vision,vision_block,25,,EXCLUDED_INITIAL_VISION,OMITTED_INITIAL_SCOPE_VALID,,0,0,KQ-GGUF-RULE-SCOPE-OMISSION-v1,KQ-GGUF-EVIDENCE-005,PROVEN_CANONICAL,Excluded by the accepted ADR-0005 initial text-only scope
model.visual.blocks.25.norm1.weight,BF16,1152,1152,2304,vision,vision_block,25,,EXCLUDED_INITIAL_VISION,OMITTED_INITIAL_SCOPE_VALID,,0,0,KQ-GGUF-RULE-SCOPE-OMISSION-v1,KQ-GGUF-EVIDENCE-005,PROVEN_CANONICAL,Excluded by the accepted ADR-0005 initial text-only scope
model.visual.blocks.25.norm2.bias,BF16,1152,1152,2304,vision,vision_block,25,,EXCLUDED_INITIAL_VISION,OMITTED_INITIAL_SCOPE_VALID,,0,0,KQ-GGUF-RULE-SCOPE-OMISSION-v1,KQ-GGUF-EVIDENCE-005,PROVEN_CANONICAL,Excluded by the accepted ADR-0005 initial text-only scope
model.visual.blocks.25.norm2.weight,BF16,1152,1152,2304,vision,vision_block,25,,EXCLUDED_INITIAL_VISION,OMITTED_INITIAL_SCOPE_VALID,,0,0,KQ-GGUF-RULE-SCOPE-OMISSION-v1,KQ-GGUF-EVIDENCE-005,PROVEN_CANONICAL,Excluded by the accepted ADR-0005 initial text-only scope
model.visual.blocks.26.attn.proj.bias,BF16,1152,1152,2304,vision,vision_block,26,,EXCLUDED_INITIAL_VISION,OMITTED_INITIAL_SCOPE_VALID,,0,0,KQ-GGUF-RULE-SCOPE-OMISSION-v1,KQ-GGUF-EVIDENCE-005,PROVEN_CANONICAL,Excluded by the accepted ADR-0005 initial text-only scope
model.visual.blocks.26.attn.proj.weight,BF16,1152x1152,1327104,2654208,vision,vision_block,26,,EXCLUDED_INITIAL_VISION,OMITTED_INITIAL_SCOPE_VALID,,0,0,KQ-GGUF-RULE-SCOPE-OMISSION-v1,KQ-GGUF-EVIDENCE-005,PROVEN_CANONICAL,Excluded by the accepted ADR-0005 initial text-only scope
model.visual.blocks.26.attn.qkv.bias,BF16,3456,3456,6912,vision,vision_block,26,,EXCLUDED_INITIAL_VISION,OMITTED_INITIAL_SCOPE_VALID,,0,0,KQ-GGUF-RULE-SCOPE-OMISSION-v1,KQ-GGUF-EVIDENCE-005,PROVEN_CANONICAL,Excluded by the accepted ADR-0005 initial text-only scope
model.visual.blocks.26.attn.qkv.weight,BF16,3456x1152,3981312,7962624,vision,vision_block,26,,EXCLUDED_INITIAL_VISION,OMITTED_INITIAL_SCOPE_VALID,,0,0,KQ-GGUF-RULE-SCOPE-OMISSION-v1,KQ-GGUF-EVIDENCE-005,PROVEN_CANONICAL,Excluded by the accepted ADR-0005 initial text-only scope
model.visual.blocks.26.mlp.linear_fc1.bias,BF16,4304,4304,8608,vision,vision_block,26,,EXCLUDED_INITIAL_VISION,OMITTED_INITIAL_SCOPE_VALID,,0,0,KQ-GGUF-RULE-SCOPE-OMISSION-v1,KQ-GGUF-EVIDENCE-005,PROVEN_CANONICAL,Excluded by the accepted ADR-0005 initial text-only scope
model.visual.blocks.26.mlp.linear_fc1.weight,BF16,4304x1152,4958208,9916416,vision,vision_block,26,,EXCLUDED_INITIAL_VISION,OMITTED_INITIAL_SCOPE_VALID,,0,0,KQ-GGUF-RULE-SCOPE-OMISSION-v1,KQ-GGUF-EVIDENCE-005,PROVEN_CANONICAL,Excluded by the accepted ADR-0005 initial text-only scope
model.visual.blocks.26.mlp.linear_fc2.bias,BF16,1152,1152,2304,vision,vision_block,26,,EXCLUDED_INITIAL_VISION,OMITTED_INITIAL_SCOPE_VALID,,0,0,KQ-GGUF-RULE-SCOPE-OMISSION-v1,KQ-GGUF-EVIDENCE-005,PROVEN_CANONICAL,Excluded by the accepted ADR-0005 initial text-only scope
model.visual.blocks.26.mlp.linear_fc2.weight,BF16,1152x4304,4958208,9916416,vision,vision_block,26,,EXCLUDED_INITIAL_VISION,OMITTED_INITIAL_SCOPE_VALID,,0,0,KQ-GGUF-RULE-SCOPE-OMISSION-v1,KQ-GGUF-EVIDENCE-005,PROVEN_CANONICAL,Excluded by the accepted ADR-0005 initial text-only scope
model.visual.blocks.26.norm1.bias,BF16,1152,1152,2304,vision,vision_block,26,,EXCLUDED_INITIAL_VISION,OMITTED_INITIAL_SCOPE_VALID,,0,0,KQ-GGUF-RULE-SCOPE-OMISSION-v1,KQ-GGUF-EVIDENCE-005,PROVEN_CANONICAL,Excluded by the accepted ADR-0005 initial text-only scope
model.visual.blocks.26.norm1.weight,BF16,1152,1152,2304,vision,vision_block,26,,EXCLUDED_INITIAL_VISION,OMITTED_INITIAL_SCOPE_VALID,,0,0,KQ-GGUF-RULE-SCOPE-OMISSION-v1,KQ-GGUF-EVIDENCE-005,PROVEN_CANONICAL,Excluded by the accepted ADR-0005 initial text-only scope
model.visual.blocks.26.norm2.bias,BF16,1152,1152,2304,vision,vision_block,26,,EXCLUDED_INITIAL_VISION,OMITTED_INITIAL_SCOPE_VALID,,0,0,KQ-GGUF-RULE-SCOPE-OMISSION-v1,KQ-GGUF-EVIDENCE-005,PROVEN_CANONICAL,Excluded by the accepted ADR-0005 initial text-only scope
model.visual.blocks.26.norm2.weight,BF16,1152,1152,2304,vision,vision_block,26,,EXCLUDED_INITIAL_VISION,OMITTED_INITIAL_SCOPE_VALID,,0,0,KQ-GGUF-RULE-SCOPE-OMISSION-v1,KQ-GGUF-EVIDENCE-005,PROVEN_CANONICAL,Excluded by the accepted ADR-0005 initial text-only scope
model.visual.blocks.3.attn.proj.bias,BF16,1152,1152,2304,vision,vision_block,3,,EXCLUDED_INITIAL_VISION,OMITTED_INITIAL_SCOPE_VALID,,0,0,KQ-GGUF-RULE-SCOPE-OMISSION-v1,KQ-GGUF-EVIDENCE-005,PROVEN_CANONICAL,Excluded by the accepted ADR-0005 initial text-only scope
model.visual.blocks.3.attn.proj.weight,BF16,1152x1152,1327104,2654208,vision,vision_block,3,,EXCLUDED_INITIAL_VISION,OMITTED_INITIAL_SCOPE_VALID,,0,0,KQ-GGUF-RULE-SCOPE-OMISSION-v1,KQ-GGUF-EVIDENCE-005,PROVEN_CANONICAL,Excluded by the accepted ADR-0005 initial text-only scope
model.visual.blocks.3.attn.qkv.bias,BF16,3456,3456,6912,vision,vision_block,3,,EXCLUDED_INITIAL_VISION,OMITTED_INITIAL_SCOPE_VALID,,0,0,KQ-GGUF-RULE-SCOPE-OMISSION-v1,KQ-GGUF-EVIDENCE-005,PROVEN_CANONICAL,Excluded by the accepted ADR-0005 initial text-only scope
model.visual.blocks.3.attn.qkv.weight,BF16,3456x1152,3981312,7962624,vision,vision_block,3,,EXCLUDED_INITIAL_VISION,OMITTED_INITIAL_SCOPE_VALID,,0,0,KQ-GGUF-RULE-SCOPE-OMISSION-v1,KQ-GGUF-EVIDENCE-005,PROVEN_CANONICAL,Excluded by the accepted ADR-0005 initial text-only scope
model.visual.blocks.3.mlp.linear_fc1.bias,BF16,4304,4304,8608,vision,vision_block,3,,EXCLUDED_INITIAL_VISION,OMITTED_INITIAL_SCOPE_VALID,,0,0,KQ-GGUF-RULE-SCOPE-OMISSION-v1,KQ-GGUF-EVIDENCE-005,PROVEN_CANONICAL,Excluded by the accepted ADR-0005 initial text-only scope
model.visual.blocks.3.mlp.linear_fc1.weight,BF16,4304x1152,4958208,9916416,vision,vision_block,3,,EXCLUDED_INITIAL_VISION,OMITTED_INITIAL_SCOPE_VALID,,0,0,KQ-GGUF-RULE-SCOPE-OMISSION-v1,KQ-GGUF-EVIDENCE-005,PROVEN_CANONICAL,Excluded by the accepted ADR-0005 initial text-only scope
model.visual.blocks.3.mlp.linear_fc2.bias,BF16,1152,1152,2304,vision,vision_block,3,,EXCLUDED_INITIAL_VISION,OMITTED_INITIAL_SCOPE_VALID,,0,0,KQ-GGUF-RULE-SCOPE-OMISSION-v1,KQ-GGUF-EVIDENCE-005,PROVEN_CANONICAL,Excluded by the accepted ADR-0005 initial text-only scope
model.visual.blocks.3.mlp.linear_fc2.weight,BF16,1152x4304,4958208,9916416,vision,vision_block,3,,EXCLUDED_INITIAL_VISION,OMITTED_INITIAL_SCOPE_VALID,,0,0,KQ-GGUF-RULE-SCOPE-OMISSION-v1,KQ-GGUF-EVIDENCE-005,PROVEN_CANONICAL,Excluded by the accepted ADR-0005 initial text-only scope
model.visual.blocks.3.norm1.bias,BF16,1152,1152,2304,vision,vision_block,3,,EXCLUDED_INITIAL_VISION,OMITTED_INITIAL_SCOPE_VALID,,0,0,KQ-GGUF-RULE-SCOPE-OMISSION-v1,KQ-GGUF-EVIDENCE-005,PROVEN_CANONICAL,Excluded by the accepted ADR-0005 initial text-only scope
model.visual.blocks.3.norm1.weight,BF16,1152,1152,2304,vision,vision_block,3,,EXCLUDED_INITIAL_VISION,OMITTED_INITIAL_SCOPE_VALID,,0,0,KQ-GGUF-RULE-SCOPE-OMISSION-v1,KQ-GGUF-EVIDENCE-005,PROVEN_CANONICAL,Excluded by the accepted ADR-0005 initial text-only scope
model.visual.blocks.3.norm2.bias,BF16,1152,1152,2304,vision,vision_block,3,,EXCLUDED_INITIAL_VISION,OMITTED_INITIAL_SCOPE_VALID,,0,0,KQ-GGUF-RULE-SCOPE-OMISSION-v1,KQ-GGUF-EVIDENCE-005,PROVEN_CANONICAL,Excluded by the accepted ADR-0005 initial text-only scope
model.visual.blocks.3.norm2.weight,BF16,1152,1152,2304,vision,vision_block,3,,EXCLUDED_INITIAL_VISION,OMITTED_INITIAL_SCOPE_VALID,,0,0,KQ-GGUF-RULE-SCOPE-OMISSION-v1,KQ-GGUF-EVIDENCE-005,PROVEN_CANONICAL,Excluded by the accepted ADR-0005 initial text-only scope
model.visual.blocks.4.attn.proj.bias,BF16,1152,1152,2304,vision,vision_block,4,,EXCLUDED_INITIAL_VISION,OMITTED_INITIAL_SCOPE_VALID,,0,0,KQ-GGUF-RULE-SCOPE-OMISSION-v1,KQ-GGUF-EVIDENCE-005,PROVEN_CANONICAL,Excluded by the accepted ADR-0005 initial text-only scope
model.visual.blocks.4.attn.proj.weight,BF16,1152x1152,1327104,2654208,vision,vision_block,4,,EXCLUDED_INITIAL_VISION,OMITTED_INITIAL_SCOPE_VALID,,0,0,KQ-GGUF-RULE-SCOPE-OMISSION-v1,KQ-GGUF-EVIDENCE-005,PROVEN_CANONICAL,Excluded by the accepted ADR-0005 initial text-only scope
model.visual.blocks.4.attn.qkv.bias,BF16,3456,3456,6912,vision,vision_block,4,,EXCLUDED_INITIAL_VISION,OMITTED_INITIAL_SCOPE_VALID,,0,0,KQ-GGUF-RULE-SCOPE-OMISSION-v1,KQ-GGUF-EVIDENCE-005,PROVEN_CANONICAL,Excluded by the accepted ADR-0005 initial text-only scope
model.visual.blocks.4.attn.qkv.weight,BF16,3456x1152,3981312,7962624,vision,vision_block,4,,EXCLUDED_INITIAL_VISION,OMITTED_INITIAL_SCOPE_VALID,,0,0,KQ-GGUF-RULE-SCOPE-OMISSION-v1,KQ-GGUF-EVIDENCE-005,PROVEN_CANONICAL,Excluded by the accepted ADR-0005 initial text-only scope
model.visual.blocks.4.mlp.linear_fc1.bias,BF16,4304,4304,8608,vision,vision_block,4,,EXCLUDED_INITIAL_VISION,OMITTED_INITIAL_SCOPE_VALID,,0,0,KQ-GGUF-RULE-SCOPE-OMISSION-v1,KQ-GGUF-EVIDENCE-005,PROVEN_CANONICAL,Excluded by the accepted ADR-0005 initial text-only scope
model.visual.blocks.4.mlp.linear_fc1.weight,BF16,4304x1152,4958208,9916416,vision,vision_block,4,,EXCLUDED_INITIAL_VISION,OMITTED_INITIAL_SCOPE_VALID,,0,0,KQ-GGUF-RULE-SCOPE-OMISSION-v1,KQ-GGUF-EVIDENCE-005,PROVEN_CANONICAL,Excluded by the accepted ADR-0005 initial text-only scope
model.visual.blocks.4.mlp.linear_fc2.bias,BF16,1152,1152,2304,vision,vision_block,4,,EXCLUDED_INITIAL_VISION,OMITTED_INITIAL_SCOPE_VALID,,0,0,KQ-GGUF-RULE-SCOPE-OMISSION-v1,KQ-GGUF-EVIDENCE-005,PROVEN_CANONICAL,Excluded by the accepted ADR-0005 initial text-only scope
model.visual.blocks.4.mlp.linear_fc2.weight,BF16,1152x4304,4958208,9916416,vision,vision_block,4,,EXCLUDED_INITIAL_VISION,OMITTED_INITIAL_SCOPE_VALID,,0,0,KQ-GGUF-RULE-SCOPE-OMISSION-v1,KQ-GGUF-EVIDENCE-005,PROVEN_CANONICAL,Excluded by the accepted ADR-0005 initial text-only scope
model.visual.blocks.4.norm1.bias,BF16,1152,1152,2304,vision,vision_block,4,,EXCLUDED_INITIAL_VISION,OMITTED_INITIAL_SCOPE_VALID,,0,0,KQ-GGUF-RULE-SCOPE-OMISSION-v1,KQ-GGUF-EVIDENCE-005,PROVEN_CANONICAL,Excluded by the accepted ADR-0005 initial text-only scope
model.visual.blocks.4.norm1.weight,BF16,1152,1152,2304,vision,vision_block,4,,EXCLUDED_INITIAL_VISION,OMITTED_INITIAL_SCOPE_VALID,,0,0,KQ-GGUF-RULE-SCOPE-OMISSION-v1,KQ-GGUF-EVIDENCE-005,PROVEN_CANONICAL,Excluded by the accepted ADR-0005 initial text-only scope
model.visual.blocks.4.norm2.bias,BF16,1152,1152,2304,vision,vision_block,4,,EXCLUDED_INITIAL_VISION,OMITTED_INITIAL_SCOPE_VALID,,0,0,KQ-GGUF-RULE-SCOPE-OMISSION-v1,KQ-GGUF-EVIDENCE-005,PROVEN_CANONICAL,Excluded by the accepted ADR-0005 initial text-only scope
model.visual.blocks.4.norm2.weight,BF16,1152,1152,2304,vision,vision_block,4,,EXCLUDED_INITIAL_VISION,OMITTED_INITIAL_SCOPE_VALID,,0,0,KQ-GGUF-RULE-SCOPE-OMISSION-v1,KQ-GGUF-EVIDENCE-005,PROVEN_CANONICAL,Excluded by the accepted ADR-0005 initial text-only scope
model.visual.blocks.5.attn.proj.bias,BF16,1152,1152,2304,vision,vision_block,5,,EXCLUDED_INITIAL_VISION,OMITTED_INITIAL_SCOPE_VALID,,0,0,KQ-GGUF-RULE-SCOPE-OMISSION-v1,KQ-GGUF-EVIDENCE-005,PROVEN_CANONICAL,Excluded by the accepted ADR-0005 initial text-only scope
model.visual.blocks.5.attn.proj.weight,BF16,1152x1152,1327104,2654208,vision,vision_block,5,,EXCLUDED_INITIAL_VISION,OMITTED_INITIAL_SCOPE_VALID,,0,0,KQ-GGUF-RULE-SCOPE-OMISSION-v1,KQ-GGUF-EVIDENCE-005,PROVEN_CANONICAL,Excluded by the accepted ADR-0005 initial text-only scope
model.visual.blocks.5.attn.qkv.bias,BF16,3456,3456,6912,vision,vision_block,5,,EXCLUDED_INITIAL_VISION,OMITTED_INITIAL_SCOPE_VALID,,0,0,KQ-GGUF-RULE-SCOPE-OMISSION-v1,KQ-GGUF-EVIDENCE-005,PROVEN_CANONICAL,Excluded by the accepted ADR-0005 initial text-only scope
model.visual.blocks.5.attn.qkv.weight,BF16,3456x1152,3981312,7962624,vision,vision_block,5,,EXCLUDED_INITIAL_VISION,OMITTED_INITIAL_SCOPE_VALID,,0,0,KQ-GGUF-RULE-SCOPE-OMISSION-v1,KQ-GGUF-EVIDENCE-005,PROVEN_CANONICAL,Excluded by the accepted ADR-0005 initial text-only scope
model.visual.blocks.5.mlp.linear_fc1.bias,BF16,4304,4304,8608,vision,vision_block,5,,EXCLUDED_INITIAL_VISION,OMITTED_INITIAL_SCOPE_VALID,,0,0,KQ-GGUF-RULE-SCOPE-OMISSION-v1,KQ-GGUF-EVIDENCE-005,PROVEN_CANONICAL,Excluded by the accepted ADR-0005 initial text-only scope
model.visual.blocks.5.mlp.linear_fc1.weight,BF16,4304x1152,4958208,9916416,vision,vision_block,5,,EXCLUDED_INITIAL_VISION,OMITTED_INITIAL_SCOPE_VALID,,0,0,KQ-GGUF-RULE-SCOPE-OMISSION-v1,KQ-GGUF-EVIDENCE-005,PROVEN_CANONICAL,Excluded by the accepted ADR-0005 initial text-only scope
model.visual.blocks.5.mlp.linear_fc2.bias,BF16,1152,1152,2304,vision,vision_block,5,,EXCLUDED_INITIAL_VISION,OMITTED_INITIAL_SCOPE_VALID,,0,0,KQ-GGUF-RULE-SCOPE-OMISSION-v1,KQ-GGUF-EVIDENCE-005,PROVEN_CANONICAL,Excluded by the accepted ADR-0005 initial text-only scope
model.visual.blocks.5.mlp.linear_fc2.weight,BF16,1152x4304,4958208,9916416,vision,vision_block,5,,EXCLUDED_INITIAL_VISION,OMITTED_INITIAL_SCOPE_VALID,,0,0,KQ-GGUF-RULE-SCOPE-OMISSION-v1,KQ-GGUF-EVIDENCE-005,PROVEN_CANONICAL,Excluded by the accepted ADR-0005 initial text-only scope
model.visual.blocks.5.norm1.bias,BF16,1152,1152,2304,vision,vision_block,5,,EXCLUDED_INITIAL_VISION,OMITTED_INITIAL_SCOPE_VALID,,0,0,KQ-GGUF-RULE-SCOPE-OMISSION-v1,KQ-GGUF-EVIDENCE-005,PROVEN_CANONICAL,Excluded by the accepted ADR-0005 initial text-only scope
model.visual.blocks.5.norm1.weight,BF16,1152,1152,2304,vision,vision_block,5,,EXCLUDED_INITIAL_VISION,OMITTED_INITIAL_SCOPE_VALID,,0,0,KQ-GGUF-RULE-SCOPE-OMISSION-v1,KQ-GGUF-EVIDENCE-005,PROVEN_CANONICAL,Excluded by the accepted ADR-0005 initial text-only scope
model.visual.blocks.5.norm2.bias,BF16,1152,1152,2304,vision,vision_block,5,,EXCLUDED_INITIAL_VISION,OMITTED_INITIAL_SCOPE_VALID,,0,0,KQ-GGUF-RULE-SCOPE-OMISSION-v1,KQ-GGUF-EVIDENCE-005,PROVEN_CANONICAL,Excluded by the accepted ADR-0005 initial text-only scope
model.visual.blocks.5.norm2.weight,BF16,1152,1152,2304,vision,vision_block,5,,EXCLUDED_INITIAL_VISION,OMITTED_INITIAL_SCOPE_VALID,,0,0,KQ-GGUF-RULE-SCOPE-OMISSION-v1,KQ-GGUF-EVIDENCE-005,PROVEN_CANONICAL,Excluded by the accepted ADR-0005 initial text-only scope
model.visual.blocks.6.attn.proj.bias,BF16,1152,1152,2304,vision,vision_block,6,,EXCLUDED_INITIAL_VISION,OMITTED_INITIAL_SCOPE_VALID,,0,0,KQ-GGUF-RULE-SCOPE-OMISSION-v1,KQ-GGUF-EVIDENCE-005,PROVEN_CANONICAL,Excluded by the accepted ADR-0005 initial text-only scope
model.visual.blocks.6.attn.proj.weight,BF16,1152x1152,1327104,2654208,vision,vision_block,6,,EXCLUDED_INITIAL_VISION,OMITTED_INITIAL_SCOPE_VALID,,0,0,KQ-GGUF-RULE-SCOPE-OMISSION-v1,KQ-GGUF-EVIDENCE-005,PROVEN_CANONICAL,Excluded by the accepted ADR-0005 initial text-only scope
model.visual.blocks.6.attn.qkv.bias,BF16,3456,3456,6912,vision,vision_block,6,,EXCLUDED_INITIAL_VISION,OMITTED_INITIAL_SCOPE_VALID,,0,0,KQ-GGUF-RULE-SCOPE-OMISSION-v1,KQ-GGUF-EVIDENCE-005,PROVEN_CANONICAL,Excluded by the accepted ADR-0005 initial text-only scope
model.visual.blocks.6.attn.qkv.weight,BF16,3456x1152,3981312,7962624,vision,vision_block,6,,EXCLUDED_INITIAL_VISION,OMITTED_INITIAL_SCOPE_VALID,,0,0,KQ-GGUF-RULE-SCOPE-OMISSION-v1,KQ-GGUF-EVIDENCE-005,PROVEN_CANONICAL,Excluded by the accepted ADR-0005 initial text-only scope
model.visual.blocks.6.mlp.linear_fc1.bias,BF16,4304,4304,8608,vision,vision_block,6,,EXCLUDED_INITIAL_VISION,OMITTED_INITIAL_SCOPE_VALID,,0,0,KQ-GGUF-RULE-SCOPE-OMISSION-v1,KQ-GGUF-EVIDENCE-005,PROVEN_CANONICAL,Excluded by the accepted ADR-0005 initial text-only scope
model.visual.blocks.6.mlp.linear_fc1.weight,BF16,4304x1152,4958208,9916416,vision,vision_block,6,,EXCLUDED_INITIAL_VISION,OMITTED_INITIAL_SCOPE_VALID,,0,0,KQ-GGUF-RULE-SCOPE-OMISSION-v1,KQ-GGUF-EVIDENCE-005,PROVEN_CANONICAL,Excluded by the accepted ADR-0005 initial text-only scope
model.visual.blocks.6.mlp.linear_fc2.bias,BF16,1152,1152,2304,vision,vision_block,6,,EXCLUDED_INITIAL_VISION,OMITTED_INITIAL_SCOPE_VALID,,0,0,KQ-GGUF-RULE-SCOPE-OMISSION-v1,KQ-GGUF-EVIDENCE-005,PROVEN_CANONICAL,Excluded by the accepted ADR-0005 initial text-only scope
model.visual.blocks.6.mlp.linear_fc2.weight,BF16,1152x4304,4958208,9916416,vision,vision_block,6,,EXCLUDED_INITIAL_VISION,OMITTED_INITIAL_SCOPE_VALID,,0,0,KQ-GGUF-RULE-SCOPE-OMISSION-v1,KQ-GGUF-EVIDENCE-005,PROVEN_CANONICAL,Excluded by the accepted ADR-0005 initial text-only scope
model.visual.blocks.6.norm1.bias,BF16,1152,1152,2304,vision,vision_block,6,,EXCLUDED_INITIAL_VISION,OMITTED_INITIAL_SCOPE_VALID,,0,0,KQ-GGUF-RULE-SCOPE-OMISSION-v1,KQ-GGUF-EVIDENCE-005,PROVEN_CANONICAL,Excluded by the accepted ADR-0005 initial text-only scope
model.visual.blocks.6.norm1.weight,BF16,1152,1152,2304,vision,vision_block,6,,EXCLUDED_INITIAL_VISION,OMITTED_INITIAL_SCOPE_VALID,,0,0,KQ-GGUF-RULE-SCOPE-OMISSION-v1,KQ-GGUF-EVIDENCE-005,PROVEN_CANONICAL,Excluded by the accepted ADR-0005 initial text-only scope
model.visual.blocks.6.norm2.bias,BF16,1152,1152,2304,vision,vision_block,6,,EXCLUDED_INITIAL_VISION,OMITTED_INITIAL_SCOPE_VALID,,0,0,KQ-GGUF-RULE-SCOPE-OMISSION-v1,KQ-GGUF-EVIDENCE-005,PROVEN_CANONICAL,Excluded by the accepted ADR-0005 initial text-only scope
model.visual.blocks.6.norm2.weight,BF16,1152,1152,2304,vision,vision_block,6,,EXCLUDED_INITIAL_VISION,OMITTED_INITIAL_SCOPE_VALID,,0,0,KQ-GGUF-RULE-SCOPE-OMISSION-v1,KQ-GGUF-EVIDENCE-005,PROVEN_CANONICAL,Excluded by the accepted ADR-0005 initial text-only scope
model.visual.blocks.7.attn.proj.bias,BF16,1152,1152,2304,vision,vision_block,7,,EXCLUDED_INITIAL_VISION,OMITTED_INITIAL_SCOPE_VALID,,0,0,KQ-GGUF-RULE-SCOPE-OMISSION-v1,KQ-GGUF-EVIDENCE-005,PROVEN_CANONICAL,Excluded by the accepted ADR-0005 initial text-only scope
model.visual.blocks.7.attn.proj.weight,BF16,1152x1152,1327104,2654208,vision,vision_block,7,,EXCLUDED_INITIAL_VISION,OMITTED_INITIAL_SCOPE_VALID,,0,0,KQ-GGUF-RULE-SCOPE-OMISSION-v1,KQ-GGUF-EVIDENCE-005,PROVEN_CANONICAL,Excluded by the accepted ADR-0005 initial text-only scope
model.visual.blocks.7.attn.qkv.bias,BF16,3456,3456,6912,vision,vision_block,7,,EXCLUDED_INITIAL_VISION,OMITTED_INITIAL_SCOPE_VALID,,0,0,KQ-GGUF-RULE-SCOPE-OMISSION-v1,KQ-GGUF-EVIDENCE-005,PROVEN_CANONICAL,Excluded by the accepted ADR-0005 initial text-only scope
model.visual.blocks.7.attn.qkv.weight,BF16,3456x1152,3981312,7962624,vision,vision_block,7,,EXCLUDED_INITIAL_VISION,OMITTED_INITIAL_SCOPE_VALID,,0,0,KQ-GGUF-RULE-SCOPE-OMISSION-v1,KQ-GGUF-EVIDENCE-005,PROVEN_CANONICAL,Excluded by the accepted ADR-0005 initial text-only scope
model.visual.blocks.7.mlp.linear_fc1.bias,BF16,4304,4304,8608,vision,vision_block,7,,EXCLUDED_INITIAL_VISION,OMITTED_INITIAL_SCOPE_VALID,,0,0,KQ-GGUF-RULE-SCOPE-OMISSION-v1,KQ-GGUF-EVIDENCE-005,PROVEN_CANONICAL,Excluded by the accepted ADR-0005 initial text-only scope
model.visual.blocks.7.mlp.linear_fc1.weight,BF16,4304x1152,4958208,9916416,vision,vision_block,7,,EXCLUDED_INITIAL_VISION,OMITTED_INITIAL_SCOPE_VALID,,0,0,KQ-GGUF-RULE-SCOPE-OMISSION-v1,KQ-GGUF-EVIDENCE-005,PROVEN_CANONICAL,Excluded by the accepted ADR-0005 initial text-only scope
model.visual.blocks.7.mlp.linear_fc2.bias,BF16,1152,1152,2304,vision,vision_block,7,,EXCLUDED_INITIAL_VISION,OMITTED_INITIAL_SCOPE_VALID,,0,0,KQ-GGUF-RULE-SCOPE-OMISSION-v1,KQ-GGUF-EVIDENCE-005,PROVEN_CANONICAL,Excluded by the accepted ADR-0005 initial text-only scope
model.visual.blocks.7.mlp.linear_fc2.weight,BF16,1152x4304,4958208,9916416,vision,vision_block,7,,EXCLUDED_INITIAL_VISION,OMITTED_INITIAL_SCOPE_VALID,,0,0,KQ-GGUF-RULE-SCOPE-OMISSION-v1,KQ-GGUF-EVIDENCE-005,PROVEN_CANONICAL,Excluded by the accepted ADR-0005 initial text-only scope
model.visual.blocks.7.norm1.bias,BF16,1152,1152,2304,vision,vision_block,7,,EXCLUDED_INITIAL_VISION,OMITTED_INITIAL_SCOPE_VALID,,0,0,KQ-GGUF-RULE-SCOPE-OMISSION-v1,KQ-GGUF-EVIDENCE-005,PROVEN_CANONICAL,Excluded by the accepted ADR-0005 initial text-only scope
model.visual.blocks.7.norm1.weight,BF16,1152,1152,2304,vision,vision_block,7,,EXCLUDED_INITIAL_VISION,OMITTED_INITIAL_SCOPE_VALID,,0,0,KQ-GGUF-RULE-SCOPE-OMISSION-v1,KQ-GGUF-EVIDENCE-005,PROVEN_CANONICAL,Excluded by the accepted ADR-0005 initial text-only scope
model.visual.blocks.7.norm2.bias,BF16,1152,1152,2304,vision,vision_block,7,,EXCLUDED_INITIAL_VISION,OMITTED_INITIAL_SCOPE_VALID,,0,0,KQ-GGUF-RULE-SCOPE-OMISSION-v1,KQ-GGUF-EVIDENCE-005,PROVEN_CANONICAL,Excluded by the accepted ADR-0005 initial text-only scope
model.visual.blocks.7.norm2.weight,BF16,1152,1152,2304,vision,vision_block,7,,EXCLUDED_INITIAL_VISION,OMITTED_INITIAL_SCOPE_VALID,,0,0,KQ-GGUF-RULE-SCOPE-OMISSION-v1,KQ-GGUF-EVIDENCE-005,PROVEN_CANONICAL,Excluded by the accepted ADR-0005 initial text-only scope
model.visual.blocks.8.attn.proj.bias,BF16,1152,1152,2304,vision,vision_block,8,,EXCLUDED_INITIAL_VISION,OMITTED_INITIAL_SCOPE_VALID,,0,0,KQ-GGUF-RULE-SCOPE-OMISSION-v1,KQ-GGUF-EVIDENCE-005,PROVEN_CANONICAL,Excluded by the accepted ADR-0005 initial text-only scope
model.visual.blocks.8.attn.proj.weight,BF16,1152x1152,1327104,2654208,vision,vision_block,8,,EXCLUDED_INITIAL_VISION,OMITTED_INITIAL_SCOPE_VALID,,0,0,KQ-GGUF-RULE-SCOPE-OMISSION-v1,KQ-GGUF-EVIDENCE-005,PROVEN_CANONICAL,Excluded by the accepted ADR-0005 initial text-only scope
model.visual.blocks.8.attn.qkv.bias,BF16,3456,3456,6912,vision,vision_block,8,,EXCLUDED_INITIAL_VISION,OMITTED_INITIAL_SCOPE_VALID,,0,0,KQ-GGUF-RULE-SCOPE-OMISSION-v1,KQ-GGUF-EVIDENCE-005,PROVEN_CANONICAL,Excluded by the accepted ADR-0005 initial text-only scope
model.visual.blocks.8.attn.qkv.weight,BF16,3456x1152,3981312,7962624,vision,vision_block,8,,EXCLUDED_INITIAL_VISION,OMITTED_INITIAL_SCOPE_VALID,,0,0,KQ-GGUF-RULE-SCOPE-OMISSION-v1,KQ-GGUF-EVIDENCE-005,PROVEN_CANONICAL,Excluded by the accepted ADR-0005 initial text-only scope
model.visual.blocks.8.mlp.linear_fc1.bias,BF16,4304,4304,8608,vision,vision_block,8,,EXCLUDED_INITIAL_VISION,OMITTED_INITIAL_SCOPE_VALID,,0,0,KQ-GGUF-RULE-SCOPE-OMISSION-v1,KQ-GGUF-EVIDENCE-005,PROVEN_CANONICAL,Excluded by the accepted ADR-0005 initial text-only scope
model.visual.blocks.8.mlp.linear_fc1.weight,BF16,4304x1152,4958208,9916416,vision,vision_block,8,,EXCLUDED_INITIAL_VISION,OMITTED_INITIAL_SCOPE_VALID,,0,0,KQ-GGUF-RULE-SCOPE-OMISSION-v1,KQ-GGUF-EVIDENCE-005,PROVEN_CANONICAL,Excluded by the accepted ADR-0005 initial text-only scope
model.visual.blocks.8.mlp.linear_fc2.bias,BF16,1152,1152,2304,vision,vision_block,8,,EXCLUDED_INITIAL_VISION,OMITTED_INITIAL_SCOPE_VALID,,0,0,KQ-GGUF-RULE-SCOPE-OMISSION-v1,KQ-GGUF-EVIDENCE-005,PROVEN_CANONICAL,Excluded by the accepted ADR-0005 initial text-only scope
model.visual.blocks.8.mlp.linear_fc2.weight,BF16,1152x4304,4958208,9916416,vision,vision_block,8,,EXCLUDED_INITIAL_VISION,OMITTED_INITIAL_SCOPE_VALID,,0,0,KQ-GGUF-RULE-SCOPE-OMISSION-v1,KQ-GGUF-EVIDENCE-005,PROVEN_CANONICAL,Excluded by the accepted ADR-0005 initial text-only scope
model.visual.blocks.8.norm1.bias,BF16,1152,1152,2304,vision,vision_block,8,,EXCLUDED_INITIAL_VISION,OMITTED_INITIAL_SCOPE_VALID,,0,0,KQ-GGUF-RULE-SCOPE-OMISSION-v1,KQ-GGUF-EVIDENCE-005,PROVEN_CANONICAL,Excluded by the accepted ADR-0005 initial text-only scope
model.visual.blocks.8.norm1.weight,BF16,1152,1152,2304,vision,vision_block,8,,EXCLUDED_INITIAL_VISION,OMITTED_INITIAL_SCOPE_VALID,,0,0,KQ-GGUF-RULE-SCOPE-OMISSION-v1,KQ-GGUF-EVIDENCE-005,PROVEN_CANONICAL,Excluded by the accepted ADR-0005 initial text-only scope
model.visual.blocks.8.norm2.bias,BF16,1152,1152,2304,vision,vision_block,8,,EXCLUDED_INITIAL_VISION,OMITTED_INITIAL_SCOPE_VALID,,0,0,KQ-GGUF-RULE-SCOPE-OMISSION-v1,KQ-GGUF-EVIDENCE-005,PROVEN_CANONICAL,Excluded by the accepted ADR-0005 initial text-only scope
model.visual.blocks.8.norm2.weight,BF16,1152,1152,2304,vision,vision_block,8,,EXCLUDED_INITIAL_VISION,OMITTED_INITIAL_SCOPE_VALID,,0,0,KQ-GGUF-RULE-SCOPE-OMISSION-v1,KQ-GGUF-EVIDENCE-005,PROVEN_CANONICAL,Excluded by the accepted ADR-0005 initial text-only scope
model.visual.blocks.9.attn.proj.bias,BF16,1152,1152,2304,vision,vision_block,9,,EXCLUDED_INITIAL_VISION,OMITTED_INITIAL_SCOPE_VALID,,0,0,KQ-GGUF-RULE-SCOPE-OMISSION-v1,KQ-GGUF-EVIDENCE-005,PROVEN_CANONICAL,Excluded by the accepted ADR-0005 initial text-only scope
model.visual.blocks.9.attn.proj.weight,BF16,1152x1152,1327104,2654208,vision,vision_block,9,,EXCLUDED_INITIAL_VISION,OMITTED_INITIAL_SCOPE_VALID,,0,0,KQ-GGUF-RULE-SCOPE-OMISSION-v1,KQ-GGUF-EVIDENCE-005,PROVEN_CANONICAL,Excluded by the accepted ADR-0005 initial text-only scope
model.visual.blocks.9.attn.qkv.bias,BF16,3456,3456,6912,vision,vision_block,9,,EXCLUDED_INITIAL_VISION,OMITTED_INITIAL_SCOPE_VALID,,0,0,KQ-GGUF-RULE-SCOPE-OMISSION-v1,KQ-GGUF-EVIDENCE-005,PROVEN_CANONICAL,Excluded by the accepted ADR-0005 initial text-only scope
model.visual.blocks.9.attn.qkv.weight,BF16,3456x1152,3981312,7962624,vision,vision_block,9,,EXCLUDED_INITIAL_VISION,OMITTED_INITIAL_SCOPE_VALID,,0,0,KQ-GGUF-RULE-SCOPE-OMISSION-v1,KQ-GGUF-EVIDENCE-005,PROVEN_CANONICAL,Excluded by the accepted ADR-0005 initial text-only scope
model.visual.blocks.9.mlp.linear_fc1.bias,BF16,4304,4304,8608,vision,vision_block,9,,EXCLUDED_INITIAL_VISION,OMITTED_INITIAL_SCOPE_VALID,,0,0,KQ-GGUF-RULE-SCOPE-OMISSION-v1,KQ-GGUF-EVIDENCE-005,PROVEN_CANONICAL,Excluded by the accepted ADR-0005 initial text-only scope
model.visual.blocks.9.mlp.linear_fc1.weight,BF16,4304x1152,4958208,9916416,vision,vision_block,9,,EXCLUDED_INITIAL_VISION,OMITTED_INITIAL_SCOPE_VALID,,0,0,KQ-GGUF-RULE-SCOPE-OMISSION-v1,KQ-GGUF-EVIDENCE-005,PROVEN_CANONICAL,Excluded by the accepted ADR-0005 initial text-only scope
model.visual.blocks.9.mlp.linear_fc2.bias,BF16,1152,1152,2304,vision,vision_block,9,,EXCLUDED_INITIAL_VISION,OMITTED_INITIAL_SCOPE_VALID,,0,0,KQ-GGUF-RULE-SCOPE-OMISSION-v1,KQ-GGUF-EVIDENCE-005,PROVEN_CANONICAL,Excluded by the accepted ADR-0005 initial text-only scope
model.visual.blocks.9.mlp.linear_fc2.weight,BF16,1152x4304,4958208,9916416,vision,vision_block,9,,EXCLUDED_INITIAL_VISION,OMITTED_INITIAL_SCOPE_VALID,,0,0,KQ-GGUF-RULE-SCOPE-OMISSION-v1,KQ-GGUF-EVIDENCE-005,PROVEN_CANONICAL,Excluded by the accepted ADR-0005 initial text-only scope
model.visual.blocks.9.norm1.bias,BF16,1152,1152,2304,vision,vision_block,9,,EXCLUDED_INITIAL_VISION,OMITTED_INITIAL_SCOPE_VALID,,0,0,KQ-GGUF-RULE-SCOPE-OMISSION-v1,KQ-GGUF-EVIDENCE-005,PROVEN_CANONICAL,Excluded by the accepted ADR-0005 initial text-only scope
model.visual.blocks.9.norm1.weight,BF16,1152,1152,2304,vision,vision_block,9,,EXCLUDED_INITIAL_VISION,OMITTED_INITIAL_SCOPE_VALID,,0,0,KQ-GGUF-RULE-SCOPE-OMISSION-v1,KQ-GGUF-EVIDENCE-005,PROVEN_CANONICAL,Excluded by the accepted ADR-0005 initial text-only scope
model.visual.blocks.9.norm2.bias,BF16,1152,1152,2304,vision,vision_block,9,,EXCLUDED_INITIAL_VISION,OMITTED_INITIAL_SCOPE_VALID,,0,0,KQ-GGUF-RULE-SCOPE-OMISSION-v1,KQ-GGUF-EVIDENCE-005,PROVEN_CANONICAL,Excluded by the accepted ADR-0005 initial text-only scope
model.visual.blocks.9.norm2.weight,BF16,1152,1152,2304,vision,vision_block,9,,EXCLUDED_INITIAL_VISION,OMITTED_INITIAL_SCOPE_VALID,,0,0,KQ-GGUF-RULE-SCOPE-OMISSION-v1,KQ-GGUF-EVIDENCE-005,PROVEN_CANONICAL,Excluded by the accepted ADR-0005 initial text-only scope
model.visual.merger.linear_fc1.bias,BF16,4608,4608,9216,vision,multimodal_merger,,,EXCLUDED_INITIAL_VISION,OMITTED_INITIAL_SCOPE_VALID,,0,0,KQ-GGUF-RULE-SCOPE-OMISSION-v1,KQ-GGUF-EVIDENCE-005,PROVEN_CANONICAL,Excluded by the accepted ADR-0005 initial text-only scope
model.visual.merger.linear_fc1.weight,BF16,4608x4608,21233664,42467328,vision,multimodal_merger,,,EXCLUDED_INITIAL_VISION,OMITTED_INITIAL_SCOPE_VALID,,0,0,KQ-GGUF-RULE-SCOPE-OMISSION-v1,KQ-GGUF-EVIDENCE-005,PROVEN_CANONICAL,Excluded by the accepted ADR-0005 initial text-only scope
model.visual.merger.linear_fc2.bias,BF16,2560,2560,5120,vision,multimodal_merger,,,EXCLUDED_INITIAL_VISION,OMITTED_INITIAL_SCOPE_VALID,,0,0,KQ-GGUF-RULE-SCOPE-OMISSION-v1,KQ-GGUF-EVIDENCE-005,PROVEN_CANONICAL,Excluded by the accepted ADR-0005 initial text-only scope
model.visual.merger.linear_fc2.weight,BF16,2560x4608,11796480,23592960,vision,multimodal_merger,,,EXCLUDED_INITIAL_VISION,OMITTED_INITIAL_SCOPE_VALID,,0,0,KQ-GGUF-RULE-SCOPE-OMISSION-v1,KQ-GGUF-EVIDENCE-005,PROVEN_CANONICAL,Excluded by the accepted ADR-0005 initial text-only scope
model.visual.merger.norm.bias,BF16,1152,1152,2304,vision,multimodal_merger,,,EXCLUDED_INITIAL_VISION,OMITTED_INITIAL_SCOPE_VALID,,0,0,KQ-GGUF-RULE-SCOPE-OMISSION-v1,KQ-GGUF-EVIDENCE-005,PROVEN_CANONICAL,Excluded by the accepted ADR-0005 initial text-only scope
model.visual.merger.norm.weight,BF16,1152,1152,2304,vision,multimodal_merger,,,EXCLUDED_INITIAL_VISION,OMITTED_INITIAL_SCOPE_VALID,,0,0,KQ-GGUF-RULE-SCOPE-OMISSION-v1,KQ-GGUF-EVIDENCE-005,PROVEN_CANONICAL,Excluded by the accepted ADR-0005 initial text-only scope
model.visual.patch_embed.proj.bias,BF16,1152,1152,2304,vision,vision_patch_embedding,,,EXCLUDED_INITIAL_VISION,OMITTED_INITIAL_SCOPE_VALID,,0,0,KQ-GGUF-RULE-SCOPE-OMISSION-v1,KQ-GGUF-EVIDENCE-005,PROVEN_CANONICAL,Excluded by the accepted ADR-0005 initial text-only scope
model.visual.patch_embed.proj.weight,BF16,1152x3x2x16x16,1769472,3538944,vision,vision_patch_embedding,,,EXCLUDED_INITIAL_VISION,OMITTED_INITIAL_SCOPE_VALID,,0,0,KQ-GGUF-RULE-SCOPE-OMISSION-v1,KQ-GGUF-EVIDENCE-005,PROVEN_CANONICAL,Excluded by the accepted ADR-0005 initial text-only scope
model.visual.pos_embed.weight,BF16,2304x1152,2654208,5308416,vision,vision_position_embedding,,,EXCLUDED_INITIAL_VISION,OMITTED_INITIAL_SCOPE_VALID,,0,0,KQ-GGUF-RULE-SCOPE-OMISSION-v1,KQ-GGUF-EVIDENCE-005,PROVEN_CANONICAL,Excluded by the accepted ADR-0005 initial text-only scope
mtp.fc_embedding.weight,BF16,2560x2560,6553600,13107200,mtp,mtp_input_fusion,,,EXCLUDED_INITIAL_MTP,OMITTED_INITIAL_SCOPE_VALID,,0,0,KQ-GGUF-RULE-SCOPE-OMISSION-v1,KQ-GGUF-EVIDENCE-005,PROVEN_CANONICAL,Excluded by the accepted ADR-0005 initial text-only scope
mtp.fc_hidden.weight,BF16,2560x2560,6553600,13107200,mtp,mtp_input_fusion,,,EXCLUDED_INITIAL_MTP,OMITTED_INITIAL_SCOPE_VALID,,0,0,KQ-GGUF-RULE-SCOPE-OMISSION-v1,KQ-GGUF-EVIDENCE-005,PROVEN_CANONICAL,Excluded by the accepted ADR-0005 initial text-only scope
mtp.hyper_connection_mixer.hc_norm.weight,BF16,10240,10240,20480,mtp,mtp_gated_residual,,,EXCLUDED_INITIAL_MTP,OMITTED_INITIAL_SCOPE_VALID,,0,0,KQ-GGUF-RULE-SCOPE-OMISSION-v1,KQ-GGUF-EVIDENCE-005,PROVEN_CANONICAL,Excluded by the accepted ADR-0005 initial text-only scope
mtp.hyper_connection_mixer.input_mix_weight_down.weight,BF16,320x10240,3276800,6553600,mtp,mtp_gated_residual,,,EXCLUDED_INITIAL_MTP,OMITTED_INITIAL_SCOPE_VALID,,0,0,KQ-GGUF-RULE-SCOPE-OMISSION-v1,KQ-GGUF-EVIDENCE-005,PROVEN_CANONICAL,Excluded by the accepted ADR-0005 initial text-only scope
mtp.hyper_connection_mixer.input_mix_weight_up.weight,BF16,10240x320,3276800,6553600,mtp,mtp_gated_residual,,,EXCLUDED_INITIAL_MTP,OMITTED_INITIAL_SCOPE_VALID,,0,0,KQ-GGUF-RULE-SCOPE-OMISSION-v1,KQ-GGUF-EVIDENCE-005,PROVEN_CANONICAL,Excluded by the accepted ADR-0005 initial text-only scope
mtp.layers.0.attn_hyper_connection.block_inject_weight.weight,BF16,4x10240,40960,81920,mtp,mtp_gated_residual,0,,EXCLUDED_INITIAL_MTP,OMITTED_INITIAL_SCOPE_VALID,,0,0,KQ-GGUF-RULE-SCOPE-OMISSION-v1,KQ-GGUF-EVIDENCE-005,PROVEN_CANONICAL,Excluded by the accepted ADR-0005 initial text-only scope
mtp.layers.0.attn_hyper_connection.hc_norm.weight,BF16,10240,10240,20480,mtp,mtp_gated_residual,0,,EXCLUDED_INITIAL_MTP,OMITTED_INITIAL_SCOPE_VALID,,0,0,KQ-GGUF-RULE-SCOPE-OMISSION-v1,KQ-GGUF-EVIDENCE-005,PROVEN_CANONICAL,Excluded by the accepted ADR-0005 initial text-only scope
mtp.layers.0.attn_hyper_connection.input_mix_weight_down.weight,BF16,320x10240,3276800,6553600,mtp,mtp_gated_residual,0,,EXCLUDED_INITIAL_MTP,OMITTED_INITIAL_SCOPE_VALID,,0,0,KQ-GGUF-RULE-SCOPE-OMISSION-v1,KQ-GGUF-EVIDENCE-005,PROVEN_CANONICAL,Excluded by the accepted ADR-0005 initial text-only scope
mtp.layers.0.attn_hyper_connection.input_mix_weight_up.weight,BF16,10240x320,3276800,6553600,mtp,mtp_gated_residual,0,,EXCLUDED_INITIAL_MTP,OMITTED_INITIAL_SCOPE_VALID,,0,0,KQ-GGUF-RULE-SCOPE-OMISSION-v1,KQ-GGUF-EVIDENCE-005,PROVEN_CANONICAL,Excluded by the accepted ADR-0005 initial text-only scope
mtp.layers.0.mlp.experts.down_proj,BF16,512x2560x640,838860800,1677721600,mtp,mtp_routed_experts,0,STACKED_0_511,EXCLUDED_INITIAL_MTP,OMITTED_INITIAL_SCOPE_VALID,,0,0,KQ-GGUF-RULE-SCOPE-OMISSION-v1,KQ-GGUF-EVIDENCE-005,PROVEN_CANONICAL,Excluded by the accepted ADR-0005 initial text-only scope
mtp.layers.0.mlp.experts.gate_up_proj,BF16,512x1280x2560,1677721600,3355443200,mtp,mtp_routed_experts,0,STACKED_0_511,EXCLUDED_INITIAL_MTP,OMITTED_INITIAL_SCOPE_VALID,,0,0,KQ-GGUF-RULE-SCOPE-OMISSION-v1,KQ-GGUF-EVIDENCE-005,PROVEN_CANONICAL,Excluded by the accepted ADR-0005 initial text-only scope
mtp.layers.0.mlp.gate.weight,BF16,512x2560,1310720,2621440,mtp,mtp_router,0,,EXCLUDED_INITIAL_MTP,OMITTED_INITIAL_SCOPE_VALID,,0,0,KQ-GGUF-RULE-SCOPE-OMISSION-v1,KQ-GGUF-EVIDENCE-005,PROVEN_CANONICAL,Excluded by the accepted ADR-0005 initial text-only scope
mtp.layers.0.mlp.shared_expert.down_proj.weight,BF16,2560x640,1638400,3276800,mtp,mtp_shared_expert,0,,EXCLUDED_INITIAL_MTP,OMITTED_INITIAL_SCOPE_VALID,,0,0,KQ-GGUF-RULE-SCOPE-OMISSION-v1,KQ-GGUF-EVIDENCE-005,PROVEN_CANONICAL,Excluded by the accepted ADR-0005 initial text-only scope
mtp.layers.0.mlp.shared_expert.gate_proj.weight,BF16,640x2560,1638400,3276800,mtp,mtp_shared_expert,0,,EXCLUDED_INITIAL_MTP,OMITTED_INITIAL_SCOPE_VALID,,0,0,KQ-GGUF-RULE-SCOPE-OMISSION-v1,KQ-GGUF-EVIDENCE-005,PROVEN_CANONICAL,Excluded by the accepted ADR-0005 initial text-only scope
mtp.layers.0.mlp.shared_expert.up_proj.weight,BF16,640x2560,1638400,3276800,mtp,mtp_shared_expert,0,,EXCLUDED_INITIAL_MTP,OMITTED_INITIAL_SCOPE_VALID,,0,0,KQ-GGUF-RULE-SCOPE-OMISSION-v1,KQ-GGUF-EVIDENCE-005,PROVEN_CANONICAL,Excluded by the accepted ADR-0005 initial text-only scope
mtp.layers.0.mlp.shared_expert_gate.weight,BF16,1x2560,2560,5120,mtp,mtp_shared_expert,0,,EXCLUDED_INITIAL_MTP,OMITTED_INITIAL_SCOPE_VALID,,0,0,KQ-GGUF-RULE-SCOPE-OMISSION-v1,KQ-GGUF-EVIDENCE-005,PROVEN_CANONICAL,Excluded by the accepted ADR-0005 initial text-only scope
mtp.layers.0.mlp_hyper_connection.block_inject_weight.weight,BF16,4x10240,40960,81920,mtp,mtp_gated_residual,0,,EXCLUDED_INITIAL_MTP,OMITTED_INITIAL_SCOPE_VALID,,0,0,KQ-GGUF-RULE-SCOPE-OMISSION-v1,KQ-GGUF-EVIDENCE-005,PROVEN_CANONICAL,Excluded by the accepted ADR-0005 initial text-only scope
mtp.layers.0.mlp_hyper_connection.hc_norm.weight,BF16,10240,10240,20480,mtp,mtp_gated_residual,0,,EXCLUDED_INITIAL_MTP,OMITTED_INITIAL_SCOPE_VALID,,0,0,KQ-GGUF-RULE-SCOPE-OMISSION-v1,KQ-GGUF-EVIDENCE-005,PROVEN_CANONICAL,Excluded by the accepted ADR-0005 initial text-only scope
mtp.layers.0.mlp_hyper_connection.input_mix_weight_down.weight,BF16,320x10240,3276800,6553600,mtp,mtp_gated_residual,0,,EXCLUDED_INITIAL_MTP,OMITTED_INITIAL_SCOPE_VALID,,0,0,KQ-GGUF-RULE-SCOPE-OMISSION-v1,KQ-GGUF-EVIDENCE-005,PROVEN_CANONICAL,Excluded by the accepted ADR-0005 initial text-only scope
mtp.layers.0.mlp_hyper_connection.input_mix_weight_up.weight,BF16,10240x320,3276800,6553600,mtp,mtp_gated_residual,0,,EXCLUDED_INITIAL_MTP,OMITTED_INITIAL_SCOPE_VALID,,0,0,KQ-GGUF-RULE-SCOPE-OMISSION-v1,KQ-GGUF-EVIDENCE-005,PROVEN_CANONICAL,Excluded by the accepted ADR-0005 initial text-only scope
mtp.layers.0.self_attn.indexer.index_qk_proj.weight,BF16,640x2560,1638400,3276800,mtp,mtp_qsa_indexer,0,,EXCLUDED_INITIAL_MTP,OMITTED_INITIAL_SCOPE_VALID,,0,0,KQ-GGUF-RULE-SCOPE-OMISSION-v1,KQ-GGUF-EVIDENCE-005,PROVEN_CANONICAL,Excluded by the accepted ADR-0005 initial text-only scope
mtp.layers.0.self_attn.indexer.k_layernorm.weight,BF16,128,128,256,mtp,mtp_qsa_indexer,0,,EXCLUDED_INITIAL_MTP,OMITTED_INITIAL_SCOPE_VALID,,0,0,KQ-GGUF-RULE-SCOPE-OMISSION-v1,KQ-GGUF-EVIDENCE-005,PROVEN_CANONICAL,Excluded by the accepted ADR-0005 initial text-only scope
mtp.layers.0.self_attn.indexer.q_layernorm.weight,BF16,128,128,256,mtp,mtp_qsa_indexer,0,,EXCLUDED_INITIAL_MTP,OMITTED_INITIAL_SCOPE_VALID,,0,0,KQ-GGUF-RULE-SCOPE-OMISSION-v1,KQ-GGUF-EVIDENCE-005,PROVEN_CANONICAL,Excluded by the accepted ADR-0005 initial text-only scope
mtp.layers.0.self_attn.k_norm.weight,BF16,256,256,512,mtp,mtp_qsa_attention,0,,EXCLUDED_INITIAL_MTP,OMITTED_INITIAL_SCOPE_VALID,,0,0,KQ-GGUF-RULE-SCOPE-OMISSION-v1,KQ-GGUF-EVIDENCE-005,PROVEN_CANONICAL,Excluded by the accepted ADR-0005 initial text-only scope
mtp.layers.0.self_attn.k_proj.weight,BF16,512x2560,1310720,2621440,mtp,mtp_qsa_attention,0,,EXCLUDED_INITIAL_MTP,OMITTED_INITIAL_SCOPE_VALID,,0,0,KQ-GGUF-RULE-SCOPE-OMISSION-v1,KQ-GGUF-EVIDENCE-005,PROVEN_CANONICAL,Excluded by the accepted ADR-0005 initial text-only scope
mtp.layers.0.self_attn.o_proj.weight,BF16,2560x6144,15728640,31457280,mtp,mtp_qsa_attention,0,,EXCLUDED_INITIAL_MTP,OMITTED_INITIAL_SCOPE_VALID,,0,0,KQ-GGUF-RULE-SCOPE-OMISSION-v1,KQ-GGUF-EVIDENCE-005,PROVEN_CANONICAL,Excluded by the accepted ADR-0005 initial text-only scope
mtp.layers.0.self_attn.q_norm.weight,BF16,256,256,512,mtp,mtp_qsa_attention,0,,EXCLUDED_INITIAL_MTP,OMITTED_INITIAL_SCOPE_VALID,,0,0,KQ-GGUF-RULE-SCOPE-OMISSION-v1,KQ-GGUF-EVIDENCE-005,PROVEN_CANONICAL,Excluded by the accepted ADR-0005 initial text-only scope
mtp.layers.0.self_attn.q_proj.weight,BF16,12288x2560,31457280,62914560,mtp,mtp_qsa_attention,0,,EXCLUDED_INITIAL_MTP,OMITTED_INITIAL_SCOPE_VALID,,0,0,KQ-GGUF-RULE-SCOPE-OMISSION-v1,KQ-GGUF-EVIDENCE-005,PROVEN_CANONICAL,Excluded by the accepted ADR-0005 initial text-only scope
mtp.layers.0.self_attn.v_proj.weight,BF16,512x2560,1310720,2621440,mtp,mtp_qsa_attention,0,,EXCLUDED_INITIAL_MTP,OMITTED_INITIAL_SCOPE_VALID,,0,0,KQ-GGUF-RULE-SCOPE-OMISSION-v1,KQ-GGUF-EVIDENCE-005,PROVEN_CANONICAL,Excluded by the accepted ADR-0005 initial text-only scope
mtp.pre_fc_norm_embedding.weight,BF16,2560,2560,5120,mtp,mtp_input_fusion,,,EXCLUDED_INITIAL_MTP,OMITTED_INITIAL_SCOPE_VALID,,0,0,KQ-GGUF-RULE-SCOPE-OMISSION-v1,KQ-GGUF-EVIDENCE-005,PROVEN_CANONICAL,Excluded by the accepted ADR-0005 initial text-only scope
mtp.pre_fc_norm_hidden.weight,BF16,10240,10240,20480,mtp,mtp_input_fusion,,,EXCLUDED_INITIAL_MTP,OMITTED_INITIAL_SCOPE_VALID,,0,0,KQ-GGUF-RULE-SCOPE-OMISSION-v1,KQ-GGUF-EVIDENCE-005,PROVEN_CANONICAL,Excluded by the accepted ADR-0005 initial text-only scope
