gguf_tensor_name,rank,dimensions,parameter_count,type_id,type_name,block_size,bytes_per_block,nominal_bits_per_parameter,relative_offset,absolute_offset,packed_bytes,padding_after_bytes,payload_end_absolute,canonical_tensor_names,canonical_mapping_status,canonical_component,canonical_layer_id,initial_text_scope,packed_family,mapping_rule,evidence_ids
blk.0.attn_gate.weight,2,2560x6144,15728640,8,Q8_0,32,34,8.5,30158003200,30169027520,16711680,0,30185739200,model.language_model.layers.0.linear_attn.in_proj_z.weight,TRANSFORMED_LAYOUT,gdn,0,REQUIRED_INITIAL_TEXT,gdn,KQ-GGUF-RULE-CONVERTER-TRANSFORM-v1,KQ-GGUF-EVIDENCE-003
blk.0.attn_qkv.weight,2,2560x10240,26214400,8,Q8_0,32,34,8.5,30174714880,30185739200,27852800,0,30213592000,model.language_model.layers.0.linear_attn.in_proj_qkv.weight,TRANSFORMED_LAYOUT,gdn,0,REQUIRED_INITIAL_TEXT,gdn,KQ-GGUF-RULE-CONVERTER-TRANSFORM-v1,KQ-GGUF-EVIDENCE-003
blk.0.ffn_down_exps.weight,3,640x2560x512,838860800,7,Q5_1,32,24,6.0,30202567680,30213592000,629145600,0,30842737600,model.language_model.layers.0.mlp.experts.down_proj,RENAMED_ONE_TO_ONE,routed_experts,0,REQUIRED_INITIAL_TEXT,routed_experts,KQ-GGUF-RULE-TENSOR-NAME-v1,KQ-GGUF-EVIDENCE-002
blk.0.ffn_down_shexp.weight,2,640x2560,1638400,8,Q8_0,32,34,8.5,30831713280,30842737600,1740800,0,30844478400,model.language_model.layers.0.mlp.shared_expert.down_proj.weight,RENAMED_ONE_TO_ONE,shared_expert,0,REQUIRED_INITIAL_TEXT,shared_experts,KQ-GGUF-RULE-TENSOR-NAME-v1,KQ-GGUF-EVIDENCE-002
blk.0.ffn_gate_exps.weight,3,2560x640x512,838860800,12,Q4_K,256,144,4.5,30833454080,30844478400,471859200,0,31316337600,model.language_model.layers.0.mlp.experts.gate_up_proj,SPLIT_IN_GGUF,routed_experts,0,REQUIRED_INITIAL_TEXT,routed_experts,KQ-GGUF-RULE-MOE-SPLIT-v1,KQ-GGUF-EVIDENCE-004
blk.0.ffn_gate_inp.weight,2,2560x512,1310720,0,F32,1,4,32.0,31305313280,31316337600,5242880,0,31321580480,model.language_model.layers.0.mlp.gate.weight,RENAMED_ONE_TO_ONE,router,0,REQUIRED_INITIAL_TEXT,router,KQ-GGUF-RULE-TENSOR-NAME-v1,KQ-GGUF-EVIDENCE-002
blk.0.ffn_gate_inp_shexp.weight,1,2560,2560,0,F32,1,4,32.0,31310556160,31321580480,10240,0,31321590720,model.language_model.layers.0.mlp.shared_expert_gate.weight,RENAMED_ONE_TO_ONE,shared_expert,0,REQUIRED_INITIAL_TEXT,shared_experts,KQ-GGUF-RULE-TENSOR-NAME-v1,KQ-GGUF-EVIDENCE-002
blk.0.ffn_gate_shexp.weight,2,2560x640,1638400,8,Q8_0,32,34,8.5,31310566400,31321590720,1740800,0,31323331520,model.language_model.layers.0.mlp.shared_expert.gate_proj.weight,RENAMED_ONE_TO_ONE,shared_expert,0,REQUIRED_INITIAL_TEXT,shared_experts,KQ-GGUF-RULE-TENSOR-NAME-v1,KQ-GGUF-EVIDENCE-002
blk.0.ffn_up_exps.weight,3,2560x640x512,838860800,12,Q4_K,256,144,4.5,31312307200,31323331520,471859200,0,31795190720,model.language_model.layers.0.mlp.experts.gate_up_proj,SPLIT_IN_GGUF,routed_experts,0,REQUIRED_INITIAL_TEXT,routed_experts,KQ-GGUF-RULE-MOE-SPLIT-v1,KQ-GGUF-EVIDENCE-004
blk.0.ffn_up_shexp.weight,2,2560x640,1638400,8,Q8_0,32,34,8.5,31784166400,31795190720,1740800,0,31796931520,model.language_model.layers.0.mlp.shared_expert.up_proj.weight,RENAMED_ONE_TO_ONE,shared_expert,0,REQUIRED_INITIAL_TEXT,shared_experts,KQ-GGUF-RULE-TENSOR-NAME-v1,KQ-GGUF-EVIDENCE-002
blk.0.hc_attn_down.weight,2,10240x320,3276800,8,Q8_0,32,34,8.5,31785907200,31796931520,3481600,0,31800413120,model.language_model.layers.0.attn_hyper_connection.input_mix_weight_down.weight,RENAMED_ONE_TO_ONE,gated_residual,0,REQUIRED_INITIAL_TEXT,gated_residual,KQ-GGUF-RULE-TENSOR-NAME-v1,KQ-GGUF-EVIDENCE-002
blk.0.hc_attn_inject.weight,2,10240x4,40960,0,F32,1,4,32.0,31789388800,31800413120,163840,0,31800576960,model.language_model.layers.0.attn_hyper_connection.block_inject_weight.weight,RENAMED_ONE_TO_ONE,gated_residual,0,REQUIRED_INITIAL_TEXT,gated_residual,KQ-GGUF-RULE-TENSOR-NAME-v1,KQ-GGUF-EVIDENCE-002
blk.0.hc_attn_norm.weight,1,10240,10240,0,F32,1,4,32.0,31789552640,31800576960,40960,0,31800617920,model.language_model.layers.0.attn_hyper_connection.hc_norm.weight,RENAMED_ONE_TO_ONE,gated_residual,0,REQUIRED_INITIAL_TEXT,gated_residual,KQ-GGUF-RULE-TENSOR-NAME-v1,KQ-GGUF-EVIDENCE-002
blk.0.hc_attn_up.weight,2,320x10240,3276800,8,Q8_0,32,34,8.5,31789593600,31800617920,3481600,0,31804099520,model.language_model.layers.0.attn_hyper_connection.input_mix_weight_up.weight,RENAMED_ONE_TO_ONE,gated_residual,0,REQUIRED_INITIAL_TEXT,gated_residual,KQ-GGUF-RULE-TENSOR-NAME-v1,KQ-GGUF-EVIDENCE-002
blk.0.hc_ffn_down.weight,2,10240x320,3276800,8,Q8_0,32,34,8.5,31793075200,31804099520,3481600,0,31807581120,model.language_model.layers.0.mlp_hyper_connection.input_mix_weight_down.weight,RENAMED_ONE_TO_ONE,gated_residual,0,REQUIRED_INITIAL_TEXT,gated_residual,KQ-GGUF-RULE-TENSOR-NAME-v1,KQ-GGUF-EVIDENCE-002
blk.0.hc_ffn_inject.weight,2,10240x4,40960,0,F32,1,4,32.0,31796556800,31807581120,163840,0,31807744960,model.language_model.layers.0.mlp_hyper_connection.block_inject_weight.weight,RENAMED_ONE_TO_ONE,gated_residual,0,REQUIRED_INITIAL_TEXT,gated_residual,KQ-GGUF-RULE-TENSOR-NAME-v1,KQ-GGUF-EVIDENCE-002
blk.0.hc_ffn_norm.weight,1,10240,10240,0,F32,1,4,32.0,31796720640,31807744960,40960,0,31807785920,model.language_model.layers.0.mlp_hyper_connection.hc_norm.weight,RENAMED_ONE_TO_ONE,gated_residual,0,REQUIRED_INITIAL_TEXT,gated_residual,KQ-GGUF-RULE-TENSOR-NAME-v1,KQ-GGUF-EVIDENCE-002
blk.0.hc_ffn_up.weight,2,320x10240,3276800,8,Q8_0,32,34,8.5,31796761600,31807785920,3481600,0,31811267520,model.language_model.layers.0.mlp_hyper_connection.input_mix_weight_up.weight,RENAMED_ONE_TO_ONE,gated_residual,0,REQUIRED_INITIAL_TEXT,gated_residual,KQ-GGUF-RULE-TENSOR-NAME-v1,KQ-GGUF-EVIDENCE-002
blk.0.ssm_a,1,48,48,0,F32,1,4,32.0,31800243200,31811267520,192,0,31811267712,model.language_model.layers.0.linear_attn.A_log,TRANSFORMED_LAYOUT,gdn,0,REQUIRED_INITIAL_TEXT,gdn,KQ-GGUF-RULE-CONVERTER-TRANSFORM-v1,KQ-GGUF-EVIDENCE-003
blk.0.ssm_alpha.weight,2,2560x48,122880,0,F32,1,4,32.0,31800243392,31811267712,491520,0,31811759232,model.language_model.layers.0.linear_attn.in_proj_a.weight,TRANSFORMED_LAYOUT,gdn,0,REQUIRED_INITIAL_TEXT,gdn,KQ-GGUF-RULE-CONVERTER-TRANSFORM-v1,KQ-GGUF-EVIDENCE-003
blk.0.ssm_beta.weight,2,2560x48,122880,0,F32,1,4,32.0,31800734912,31811759232,491520,0,31812250752,model.language_model.layers.0.linear_attn.in_proj_b.weight,TRANSFORMED_LAYOUT,gdn,0,REQUIRED_INITIAL_TEXT,gdn,KQ-GGUF-RULE-CONVERTER-TRANSFORM-v1,KQ-GGUF-EVIDENCE-003
blk.0.ssm_conv1d.weight,2,4x10240,40960,0,F32,1,4,32.0,31801226432,31812250752,163840,0,31812414592,model.language_model.layers.0.linear_attn.conv1d.weight,TRANSFORMED_LAYOUT,gdn,0,REQUIRED_INITIAL_TEXT,gdn,KQ-GGUF-RULE-CONVERTER-TRANSFORM-v1,KQ-GGUF-EVIDENCE-003
blk.0.ssm_dt.bias,1,48,48,0,F32,1,4,32.0,31801390272,31812414592,192,0,31812414784,model.language_model.layers.0.linear_attn.dt_bias,RENAMED_ONE_TO_ONE,gdn,0,REQUIRED_INITIAL_TEXT,gdn,KQ-GGUF-RULE-TENSOR-NAME-v1,KQ-GGUF-EVIDENCE-002
blk.0.ssm_norm.weight,1,128,128,0,F32,1,4,32.0,31801390464,31812414784,512,0,31812415296,model.language_model.layers.0.linear_attn.norm.weight,RENAMED_ONE_TO_ONE,gdn,0,REQUIRED_INITIAL_TEXT,gdn,KQ-GGUF-RULE-TENSOR-NAME-v1,KQ-GGUF-EVIDENCE-002
blk.0.ssm_out.weight,2,6144x2560,15728640,8,Q8_0,32,34,8.5,31801390976,31812415296,16711680,0,31829126976,model.language_model.layers.0.linear_attn.out_proj.weight,TRANSFORMED_LAYOUT,gdn,0,REQUIRED_INITIAL_TEXT,gdn,KQ-GGUF-RULE-CONVERTER-TRANSFORM-v1,KQ-GGUF-EVIDENCE-003
blk.1.attn_gate.weight,2,2560x6144,15728640,8,Q8_0,32,34,8.5,31818102656,31829126976,16711680,0,31845838656,model.language_model.layers.1.linear_attn.in_proj_z.weight,TRANSFORMED_LAYOUT,gdn,1,REQUIRED_INITIAL_TEXT,gdn,KQ-GGUF-RULE-CONVERTER-TRANSFORM-v1,KQ-GGUF-EVIDENCE-003
blk.1.attn_qkv.weight,2,2560x10240,26214400,8,Q8_0,32,34,8.5,31834814336,31845838656,27852800,0,31873691456,model.language_model.layers.1.linear_attn.in_proj_qkv.weight,TRANSFORMED_LAYOUT,gdn,1,REQUIRED_INITIAL_TEXT,gdn,KQ-GGUF-RULE-CONVERTER-TRANSFORM-v1,KQ-GGUF-EVIDENCE-003
blk.1.ffn_down_exps.weight,3,640x2560x512,838860800,7,Q5_1,32,24,6.0,31862667136,31873691456,629145600,0,32502837056,model.language_model.layers.1.mlp.experts.down_proj,RENAMED_ONE_TO_ONE,routed_experts,1,REQUIRED_INITIAL_TEXT,routed_experts,KQ-GGUF-RULE-TENSOR-NAME-v1,KQ-GGUF-EVIDENCE-002
blk.1.ffn_down_shexp.weight,2,640x2560,1638400,8,Q8_0,32,34,8.5,32491812736,32502837056,1740800,0,32504577856,model.language_model.layers.1.mlp.shared_expert.down_proj.weight,RENAMED_ONE_TO_ONE,shared_expert,1,REQUIRED_INITIAL_TEXT,shared_experts,KQ-GGUF-RULE-TENSOR-NAME-v1,KQ-GGUF-EVIDENCE-002
blk.1.ffn_gate_exps.weight,3,2560x640x512,838860800,12,Q4_K,256,144,4.5,32493553536,32504577856,471859200,0,32976437056,model.language_model.layers.1.mlp.experts.gate_up_proj,SPLIT_IN_GGUF,routed_experts,1,REQUIRED_INITIAL_TEXT,routed_experts,KQ-GGUF-RULE-MOE-SPLIT-v1,KQ-GGUF-EVIDENCE-004
blk.1.ffn_gate_inp.weight,2,2560x512,1310720,0,F32,1,4,32.0,32965412736,32976437056,5242880,0,32981679936,model.language_model.layers.1.mlp.gate.weight,RENAMED_ONE_TO_ONE,router,1,REQUIRED_INITIAL_TEXT,router,KQ-GGUF-RULE-TENSOR-NAME-v1,KQ-GGUF-EVIDENCE-002
blk.1.ffn_gate_inp_shexp.weight,1,2560,2560,0,F32,1,4,32.0,32970655616,32981679936,10240,0,32981690176,model.language_model.layers.1.mlp.shared_expert_gate.weight,RENAMED_ONE_TO_ONE,shared_expert,1,REQUIRED_INITIAL_TEXT,shared_experts,KQ-GGUF-RULE-TENSOR-NAME-v1,KQ-GGUF-EVIDENCE-002
blk.1.ffn_gate_shexp.weight,2,2560x640,1638400,8,Q8_0,32,34,8.5,32970665856,32981690176,1740800,0,32983430976,model.language_model.layers.1.mlp.shared_expert.gate_proj.weight,RENAMED_ONE_TO_ONE,shared_expert,1,REQUIRED_INITIAL_TEXT,shared_experts,KQ-GGUF-RULE-TENSOR-NAME-v1,KQ-GGUF-EVIDENCE-002
blk.1.ffn_up_exps.weight,3,2560x640x512,838860800,12,Q4_K,256,144,4.5,32972406656,32983430976,471859200,0,33455290176,model.language_model.layers.1.mlp.experts.gate_up_proj,SPLIT_IN_GGUF,routed_experts,1,REQUIRED_INITIAL_TEXT,routed_experts,KQ-GGUF-RULE-MOE-SPLIT-v1,KQ-GGUF-EVIDENCE-004
blk.1.ffn_up_shexp.weight,2,2560x640,1638400,8,Q8_0,32,34,8.5,33444265856,33455290176,1740800,0,33457030976,model.language_model.layers.1.mlp.shared_expert.up_proj.weight,RENAMED_ONE_TO_ONE,shared_expert,1,REQUIRED_INITIAL_TEXT,shared_experts,KQ-GGUF-RULE-TENSOR-NAME-v1,KQ-GGUF-EVIDENCE-002
blk.1.hc_attn_down.weight,2,10240x320,3276800,8,Q8_0,32,34,8.5,33446006656,33457030976,3481600,0,33460512576,model.language_model.layers.1.attn_hyper_connection.input_mix_weight_down.weight,RENAMED_ONE_TO_ONE,gated_residual,1,REQUIRED_INITIAL_TEXT,gated_residual,KQ-GGUF-RULE-TENSOR-NAME-v1,KQ-GGUF-EVIDENCE-002
blk.1.hc_attn_inject.weight,2,10240x4,40960,0,F32,1,4,32.0,33449488256,33460512576,163840,0,33460676416,model.language_model.layers.1.attn_hyper_connection.block_inject_weight.weight,RENAMED_ONE_TO_ONE,gated_residual,1,REQUIRED_INITIAL_TEXT,gated_residual,KQ-GGUF-RULE-TENSOR-NAME-v1,KQ-GGUF-EVIDENCE-002
blk.1.hc_attn_norm.weight,1,10240,10240,0,F32,1,4,32.0,33449652096,33460676416,40960,0,33460717376,model.language_model.layers.1.attn_hyper_connection.hc_norm.weight,RENAMED_ONE_TO_ONE,gated_residual,1,REQUIRED_INITIAL_TEXT,gated_residual,KQ-GGUF-RULE-TENSOR-NAME-v1,KQ-GGUF-EVIDENCE-002
blk.1.hc_attn_up.weight,2,320x10240,3276800,8,Q8_0,32,34,8.5,33449693056,33460717376,3481600,0,33464198976,model.language_model.layers.1.attn_hyper_connection.input_mix_weight_up.weight,RENAMED_ONE_TO_ONE,gated_residual,1,REQUIRED_INITIAL_TEXT,gated_residual,KQ-GGUF-RULE-TENSOR-NAME-v1,KQ-GGUF-EVIDENCE-002
blk.1.hc_ffn_down.weight,2,10240x320,3276800,8,Q8_0,32,34,8.5,33453174656,33464198976,3481600,0,33467680576,model.language_model.layers.1.mlp_hyper_connection.input_mix_weight_down.weight,RENAMED_ONE_TO_ONE,gated_residual,1,REQUIRED_INITIAL_TEXT,gated_residual,KQ-GGUF-RULE-TENSOR-NAME-v1,KQ-GGUF-EVIDENCE-002
blk.1.hc_ffn_inject.weight,2,10240x4,40960,0,F32,1,4,32.0,33456656256,33467680576,163840,0,33467844416,model.language_model.layers.1.mlp_hyper_connection.block_inject_weight.weight,RENAMED_ONE_TO_ONE,gated_residual,1,REQUIRED_INITIAL_TEXT,gated_residual,KQ-GGUF-RULE-TENSOR-NAME-v1,KQ-GGUF-EVIDENCE-002
blk.1.hc_ffn_norm.weight,1,10240,10240,0,F32,1,4,32.0,33456820096,33467844416,40960,0,33467885376,model.language_model.layers.1.mlp_hyper_connection.hc_norm.weight,RENAMED_ONE_TO_ONE,gated_residual,1,REQUIRED_INITIAL_TEXT,gated_residual,KQ-GGUF-RULE-TENSOR-NAME-v1,KQ-GGUF-EVIDENCE-002
blk.1.hc_ffn_up.weight,2,320x10240,3276800,8,Q8_0,32,34,8.5,33456861056,33467885376,3481600,0,33471366976,model.language_model.layers.1.mlp_hyper_connection.input_mix_weight_up.weight,RENAMED_ONE_TO_ONE,gated_residual,1,REQUIRED_INITIAL_TEXT,gated_residual,KQ-GGUF-RULE-TENSOR-NAME-v1,KQ-GGUF-EVIDENCE-002
blk.1.ple_conv1d.weight,2,4x10240,40960,0,F32,1,4,32.0,33460342656,33471366976,163840,0,33471530816,model.language_model.layers.1.ple.conv1d.weight,TRANSFORMED_LAYOUT,ple_dense,1,REQUIRED_INITIAL_TEXT,ple,KQ-GGUF-RULE-CONVERTER-TRANSFORM-v1,KQ-GGUF-EVIDENCE-003
blk.1.ple_key.weight,2,2560x10240,26214400,8,Q8_0,32,34,8.5,33460506496,33471530816,27852800,0,33499383616,model.language_model.layers.1.ple.key_proj.weight,RENAMED_ONE_TO_ONE,ple_dense,1,REQUIRED_INITIAL_TEXT,ple,KQ-GGUF-RULE-TENSOR-NAME-v1,KQ-GGUF-EVIDENCE-002
blk.1.ple_norm_conv.weight,1,10240,10240,0,F32,1,4,32.0,33488359296,33499383616,40960,0,33499424576,model.language_model.layers.1.ple.norm_conv.weight,TRANSFORMED_LAYOUT,ple_dense,1,REQUIRED_INITIAL_TEXT,ple,KQ-GGUF-RULE-CONVERTER-TRANSFORM-v1,KQ-GGUF-EVIDENCE-003
blk.1.ple_norm_key.weight,1,10240,10240,0,F32,1,4,32.0,33488400256,33499424576,40960,0,33499465536,model.language_model.layers.1.ple.norm_key.weight,TRANSFORMED_LAYOUT,ple_dense,1,REQUIRED_INITIAL_TEXT,ple,KQ-GGUF-RULE-CONVERTER-TRANSFORM-v1,KQ-GGUF-EVIDENCE-003
blk.1.ple_norm_query.weight,1,10240,10240,0,F32,1,4,32.0,33488441216,33499465536,40960,0,33499506496,model.language_model.layers.1.ple.norm_query.weight,TRANSFORMED_LAYOUT,ple_dense,1,REQUIRED_INITIAL_TEXT,ple,KQ-GGUF-RULE-CONVERTER-TRANSFORM-v1,KQ-GGUF-EVIDENCE-003
blk.1.ple_value.weight,2,2560x2560,6553600,8,Q8_0,32,34,8.5,33488482176,33499506496,6963200,0,33506469696,model.language_model.layers.1.ple.value_proj.weight,RENAMED_ONE_TO_ONE,ple_dense,1,REQUIRED_INITIAL_TEXT,ple,KQ-GGUF-RULE-TENSOR-NAME-v1,KQ-GGUF-EVIDENCE-002
blk.1.ssm_a,1,48,48,0,F32,1,4,32.0,33495445376,33506469696,192,0,33506469888,model.language_model.layers.1.linear_attn.A_log,TRANSFORMED_LAYOUT,gdn,1,REQUIRED_INITIAL_TEXT,gdn,KQ-GGUF-RULE-CONVERTER-TRANSFORM-v1,KQ-GGUF-EVIDENCE-003
blk.1.ssm_alpha.weight,2,2560x48,122880,0,F32,1,4,32.0,33495445568,33506469888,491520,0,33506961408,model.language_model.layers.1.linear_attn.in_proj_a.weight,TRANSFORMED_LAYOUT,gdn,1,REQUIRED_INITIAL_TEXT,gdn,KQ-GGUF-RULE-CONVERTER-TRANSFORM-v1,KQ-GGUF-EVIDENCE-003
blk.1.ssm_beta.weight,2,2560x48,122880,0,F32,1,4,32.0,33495937088,33506961408,491520,0,33507452928,model.language_model.layers.1.linear_attn.in_proj_b.weight,TRANSFORMED_LAYOUT,gdn,1,REQUIRED_INITIAL_TEXT,gdn,KQ-GGUF-RULE-CONVERTER-TRANSFORM-v1,KQ-GGUF-EVIDENCE-003
blk.1.ssm_conv1d.weight,2,4x10240,40960,0,F32,1,4,32.0,33496428608,33507452928,163840,0,33507616768,model.language_model.layers.1.linear_attn.conv1d.weight,TRANSFORMED_LAYOUT,gdn,1,REQUIRED_INITIAL_TEXT,gdn,KQ-GGUF-RULE-CONVERTER-TRANSFORM-v1,KQ-GGUF-EVIDENCE-003
blk.1.ssm_dt.bias,1,48,48,0,F32,1,4,32.0,33496592448,33507616768,192,0,33507616960,model.language_model.layers.1.linear_attn.dt_bias,RENAMED_ONE_TO_ONE,gdn,1,REQUIRED_INITIAL_TEXT,gdn,KQ-GGUF-RULE-TENSOR-NAME-v1,KQ-GGUF-EVIDENCE-002
blk.1.ssm_norm.weight,1,128,128,0,F32,1,4,32.0,33496592640,33507616960,512,0,33507617472,model.language_model.layers.1.linear_attn.norm.weight,RENAMED_ONE_TO_ONE,gdn,1,REQUIRED_INITIAL_TEXT,gdn,KQ-GGUF-RULE-TENSOR-NAME-v1,KQ-GGUF-EVIDENCE-002
blk.1.ssm_out.weight,2,6144x2560,15728640,8,Q8_0,32,34,8.5,33496593152,33507617472,16711680,0,33524329152,model.language_model.layers.1.linear_attn.out_proj.weight,TRANSFORMED_LAYOUT,gdn,1,REQUIRED_INITIAL_TEXT,gdn,KQ-GGUF-RULE-CONVERTER-TRANSFORM-v1,KQ-GGUF-EVIDENCE-003
blk.10.attn_gate.weight,2,2560x6144,15728640,8,Q8_0,32,34,8.5,47515656192,47526680512,16711680,0,47543392192,model.language_model.layers.10.linear_attn.in_proj_z.weight,TRANSFORMED_LAYOUT,gdn,10,REQUIRED_INITIAL_TEXT,gdn,KQ-GGUF-RULE-CONVERTER-TRANSFORM-v1,KQ-GGUF-EVIDENCE-003
blk.10.attn_qkv.weight,2,2560x10240,26214400,8,Q8_0,32,34,8.5,47532367872,47543392192,27852800,0,47571244992,model.language_model.layers.10.linear_attn.in_proj_qkv.weight,TRANSFORMED_LAYOUT,gdn,10,REQUIRED_INITIAL_TEXT,gdn,KQ-GGUF-RULE-CONVERTER-TRANSFORM-v1,KQ-GGUF-EVIDENCE-003
blk.10.ffn_down_exps.weight,3,640x2560x512,838860800,7,Q5_1,32,24,6.0,47560220672,47571244992,629145600,0,48200390592,model.language_model.layers.10.mlp.experts.down_proj,RENAMED_ONE_TO_ONE,routed_experts,10,REQUIRED_INITIAL_TEXT,routed_experts,KQ-GGUF-RULE-TENSOR-NAME-v1,KQ-GGUF-EVIDENCE-002
blk.10.ffn_down_shexp.weight,2,640x2560,1638400,8,Q8_0,32,34,8.5,48189366272,48200390592,1740800,0,48202131392,model.language_model.layers.10.mlp.shared_expert.down_proj.weight,RENAMED_ONE_TO_ONE,shared_expert,10,REQUIRED_INITIAL_TEXT,shared_experts,KQ-GGUF-RULE-TENSOR-NAME-v1,KQ-GGUF-EVIDENCE-002
blk.10.ffn_gate_exps.weight,3,2560x640x512,838860800,12,Q4_K,256,144,4.5,48191107072,48202131392,471859200,0,48673990592,model.language_model.layers.10.mlp.experts.gate_up_proj,SPLIT_IN_GGUF,routed_experts,10,REQUIRED_INITIAL_TEXT,routed_experts,KQ-GGUF-RULE-MOE-SPLIT-v1,KQ-GGUF-EVIDENCE-004
blk.10.ffn_gate_inp.weight,2,2560x512,1310720,0,F32,1,4,32.0,48662966272,48673990592,5242880,0,48679233472,model.language_model.layers.10.mlp.gate.weight,RENAMED_ONE_TO_ONE,router,10,REQUIRED_INITIAL_TEXT,router,KQ-GGUF-RULE-TENSOR-NAME-v1,KQ-GGUF-EVIDENCE-002
blk.10.ffn_gate_inp_shexp.weight,1,2560,2560,0,F32,1,4,32.0,48668209152,48679233472,10240,0,48679243712,model.language_model.layers.10.mlp.shared_expert_gate.weight,RENAMED_ONE_TO_ONE,shared_expert,10,REQUIRED_INITIAL_TEXT,shared_experts,KQ-GGUF-RULE-TENSOR-NAME-v1,KQ-GGUF-EVIDENCE-002
blk.10.ffn_gate_shexp.weight,2,2560x640,1638400,8,Q8_0,32,34,8.5,48668219392,48679243712,1740800,0,48680984512,model.language_model.layers.10.mlp.shared_expert.gate_proj.weight,RENAMED_ONE_TO_ONE,shared_expert,10,REQUIRED_INITIAL_TEXT,shared_experts,KQ-GGUF-RULE-TENSOR-NAME-v1,KQ-GGUF-EVIDENCE-002
blk.10.ffn_up_exps.weight,3,2560x640x512,838860800,12,Q4_K,256,144,4.5,48669960192,48680984512,471859200,0,49152843712,model.language_model.layers.10.mlp.experts.gate_up_proj,SPLIT_IN_GGUF,routed_experts,10,REQUIRED_INITIAL_TEXT,routed_experts,KQ-GGUF-RULE-MOE-SPLIT-v1,KQ-GGUF-EVIDENCE-004
blk.10.ffn_up_shexp.weight,2,2560x640,1638400,8,Q8_0,32,34,8.5,49141819392,49152843712,1740800,0,49154584512,model.language_model.layers.10.mlp.shared_expert.up_proj.weight,RENAMED_ONE_TO_ONE,shared_expert,10,REQUIRED_INITIAL_TEXT,shared_experts,KQ-GGUF-RULE-TENSOR-NAME-v1,KQ-GGUF-EVIDENCE-002
blk.10.hc_attn_down.weight,2,10240x320,3276800,8,Q8_0,32,34,8.5,49143560192,49154584512,3481600,0,49158066112,model.language_model.layers.10.attn_hyper_connection.input_mix_weight_down.weight,RENAMED_ONE_TO_ONE,gated_residual,10,REQUIRED_INITIAL_TEXT,gated_residual,KQ-GGUF-RULE-TENSOR-NAME-v1,KQ-GGUF-EVIDENCE-002
blk.10.hc_attn_inject.weight,2,10240x4,40960,0,F32,1,4,32.0,49147041792,49158066112,163840,0,49158229952,model.language_model.layers.10.attn_hyper_connection.block_inject_weight.weight,RENAMED_ONE_TO_ONE,gated_residual,10,REQUIRED_INITIAL_TEXT,gated_residual,KQ-GGUF-RULE-TENSOR-NAME-v1,KQ-GGUF-EVIDENCE-002
blk.10.hc_attn_norm.weight,1,10240,10240,0,F32,1,4,32.0,49147205632,49158229952,40960,0,49158270912,model.language_model.layers.10.attn_hyper_connection.hc_norm.weight,RENAMED_ONE_TO_ONE,gated_residual,10,REQUIRED_INITIAL_TEXT,gated_residual,KQ-GGUF-RULE-TENSOR-NAME-v1,KQ-GGUF-EVIDENCE-002
blk.10.hc_attn_up.weight,2,320x10240,3276800,8,Q8_0,32,34,8.5,49147246592,49158270912,3481600,0,49161752512,model.language_model.layers.10.attn_hyper_connection.input_mix_weight_up.weight,RENAMED_ONE_TO_ONE,gated_residual,10,REQUIRED_INITIAL_TEXT,gated_residual,KQ-GGUF-RULE-TENSOR-NAME-v1,KQ-GGUF-EVIDENCE-002
blk.10.hc_ffn_down.weight,2,10240x320,3276800,8,Q8_0,32,34,8.5,49150728192,49161752512,3481600,0,49165234112,model.language_model.layers.10.mlp_hyper_connection.input_mix_weight_down.weight,RENAMED_ONE_TO_ONE,gated_residual,10,REQUIRED_INITIAL_TEXT,gated_residual,KQ-GGUF-RULE-TENSOR-NAME-v1,KQ-GGUF-EVIDENCE-002
blk.10.hc_ffn_inject.weight,2,10240x4,40960,0,F32,1,4,32.0,49154209792,49165234112,163840,0,49165397952,model.language_model.layers.10.mlp_hyper_connection.block_inject_weight.weight,RENAMED_ONE_TO_ONE,gated_residual,10,REQUIRED_INITIAL_TEXT,gated_residual,KQ-GGUF-RULE-TENSOR-NAME-v1,KQ-GGUF-EVIDENCE-002
blk.10.hc_ffn_norm.weight,1,10240,10240,0,F32,1,4,32.0,49154373632,49165397952,40960,0,49165438912,model.language_model.layers.10.mlp_hyper_connection.hc_norm.weight,RENAMED_ONE_TO_ONE,gated_residual,10,REQUIRED_INITIAL_TEXT,gated_residual,KQ-GGUF-RULE-TENSOR-NAME-v1,KQ-GGUF-EVIDENCE-002
blk.10.hc_ffn_up.weight,2,320x10240,3276800,8,Q8_0,32,34,8.5,49154414592,49165438912,3481600,0,49168920512,model.language_model.layers.10.mlp_hyper_connection.input_mix_weight_up.weight,RENAMED_ONE_TO_ONE,gated_residual,10,REQUIRED_INITIAL_TEXT,gated_residual,KQ-GGUF-RULE-TENSOR-NAME-v1,KQ-GGUF-EVIDENCE-002
blk.10.ssm_a,1,48,48,0,F32,1,4,32.0,49157896192,49168920512,192,0,49168920704,model.language_model.layers.10.linear_attn.A_log,TRANSFORMED_LAYOUT,gdn,10,REQUIRED_INITIAL_TEXT,gdn,KQ-GGUF-RULE-CONVERTER-TRANSFORM-v1,KQ-GGUF-EVIDENCE-003
blk.10.ssm_alpha.weight,2,2560x48,122880,0,F32,1,4,32.0,49157896384,49168920704,491520,0,49169412224,model.language_model.layers.10.linear_attn.in_proj_a.weight,TRANSFORMED_LAYOUT,gdn,10,REQUIRED_INITIAL_TEXT,gdn,KQ-GGUF-RULE-CONVERTER-TRANSFORM-v1,KQ-GGUF-EVIDENCE-003
blk.10.ssm_beta.weight,2,2560x48,122880,0,F32,1,4,32.0,49158387904,49169412224,491520,0,49169903744,model.language_model.layers.10.linear_attn.in_proj_b.weight,TRANSFORMED_LAYOUT,gdn,10,REQUIRED_INITIAL_TEXT,gdn,KQ-GGUF-RULE-CONVERTER-TRANSFORM-v1,KQ-GGUF-EVIDENCE-003
blk.10.ssm_conv1d.weight,2,4x10240,40960,0,F32,1,4,32.0,49158879424,49169903744,163840,0,49170067584,model.language_model.layers.10.linear_attn.conv1d.weight,TRANSFORMED_LAYOUT,gdn,10,REQUIRED_INITIAL_TEXT,gdn,KQ-GGUF-RULE-CONVERTER-TRANSFORM-v1,KQ-GGUF-EVIDENCE-003
blk.10.ssm_dt.bias,1,48,48,0,F32,1,4,32.0,49159043264,49170067584,192,0,49170067776,model.language_model.layers.10.linear_attn.dt_bias,RENAMED_ONE_TO_ONE,gdn,10,REQUIRED_INITIAL_TEXT,gdn,KQ-GGUF-RULE-TENSOR-NAME-v1,KQ-GGUF-EVIDENCE-002
blk.10.ssm_norm.weight,1,128,128,0,F32,1,4,32.0,49159043456,49170067776,512,0,49170068288,model.language_model.layers.10.linear_attn.norm.weight,RENAMED_ONE_TO_ONE,gdn,10,REQUIRED_INITIAL_TEXT,gdn,KQ-GGUF-RULE-TENSOR-NAME-v1,KQ-GGUF-EVIDENCE-002
blk.10.ssm_out.weight,2,6144x2560,15728640,8,Q8_0,32,34,8.5,49159043968,49170068288,16711680,0,49186779968,model.language_model.layers.10.linear_attn.out_proj.weight,TRANSFORMED_LAYOUT,gdn,10,REQUIRED_INITIAL_TEXT,gdn,KQ-GGUF-RULE-CONVERTER-TRANSFORM-v1,KQ-GGUF-EVIDENCE-003
blk.11.attn_k.weight,2,2560x512,1310720,8,Q8_0,32,34,8.5,49175755648,49186779968,1392640,0,49188172608,model.language_model.layers.11.self_attn.k_proj.weight,RENAMED_ONE_TO_ONE,qsa_attention,11,REQUIRED_INITIAL_TEXT,qsa_attention,KQ-GGUF-RULE-TENSOR-NAME-v1,KQ-GGUF-EVIDENCE-002
blk.11.attn_k_norm.weight,1,256,256,0,F32,1,4,32.0,49177148288,49188172608,1024,0,49188173632,model.language_model.layers.11.self_attn.k_norm.weight,RENAMED_ONE_TO_ONE,qsa_attention,11,REQUIRED_INITIAL_TEXT,qsa_attention,KQ-GGUF-RULE-TENSOR-NAME-v1,KQ-GGUF-EVIDENCE-002
blk.11.attn_output.weight,2,6144x2560,15728640,8,Q8_0,32,34,8.5,49177149312,49188173632,16711680,0,49204885312,model.language_model.layers.11.self_attn.o_proj.weight,RENAMED_ONE_TO_ONE,qsa_attention,11,REQUIRED_INITIAL_TEXT,qsa_attention,KQ-GGUF-RULE-TENSOR-NAME-v1,KQ-GGUF-EVIDENCE-002
blk.11.attn_q.weight,2,2560x12288,31457280,8,Q8_0,32,34,8.5,49193860992,49204885312,33423360,0,49238308672,model.language_model.layers.11.self_attn.q_proj.weight,RENAMED_ONE_TO_ONE,qsa_attention,11,REQUIRED_INITIAL_TEXT,qsa_attention,KQ-GGUF-RULE-TENSOR-NAME-v1,KQ-GGUF-EVIDENCE-002
blk.11.attn_q_norm.weight,1,256,256,0,F32,1,4,32.0,49227284352,49238308672,1024,0,49238309696,model.language_model.layers.11.self_attn.q_norm.weight,RENAMED_ONE_TO_ONE,qsa_attention,11,REQUIRED_INITIAL_TEXT,qsa_attention,KQ-GGUF-RULE-TENSOR-NAME-v1,KQ-GGUF-EVIDENCE-002
blk.11.attn_v.weight,2,2560x512,1310720,8,Q8_0,32,34,8.5,49227285376,49238309696,1392640,0,49239702336,model.language_model.layers.11.self_attn.v_proj.weight,RENAMED_ONE_TO_ONE,qsa_attention,11,REQUIRED_INITIAL_TEXT,qsa_attention,KQ-GGUF-RULE-TENSOR-NAME-v1,KQ-GGUF-EVIDENCE-002
blk.11.ffn_down_exps.weight,3,640x2560x512,838860800,7,Q5_1,32,24,6.0,49228678016,49239702336,629145600,0,49868847936,model.language_model.layers.11.mlp.experts.down_proj,RENAMED_ONE_TO_ONE,routed_experts,11,REQUIRED_INITIAL_TEXT,routed_experts,KQ-GGUF-RULE-TENSOR-NAME-v1,KQ-GGUF-EVIDENCE-002
blk.11.ffn_down_shexp.weight,2,640x2560,1638400,8,Q8_0,32,34,8.5,49857823616,49868847936,1740800,0,49870588736,model.language_model.layers.11.mlp.shared_expert.down_proj.weight,RENAMED_ONE_TO_ONE,shared_expert,11,REQUIRED_INITIAL_TEXT,shared_experts,KQ-GGUF-RULE-TENSOR-NAME-v1,KQ-GGUF-EVIDENCE-002
blk.11.ffn_gate_exps.weight,3,2560x640x512,838860800,12,Q4_K,256,144,4.5,49859564416,49870588736,471859200,0,50342447936,model.language_model.layers.11.mlp.experts.gate_up_proj,SPLIT_IN_GGUF,routed_experts,11,REQUIRED_INITIAL_TEXT,routed_experts,KQ-GGUF-RULE-MOE-SPLIT-v1,KQ-GGUF-EVIDENCE-004
blk.11.ffn_gate_inp.weight,2,2560x512,1310720,0,F32,1,4,32.0,50331423616,50342447936,5242880,0,50347690816,model.language_model.layers.11.mlp.gate.weight,RENAMED_ONE_TO_ONE,router,11,REQUIRED_INITIAL_TEXT,router,KQ-GGUF-RULE-TENSOR-NAME-v1,KQ-GGUF-EVIDENCE-002
blk.11.ffn_gate_inp_shexp.weight,1,2560,2560,0,F32,1,4,32.0,50336666496,50347690816,10240,0,50347701056,model.language_model.layers.11.mlp.shared_expert_gate.weight,RENAMED_ONE_TO_ONE,shared_expert,11,REQUIRED_INITIAL_TEXT,shared_experts,KQ-GGUF-RULE-TENSOR-NAME-v1,KQ-GGUF-EVIDENCE-002
blk.11.ffn_gate_shexp.weight,2,2560x640,1638400,8,Q8_0,32,34,8.5,50336676736,50347701056,1740800,0,50349441856,model.language_model.layers.11.mlp.shared_expert.gate_proj.weight,RENAMED_ONE_TO_ONE,shared_expert,11,REQUIRED_INITIAL_TEXT,shared_experts,KQ-GGUF-RULE-TENSOR-NAME-v1,KQ-GGUF-EVIDENCE-002
blk.11.ffn_up_exps.weight,3,2560x640x512,838860800,12,Q4_K,256,144,4.5,50338417536,50349441856,471859200,0,50821301056,model.language_model.layers.11.mlp.experts.gate_up_proj,SPLIT_IN_GGUF,routed_experts,11,REQUIRED_INITIAL_TEXT,routed_experts,KQ-GGUF-RULE-MOE-SPLIT-v1,KQ-GGUF-EVIDENCE-004
blk.11.ffn_up_shexp.weight,2,2560x640,1638400,8,Q8_0,32,34,8.5,50810276736,50821301056,1740800,0,50823041856,model.language_model.layers.11.mlp.shared_expert.up_proj.weight,RENAMED_ONE_TO_ONE,shared_expert,11,REQUIRED_INITIAL_TEXT,shared_experts,KQ-GGUF-RULE-TENSOR-NAME-v1,KQ-GGUF-EVIDENCE-002
blk.11.hc_attn_down.weight,2,10240x320,3276800,8,Q8_0,32,34,8.5,50812017536,50823041856,3481600,0,50826523456,model.language_model.layers.11.attn_hyper_connection.input_mix_weight_down.weight,RENAMED_ONE_TO_ONE,gated_residual,11,REQUIRED_INITIAL_TEXT,gated_residual,KQ-GGUF-RULE-TENSOR-NAME-v1,KQ-GGUF-EVIDENCE-002
blk.11.hc_attn_inject.weight,2,10240x4,40960,0,F32,1,4,32.0,50815499136,50826523456,163840,0,50826687296,model.language_model.layers.11.attn_hyper_connection.block_inject_weight.weight,RENAMED_ONE_TO_ONE,gated_residual,11,REQUIRED_INITIAL_TEXT,gated_residual,KQ-GGUF-RULE-TENSOR-NAME-v1,KQ-GGUF-EVIDENCE-002
blk.11.hc_attn_norm.weight,1,10240,10240,0,F32,1,4,32.0,50815662976,50826687296,40960,0,50826728256,model.language_model.layers.11.attn_hyper_connection.hc_norm.weight,RENAMED_ONE_TO_ONE,gated_residual,11,REQUIRED_INITIAL_TEXT,gated_residual,KQ-GGUF-RULE-TENSOR-NAME-v1,KQ-GGUF-EVIDENCE-002
blk.11.hc_attn_up.weight,2,320x10240,3276800,8,Q8_0,32,34,8.5,50815703936,50826728256,3481600,0,50830209856,model.language_model.layers.11.attn_hyper_connection.input_mix_weight_up.weight,RENAMED_ONE_TO_ONE,gated_residual,11,REQUIRED_INITIAL_TEXT,gated_residual,KQ-GGUF-RULE-TENSOR-NAME-v1,KQ-GGUF-EVIDENCE-002
blk.11.hc_ffn_down.weight,2,10240x320,3276800,8,Q8_0,32,34,8.5,50819185536,50830209856,3481600,0,50833691456,model.language_model.layers.11.mlp_hyper_connection.input_mix_weight_down.weight,RENAMED_ONE_TO_ONE,gated_residual,11,REQUIRED_INITIAL_TEXT,gated_residual,KQ-GGUF-RULE-TENSOR-NAME-v1,KQ-GGUF-EVIDENCE-002
blk.11.hc_ffn_inject.weight,2,10240x4,40960,0,F32,1,4,32.0,50822667136,50833691456,163840,0,50833855296,model.language_model.layers.11.mlp_hyper_connection.block_inject_weight.weight,RENAMED_ONE_TO_ONE,gated_residual,11,REQUIRED_INITIAL_TEXT,gated_residual,KQ-GGUF-RULE-TENSOR-NAME-v1,KQ-GGUF-EVIDENCE-002
blk.11.hc_ffn_norm.weight,1,10240,10240,0,F32,1,4,32.0,50822830976,50833855296,40960,0,50833896256,model.language_model.layers.11.mlp_hyper_connection.hc_norm.weight,RENAMED_ONE_TO_ONE,gated_residual,11,REQUIRED_INITIAL_TEXT,gated_residual,KQ-GGUF-RULE-TENSOR-NAME-v1,KQ-GGUF-EVIDENCE-002
blk.11.hc_ffn_up.weight,2,320x10240,3276800,8,Q8_0,32,34,8.5,50822871936,50833896256,3481600,0,50837377856,model.language_model.layers.11.mlp_hyper_connection.input_mix_weight_up.weight,RENAMED_ONE_TO_ONE,gated_residual,11,REQUIRED_INITIAL_TEXT,gated_residual,KQ-GGUF-RULE-TENSOR-NAME-v1,KQ-GGUF-EVIDENCE-002
blk.11.indexer.k_norm.weight,1,128,128,0,F32,1,4,32.0,50826353536,50837377856,512,0,50837378368,model.language_model.layers.11.self_attn.indexer.k_layernorm.weight,RENAMED_ONE_TO_ONE,qsa_indexer,11,REQUIRED_INITIAL_TEXT,qsa_indexer,KQ-GGUF-RULE-TENSOR-NAME-v1,KQ-GGUF-EVIDENCE-002
blk.11.indexer.k_proj.weight,2,2560x128,327680,30,BF16,1,2,16.0,50826354048,50837378368,655360,0,50838033728,model.language_model.layers.11.self_attn.indexer.index_qk_proj.weight,SPLIT_IN_GGUF,qsa_indexer,11,REQUIRED_INITIAL_TEXT,qsa_indexer,KQ-GGUF-RULE-QSA-SPLIT-v1,KQ-GGUF-EVIDENCE-003
blk.11.indexer.q_norm.weight,1,128,128,0,F32,1,4,32.0,50827009408,50838033728,512,0,50838034240,model.language_model.layers.11.self_attn.indexer.q_layernorm.weight,RENAMED_ONE_TO_ONE,qsa_indexer,11,REQUIRED_INITIAL_TEXT,qsa_indexer,KQ-GGUF-RULE-TENSOR-NAME-v1,KQ-GGUF-EVIDENCE-002
blk.11.indexer.q_proj.weight,2,2560x512,1310720,30,BF16,1,2,16.0,50827009920,50838034240,2621440,0,50840655680,model.language_model.layers.11.self_attn.indexer.index_qk_proj.weight,SPLIT_IN_GGUF,qsa_indexer,11,REQUIRED_INITIAL_TEXT,qsa_indexer,KQ-GGUF-RULE-QSA-SPLIT-v1,KQ-GGUF-EVIDENCE-003
blk.12.attn_gate.weight,2,2560x6144,15728640,8,Q8_0,32,34,8.5,50829631360,50840655680,16711680,0,50857367360,model.language_model.layers.12.linear_attn.in_proj_z.weight,TRANSFORMED_LAYOUT,gdn,12,REQUIRED_INITIAL_TEXT,gdn,KQ-GGUF-RULE-CONVERTER-TRANSFORM-v1,KQ-GGUF-EVIDENCE-003
blk.12.attn_qkv.weight,2,2560x10240,26214400,8,Q8_0,32,34,8.5,50846343040,50857367360,27852800,0,50885220160,model.language_model.layers.12.linear_attn.in_proj_qkv.weight,TRANSFORMED_LAYOUT,gdn,12,REQUIRED_INITIAL_TEXT,gdn,KQ-GGUF-RULE-CONVERTER-TRANSFORM-v1,KQ-GGUF-EVIDENCE-003
blk.12.ffn_down_exps.weight,3,640x2560x512,838860800,7,Q5_1,32,24,6.0,50874195840,50885220160,629145600,0,51514365760,model.language_model.layers.12.mlp.experts.down_proj,RENAMED_ONE_TO_ONE,routed_experts,12,REQUIRED_INITIAL_TEXT,routed_experts,KQ-GGUF-RULE-TENSOR-NAME-v1,KQ-GGUF-EVIDENCE-002
blk.12.ffn_down_shexp.weight,2,640x2560,1638400,8,Q8_0,32,34,8.5,51503341440,51514365760,1740800,0,51516106560,model.language_model.layers.12.mlp.shared_expert.down_proj.weight,RENAMED_ONE_TO_ONE,shared_expert,12,REQUIRED_INITIAL_TEXT,shared_experts,KQ-GGUF-RULE-TENSOR-NAME-v1,KQ-GGUF-EVIDENCE-002
blk.12.ffn_gate_exps.weight,3,2560x640x512,838860800,12,Q4_K,256,144,4.5,51505082240,51516106560,471859200,0,51987965760,model.language_model.layers.12.mlp.experts.gate_up_proj,SPLIT_IN_GGUF,routed_experts,12,REQUIRED_INITIAL_TEXT,routed_experts,KQ-GGUF-RULE-MOE-SPLIT-v1,KQ-GGUF-EVIDENCE-004
blk.12.ffn_gate_inp.weight,2,2560x512,1310720,0,F32,1,4,32.0,51976941440,51987965760,5242880,0,51993208640,model.language_model.layers.12.mlp.gate.weight,RENAMED_ONE_TO_ONE,router,12,REQUIRED_INITIAL_TEXT,router,KQ-GGUF-RULE-TENSOR-NAME-v1,KQ-GGUF-EVIDENCE-002
blk.12.ffn_gate_inp_shexp.weight,1,2560,2560,0,F32,1,4,32.0,51982184320,51993208640,10240,0,51993218880,model.language_model.layers.12.mlp.shared_expert_gate.weight,RENAMED_ONE_TO_ONE,shared_expert,12,REQUIRED_INITIAL_TEXT,shared_experts,KQ-GGUF-RULE-TENSOR-NAME-v1,KQ-GGUF-EVIDENCE-002
blk.12.ffn_gate_shexp.weight,2,2560x640,1638400,8,Q8_0,32,34,8.5,51982194560,51993218880,1740800,0,51994959680,model.language_model.layers.12.mlp.shared_expert.gate_proj.weight,RENAMED_ONE_TO_ONE,shared_expert,12,REQUIRED_INITIAL_TEXT,shared_experts,KQ-GGUF-RULE-TENSOR-NAME-v1,KQ-GGUF-EVIDENCE-002
blk.12.ffn_up_exps.weight,3,2560x640x512,838860800,12,Q4_K,256,144,4.5,51983935360,51994959680,471859200,0,52466818880,model.language_model.layers.12.mlp.experts.gate_up_proj,SPLIT_IN_GGUF,routed_experts,12,REQUIRED_INITIAL_TEXT,routed_experts,KQ-GGUF-RULE-MOE-SPLIT-v1,KQ-GGUF-EVIDENCE-004
blk.12.ffn_up_shexp.weight,2,2560x640,1638400,8,Q8_0,32,34,8.5,52455794560,52466818880,1740800,0,52468559680,model.language_model.layers.12.mlp.shared_expert.up_proj.weight,RENAMED_ONE_TO_ONE,shared_expert,12,REQUIRED_INITIAL_TEXT,shared_experts,KQ-GGUF-RULE-TENSOR-NAME-v1,KQ-GGUF-EVIDENCE-002
blk.12.hc_attn_down.weight,2,10240x320,3276800,8,Q8_0,32,34,8.5,52457535360,52468559680,3481600,0,52472041280,model.language_model.layers.12.attn_hyper_connection.input_mix_weight_down.weight,RENAMED_ONE_TO_ONE,gated_residual,12,REQUIRED_INITIAL_TEXT,gated_residual,KQ-GGUF-RULE-TENSOR-NAME-v1,KQ-GGUF-EVIDENCE-002
blk.12.hc_attn_inject.weight,2,10240x4,40960,0,F32,1,4,32.0,52461016960,52472041280,163840,0,52472205120,model.language_model.layers.12.attn_hyper_connection.block_inject_weight.weight,RENAMED_ONE_TO_ONE,gated_residual,12,REQUIRED_INITIAL_TEXT,gated_residual,KQ-GGUF-RULE-TENSOR-NAME-v1,KQ-GGUF-EVIDENCE-002
blk.12.hc_attn_norm.weight,1,10240,10240,0,F32,1,4,32.0,52461180800,52472205120,40960,0,52472246080,model.language_model.layers.12.attn_hyper_connection.hc_norm.weight,RENAMED_ONE_TO_ONE,gated_residual,12,REQUIRED_INITIAL_TEXT,gated_residual,KQ-GGUF-RULE-TENSOR-NAME-v1,KQ-GGUF-EVIDENCE-002
blk.12.hc_attn_up.weight,2,320x10240,3276800,8,Q8_0,32,34,8.5,52461221760,52472246080,3481600,0,52475727680,model.language_model.layers.12.attn_hyper_connection.input_mix_weight_up.weight,RENAMED_ONE_TO_ONE,gated_residual,12,REQUIRED_INITIAL_TEXT,gated_residual,KQ-GGUF-RULE-TENSOR-NAME-v1,KQ-GGUF-EVIDENCE-002
blk.12.hc_ffn_down.weight,2,10240x320,3276800,8,Q8_0,32,34,8.5,52464703360,52475727680,3481600,0,52479209280,model.language_model.layers.12.mlp_hyper_connection.input_mix_weight_down.weight,RENAMED_ONE_TO_ONE,gated_residual,12,REQUIRED_INITIAL_TEXT,gated_residual,KQ-GGUF-RULE-TENSOR-NAME-v1,KQ-GGUF-EVIDENCE-002
blk.12.hc_ffn_inject.weight,2,10240x4,40960,0,F32,1,4,32.0,52468184960,52479209280,163840,0,52479373120,model.language_model.layers.12.mlp_hyper_connection.block_inject_weight.weight,RENAMED_ONE_TO_ONE,gated_residual,12,REQUIRED_INITIAL_TEXT,gated_residual,KQ-GGUF-RULE-TENSOR-NAME-v1,KQ-GGUF-EVIDENCE-002
blk.12.hc_ffn_norm.weight,1,10240,10240,0,F32,1,4,32.0,52468348800,52479373120,40960,0,52479414080,model.language_model.layers.12.mlp_hyper_connection.hc_norm.weight,RENAMED_ONE_TO_ONE,gated_residual,12,REQUIRED_INITIAL_TEXT,gated_residual,KQ-GGUF-RULE-TENSOR-NAME-v1,KQ-GGUF-EVIDENCE-002
blk.12.hc_ffn_up.weight,2,320x10240,3276800,8,Q8_0,32,34,8.5,52468389760,52479414080,3481600,0,52482895680,model.language_model.layers.12.mlp_hyper_connection.input_mix_weight_up.weight,RENAMED_ONE_TO_ONE,gated_residual,12,REQUIRED_INITIAL_TEXT,gated_residual,KQ-GGUF-RULE-TENSOR-NAME-v1,KQ-GGUF-EVIDENCE-002
blk.12.ssm_a,1,48,48,0,F32,1,4,32.0,52471871360,52482895680,192,0,52482895872,model.language_model.layers.12.linear_attn.A_log,TRANSFORMED_LAYOUT,gdn,12,REQUIRED_INITIAL_TEXT,gdn,KQ-GGUF-RULE-CONVERTER-TRANSFORM-v1,KQ-GGUF-EVIDENCE-003
blk.12.ssm_alpha.weight,2,2560x48,122880,0,F32,1,4,32.0,52471871552,52482895872,491520,0,52483387392,model.language_model.layers.12.linear_attn.in_proj_a.weight,TRANSFORMED_LAYOUT,gdn,12,REQUIRED_INITIAL_TEXT,gdn,KQ-GGUF-RULE-CONVERTER-TRANSFORM-v1,KQ-GGUF-EVIDENCE-003
blk.12.ssm_beta.weight,2,2560x48,122880,0,F32,1,4,32.0,52472363072,52483387392,491520,0,52483878912,model.language_model.layers.12.linear_attn.in_proj_b.weight,TRANSFORMED_LAYOUT,gdn,12,REQUIRED_INITIAL_TEXT,gdn,KQ-GGUF-RULE-CONVERTER-TRANSFORM-v1,KQ-GGUF-EVIDENCE-003
blk.12.ssm_conv1d.weight,2,4x10240,40960,0,F32,1,4,32.0,52472854592,52483878912,163840,0,52484042752,model.language_model.layers.12.linear_attn.conv1d.weight,TRANSFORMED_LAYOUT,gdn,12,REQUIRED_INITIAL_TEXT,gdn,KQ-GGUF-RULE-CONVERTER-TRANSFORM-v1,KQ-GGUF-EVIDENCE-003
blk.12.ssm_dt.bias,1,48,48,0,F32,1,4,32.0,52473018432,52484042752,192,0,52484042944,model.language_model.layers.12.linear_attn.dt_bias,RENAMED_ONE_TO_ONE,gdn,12,REQUIRED_INITIAL_TEXT,gdn,KQ-GGUF-RULE-TENSOR-NAME-v1,KQ-GGUF-EVIDENCE-002
blk.12.ssm_norm.weight,1,128,128,0,F32,1,4,32.0,52473018624,52484042944,512,0,52484043456,model.language_model.layers.12.linear_attn.norm.weight,RENAMED_ONE_TO_ONE,gdn,12,REQUIRED_INITIAL_TEXT,gdn,KQ-GGUF-RULE-TENSOR-NAME-v1,KQ-GGUF-EVIDENCE-002
blk.12.ssm_out.weight,2,6144x2560,15728640,8,Q8_0,32,34,8.5,52473019136,52484043456,16711680,0,52500755136,model.language_model.layers.12.linear_attn.out_proj.weight,TRANSFORMED_LAYOUT,gdn,12,REQUIRED_INITIAL_TEXT,gdn,KQ-GGUF-RULE-CONVERTER-TRANSFORM-v1,KQ-GGUF-EVIDENCE-003
blk.13.attn_gate.weight,2,2560x6144,15728640,8,Q8_0,32,34,8.5,52489730816,52500755136,16711680,0,52517466816,model.language_model.layers.13.linear_attn.in_proj_z.weight,TRANSFORMED_LAYOUT,gdn,13,REQUIRED_INITIAL_TEXT,gdn,KQ-GGUF-RULE-CONVERTER-TRANSFORM-v1,KQ-GGUF-EVIDENCE-003
blk.13.attn_qkv.weight,2,2560x10240,26214400,8,Q8_0,32,34,8.5,52506442496,52517466816,27852800,0,52545319616,model.language_model.layers.13.linear_attn.in_proj_qkv.weight,TRANSFORMED_LAYOUT,gdn,13,REQUIRED_INITIAL_TEXT,gdn,KQ-GGUF-RULE-CONVERTER-TRANSFORM-v1,KQ-GGUF-EVIDENCE-003
blk.13.ffn_down_exps.weight,3,640x2560x512,838860800,7,Q5_1,32,24,6.0,52534295296,52545319616,629145600,0,53174465216,model.language_model.layers.13.mlp.experts.down_proj,RENAMED_ONE_TO_ONE,routed_experts,13,REQUIRED_INITIAL_TEXT,routed_experts,KQ-GGUF-RULE-TENSOR-NAME-v1,KQ-GGUF-EVIDENCE-002
blk.13.ffn_down_shexp.weight,2,640x2560,1638400,8,Q8_0,32,34,8.5,53163440896,53174465216,1740800,0,53176206016,model.language_model.layers.13.mlp.shared_expert.down_proj.weight,RENAMED_ONE_TO_ONE,shared_expert,13,REQUIRED_INITIAL_TEXT,shared_experts,KQ-GGUF-RULE-TENSOR-NAME-v1,KQ-GGUF-EVIDENCE-002
blk.13.ffn_gate_exps.weight,3,2560x640x512,838860800,12,Q4_K,256,144,4.5,53165181696,53176206016,471859200,0,53648065216,model.language_model.layers.13.mlp.experts.gate_up_proj,SPLIT_IN_GGUF,routed_experts,13,REQUIRED_INITIAL_TEXT,routed_experts,KQ-GGUF-RULE-MOE-SPLIT-v1,KQ-GGUF-EVIDENCE-004
blk.13.ffn_gate_inp.weight,2,2560x512,1310720,0,F32,1,4,32.0,53637040896,53648065216,5242880,0,53653308096,model.language_model.layers.13.mlp.gate.weight,RENAMED_ONE_TO_ONE,router,13,REQUIRED_INITIAL_TEXT,router,KQ-GGUF-RULE-TENSOR-NAME-v1,KQ-GGUF-EVIDENCE-002
blk.13.ffn_gate_inp_shexp.weight,1,2560,2560,0,F32,1,4,32.0,53642283776,53653308096,10240,0,53653318336,model.language_model.layers.13.mlp.shared_expert_gate.weight,RENAMED_ONE_TO_ONE,shared_expert,13,REQUIRED_INITIAL_TEXT,shared_experts,KQ-GGUF-RULE-TENSOR-NAME-v1,KQ-GGUF-EVIDENCE-002
blk.13.ffn_gate_shexp.weight,2,2560x640,1638400,8,Q8_0,32,34,8.5,53642294016,53653318336,1740800,0,53655059136,model.language_model.layers.13.mlp.shared_expert.gate_proj.weight,RENAMED_ONE_TO_ONE,shared_expert,13,REQUIRED_INITIAL_TEXT,shared_experts,KQ-GGUF-RULE-TENSOR-NAME-v1,KQ-GGUF-EVIDENCE-002
blk.13.ffn_up_exps.weight,3,2560x640x512,838860800,12,Q4_K,256,144,4.5,53644034816,53655059136,471859200,0,54126918336,model.language_model.layers.13.mlp.experts.gate_up_proj,SPLIT_IN_GGUF,routed_experts,13,REQUIRED_INITIAL_TEXT,routed_experts,KQ-GGUF-RULE-MOE-SPLIT-v1,KQ-GGUF-EVIDENCE-004
blk.13.ffn_up_shexp.weight,2,2560x640,1638400,8,Q8_0,32,34,8.5,54115894016,54126918336,1740800,0,54128659136,model.language_model.layers.13.mlp.shared_expert.up_proj.weight,RENAMED_ONE_TO_ONE,shared_expert,13,REQUIRED_INITIAL_TEXT,shared_experts,KQ-GGUF-RULE-TENSOR-NAME-v1,KQ-GGUF-EVIDENCE-002
blk.13.hc_attn_down.weight,2,10240x320,3276800,8,Q8_0,32,34,8.5,54117634816,54128659136,3481600,0,54132140736,model.language_model.layers.13.attn_hyper_connection.input_mix_weight_down.weight,RENAMED_ONE_TO_ONE,gated_residual,13,REQUIRED_INITIAL_TEXT,gated_residual,KQ-GGUF-RULE-TENSOR-NAME-v1,KQ-GGUF-EVIDENCE-002
blk.13.hc_attn_inject.weight,2,10240x4,40960,0,F32,1,4,32.0,54121116416,54132140736,163840,0,54132304576,model.language_model.layers.13.attn_hyper_connection.block_inject_weight.weight,RENAMED_ONE_TO_ONE,gated_residual,13,REQUIRED_INITIAL_TEXT,gated_residual,KQ-GGUF-RULE-TENSOR-NAME-v1,KQ-GGUF-EVIDENCE-002
blk.13.hc_attn_norm.weight,1,10240,10240,0,F32,1,4,32.0,54121280256,54132304576,40960,0,54132345536,model.language_model.layers.13.attn_hyper_connection.hc_norm.weight,RENAMED_ONE_TO_ONE,gated_residual,13,REQUIRED_INITIAL_TEXT,gated_residual,KQ-GGUF-RULE-TENSOR-NAME-v1,KQ-GGUF-EVIDENCE-002
blk.13.hc_attn_up.weight,2,320x10240,3276800,8,Q8_0,32,34,8.5,54121321216,54132345536,3481600,0,54135827136,model.language_model.layers.13.attn_hyper_connection.input_mix_weight_up.weight,RENAMED_ONE_TO_ONE,gated_residual,13,REQUIRED_INITIAL_TEXT,gated_residual,KQ-GGUF-RULE-TENSOR-NAME-v1,KQ-GGUF-EVIDENCE-002
blk.13.hc_ffn_down.weight,2,10240x320,3276800,8,Q8_0,32,34,8.5,54124802816,54135827136,3481600,0,54139308736,model.language_model.layers.13.mlp_hyper_connection.input_mix_weight_down.weight,RENAMED_ONE_TO_ONE,gated_residual,13,REQUIRED_INITIAL_TEXT,gated_residual,KQ-GGUF-RULE-TENSOR-NAME-v1,KQ-GGUF-EVIDENCE-002
blk.13.hc_ffn_inject.weight,2,10240x4,40960,0,F32,1,4,32.0,54128284416,54139308736,163840,0,54139472576,model.language_model.layers.13.mlp_hyper_connection.block_inject_weight.weight,RENAMED_ONE_TO_ONE,gated_residual,13,REQUIRED_INITIAL_TEXT,gated_residual,KQ-GGUF-RULE-TENSOR-NAME-v1,KQ-GGUF-EVIDENCE-002
blk.13.hc_ffn_norm.weight,1,10240,10240,0,F32,1,4,32.0,54128448256,54139472576,40960,0,54139513536,model.language_model.layers.13.mlp_hyper_connection.hc_norm.weight,RENAMED_ONE_TO_ONE,gated_residual,13,REQUIRED_INITIAL_TEXT,gated_residual,KQ-GGUF-RULE-TENSOR-NAME-v1,KQ-GGUF-EVIDENCE-002
blk.13.hc_ffn_up.weight,2,320x10240,3276800,8,Q8_0,32,34,8.5,54128489216,54139513536,3481600,0,54142995136,model.language_model.layers.13.mlp_hyper_connection.input_mix_weight_up.weight,RENAMED_ONE_TO_ONE,gated_residual,13,REQUIRED_INITIAL_TEXT,gated_residual,KQ-GGUF-RULE-TENSOR-NAME-v1,KQ-GGUF-EVIDENCE-002
blk.13.ssm_a,1,48,48,0,F32,1,4,32.0,54131970816,54142995136,192,0,54142995328,model.language_model.layers.13.linear_attn.A_log,TRANSFORMED_LAYOUT,gdn,13,REQUIRED_INITIAL_TEXT,gdn,KQ-GGUF-RULE-CONVERTER-TRANSFORM-v1,KQ-GGUF-EVIDENCE-003
blk.13.ssm_alpha.weight,2,2560x48,122880,0,F32,1,4,32.0,54131971008,54142995328,491520,0,54143486848,model.language_model.layers.13.linear_attn.in_proj_a.weight,TRANSFORMED_LAYOUT,gdn,13,REQUIRED_INITIAL_TEXT,gdn,KQ-GGUF-RULE-CONVERTER-TRANSFORM-v1,KQ-GGUF-EVIDENCE-003
blk.13.ssm_beta.weight,2,2560x48,122880,0,F32,1,4,32.0,54132462528,54143486848,491520,0,54143978368,model.language_model.layers.13.linear_attn.in_proj_b.weight,TRANSFORMED_LAYOUT,gdn,13,REQUIRED_INITIAL_TEXT,gdn,KQ-GGUF-RULE-CONVERTER-TRANSFORM-v1,KQ-GGUF-EVIDENCE-003
blk.13.ssm_conv1d.weight,2,4x10240,40960,0,F32,1,4,32.0,54132954048,54143978368,163840,0,54144142208,model.language_model.layers.13.linear_attn.conv1d.weight,TRANSFORMED_LAYOUT,gdn,13,REQUIRED_INITIAL_TEXT,gdn,KQ-GGUF-RULE-CONVERTER-TRANSFORM-v1,KQ-GGUF-EVIDENCE-003
blk.13.ssm_dt.bias,1,48,48,0,F32,1,4,32.0,54133117888,54144142208,192,0,54144142400,model.language_model.layers.13.linear_attn.dt_bias,RENAMED_ONE_TO_ONE,gdn,13,REQUIRED_INITIAL_TEXT,gdn,KQ-GGUF-RULE-TENSOR-NAME-v1,KQ-GGUF-EVIDENCE-002
blk.13.ssm_norm.weight,1,128,128,0,F32,1,4,32.0,54133118080,54144142400,512,0,54144142912,model.language_model.layers.13.linear_attn.norm.weight,RENAMED_ONE_TO_ONE,gdn,13,REQUIRED_INITIAL_TEXT,gdn,KQ-GGUF-RULE-TENSOR-NAME-v1,KQ-GGUF-EVIDENCE-002
blk.13.ssm_out.weight,2,6144x2560,15728640,8,Q8_0,32,34,8.5,54133118592,54144142912,16711680,0,54160854592,model.language_model.layers.13.linear_attn.out_proj.weight,TRANSFORMED_LAYOUT,gdn,13,REQUIRED_INITIAL_TEXT,gdn,KQ-GGUF-RULE-CONVERTER-TRANSFORM-v1,KQ-GGUF-EVIDENCE-003
blk.14.attn_gate.weight,2,2560x6144,15728640,8,Q8_0,32,34,8.5,54149830272,54160854592,16711680,0,54177566272,model.language_model.layers.14.linear_attn.in_proj_z.weight,TRANSFORMED_LAYOUT,gdn,14,REQUIRED_INITIAL_TEXT,gdn,KQ-GGUF-RULE-CONVERTER-TRANSFORM-v1,KQ-GGUF-EVIDENCE-003
blk.14.attn_qkv.weight,2,2560x10240,26214400,8,Q8_0,32,34,8.5,54166541952,54177566272,27852800,0,54205419072,model.language_model.layers.14.linear_attn.in_proj_qkv.weight,TRANSFORMED_LAYOUT,gdn,14,REQUIRED_INITIAL_TEXT,gdn,KQ-GGUF-RULE-CONVERTER-TRANSFORM-v1,KQ-GGUF-EVIDENCE-003
blk.14.ffn_down_exps.weight,3,640x2560x512,838860800,7,Q5_1,32,24,6.0,54194394752,54205419072,629145600,0,54834564672,model.language_model.layers.14.mlp.experts.down_proj,RENAMED_ONE_TO_ONE,routed_experts,14,REQUIRED_INITIAL_TEXT,routed_experts,KQ-GGUF-RULE-TENSOR-NAME-v1,KQ-GGUF-EVIDENCE-002
blk.14.ffn_down_shexp.weight,2,640x2560,1638400,8,Q8_0,32,34,8.5,54823540352,54834564672,1740800,0,54836305472,model.language_model.layers.14.mlp.shared_expert.down_proj.weight,RENAMED_ONE_TO_ONE,shared_expert,14,REQUIRED_INITIAL_TEXT,shared_experts,KQ-GGUF-RULE-TENSOR-NAME-v1,KQ-GGUF-EVIDENCE-002
blk.14.ffn_gate_exps.weight,3,2560x640x512,838860800,12,Q4_K,256,144,4.5,54825281152,54836305472,471859200,0,55308164672,model.language_model.layers.14.mlp.experts.gate_up_proj,SPLIT_IN_GGUF,routed_experts,14,REQUIRED_INITIAL_TEXT,routed_experts,KQ-GGUF-RULE-MOE-SPLIT-v1,KQ-GGUF-EVIDENCE-004
blk.14.ffn_gate_inp.weight,2,2560x512,1310720,0,F32,1,4,32.0,55297140352,55308164672,5242880,0,55313407552,model.language_model.layers.14.mlp.gate.weight,RENAMED_ONE_TO_ONE,router,14,REQUIRED_INITIAL_TEXT,router,KQ-GGUF-RULE-TENSOR-NAME-v1,KQ-GGUF-EVIDENCE-002
blk.14.ffn_gate_inp_shexp.weight,1,2560,2560,0,F32,1,4,32.0,55302383232,55313407552,10240,0,55313417792,model.language_model.layers.14.mlp.shared_expert_gate.weight,RENAMED_ONE_TO_ONE,shared_expert,14,REQUIRED_INITIAL_TEXT,shared_experts,KQ-GGUF-RULE-TENSOR-NAME-v1,KQ-GGUF-EVIDENCE-002
blk.14.ffn_gate_shexp.weight,2,2560x640,1638400,8,Q8_0,32,34,8.5,55302393472,55313417792,1740800,0,55315158592,model.language_model.layers.14.mlp.shared_expert.gate_proj.weight,RENAMED_ONE_TO_ONE,shared_expert,14,REQUIRED_INITIAL_TEXT,shared_experts,KQ-GGUF-RULE-TENSOR-NAME-v1,KQ-GGUF-EVIDENCE-002
blk.14.ffn_up_exps.weight,3,2560x640x512,838860800,12,Q4_K,256,144,4.5,55304134272,55315158592,471859200,0,55787017792,model.language_model.layers.14.mlp.experts.gate_up_proj,SPLIT_IN_GGUF,routed_experts,14,REQUIRED_INITIAL_TEXT,routed_experts,KQ-GGUF-RULE-MOE-SPLIT-v1,KQ-GGUF-EVIDENCE-004
blk.14.ffn_up_shexp.weight,2,2560x640,1638400,8,Q8_0,32,34,8.5,55775993472,55787017792,1740800,0,55788758592,model.language_model.layers.14.mlp.shared_expert.up_proj.weight,RENAMED_ONE_TO_ONE,shared_expert,14,REQUIRED_INITIAL_TEXT,shared_experts,KQ-GGUF-RULE-TENSOR-NAME-v1,KQ-GGUF-EVIDENCE-002
blk.14.hc_attn_down.weight,2,10240x320,3276800,8,Q8_0,32,34,8.5,55777734272,55788758592,3481600,0,55792240192,model.language_model.layers.14.attn_hyper_connection.input_mix_weight_down.weight,RENAMED_ONE_TO_ONE,gated_residual,14,REQUIRED_INITIAL_TEXT,gated_residual,KQ-GGUF-RULE-TENSOR-NAME-v1,KQ-GGUF-EVIDENCE-002
blk.14.hc_attn_inject.weight,2,10240x4,40960,0,F32,1,4,32.0,55781215872,55792240192,163840,0,55792404032,model.language_model.layers.14.attn_hyper_connection.block_inject_weight.weight,RENAMED_ONE_TO_ONE,gated_residual,14,REQUIRED_INITIAL_TEXT,gated_residual,KQ-GGUF-RULE-TENSOR-NAME-v1,KQ-GGUF-EVIDENCE-002
blk.14.hc_attn_norm.weight,1,10240,10240,0,F32,1,4,32.0,55781379712,55792404032,40960,0,55792444992,model.language_model.layers.14.attn_hyper_connection.hc_norm.weight,RENAMED_ONE_TO_ONE,gated_residual,14,REQUIRED_INITIAL_TEXT,gated_residual,KQ-GGUF-RULE-TENSOR-NAME-v1,KQ-GGUF-EVIDENCE-002
blk.14.hc_attn_up.weight,2,320x10240,3276800,8,Q8_0,32,34,8.5,55781420672,55792444992,3481600,0,55795926592,model.language_model.layers.14.attn_hyper_connection.input_mix_weight_up.weight,RENAMED_ONE_TO_ONE,gated_residual,14,REQUIRED_INITIAL_TEXT,gated_residual,KQ-GGUF-RULE-TENSOR-NAME-v1,KQ-GGUF-EVIDENCE-002
blk.14.hc_ffn_down.weight,2,10240x320,3276800,8,Q8_0,32,34,8.5,55784902272,55795926592,3481600,0,55799408192,model.language_model.layers.14.mlp_hyper_connection.input_mix_weight_down.weight,RENAMED_ONE_TO_ONE,gated_residual,14,REQUIRED_INITIAL_TEXT,gated_residual,KQ-GGUF-RULE-TENSOR-NAME-v1,KQ-GGUF-EVIDENCE-002
blk.14.hc_ffn_inject.weight,2,10240x4,40960,0,F32,1,4,32.0,55788383872,55799408192,163840,0,55799572032,model.language_model.layers.14.mlp_hyper_connection.block_inject_weight.weight,RENAMED_ONE_TO_ONE,gated_residual,14,REQUIRED_INITIAL_TEXT,gated_residual,KQ-GGUF-RULE-TENSOR-NAME-v1,KQ-GGUF-EVIDENCE-002
blk.14.hc_ffn_norm.weight,1,10240,10240,0,F32,1,4,32.0,55788547712,55799572032,40960,0,55799612992,model.language_model.layers.14.mlp_hyper_connection.hc_norm.weight,RENAMED_ONE_TO_ONE,gated_residual,14,REQUIRED_INITIAL_TEXT,gated_residual,KQ-GGUF-RULE-TENSOR-NAME-v1,KQ-GGUF-EVIDENCE-002
blk.14.hc_ffn_up.weight,2,320x10240,3276800,8,Q8_0,32,34,8.5,55788588672,55799612992,3481600,0,55803094592,model.language_model.layers.14.mlp_hyper_connection.input_mix_weight_up.weight,RENAMED_ONE_TO_ONE,gated_residual,14,REQUIRED_INITIAL_TEXT,gated_residual,KQ-GGUF-RULE-TENSOR-NAME-v1,KQ-GGUF-EVIDENCE-002
blk.14.ssm_a,1,48,48,0,F32,1,4,32.0,55792070272,55803094592,192,0,55803094784,model.language_model.layers.14.linear_attn.A_log,TRANSFORMED_LAYOUT,gdn,14,REQUIRED_INITIAL_TEXT,gdn,KQ-GGUF-RULE-CONVERTER-TRANSFORM-v1,KQ-GGUF-EVIDENCE-003
blk.14.ssm_alpha.weight,2,2560x48,122880,0,F32,1,4,32.0,55792070464,55803094784,491520,0,55803586304,model.language_model.layers.14.linear_attn.in_proj_a.weight,TRANSFORMED_LAYOUT,gdn,14,REQUIRED_INITIAL_TEXT,gdn,KQ-GGUF-RULE-CONVERTER-TRANSFORM-v1,KQ-GGUF-EVIDENCE-003
blk.14.ssm_beta.weight,2,2560x48,122880,0,F32,1,4,32.0,55792561984,55803586304,491520,0,55804077824,model.language_model.layers.14.linear_attn.in_proj_b.weight,TRANSFORMED_LAYOUT,gdn,14,REQUIRED_INITIAL_TEXT,gdn,KQ-GGUF-RULE-CONVERTER-TRANSFORM-v1,KQ-GGUF-EVIDENCE-003
blk.14.ssm_conv1d.weight,2,4x10240,40960,0,F32,1,4,32.0,55793053504,55804077824,163840,0,55804241664,model.language_model.layers.14.linear_attn.conv1d.weight,TRANSFORMED_LAYOUT,gdn,14,REQUIRED_INITIAL_TEXT,gdn,KQ-GGUF-RULE-CONVERTER-TRANSFORM-v1,KQ-GGUF-EVIDENCE-003
blk.14.ssm_dt.bias,1,48,48,0,F32,1,4,32.0,55793217344,55804241664,192,0,55804241856,model.language_model.layers.14.linear_attn.dt_bias,RENAMED_ONE_TO_ONE,gdn,14,REQUIRED_INITIAL_TEXT,gdn,KQ-GGUF-RULE-TENSOR-NAME-v1,KQ-GGUF-EVIDENCE-002
blk.14.ssm_norm.weight,1,128,128,0,F32,1,4,32.0,55793217536,55804241856,512,0,55804242368,model.language_model.layers.14.linear_attn.norm.weight,RENAMED_ONE_TO_ONE,gdn,14,REQUIRED_INITIAL_TEXT,gdn,KQ-GGUF-RULE-TENSOR-NAME-v1,KQ-GGUF-EVIDENCE-002
blk.14.ssm_out.weight,2,6144x2560,15728640,8,Q8_0,32,34,8.5,55793218048,55804242368,16711680,0,55820954048,model.language_model.layers.14.linear_attn.out_proj.weight,TRANSFORMED_LAYOUT,gdn,14,REQUIRED_INITIAL_TEXT,gdn,KQ-GGUF-RULE-CONVERTER-TRANSFORM-v1,KQ-GGUF-EVIDENCE-003
blk.15.attn_k.weight,2,2560x512,1310720,8,Q8_0,32,34,8.5,55809929728,55820954048,1392640,0,55822346688,model.language_model.layers.15.self_attn.k_proj.weight,RENAMED_ONE_TO_ONE,qsa_attention,15,REQUIRED_INITIAL_TEXT,qsa_attention,KQ-GGUF-RULE-TENSOR-NAME-v1,KQ-GGUF-EVIDENCE-002
blk.15.attn_k_norm.weight,1,256,256,0,F32,1,4,32.0,55811322368,55822346688,1024,0,55822347712,model.language_model.layers.15.self_attn.k_norm.weight,RENAMED_ONE_TO_ONE,qsa_attention,15,REQUIRED_INITIAL_TEXT,qsa_attention,KQ-GGUF-RULE-TENSOR-NAME-v1,KQ-GGUF-EVIDENCE-002
blk.15.attn_output.weight,2,6144x2560,15728640,8,Q8_0,32,34,8.5,55811323392,55822347712,16711680,0,55839059392,model.language_model.layers.15.self_attn.o_proj.weight,RENAMED_ONE_TO_ONE,qsa_attention,15,REQUIRED_INITIAL_TEXT,qsa_attention,KQ-GGUF-RULE-TENSOR-NAME-v1,KQ-GGUF-EVIDENCE-002
blk.15.attn_q.weight,2,2560x12288,31457280,8,Q8_0,32,34,8.5,55828035072,55839059392,33423360,0,55872482752,model.language_model.layers.15.self_attn.q_proj.weight,RENAMED_ONE_TO_ONE,qsa_attention,15,REQUIRED_INITIAL_TEXT,qsa_attention,KQ-GGUF-RULE-TENSOR-NAME-v1,KQ-GGUF-EVIDENCE-002
blk.15.attn_q_norm.weight,1,256,256,0,F32,1,4,32.0,55861458432,55872482752,1024,0,55872483776,model.language_model.layers.15.self_attn.q_norm.weight,RENAMED_ONE_TO_ONE,qsa_attention,15,REQUIRED_INITIAL_TEXT,qsa_attention,KQ-GGUF-RULE-TENSOR-NAME-v1,KQ-GGUF-EVIDENCE-002
blk.15.attn_v.weight,2,2560x512,1310720,8,Q8_0,32,34,8.5,55861459456,55872483776,1392640,0,55873876416,model.language_model.layers.15.self_attn.v_proj.weight,RENAMED_ONE_TO_ONE,qsa_attention,15,REQUIRED_INITIAL_TEXT,qsa_attention,KQ-GGUF-RULE-TENSOR-NAME-v1,KQ-GGUF-EVIDENCE-002
blk.15.ffn_down_exps.weight,3,640x2560x512,838860800,7,Q5_1,32,24,6.0,55862852096,55873876416,629145600,0,56503022016,model.language_model.layers.15.mlp.experts.down_proj,RENAMED_ONE_TO_ONE,routed_experts,15,REQUIRED_INITIAL_TEXT,routed_experts,KQ-GGUF-RULE-TENSOR-NAME-v1,KQ-GGUF-EVIDENCE-002
blk.15.ffn_down_shexp.weight,2,640x2560,1638400,8,Q8_0,32,34,8.5,56491997696,56503022016,1740800,0,56504762816,model.language_model.layers.15.mlp.shared_expert.down_proj.weight,RENAMED_ONE_TO_ONE,shared_expert,15,REQUIRED_INITIAL_TEXT,shared_experts,KQ-GGUF-RULE-TENSOR-NAME-v1,KQ-GGUF-EVIDENCE-002
blk.15.ffn_gate_exps.weight,3,2560x640x512,838860800,12,Q4_K,256,144,4.5,56493738496,56504762816,471859200,0,56976622016,model.language_model.layers.15.mlp.experts.gate_up_proj,SPLIT_IN_GGUF,routed_experts,15,REQUIRED_INITIAL_TEXT,routed_experts,KQ-GGUF-RULE-MOE-SPLIT-v1,KQ-GGUF-EVIDENCE-004
blk.15.ffn_gate_inp.weight,2,2560x512,1310720,0,F32,1,4,32.0,56965597696,56976622016,5242880,0,56981864896,model.language_model.layers.15.mlp.gate.weight,RENAMED_ONE_TO_ONE,router,15,REQUIRED_INITIAL_TEXT,router,KQ-GGUF-RULE-TENSOR-NAME-v1,KQ-GGUF-EVIDENCE-002
blk.15.ffn_gate_inp_shexp.weight,1,2560,2560,0,F32,1,4,32.0,56970840576,56981864896,10240,0,56981875136,model.language_model.layers.15.mlp.shared_expert_gate.weight,RENAMED_ONE_TO_ONE,shared_expert,15,REQUIRED_INITIAL_TEXT,shared_experts,KQ-GGUF-RULE-TENSOR-NAME-v1,KQ-GGUF-EVIDENCE-002
blk.15.ffn_gate_shexp.weight,2,2560x640,1638400,8,Q8_0,32,34,8.5,56970850816,56981875136,1740800,0,56983615936,model.language_model.layers.15.mlp.shared_expert.gate_proj.weight,RENAMED_ONE_TO_ONE,shared_expert,15,REQUIRED_INITIAL_TEXT,shared_experts,KQ-GGUF-RULE-TENSOR-NAME-v1,KQ-GGUF-EVIDENCE-002
blk.15.ffn_up_exps.weight,3,2560x640x512,838860800,12,Q4_K,256,144,4.5,56972591616,56983615936,471859200,0,57455475136,model.language_model.layers.15.mlp.experts.gate_up_proj,SPLIT_IN_GGUF,routed_experts,15,REQUIRED_INITIAL_TEXT,routed_experts,KQ-GGUF-RULE-MOE-SPLIT-v1,KQ-GGUF-EVIDENCE-004
blk.15.ffn_up_shexp.weight,2,2560x640,1638400,8,Q8_0,32,34,8.5,57444450816,57455475136,1740800,0,57457215936,model.language_model.layers.15.mlp.shared_expert.up_proj.weight,RENAMED_ONE_TO_ONE,shared_expert,15,REQUIRED_INITIAL_TEXT,shared_experts,KQ-GGUF-RULE-TENSOR-NAME-v1,KQ-GGUF-EVIDENCE-002
blk.15.hc_attn_down.weight,2,10240x320,3276800,8,Q8_0,32,34,8.5,57446191616,57457215936,3481600,0,57460697536,model.language_model.layers.15.attn_hyper_connection.input_mix_weight_down.weight,RENAMED_ONE_TO_ONE,gated_residual,15,REQUIRED_INITIAL_TEXT,gated_residual,KQ-GGUF-RULE-TENSOR-NAME-v1,KQ-GGUF-EVIDENCE-002
blk.15.hc_attn_inject.weight,2,10240x4,40960,0,F32,1,4,32.0,57449673216,57460697536,163840,0,57460861376,model.language_model.layers.15.attn_hyper_connection.block_inject_weight.weight,RENAMED_ONE_TO_ONE,gated_residual,15,REQUIRED_INITIAL_TEXT,gated_residual,KQ-GGUF-RULE-TENSOR-NAME-v1,KQ-GGUF-EVIDENCE-002
blk.15.hc_attn_norm.weight,1,10240,10240,0,F32,1,4,32.0,57449837056,57460861376,40960,0,57460902336,model.language_model.layers.15.attn_hyper_connection.hc_norm.weight,RENAMED_ONE_TO_ONE,gated_residual,15,REQUIRED_INITIAL_TEXT,gated_residual,KQ-GGUF-RULE-TENSOR-NAME-v1,KQ-GGUF-EVIDENCE-002
blk.15.hc_attn_up.weight,2,320x10240,3276800,8,Q8_0,32,34,8.5,57449878016,57460902336,3481600,0,57464383936,model.language_model.layers.15.attn_hyper_connection.input_mix_weight_up.weight,RENAMED_ONE_TO_ONE,gated_residual,15,REQUIRED_INITIAL_TEXT,gated_residual,KQ-GGUF-RULE-TENSOR-NAME-v1,KQ-GGUF-EVIDENCE-002
blk.15.hc_ffn_down.weight,2,10240x320,3276800,8,Q8_0,32,34,8.5,57453359616,57464383936,3481600,0,57467865536,model.language_model.layers.15.mlp_hyper_connection.input_mix_weight_down.weight,RENAMED_ONE_TO_ONE,gated_residual,15,REQUIRED_INITIAL_TEXT,gated_residual,KQ-GGUF-RULE-TENSOR-NAME-v1,KQ-GGUF-EVIDENCE-002
blk.15.hc_ffn_inject.weight,2,10240x4,40960,0,F32,1,4,32.0,57456841216,57467865536,163840,0,57468029376,model.language_model.layers.15.mlp_hyper_connection.block_inject_weight.weight,RENAMED_ONE_TO_ONE,gated_residual,15,REQUIRED_INITIAL_TEXT,gated_residual,KQ-GGUF-RULE-TENSOR-NAME-v1,KQ-GGUF-EVIDENCE-002
blk.15.hc_ffn_norm.weight,1,10240,10240,0,F32,1,4,32.0,57457005056,57468029376,40960,0,57468070336,model.language_model.layers.15.mlp_hyper_connection.hc_norm.weight,RENAMED_ONE_TO_ONE,gated_residual,15,REQUIRED_INITIAL_TEXT,gated_residual,KQ-GGUF-RULE-TENSOR-NAME-v1,KQ-GGUF-EVIDENCE-002
blk.15.hc_ffn_up.weight,2,320x10240,3276800,8,Q8_0,32,34,8.5,57457046016,57468070336,3481600,0,57471551936,model.language_model.layers.15.mlp_hyper_connection.input_mix_weight_up.weight,RENAMED_ONE_TO_ONE,gated_residual,15,REQUIRED_INITIAL_TEXT,gated_residual,KQ-GGUF-RULE-TENSOR-NAME-v1,KQ-GGUF-EVIDENCE-002
blk.15.indexer.k_norm.weight,1,128,128,0,F32,1,4,32.0,57460527616,57471551936,512,0,57471552448,model.language_model.layers.15.self_attn.indexer.k_layernorm.weight,RENAMED_ONE_TO_ONE,qsa_indexer,15,REQUIRED_INITIAL_TEXT,qsa_indexer,KQ-GGUF-RULE-TENSOR-NAME-v1,KQ-GGUF-EVIDENCE-002
blk.15.indexer.k_proj.weight,2,2560x128,327680,30,BF16,1,2,16.0,57460528128,57471552448,655360,0,57472207808,model.language_model.layers.15.self_attn.indexer.index_qk_proj.weight,SPLIT_IN_GGUF,qsa_indexer,15,REQUIRED_INITIAL_TEXT,qsa_indexer,KQ-GGUF-RULE-QSA-SPLIT-v1,KQ-GGUF-EVIDENCE-003
blk.15.indexer.q_norm.weight,1,128,128,0,F32,1,4,32.0,57461183488,57472207808,512,0,57472208320,model.language_model.layers.15.self_attn.indexer.q_layernorm.weight,RENAMED_ONE_TO_ONE,qsa_indexer,15,REQUIRED_INITIAL_TEXT,qsa_indexer,KQ-GGUF-RULE-TENSOR-NAME-v1,KQ-GGUF-EVIDENCE-002
blk.15.indexer.q_proj.weight,2,2560x512,1310720,30,BF16,1,2,16.0,57461184000,57472208320,2621440,0,57474829760,model.language_model.layers.15.self_attn.indexer.index_qk_proj.weight,SPLIT_IN_GGUF,qsa_indexer,15,REQUIRED_INITIAL_TEXT,qsa_indexer,KQ-GGUF-RULE-QSA-SPLIT-v1,KQ-GGUF-EVIDENCE-003
blk.16.attn_gate.weight,2,2560x6144,15728640,8,Q8_0,32,34,8.5,57463805440,57474829760,16711680,0,57491541440,model.language_model.layers.16.linear_attn.in_proj_z.weight,TRANSFORMED_LAYOUT,gdn,16,REQUIRED_INITIAL_TEXT,gdn,KQ-GGUF-RULE-CONVERTER-TRANSFORM-v1,KQ-GGUF-EVIDENCE-003
blk.16.attn_qkv.weight,2,2560x10240,26214400,8,Q8_0,32,34,8.5,57480517120,57491541440,27852800,0,57519394240,model.language_model.layers.16.linear_attn.in_proj_qkv.weight,TRANSFORMED_LAYOUT,gdn,16,REQUIRED_INITIAL_TEXT,gdn,KQ-GGUF-RULE-CONVERTER-TRANSFORM-v1,KQ-GGUF-EVIDENCE-003
blk.16.ffn_down_exps.weight,3,640x2560x512,838860800,7,Q5_1,32,24,6.0,57508369920,57519394240,629145600,0,58148539840,model.language_model.layers.16.mlp.experts.down_proj,RENAMED_ONE_TO_ONE,routed_experts,16,REQUIRED_INITIAL_TEXT,routed_experts,KQ-GGUF-RULE-TENSOR-NAME-v1,KQ-GGUF-EVIDENCE-002
blk.16.ffn_down_shexp.weight,2,640x2560,1638400,8,Q8_0,32,34,8.5,58137515520,58148539840,1740800,0,58150280640,model.language_model.layers.16.mlp.shared_expert.down_proj.weight,RENAMED_ONE_TO_ONE,shared_expert,16,REQUIRED_INITIAL_TEXT,shared_experts,KQ-GGUF-RULE-TENSOR-NAME-v1,KQ-GGUF-EVIDENCE-002
blk.16.ffn_gate_exps.weight,3,2560x640x512,838860800,12,Q4_K,256,144,4.5,58139256320,58150280640,471859200,0,58622139840,model.language_model.layers.16.mlp.experts.gate_up_proj,SPLIT_IN_GGUF,routed_experts,16,REQUIRED_INITIAL_TEXT,routed_experts,KQ-GGUF-RULE-MOE-SPLIT-v1,KQ-GGUF-EVIDENCE-004
blk.16.ffn_gate_inp.weight,2,2560x512,1310720,0,F32,1,4,32.0,58611115520,58622139840,5242880,0,58627382720,model.language_model.layers.16.mlp.gate.weight,RENAMED_ONE_TO_ONE,router,16,REQUIRED_INITIAL_TEXT,router,KQ-GGUF-RULE-TENSOR-NAME-v1,KQ-GGUF-EVIDENCE-002
blk.16.ffn_gate_inp_shexp.weight,1,2560,2560,0,F32,1,4,32.0,58616358400,58627382720,10240,0,58627392960,model.language_model.layers.16.mlp.shared_expert_gate.weight,RENAMED_ONE_TO_ONE,shared_expert,16,REQUIRED_INITIAL_TEXT,shared_experts,KQ-GGUF-RULE-TENSOR-NAME-v1,KQ-GGUF-EVIDENCE-002
blk.16.ffn_gate_shexp.weight,2,2560x640,1638400,8,Q8_0,32,34,8.5,58616368640,58627392960,1740800,0,58629133760,model.language_model.layers.16.mlp.shared_expert.gate_proj.weight,RENAMED_ONE_TO_ONE,shared_expert,16,REQUIRED_INITIAL_TEXT,shared_experts,KQ-GGUF-RULE-TENSOR-NAME-v1,KQ-GGUF-EVIDENCE-002
blk.16.ffn_up_exps.weight,3,2560x640x512,838860800,12,Q4_K,256,144,4.5,58618109440,58629133760,471859200,0,59100992960,model.language_model.layers.16.mlp.experts.gate_up_proj,SPLIT_IN_GGUF,routed_experts,16,REQUIRED_INITIAL_TEXT,routed_experts,KQ-GGUF-RULE-MOE-SPLIT-v1,KQ-GGUF-EVIDENCE-004
blk.16.ffn_up_shexp.weight,2,2560x640,1638400,8,Q8_0,32,34,8.5,59089968640,59100992960,1740800,0,59102733760,model.language_model.layers.16.mlp.shared_expert.up_proj.weight,RENAMED_ONE_TO_ONE,shared_expert,16,REQUIRED_INITIAL_TEXT,shared_experts,KQ-GGUF-RULE-TENSOR-NAME-v1,KQ-GGUF-EVIDENCE-002
blk.16.hc_attn_down.weight,2,10240x320,3276800,8,Q8_0,32,34,8.5,59091709440,59102733760,3481600,0,59106215360,model.language_model.layers.16.attn_hyper_connection.input_mix_weight_down.weight,RENAMED_ONE_TO_ONE,gated_residual,16,REQUIRED_INITIAL_TEXT,gated_residual,KQ-GGUF-RULE-TENSOR-NAME-v1,KQ-GGUF-EVIDENCE-002
blk.16.hc_attn_inject.weight,2,10240x4,40960,0,F32,1,4,32.0,59095191040,59106215360,163840,0,59106379200,model.language_model.layers.16.attn_hyper_connection.block_inject_weight.weight,RENAMED_ONE_TO_ONE,gated_residual,16,REQUIRED_INITIAL_TEXT,gated_residual,KQ-GGUF-RULE-TENSOR-NAME-v1,KQ-GGUF-EVIDENCE-002
blk.16.hc_attn_norm.weight,1,10240,10240,0,F32,1,4,32.0,59095354880,59106379200,40960,0,59106420160,model.language_model.layers.16.attn_hyper_connection.hc_norm.weight,RENAMED_ONE_TO_ONE,gated_residual,16,REQUIRED_INITIAL_TEXT,gated_residual,KQ-GGUF-RULE-TENSOR-NAME-v1,KQ-GGUF-EVIDENCE-002
blk.16.hc_attn_up.weight,2,320x10240,3276800,8,Q8_0,32,34,8.5,59095395840,59106420160,3481600,0,59109901760,model.language_model.layers.16.attn_hyper_connection.input_mix_weight_up.weight,RENAMED_ONE_TO_ONE,gated_residual,16,REQUIRED_INITIAL_TEXT,gated_residual,KQ-GGUF-RULE-TENSOR-NAME-v1,KQ-GGUF-EVIDENCE-002
blk.16.hc_ffn_down.weight,2,10240x320,3276800,8,Q8_0,32,34,8.5,59098877440,59109901760,3481600,0,59113383360,model.language_model.layers.16.mlp_hyper_connection.input_mix_weight_down.weight,RENAMED_ONE_TO_ONE,gated_residual,16,REQUIRED_INITIAL_TEXT,gated_residual,KQ-GGUF-RULE-TENSOR-NAME-v1,KQ-GGUF-EVIDENCE-002
blk.16.hc_ffn_inject.weight,2,10240x4,40960,0,F32,1,4,32.0,59102359040,59113383360,163840,0,59113547200,model.language_model.layers.16.mlp_hyper_connection.block_inject_weight.weight,RENAMED_ONE_TO_ONE,gated_residual,16,REQUIRED_INITIAL_TEXT,gated_residual,KQ-GGUF-RULE-TENSOR-NAME-v1,KQ-GGUF-EVIDENCE-002
blk.16.hc_ffn_norm.weight,1,10240,10240,0,F32,1,4,32.0,59102522880,59113547200,40960,0,59113588160,model.language_model.layers.16.mlp_hyper_connection.hc_norm.weight,RENAMED_ONE_TO_ONE,gated_residual,16,REQUIRED_INITIAL_TEXT,gated_residual,KQ-GGUF-RULE-TENSOR-NAME-v1,KQ-GGUF-EVIDENCE-002
blk.16.hc_ffn_up.weight,2,320x10240,3276800,8,Q8_0,32,34,8.5,59102563840,59113588160,3481600,0,59117069760,model.language_model.layers.16.mlp_hyper_connection.input_mix_weight_up.weight,RENAMED_ONE_TO_ONE,gated_residual,16,REQUIRED_INITIAL_TEXT,gated_residual,KQ-GGUF-RULE-TENSOR-NAME-v1,KQ-GGUF-EVIDENCE-002
blk.16.ssm_a,1,48,48,0,F32,1,4,32.0,59106045440,59117069760,192,0,59117069952,model.language_model.layers.16.linear_attn.A_log,TRANSFORMED_LAYOUT,gdn,16,REQUIRED_INITIAL_TEXT,gdn,KQ-GGUF-RULE-CONVERTER-TRANSFORM-v1,KQ-GGUF-EVIDENCE-003
blk.16.ssm_alpha.weight,2,2560x48,122880,0,F32,1,4,32.0,59106045632,59117069952,491520,0,59117561472,model.language_model.layers.16.linear_attn.in_proj_a.weight,TRANSFORMED_LAYOUT,gdn,16,REQUIRED_INITIAL_TEXT,gdn,KQ-GGUF-RULE-CONVERTER-TRANSFORM-v1,KQ-GGUF-EVIDENCE-003
blk.16.ssm_beta.weight,2,2560x48,122880,0,F32,1,4,32.0,59106537152,59117561472,491520,0,59118052992,model.language_model.layers.16.linear_attn.in_proj_b.weight,TRANSFORMED_LAYOUT,gdn,16,REQUIRED_INITIAL_TEXT,gdn,KQ-GGUF-RULE-CONVERTER-TRANSFORM-v1,KQ-GGUF-EVIDENCE-003
blk.16.ssm_conv1d.weight,2,4x10240,40960,0,F32,1,4,32.0,59107028672,59118052992,163840,0,59118216832,model.language_model.layers.16.linear_attn.conv1d.weight,TRANSFORMED_LAYOUT,gdn,16,REQUIRED_INITIAL_TEXT,gdn,KQ-GGUF-RULE-CONVERTER-TRANSFORM-v1,KQ-GGUF-EVIDENCE-003
blk.16.ssm_dt.bias,1,48,48,0,F32,1,4,32.0,59107192512,59118216832,192,0,59118217024,model.language_model.layers.16.linear_attn.dt_bias,RENAMED_ONE_TO_ONE,gdn,16,REQUIRED_INITIAL_TEXT,gdn,KQ-GGUF-RULE-TENSOR-NAME-v1,KQ-GGUF-EVIDENCE-002
blk.16.ssm_norm.weight,1,128,128,0,F32,1,4,32.0,59107192704,59118217024,512,0,59118217536,model.language_model.layers.16.linear_attn.norm.weight,RENAMED_ONE_TO_ONE,gdn,16,REQUIRED_INITIAL_TEXT,gdn,KQ-GGUF-RULE-TENSOR-NAME-v1,KQ-GGUF-EVIDENCE-002
blk.16.ssm_out.weight,2,6144x2560,15728640,8,Q8_0,32,34,8.5,59107193216,59118217536,16711680,0,59134929216,model.language_model.layers.16.linear_attn.out_proj.weight,TRANSFORMED_LAYOUT,gdn,16,REQUIRED_INITIAL_TEXT,gdn,KQ-GGUF-RULE-CONVERTER-TRANSFORM-v1,KQ-GGUF-EVIDENCE-003
blk.17.attn_gate.weight,2,2560x6144,15728640,8,Q8_0,32,34,8.5,59123904896,59134929216,16711680,0,59151640896,model.language_model.layers.17.linear_attn.in_proj_z.weight,TRANSFORMED_LAYOUT,gdn,17,REQUIRED_INITIAL_TEXT,gdn,KQ-GGUF-RULE-CONVERTER-TRANSFORM-v1,KQ-GGUF-EVIDENCE-003
blk.17.attn_qkv.weight,2,2560x10240,26214400,8,Q8_0,32,34,8.5,59140616576,59151640896,27852800,0,59179493696,model.language_model.layers.17.linear_attn.in_proj_qkv.weight,TRANSFORMED_LAYOUT,gdn,17,REQUIRED_INITIAL_TEXT,gdn,KQ-GGUF-RULE-CONVERTER-TRANSFORM-v1,KQ-GGUF-EVIDENCE-003
blk.17.ffn_down_exps.weight,3,640x2560x512,838860800,7,Q5_1,32,24,6.0,59168469376,59179493696,629145600,0,59808639296,model.language_model.layers.17.mlp.experts.down_proj,RENAMED_ONE_TO_ONE,routed_experts,17,REQUIRED_INITIAL_TEXT,routed_experts,KQ-GGUF-RULE-TENSOR-NAME-v1,KQ-GGUF-EVIDENCE-002
blk.17.ffn_down_shexp.weight,2,640x2560,1638400,8,Q8_0,32,34,8.5,59797614976,59808639296,1740800,0,59810380096,model.language_model.layers.17.mlp.shared_expert.down_proj.weight,RENAMED_ONE_TO_ONE,shared_expert,17,REQUIRED_INITIAL_TEXT,shared_experts,KQ-GGUF-RULE-TENSOR-NAME-v1,KQ-GGUF-EVIDENCE-002
blk.17.ffn_gate_exps.weight,3,2560x640x512,838860800,12,Q4_K,256,144,4.5,59799355776,59810380096,471859200,0,60282239296,model.language_model.layers.17.mlp.experts.gate_up_proj,SPLIT_IN_GGUF,routed_experts,17,REQUIRED_INITIAL_TEXT,routed_experts,KQ-GGUF-RULE-MOE-SPLIT-v1,KQ-GGUF-EVIDENCE-004
blk.17.ffn_gate_inp.weight,2,2560x512,1310720,0,F32,1,4,32.0,60271214976,60282239296,5242880,0,60287482176,model.language_model.layers.17.mlp.gate.weight,RENAMED_ONE_TO_ONE,router,17,REQUIRED_INITIAL_TEXT,router,KQ-GGUF-RULE-TENSOR-NAME-v1,KQ-GGUF-EVIDENCE-002
blk.17.ffn_gate_inp_shexp.weight,1,2560,2560,0,F32,1,4,32.0,60276457856,60287482176,10240,0,60287492416,model.language_model.layers.17.mlp.shared_expert_gate.weight,RENAMED_ONE_TO_ONE,shared_expert,17,REQUIRED_INITIAL_TEXT,shared_experts,KQ-GGUF-RULE-TENSOR-NAME-v1,KQ-GGUF-EVIDENCE-002
blk.17.ffn_gate_shexp.weight,2,2560x640,1638400,8,Q8_0,32,34,8.5,60276468096,60287492416,1740800,0,60289233216,model.language_model.layers.17.mlp.shared_expert.gate_proj.weight,RENAMED_ONE_TO_ONE,shared_expert,17,REQUIRED_INITIAL_TEXT,shared_experts,KQ-GGUF-RULE-TENSOR-NAME-v1,KQ-GGUF-EVIDENCE-002
blk.17.ffn_up_exps.weight,3,2560x640x512,838860800,12,Q4_K,256,144,4.5,60278208896,60289233216,471859200,0,60761092416,model.language_model.layers.17.mlp.experts.gate_up_proj,SPLIT_IN_GGUF,routed_experts,17,REQUIRED_INITIAL_TEXT,routed_experts,KQ-GGUF-RULE-MOE-SPLIT-v1,KQ-GGUF-EVIDENCE-004
blk.17.ffn_up_shexp.weight,2,2560x640,1638400,8,Q8_0,32,34,8.5,60750068096,60761092416,1740800,0,60762833216,model.language_model.layers.17.mlp.shared_expert.up_proj.weight,RENAMED_ONE_TO_ONE,shared_expert,17,REQUIRED_INITIAL_TEXT,shared_experts,KQ-GGUF-RULE-TENSOR-NAME-v1,KQ-GGUF-EVIDENCE-002
blk.17.hc_attn_down.weight,2,10240x320,3276800,8,Q8_0,32,34,8.5,60751808896,60762833216,3481600,0,60766314816,model.language_model.layers.17.attn_hyper_connection.input_mix_weight_down.weight,RENAMED_ONE_TO_ONE,gated_residual,17,REQUIRED_INITIAL_TEXT,gated_residual,KQ-GGUF-RULE-TENSOR-NAME-v1,KQ-GGUF-EVIDENCE-002
blk.17.hc_attn_inject.weight,2,10240x4,40960,0,F32,1,4,32.0,60755290496,60766314816,163840,0,60766478656,model.language_model.layers.17.attn_hyper_connection.block_inject_weight.weight,RENAMED_ONE_TO_ONE,gated_residual,17,REQUIRED_INITIAL_TEXT,gated_residual,KQ-GGUF-RULE-TENSOR-NAME-v1,KQ-GGUF-EVIDENCE-002
blk.17.hc_attn_norm.weight,1,10240,10240,0,F32,1,4,32.0,60755454336,60766478656,40960,0,60766519616,model.language_model.layers.17.attn_hyper_connection.hc_norm.weight,RENAMED_ONE_TO_ONE,gated_residual,17,REQUIRED_INITIAL_TEXT,gated_residual,KQ-GGUF-RULE-TENSOR-NAME-v1,KQ-GGUF-EVIDENCE-002
blk.17.hc_attn_up.weight,2,320x10240,3276800,8,Q8_0,32,34,8.5,60755495296,60766519616,3481600,0,60770001216,model.language_model.layers.17.attn_hyper_connection.input_mix_weight_up.weight,RENAMED_ONE_TO_ONE,gated_residual,17,REQUIRED_INITIAL_TEXT,gated_residual,KQ-GGUF-RULE-TENSOR-NAME-v1,KQ-GGUF-EVIDENCE-002
blk.17.hc_ffn_down.weight,2,10240x320,3276800,8,Q8_0,32,34,8.5,60758976896,60770001216,3481600,0,60773482816,model.language_model.layers.17.mlp_hyper_connection.input_mix_weight_down.weight,RENAMED_ONE_TO_ONE,gated_residual,17,REQUIRED_INITIAL_TEXT,gated_residual,KQ-GGUF-RULE-TENSOR-NAME-v1,KQ-GGUF-EVIDENCE-002
blk.17.hc_ffn_inject.weight,2,10240x4,40960,0,F32,1,4,32.0,60762458496,60773482816,163840,0,60773646656,model.language_model.layers.17.mlp_hyper_connection.block_inject_weight.weight,RENAMED_ONE_TO_ONE,gated_residual,17,REQUIRED_INITIAL_TEXT,gated_residual,KQ-GGUF-RULE-TENSOR-NAME-v1,KQ-GGUF-EVIDENCE-002
blk.17.hc_ffn_norm.weight,1,10240,10240,0,F32,1,4,32.0,60762622336,60773646656,40960,0,60773687616,model.language_model.layers.17.mlp_hyper_connection.hc_norm.weight,RENAMED_ONE_TO_ONE,gated_residual,17,REQUIRED_INITIAL_TEXT,gated_residual,KQ-GGUF-RULE-TENSOR-NAME-v1,KQ-GGUF-EVIDENCE-002
blk.17.hc_ffn_up.weight,2,320x10240,3276800,8,Q8_0,32,34,8.5,60762663296,60773687616,3481600,0,60777169216,model.language_model.layers.17.mlp_hyper_connection.input_mix_weight_up.weight,RENAMED_ONE_TO_ONE,gated_residual,17,REQUIRED_INITIAL_TEXT,gated_residual,KQ-GGUF-RULE-TENSOR-NAME-v1,KQ-GGUF-EVIDENCE-002
blk.17.ssm_a,1,48,48,0,F32,1,4,32.0,60766144896,60777169216,192,0,60777169408,model.language_model.layers.17.linear_attn.A_log,TRANSFORMED_LAYOUT,gdn,17,REQUIRED_INITIAL_TEXT,gdn,KQ-GGUF-RULE-CONVERTER-TRANSFORM-v1,KQ-GGUF-EVIDENCE-003
blk.17.ssm_alpha.weight,2,2560x48,122880,0,F32,1,4,32.0,60766145088,60777169408,491520,0,60777660928,model.language_model.layers.17.linear_attn.in_proj_a.weight,TRANSFORMED_LAYOUT,gdn,17,REQUIRED_INITIAL_TEXT,gdn,KQ-GGUF-RULE-CONVERTER-TRANSFORM-v1,KQ-GGUF-EVIDENCE-003
blk.17.ssm_beta.weight,2,2560x48,122880,0,F32,1,4,32.0,60766636608,60777660928,491520,0,60778152448,model.language_model.layers.17.linear_attn.in_proj_b.weight,TRANSFORMED_LAYOUT,gdn,17,REQUIRED_INITIAL_TEXT,gdn,KQ-GGUF-RULE-CONVERTER-TRANSFORM-v1,KQ-GGUF-EVIDENCE-003
blk.17.ssm_conv1d.weight,2,4x10240,40960,0,F32,1,4,32.0,60767128128,60778152448,163840,0,60778316288,model.language_model.layers.17.linear_attn.conv1d.weight,TRANSFORMED_LAYOUT,gdn,17,REQUIRED_INITIAL_TEXT,gdn,KQ-GGUF-RULE-CONVERTER-TRANSFORM-v1,KQ-GGUF-EVIDENCE-003
blk.17.ssm_dt.bias,1,48,48,0,F32,1,4,32.0,60767291968,60778316288,192,0,60778316480,model.language_model.layers.17.linear_attn.dt_bias,RENAMED_ONE_TO_ONE,gdn,17,REQUIRED_INITIAL_TEXT,gdn,KQ-GGUF-RULE-TENSOR-NAME-v1,KQ-GGUF-EVIDENCE-002
blk.17.ssm_norm.weight,1,128,128,0,F32,1,4,32.0,60767292160,60778316480,512,0,60778316992,model.language_model.layers.17.linear_attn.norm.weight,RENAMED_ONE_TO_ONE,gdn,17,REQUIRED_INITIAL_TEXT,gdn,KQ-GGUF-RULE-TENSOR-NAME-v1,KQ-GGUF-EVIDENCE-002
blk.17.ssm_out.weight,2,6144x2560,15728640,8,Q8_0,32,34,8.5,60767292672,60778316992,16711680,0,60795028672,model.language_model.layers.17.linear_attn.out_proj.weight,TRANSFORMED_LAYOUT,gdn,17,REQUIRED_INITIAL_TEXT,gdn,KQ-GGUF-RULE-CONVERTER-TRANSFORM-v1,KQ-GGUF-EVIDENCE-003
blk.18.attn_gate.weight,2,2560x6144,15728640,8,Q8_0,32,34,8.5,60784004352,60795028672,16711680,0,60811740352,model.language_model.layers.18.linear_attn.in_proj_z.weight,TRANSFORMED_LAYOUT,gdn,18,REQUIRED_INITIAL_TEXT,gdn,KQ-GGUF-RULE-CONVERTER-TRANSFORM-v1,KQ-GGUF-EVIDENCE-003
blk.18.attn_qkv.weight,2,2560x10240,26214400,8,Q8_0,32,34,8.5,60800716032,60811740352,27852800,0,60839593152,model.language_model.layers.18.linear_attn.in_proj_qkv.weight,TRANSFORMED_LAYOUT,gdn,18,REQUIRED_INITIAL_TEXT,gdn,KQ-GGUF-RULE-CONVERTER-TRANSFORM-v1,KQ-GGUF-EVIDENCE-003
blk.18.ffn_down_exps.weight,3,640x2560x512,838860800,7,Q5_1,32,24,6.0,60828568832,60839593152,629145600,0,61468738752,model.language_model.layers.18.mlp.experts.down_proj,RENAMED_ONE_TO_ONE,routed_experts,18,REQUIRED_INITIAL_TEXT,routed_experts,KQ-GGUF-RULE-TENSOR-NAME-v1,KQ-GGUF-EVIDENCE-002
blk.18.ffn_down_shexp.weight,2,640x2560,1638400,8,Q8_0,32,34,8.5,61457714432,61468738752,1740800,0,61470479552,model.language_model.layers.18.mlp.shared_expert.down_proj.weight,RENAMED_ONE_TO_ONE,shared_expert,18,REQUIRED_INITIAL_TEXT,shared_experts,KQ-GGUF-RULE-TENSOR-NAME-v1,KQ-GGUF-EVIDENCE-002
blk.18.ffn_gate_exps.weight,3,2560x640x512,838860800,12,Q4_K,256,144,4.5,61459455232,61470479552,471859200,0,61942338752,model.language_model.layers.18.mlp.experts.gate_up_proj,SPLIT_IN_GGUF,routed_experts,18,REQUIRED_INITIAL_TEXT,routed_experts,KQ-GGUF-RULE-MOE-SPLIT-v1,KQ-GGUF-EVIDENCE-004
blk.18.ffn_gate_inp.weight,2,2560x512,1310720,0,F32,1,4,32.0,61931314432,61942338752,5242880,0,61947581632,model.language_model.layers.18.mlp.gate.weight,RENAMED_ONE_TO_ONE,router,18,REQUIRED_INITIAL_TEXT,router,KQ-GGUF-RULE-TENSOR-NAME-v1,KQ-GGUF-EVIDENCE-002
blk.18.ffn_gate_inp_shexp.weight,1,2560,2560,0,F32,1,4,32.0,61936557312,61947581632,10240,0,61947591872,model.language_model.layers.18.mlp.shared_expert_gate.weight,RENAMED_ONE_TO_ONE,shared_expert,18,REQUIRED_INITIAL_TEXT,shared_experts,KQ-GGUF-RULE-TENSOR-NAME-v1,KQ-GGUF-EVIDENCE-002
blk.18.ffn_gate_shexp.weight,2,2560x640,1638400,8,Q8_0,32,34,8.5,61936567552,61947591872,1740800,0,61949332672,model.language_model.layers.18.mlp.shared_expert.gate_proj.weight,RENAMED_ONE_TO_ONE,shared_expert,18,REQUIRED_INITIAL_TEXT,shared_experts,KQ-GGUF-RULE-TENSOR-NAME-v1,KQ-GGUF-EVIDENCE-002
blk.18.ffn_up_exps.weight,3,2560x640x512,838860800,12,Q4_K,256,144,4.5,61938308352,61949332672,471859200,0,62421191872,model.language_model.layers.18.mlp.experts.gate_up_proj,SPLIT_IN_GGUF,routed_experts,18,REQUIRED_INITIAL_TEXT,routed_experts,KQ-GGUF-RULE-MOE-SPLIT-v1,KQ-GGUF-EVIDENCE-004
blk.18.ffn_up_shexp.weight,2,2560x640,1638400,8,Q8_0,32,34,8.5,62410167552,62421191872,1740800,0,62422932672,model.language_model.layers.18.mlp.shared_expert.up_proj.weight,RENAMED_ONE_TO_ONE,shared_expert,18,REQUIRED_INITIAL_TEXT,shared_experts,KQ-GGUF-RULE-TENSOR-NAME-v1,KQ-GGUF-EVIDENCE-002
blk.18.hc_attn_down.weight,2,10240x320,3276800,8,Q8_0,32,34,8.5,62411908352,62422932672,3481600,0,62426414272,model.language_model.layers.18.attn_hyper_connection.input_mix_weight_down.weight,RENAMED_ONE_TO_ONE,gated_residual,18,REQUIRED_INITIAL_TEXT,gated_residual,KQ-GGUF-RULE-TENSOR-NAME-v1,KQ-GGUF-EVIDENCE-002
blk.18.hc_attn_inject.weight,2,10240x4,40960,0,F32,1,4,32.0,62415389952,62426414272,163840,0,62426578112,model.language_model.layers.18.attn_hyper_connection.block_inject_weight.weight,RENAMED_ONE_TO_ONE,gated_residual,18,REQUIRED_INITIAL_TEXT,gated_residual,KQ-GGUF-RULE-TENSOR-NAME-v1,KQ-GGUF-EVIDENCE-002
blk.18.hc_attn_norm.weight,1,10240,10240,0,F32,1,4,32.0,62415553792,62426578112,40960,0,62426619072,model.language_model.layers.18.attn_hyper_connection.hc_norm.weight,RENAMED_ONE_TO_ONE,gated_residual,18,REQUIRED_INITIAL_TEXT,gated_residual,KQ-GGUF-RULE-TENSOR-NAME-v1,KQ-GGUF-EVIDENCE-002
blk.18.hc_attn_up.weight,2,320x10240,3276800,8,Q8_0,32,34,8.5,62415594752,62426619072,3481600,0,62430100672,model.language_model.layers.18.attn_hyper_connection.input_mix_weight_up.weight,RENAMED_ONE_TO_ONE,gated_residual,18,REQUIRED_INITIAL_TEXT,gated_residual,KQ-GGUF-RULE-TENSOR-NAME-v1,KQ-GGUF-EVIDENCE-002
blk.18.hc_ffn_down.weight,2,10240x320,3276800,8,Q8_0,32,34,8.5,62419076352,62430100672,3481600,0,62433582272,model.language_model.layers.18.mlp_hyper_connection.input_mix_weight_down.weight,RENAMED_ONE_TO_ONE,gated_residual,18,REQUIRED_INITIAL_TEXT,gated_residual,KQ-GGUF-RULE-TENSOR-NAME-v1,KQ-GGUF-EVIDENCE-002
blk.18.hc_ffn_inject.weight,2,10240x4,40960,0,F32,1,4,32.0,62422557952,62433582272,163840,0,62433746112,model.language_model.layers.18.mlp_hyper_connection.block_inject_weight.weight,RENAMED_ONE_TO_ONE,gated_residual,18,REQUIRED_INITIAL_TEXT,gated_residual,KQ-GGUF-RULE-TENSOR-NAME-v1,KQ-GGUF-EVIDENCE-002
blk.18.hc_ffn_norm.weight,1,10240,10240,0,F32,1,4,32.0,62422721792,62433746112,40960,0,62433787072,model.language_model.layers.18.mlp_hyper_connection.hc_norm.weight,RENAMED_ONE_TO_ONE,gated_residual,18,REQUIRED_INITIAL_TEXT,gated_residual,KQ-GGUF-RULE-TENSOR-NAME-v1,KQ-GGUF-EVIDENCE-002
blk.18.hc_ffn_up.weight,2,320x10240,3276800,8,Q8_0,32,34,8.5,62422762752,62433787072,3481600,0,62437268672,model.language_model.layers.18.mlp_hyper_connection.input_mix_weight_up.weight,RENAMED_ONE_TO_ONE,gated_residual,18,REQUIRED_INITIAL_TEXT,gated_residual,KQ-GGUF-RULE-TENSOR-NAME-v1,KQ-GGUF-EVIDENCE-002
blk.18.ssm_a,1,48,48,0,F32,1,4,32.0,62426244352,62437268672,192,0,62437268864,model.language_model.layers.18.linear_attn.A_log,TRANSFORMED_LAYOUT,gdn,18,REQUIRED_INITIAL_TEXT,gdn,KQ-GGUF-RULE-CONVERTER-TRANSFORM-v1,KQ-GGUF-EVIDENCE-003
blk.18.ssm_alpha.weight,2,2560x48,122880,0,F32,1,4,32.0,62426244544,62437268864,491520,0,62437760384,model.language_model.layers.18.linear_attn.in_proj_a.weight,TRANSFORMED_LAYOUT,gdn,18,REQUIRED_INITIAL_TEXT,gdn,KQ-GGUF-RULE-CONVERTER-TRANSFORM-v1,KQ-GGUF-EVIDENCE-003
blk.18.ssm_beta.weight,2,2560x48,122880,0,F32,1,4,32.0,62426736064,62437760384,491520,0,62438251904,model.language_model.layers.18.linear_attn.in_proj_b.weight,TRANSFORMED_LAYOUT,gdn,18,REQUIRED_INITIAL_TEXT,gdn,KQ-GGUF-RULE-CONVERTER-TRANSFORM-v1,KQ-GGUF-EVIDENCE-003
blk.18.ssm_conv1d.weight,2,4x10240,40960,0,F32,1,4,32.0,62427227584,62438251904,163840,0,62438415744,model.language_model.layers.18.linear_attn.conv1d.weight,TRANSFORMED_LAYOUT,gdn,18,REQUIRED_INITIAL_TEXT,gdn,KQ-GGUF-RULE-CONVERTER-TRANSFORM-v1,KQ-GGUF-EVIDENCE-003
blk.18.ssm_dt.bias,1,48,48,0,F32,1,4,32.0,62427391424,62438415744,192,0,62438415936,model.language_model.layers.18.linear_attn.dt_bias,RENAMED_ONE_TO_ONE,gdn,18,REQUIRED_INITIAL_TEXT,gdn,KQ-GGUF-RULE-TENSOR-NAME-v1,KQ-GGUF-EVIDENCE-002
blk.18.ssm_norm.weight,1,128,128,0,F32,1,4,32.0,62427391616,62438415936,512,0,62438416448,model.language_model.layers.18.linear_attn.norm.weight,RENAMED_ONE_TO_ONE,gdn,18,REQUIRED_INITIAL_TEXT,gdn,KQ-GGUF-RULE-TENSOR-NAME-v1,KQ-GGUF-EVIDENCE-002
blk.18.ssm_out.weight,2,6144x2560,15728640,8,Q8_0,32,34,8.5,62427392128,62438416448,16711680,0,62455128128,model.language_model.layers.18.linear_attn.out_proj.weight,TRANSFORMED_LAYOUT,gdn,18,REQUIRED_INITIAL_TEXT,gdn,KQ-GGUF-RULE-CONVERTER-TRANSFORM-v1,KQ-GGUF-EVIDENCE-003
blk.19.attn_k.weight,2,2560x512,1310720,8,Q8_0,32,34,8.5,62444103808,62455128128,1392640,0,62456520768,model.language_model.layers.19.self_attn.k_proj.weight,RENAMED_ONE_TO_ONE,qsa_attention,19,REQUIRED_INITIAL_TEXT,qsa_attention,KQ-GGUF-RULE-TENSOR-NAME-v1,KQ-GGUF-EVIDENCE-002
blk.19.attn_k_norm.weight,1,256,256,0,F32,1,4,32.0,62445496448,62456520768,1024,0,62456521792,model.language_model.layers.19.self_attn.k_norm.weight,RENAMED_ONE_TO_ONE,qsa_attention,19,REQUIRED_INITIAL_TEXT,qsa_attention,KQ-GGUF-RULE-TENSOR-NAME-v1,KQ-GGUF-EVIDENCE-002
blk.19.attn_output.weight,2,6144x2560,15728640,8,Q8_0,32,34,8.5,62445497472,62456521792,16711680,0,62473233472,model.language_model.layers.19.self_attn.o_proj.weight,RENAMED_ONE_TO_ONE,qsa_attention,19,REQUIRED_INITIAL_TEXT,qsa_attention,KQ-GGUF-RULE-TENSOR-NAME-v1,KQ-GGUF-EVIDENCE-002
blk.19.attn_q.weight,2,2560x12288,31457280,8,Q8_0,32,34,8.5,62462209152,62473233472,33423360,0,62506656832,model.language_model.layers.19.self_attn.q_proj.weight,RENAMED_ONE_TO_ONE,qsa_attention,19,REQUIRED_INITIAL_TEXT,qsa_attention,KQ-GGUF-RULE-TENSOR-NAME-v1,KQ-GGUF-EVIDENCE-002
blk.19.attn_q_norm.weight,1,256,256,0,F32,1,4,32.0,62495632512,62506656832,1024,0,62506657856,model.language_model.layers.19.self_attn.q_norm.weight,RENAMED_ONE_TO_ONE,qsa_attention,19,REQUIRED_INITIAL_TEXT,qsa_attention,KQ-GGUF-RULE-TENSOR-NAME-v1,KQ-GGUF-EVIDENCE-002
blk.19.attn_v.weight,2,2560x512,1310720,8,Q8_0,32,34,8.5,62495633536,62506657856,1392640,0,62508050496,model.language_model.layers.19.self_attn.v_proj.weight,RENAMED_ONE_TO_ONE,qsa_attention,19,REQUIRED_INITIAL_TEXT,qsa_attention,KQ-GGUF-RULE-TENSOR-NAME-v1,KQ-GGUF-EVIDENCE-002
blk.19.ffn_down_exps.weight,3,640x2560x512,838860800,7,Q5_1,32,24,6.0,62497026176,62508050496,629145600,0,63137196096,model.language_model.layers.19.mlp.experts.down_proj,RENAMED_ONE_TO_ONE,routed_experts,19,REQUIRED_INITIAL_TEXT,routed_experts,KQ-GGUF-RULE-TENSOR-NAME-v1,KQ-GGUF-EVIDENCE-002
blk.19.ffn_down_shexp.weight,2,640x2560,1638400,8,Q8_0,32,34,8.5,63126171776,63137196096,1740800,0,63138936896,model.language_model.layers.19.mlp.shared_expert.down_proj.weight,RENAMED_ONE_TO_ONE,shared_expert,19,REQUIRED_INITIAL_TEXT,shared_experts,KQ-GGUF-RULE-TENSOR-NAME-v1,KQ-GGUF-EVIDENCE-002
blk.19.ffn_gate_exps.weight,3,2560x640x512,838860800,12,Q4_K,256,144,4.5,63127912576,63138936896,471859200,0,63610796096,model.language_model.layers.19.mlp.experts.gate_up_proj,SPLIT_IN_GGUF,routed_experts,19,REQUIRED_INITIAL_TEXT,routed_experts,KQ-GGUF-RULE-MOE-SPLIT-v1,KQ-GGUF-EVIDENCE-004
blk.19.ffn_gate_inp.weight,2,2560x512,1310720,0,F32,1,4,32.0,63599771776,63610796096,5242880,0,63616038976,model.language_model.layers.19.mlp.gate.weight,RENAMED_ONE_TO_ONE,router,19,REQUIRED_INITIAL_TEXT,router,KQ-GGUF-RULE-TENSOR-NAME-v1,KQ-GGUF-EVIDENCE-002
blk.19.ffn_gate_inp_shexp.weight,1,2560,2560,0,F32,1,4,32.0,63605014656,63616038976,10240,0,63616049216,model.language_model.layers.19.mlp.shared_expert_gate.weight,RENAMED_ONE_TO_ONE,shared_expert,19,REQUIRED_INITIAL_TEXT,shared_experts,KQ-GGUF-RULE-TENSOR-NAME-v1,KQ-GGUF-EVIDENCE-002
blk.19.ffn_gate_shexp.weight,2,2560x640,1638400,8,Q8_0,32,34,8.5,63605024896,63616049216,1740800,0,63617790016,model.language_model.layers.19.mlp.shared_expert.gate_proj.weight,RENAMED_ONE_TO_ONE,shared_expert,19,REQUIRED_INITIAL_TEXT,shared_experts,KQ-GGUF-RULE-TENSOR-NAME-v1,KQ-GGUF-EVIDENCE-002
blk.19.ffn_up_exps.weight,3,2560x640x512,838860800,12,Q4_K,256,144,4.5,63606765696,63617790016,471859200,0,64089649216,model.language_model.layers.19.mlp.experts.gate_up_proj,SPLIT_IN_GGUF,routed_experts,19,REQUIRED_INITIAL_TEXT,routed_experts,KQ-GGUF-RULE-MOE-SPLIT-v1,KQ-GGUF-EVIDENCE-004
blk.19.ffn_up_shexp.weight,2,2560x640,1638400,8,Q8_0,32,34,8.5,64078624896,64089649216,1740800,0,64091390016,model.language_model.layers.19.mlp.shared_expert.up_proj.weight,RENAMED_ONE_TO_ONE,shared_expert,19,REQUIRED_INITIAL_TEXT,shared_experts,KQ-GGUF-RULE-TENSOR-NAME-v1,KQ-GGUF-EVIDENCE-002
blk.19.hc_attn_down.weight,2,10240x320,3276800,8,Q8_0,32,34,8.5,64080365696,64091390016,3481600,0,64094871616,model.language_model.layers.19.attn_hyper_connection.input_mix_weight_down.weight,RENAMED_ONE_TO_ONE,gated_residual,19,REQUIRED_INITIAL_TEXT,gated_residual,KQ-GGUF-RULE-TENSOR-NAME-v1,KQ-GGUF-EVIDENCE-002
blk.19.hc_attn_inject.weight,2,10240x4,40960,0,F32,1,4,32.0,64083847296,64094871616,163840,0,64095035456,model.language_model.layers.19.attn_hyper_connection.block_inject_weight.weight,RENAMED_ONE_TO_ONE,gated_residual,19,REQUIRED_INITIAL_TEXT,gated_residual,KQ-GGUF-RULE-TENSOR-NAME-v1,KQ-GGUF-EVIDENCE-002
blk.19.hc_attn_norm.weight,1,10240,10240,0,F32,1,4,32.0,64084011136,64095035456,40960,0,64095076416,model.language_model.layers.19.attn_hyper_connection.hc_norm.weight,RENAMED_ONE_TO_ONE,gated_residual,19,REQUIRED_INITIAL_TEXT,gated_residual,KQ-GGUF-RULE-TENSOR-NAME-v1,KQ-GGUF-EVIDENCE-002
blk.19.hc_attn_up.weight,2,320x10240,3276800,8,Q8_0,32,34,8.5,64084052096,64095076416,3481600,0,64098558016,model.language_model.layers.19.attn_hyper_connection.input_mix_weight_up.weight,RENAMED_ONE_TO_ONE,gated_residual,19,REQUIRED_INITIAL_TEXT,gated_residual,KQ-GGUF-RULE-TENSOR-NAME-v1,KQ-GGUF-EVIDENCE-002
blk.19.hc_ffn_down.weight,2,10240x320,3276800,8,Q8_0,32,34,8.5,64087533696,64098558016,3481600,0,64102039616,model.language_model.layers.19.mlp_hyper_connection.input_mix_weight_down.weight,RENAMED_ONE_TO_ONE,gated_residual,19,REQUIRED_INITIAL_TEXT,gated_residual,KQ-GGUF-RULE-TENSOR-NAME-v1,KQ-GGUF-EVIDENCE-002
blk.19.hc_ffn_inject.weight,2,10240x4,40960,0,F32,1,4,32.0,64091015296,64102039616,163840,0,64102203456,model.language_model.layers.19.mlp_hyper_connection.block_inject_weight.weight,RENAMED_ONE_TO_ONE,gated_residual,19,REQUIRED_INITIAL_TEXT,gated_residual,KQ-GGUF-RULE-TENSOR-NAME-v1,KQ-GGUF-EVIDENCE-002
blk.19.hc_ffn_norm.weight,1,10240,10240,0,F32,1,4,32.0,64091179136,64102203456,40960,0,64102244416,model.language_model.layers.19.mlp_hyper_connection.hc_norm.weight,RENAMED_ONE_TO_ONE,gated_residual,19,REQUIRED_INITIAL_TEXT,gated_residual,KQ-GGUF-RULE-TENSOR-NAME-v1,KQ-GGUF-EVIDENCE-002
blk.19.hc_ffn_up.weight,2,320x10240,3276800,8,Q8_0,32,34,8.5,64091220096,64102244416,3481600,0,64105726016,model.language_model.layers.19.mlp_hyper_connection.input_mix_weight_up.weight,RENAMED_ONE_TO_ONE,gated_residual,19,REQUIRED_INITIAL_TEXT,gated_residual,KQ-GGUF-RULE-TENSOR-NAME-v1,KQ-GGUF-EVIDENCE-002
blk.19.indexer.k_norm.weight,1,128,128,0,F32,1,4,32.0,64094701696,64105726016,512,0,64105726528,model.language_model.layers.19.self_attn.indexer.k_layernorm.weight,RENAMED_ONE_TO_ONE,qsa_indexer,19,REQUIRED_INITIAL_TEXT,qsa_indexer,KQ-GGUF-RULE-TENSOR-NAME-v1,KQ-GGUF-EVIDENCE-002
blk.19.indexer.k_proj.weight,2,2560x128,327680,30,BF16,1,2,16.0,64094702208,64105726528,655360,0,64106381888,model.language_model.layers.19.self_attn.indexer.index_qk_proj.weight,SPLIT_IN_GGUF,qsa_indexer,19,REQUIRED_INITIAL_TEXT,qsa_indexer,KQ-GGUF-RULE-QSA-SPLIT-v1,KQ-GGUF-EVIDENCE-003
blk.19.indexer.q_norm.weight,1,128,128,0,F32,1,4,32.0,64095357568,64106381888,512,0,64106382400,model.language_model.layers.19.self_attn.indexer.q_layernorm.weight,RENAMED_ONE_TO_ONE,qsa_indexer,19,REQUIRED_INITIAL_TEXT,qsa_indexer,KQ-GGUF-RULE-TENSOR-NAME-v1,KQ-GGUF-EVIDENCE-002
blk.19.indexer.q_proj.weight,2,2560x512,1310720,30,BF16,1,2,16.0,64095358080,64106382400,2621440,0,64109003840,model.language_model.layers.19.self_attn.indexer.index_qk_proj.weight,SPLIT_IN_GGUF,qsa_indexer,19,REQUIRED_INITIAL_TEXT,qsa_indexer,KQ-GGUF-RULE-QSA-SPLIT-v1,KQ-GGUF-EVIDENCE-003
blk.2.attn_gate.weight,2,2560x6144,15728640,8,Q8_0,32,34,8.5,33513304832,33524329152,16711680,0,33541040832,model.language_model.layers.2.linear_attn.in_proj_z.weight,TRANSFORMED_LAYOUT,gdn,2,REQUIRED_INITIAL_TEXT,gdn,KQ-GGUF-RULE-CONVERTER-TRANSFORM-v1,KQ-GGUF-EVIDENCE-003
blk.2.attn_qkv.weight,2,2560x10240,26214400,8,Q8_0,32,34,8.5,33530016512,33541040832,27852800,0,33568893632,model.language_model.layers.2.linear_attn.in_proj_qkv.weight,TRANSFORMED_LAYOUT,gdn,2,REQUIRED_INITIAL_TEXT,gdn,KQ-GGUF-RULE-CONVERTER-TRANSFORM-v1,KQ-GGUF-EVIDENCE-003
blk.2.ffn_down_exps.weight,3,640x2560x512,838860800,8,Q8_0,32,34,8.5,33557869312,33568893632,891289600,0,34460183232,model.language_model.layers.2.mlp.experts.down_proj,RENAMED_ONE_TO_ONE,routed_experts,2,REQUIRED_INITIAL_TEXT,routed_experts,KQ-GGUF-RULE-TENSOR-NAME-v1,KQ-GGUF-EVIDENCE-002
blk.2.ffn_down_shexp.weight,2,640x2560,1638400,8,Q8_0,32,34,8.5,34449158912,34460183232,1740800,0,34461924032,model.language_model.layers.2.mlp.shared_expert.down_proj.weight,RENAMED_ONE_TO_ONE,shared_expert,2,REQUIRED_INITIAL_TEXT,shared_experts,KQ-GGUF-RULE-TENSOR-NAME-v1,KQ-GGUF-EVIDENCE-002
blk.2.ffn_gate_exps.weight,3,2560x640x512,838860800,13,Q5_K,256,176,5.5,34450899712,34461924032,576716800,0,35038640832,model.language_model.layers.2.mlp.experts.gate_up_proj,SPLIT_IN_GGUF,routed_experts,2,REQUIRED_INITIAL_TEXT,routed_experts,KQ-GGUF-RULE-MOE-SPLIT-v1,KQ-GGUF-EVIDENCE-004
blk.2.ffn_gate_inp.weight,2,2560x512,1310720,0,F32,1,4,32.0,35027616512,35038640832,5242880,0,35043883712,model.language_model.layers.2.mlp.gate.weight,RENAMED_ONE_TO_ONE,router,2,REQUIRED_INITIAL_TEXT,router,KQ-GGUF-RULE-TENSOR-NAME-v1,KQ-GGUF-EVIDENCE-002
blk.2.ffn_gate_inp_shexp.weight,1,2560,2560,0,F32,1,4,32.0,35032859392,35043883712,10240,0,35043893952,model.language_model.layers.2.mlp.shared_expert_gate.weight,RENAMED_ONE_TO_ONE,shared_expert,2,REQUIRED_INITIAL_TEXT,shared_experts,KQ-GGUF-RULE-TENSOR-NAME-v1,KQ-GGUF-EVIDENCE-002
blk.2.ffn_gate_shexp.weight,2,2560x640,1638400,8,Q8_0,32,34,8.5,35032869632,35043893952,1740800,0,35045634752,model.language_model.layers.2.mlp.shared_expert.gate_proj.weight,RENAMED_ONE_TO_ONE,shared_expert,2,REQUIRED_INITIAL_TEXT,shared_experts,KQ-GGUF-RULE-TENSOR-NAME-v1,KQ-GGUF-EVIDENCE-002
blk.2.ffn_up_exps.weight,3,2560x640x512,838860800,13,Q5_K,256,176,5.5,35034610432,35045634752,576716800,0,35622351552,model.language_model.layers.2.mlp.experts.gate_up_proj,SPLIT_IN_GGUF,routed_experts,2,REQUIRED_INITIAL_TEXT,routed_experts,KQ-GGUF-RULE-MOE-SPLIT-v1,KQ-GGUF-EVIDENCE-004
blk.2.ffn_up_shexp.weight,2,2560x640,1638400,8,Q8_0,32,34,8.5,35611327232,35622351552,1740800,0,35624092352,model.language_model.layers.2.mlp.shared_expert.up_proj.weight,RENAMED_ONE_TO_ONE,shared_expert,2,REQUIRED_INITIAL_TEXT,shared_experts,KQ-GGUF-RULE-TENSOR-NAME-v1,KQ-GGUF-EVIDENCE-002
blk.2.hc_attn_down.weight,2,10240x320,3276800,8,Q8_0,32,34,8.5,35613068032,35624092352,3481600,0,35627573952,model.language_model.layers.2.attn_hyper_connection.input_mix_weight_down.weight,RENAMED_ONE_TO_ONE,gated_residual,2,REQUIRED_INITIAL_TEXT,gated_residual,KQ-GGUF-RULE-TENSOR-NAME-v1,KQ-GGUF-EVIDENCE-002
blk.2.hc_attn_inject.weight,2,10240x4,40960,0,F32,1,4,32.0,35616549632,35627573952,163840,0,35627737792,model.language_model.layers.2.attn_hyper_connection.block_inject_weight.weight,RENAMED_ONE_TO_ONE,gated_residual,2,REQUIRED_INITIAL_TEXT,gated_residual,KQ-GGUF-RULE-TENSOR-NAME-v1,KQ-GGUF-EVIDENCE-002
blk.2.hc_attn_norm.weight,1,10240,10240,0,F32,1,4,32.0,35616713472,35627737792,40960,0,35627778752,model.language_model.layers.2.attn_hyper_connection.hc_norm.weight,RENAMED_ONE_TO_ONE,gated_residual,2,REQUIRED_INITIAL_TEXT,gated_residual,KQ-GGUF-RULE-TENSOR-NAME-v1,KQ-GGUF-EVIDENCE-002
blk.2.hc_attn_up.weight,2,320x10240,3276800,8,Q8_0,32,34,8.5,35616754432,35627778752,3481600,0,35631260352,model.language_model.layers.2.attn_hyper_connection.input_mix_weight_up.weight,RENAMED_ONE_TO_ONE,gated_residual,2,REQUIRED_INITIAL_TEXT,gated_residual,KQ-GGUF-RULE-TENSOR-NAME-v1,KQ-GGUF-EVIDENCE-002
blk.2.hc_ffn_down.weight,2,10240x320,3276800,8,Q8_0,32,34,8.5,35620236032,35631260352,3481600,0,35634741952,model.language_model.layers.2.mlp_hyper_connection.input_mix_weight_down.weight,RENAMED_ONE_TO_ONE,gated_residual,2,REQUIRED_INITIAL_TEXT,gated_residual,KQ-GGUF-RULE-TENSOR-NAME-v1,KQ-GGUF-EVIDENCE-002
blk.2.hc_ffn_inject.weight,2,10240x4,40960,0,F32,1,4,32.0,35623717632,35634741952,163840,0,35634905792,model.language_model.layers.2.mlp_hyper_connection.block_inject_weight.weight,RENAMED_ONE_TO_ONE,gated_residual,2,REQUIRED_INITIAL_TEXT,gated_residual,KQ-GGUF-RULE-TENSOR-NAME-v1,KQ-GGUF-EVIDENCE-002
blk.2.hc_ffn_norm.weight,1,10240,10240,0,F32,1,4,32.0,35623881472,35634905792,40960,0,35634946752,model.language_model.layers.2.mlp_hyper_connection.hc_norm.weight,RENAMED_ONE_TO_ONE,gated_residual,2,REQUIRED_INITIAL_TEXT,gated_residual,KQ-GGUF-RULE-TENSOR-NAME-v1,KQ-GGUF-EVIDENCE-002
blk.2.hc_ffn_up.weight,2,320x10240,3276800,8,Q8_0,32,34,8.5,35623922432,35634946752,3481600,0,35638428352,model.language_model.layers.2.mlp_hyper_connection.input_mix_weight_up.weight,RENAMED_ONE_TO_ONE,gated_residual,2,REQUIRED_INITIAL_TEXT,gated_residual,KQ-GGUF-RULE-TENSOR-NAME-v1,KQ-GGUF-EVIDENCE-002
blk.2.ssm_a,1,48,48,0,F32,1,4,32.0,35627404032,35638428352,192,0,35638428544,model.language_model.layers.2.linear_attn.A_log,TRANSFORMED_LAYOUT,gdn,2,REQUIRED_INITIAL_TEXT,gdn,KQ-GGUF-RULE-CONVERTER-TRANSFORM-v1,KQ-GGUF-EVIDENCE-003
blk.2.ssm_alpha.weight,2,2560x48,122880,0,F32,1,4,32.0,35627404224,35638428544,491520,0,35638920064,model.language_model.layers.2.linear_attn.in_proj_a.weight,TRANSFORMED_LAYOUT,gdn,2,REQUIRED_INITIAL_TEXT,gdn,KQ-GGUF-RULE-CONVERTER-TRANSFORM-v1,KQ-GGUF-EVIDENCE-003
blk.2.ssm_beta.weight,2,2560x48,122880,0,F32,1,4,32.0,35627895744,35638920064,491520,0,35639411584,model.language_model.layers.2.linear_attn.in_proj_b.weight,TRANSFORMED_LAYOUT,gdn,2,REQUIRED_INITIAL_TEXT,gdn,KQ-GGUF-RULE-CONVERTER-TRANSFORM-v1,KQ-GGUF-EVIDENCE-003
blk.2.ssm_conv1d.weight,2,4x10240,40960,0,F32,1,4,32.0,35628387264,35639411584,163840,0,35639575424,model.language_model.layers.2.linear_attn.conv1d.weight,TRANSFORMED_LAYOUT,gdn,2,REQUIRED_INITIAL_TEXT,gdn,KQ-GGUF-RULE-CONVERTER-TRANSFORM-v1,KQ-GGUF-EVIDENCE-003
blk.2.ssm_dt.bias,1,48,48,0,F32,1,4,32.0,35628551104,35639575424,192,0,35639575616,model.language_model.layers.2.linear_attn.dt_bias,RENAMED_ONE_TO_ONE,gdn,2,REQUIRED_INITIAL_TEXT,gdn,KQ-GGUF-RULE-TENSOR-NAME-v1,KQ-GGUF-EVIDENCE-002
blk.2.ssm_norm.weight,1,128,128,0,F32,1,4,32.0,35628551296,35639575616,512,0,35639576128,model.language_model.layers.2.linear_attn.norm.weight,RENAMED_ONE_TO_ONE,gdn,2,REQUIRED_INITIAL_TEXT,gdn,KQ-GGUF-RULE-TENSOR-NAME-v1,KQ-GGUF-EVIDENCE-002
blk.2.ssm_out.weight,2,6144x2560,15728640,8,Q8_0,32,34,8.5,35628551808,35639576128,16711680,0,35656287808,model.language_model.layers.2.linear_attn.out_proj.weight,TRANSFORMED_LAYOUT,gdn,2,REQUIRED_INITIAL_TEXT,gdn,KQ-GGUF-RULE-CONVERTER-TRANSFORM-v1,KQ-GGUF-EVIDENCE-003
blk.20.attn_gate.weight,2,2560x6144,15728640,8,Q8_0,32,34,8.5,64097979520,64109003840,16711680,0,64125715520,model.language_model.layers.20.linear_attn.in_proj_z.weight,TRANSFORMED_LAYOUT,gdn,20,REQUIRED_INITIAL_TEXT,gdn,KQ-GGUF-RULE-CONVERTER-TRANSFORM-v1,KQ-GGUF-EVIDENCE-003
blk.20.attn_qkv.weight,2,2560x10240,26214400,8,Q8_0,32,34,8.5,64114691200,64125715520,27852800,0,64153568320,model.language_model.layers.20.linear_attn.in_proj_qkv.weight,TRANSFORMED_LAYOUT,gdn,20,REQUIRED_INITIAL_TEXT,gdn,KQ-GGUF-RULE-CONVERTER-TRANSFORM-v1,KQ-GGUF-EVIDENCE-003
blk.20.ffn_down_exps.weight,3,640x2560x512,838860800,7,Q5_1,32,24,6.0,64142544000,64153568320,629145600,0,64782713920,model.language_model.layers.20.mlp.experts.down_proj,RENAMED_ONE_TO_ONE,routed_experts,20,REQUIRED_INITIAL_TEXT,routed_experts,KQ-GGUF-RULE-TENSOR-NAME-v1,KQ-GGUF-EVIDENCE-002
blk.20.ffn_down_shexp.weight,2,640x2560,1638400,8,Q8_0,32,34,8.5,64771689600,64782713920,1740800,0,64784454720,model.language_model.layers.20.mlp.shared_expert.down_proj.weight,RENAMED_ONE_TO_ONE,shared_expert,20,REQUIRED_INITIAL_TEXT,shared_experts,KQ-GGUF-RULE-TENSOR-NAME-v1,KQ-GGUF-EVIDENCE-002
blk.20.ffn_gate_exps.weight,3,2560x640x512,838860800,12,Q4_K,256,144,4.5,64773430400,64784454720,471859200,0,65256313920,model.language_model.layers.20.mlp.experts.gate_up_proj,SPLIT_IN_GGUF,routed_experts,20,REQUIRED_INITIAL_TEXT,routed_experts,KQ-GGUF-RULE-MOE-SPLIT-v1,KQ-GGUF-EVIDENCE-004
blk.20.ffn_gate_inp.weight,2,2560x512,1310720,0,F32,1,4,32.0,65245289600,65256313920,5242880,0,65261556800,model.language_model.layers.20.mlp.gate.weight,RENAMED_ONE_TO_ONE,router,20,REQUIRED_INITIAL_TEXT,router,KQ-GGUF-RULE-TENSOR-NAME-v1,KQ-GGUF-EVIDENCE-002
blk.20.ffn_gate_inp_shexp.weight,1,2560,2560,0,F32,1,4,32.0,65250532480,65261556800,10240,0,65261567040,model.language_model.layers.20.mlp.shared_expert_gate.weight,RENAMED_ONE_TO_ONE,shared_expert,20,REQUIRED_INITIAL_TEXT,shared_experts,KQ-GGUF-RULE-TENSOR-NAME-v1,KQ-GGUF-EVIDENCE-002
blk.20.ffn_gate_shexp.weight,2,2560x640,1638400,8,Q8_0,32,34,8.5,65250542720,65261567040,1740800,0,65263307840,model.language_model.layers.20.mlp.shared_expert.gate_proj.weight,RENAMED_ONE_TO_ONE,shared_expert,20,REQUIRED_INITIAL_TEXT,shared_experts,KQ-GGUF-RULE-TENSOR-NAME-v1,KQ-GGUF-EVIDENCE-002
blk.20.ffn_up_exps.weight,3,2560x640x512,838860800,12,Q4_K,256,144,4.5,65252283520,65263307840,471859200,0,65735167040,model.language_model.layers.20.mlp.experts.gate_up_proj,SPLIT_IN_GGUF,routed_experts,20,REQUIRED_INITIAL_TEXT,routed_experts,KQ-GGUF-RULE-MOE-SPLIT-v1,KQ-GGUF-EVIDENCE-004
blk.20.ffn_up_shexp.weight,2,2560x640,1638400,8,Q8_0,32,34,8.5,65724142720,65735167040,1740800,0,65736907840,model.language_model.layers.20.mlp.shared_expert.up_proj.weight,RENAMED_ONE_TO_ONE,shared_expert,20,REQUIRED_INITIAL_TEXT,shared_experts,KQ-GGUF-RULE-TENSOR-NAME-v1,KQ-GGUF-EVIDENCE-002
blk.20.hc_attn_down.weight,2,10240x320,3276800,8,Q8_0,32,34,8.5,65725883520,65736907840,3481600,0,65740389440,model.language_model.layers.20.attn_hyper_connection.input_mix_weight_down.weight,RENAMED_ONE_TO_ONE,gated_residual,20,REQUIRED_INITIAL_TEXT,gated_residual,KQ-GGUF-RULE-TENSOR-NAME-v1,KQ-GGUF-EVIDENCE-002
blk.20.hc_attn_inject.weight,2,10240x4,40960,0,F32,1,4,32.0,65729365120,65740389440,163840,0,65740553280,model.language_model.layers.20.attn_hyper_connection.block_inject_weight.weight,RENAMED_ONE_TO_ONE,gated_residual,20,REQUIRED_INITIAL_TEXT,gated_residual,KQ-GGUF-RULE-TENSOR-NAME-v1,KQ-GGUF-EVIDENCE-002
blk.20.hc_attn_norm.weight,1,10240,10240,0,F32,1,4,32.0,65729528960,65740553280,40960,0,65740594240,model.language_model.layers.20.attn_hyper_connection.hc_norm.weight,RENAMED_ONE_TO_ONE,gated_residual,20,REQUIRED_INITIAL_TEXT,gated_residual,KQ-GGUF-RULE-TENSOR-NAME-v1,KQ-GGUF-EVIDENCE-002
blk.20.hc_attn_up.weight,2,320x10240,3276800,8,Q8_0,32,34,8.5,65729569920,65740594240,3481600,0,65744075840,model.language_model.layers.20.attn_hyper_connection.input_mix_weight_up.weight,RENAMED_ONE_TO_ONE,gated_residual,20,REQUIRED_INITIAL_TEXT,gated_residual,KQ-GGUF-RULE-TENSOR-NAME-v1,KQ-GGUF-EVIDENCE-002
blk.20.hc_ffn_down.weight,2,10240x320,3276800,8,Q8_0,32,34,8.5,65733051520,65744075840,3481600,0,65747557440,model.language_model.layers.20.mlp_hyper_connection.input_mix_weight_down.weight,RENAMED_ONE_TO_ONE,gated_residual,20,REQUIRED_INITIAL_TEXT,gated_residual,KQ-GGUF-RULE-TENSOR-NAME-v1,KQ-GGUF-EVIDENCE-002
blk.20.hc_ffn_inject.weight,2,10240x4,40960,0,F32,1,4,32.0,65736533120,65747557440,163840,0,65747721280,model.language_model.layers.20.mlp_hyper_connection.block_inject_weight.weight,RENAMED_ONE_TO_ONE,gated_residual,20,REQUIRED_INITIAL_TEXT,gated_residual,KQ-GGUF-RULE-TENSOR-NAME-v1,KQ-GGUF-EVIDENCE-002
blk.20.hc_ffn_norm.weight,1,10240,10240,0,F32,1,4,32.0,65736696960,65747721280,40960,0,65747762240,model.language_model.layers.20.mlp_hyper_connection.hc_norm.weight,RENAMED_ONE_TO_ONE,gated_residual,20,REQUIRED_INITIAL_TEXT,gated_residual,KQ-GGUF-RULE-TENSOR-NAME-v1,KQ-GGUF-EVIDENCE-002
blk.20.hc_ffn_up.weight,2,320x10240,3276800,8,Q8_0,32,34,8.5,65736737920,65747762240,3481600,0,65751243840,model.language_model.layers.20.mlp_hyper_connection.input_mix_weight_up.weight,RENAMED_ONE_TO_ONE,gated_residual,20,REQUIRED_INITIAL_TEXT,gated_residual,KQ-GGUF-RULE-TENSOR-NAME-v1,KQ-GGUF-EVIDENCE-002
blk.20.ssm_a,1,48,48,0,F32,1,4,32.0,65740219520,65751243840,192,0,65751244032,model.language_model.layers.20.linear_attn.A_log,TRANSFORMED_LAYOUT,gdn,20,REQUIRED_INITIAL_TEXT,gdn,KQ-GGUF-RULE-CONVERTER-TRANSFORM-v1,KQ-GGUF-EVIDENCE-003
blk.20.ssm_alpha.weight,2,2560x48,122880,0,F32,1,4,32.0,65740219712,65751244032,491520,0,65751735552,model.language_model.layers.20.linear_attn.in_proj_a.weight,TRANSFORMED_LAYOUT,gdn,20,REQUIRED_INITIAL_TEXT,gdn,KQ-GGUF-RULE-CONVERTER-TRANSFORM-v1,KQ-GGUF-EVIDENCE-003
blk.20.ssm_beta.weight,2,2560x48,122880,0,F32,1,4,32.0,65740711232,65751735552,491520,0,65752227072,model.language_model.layers.20.linear_attn.in_proj_b.weight,TRANSFORMED_LAYOUT,gdn,20,REQUIRED_INITIAL_TEXT,gdn,KQ-GGUF-RULE-CONVERTER-TRANSFORM-v1,KQ-GGUF-EVIDENCE-003
blk.20.ssm_conv1d.weight,2,4x10240,40960,0,F32,1,4,32.0,65741202752,65752227072,163840,0,65752390912,model.language_model.layers.20.linear_attn.conv1d.weight,TRANSFORMED_LAYOUT,gdn,20,REQUIRED_INITIAL_TEXT,gdn,KQ-GGUF-RULE-CONVERTER-TRANSFORM-v1,KQ-GGUF-EVIDENCE-003
blk.20.ssm_dt.bias,1,48,48,0,F32,1,4,32.0,65741366592,65752390912,192,0,65752391104,model.language_model.layers.20.linear_attn.dt_bias,RENAMED_ONE_TO_ONE,gdn,20,REQUIRED_INITIAL_TEXT,gdn,KQ-GGUF-RULE-TENSOR-NAME-v1,KQ-GGUF-EVIDENCE-002
blk.20.ssm_norm.weight,1,128,128,0,F32,1,4,32.0,65741366784,65752391104,512,0,65752391616,model.language_model.layers.20.linear_attn.norm.weight,RENAMED_ONE_TO_ONE,gdn,20,REQUIRED_INITIAL_TEXT,gdn,KQ-GGUF-RULE-TENSOR-NAME-v1,KQ-GGUF-EVIDENCE-002
blk.20.ssm_out.weight,2,6144x2560,15728640,8,Q8_0,32,34,8.5,65741367296,65752391616,16711680,0,65769103296,model.language_model.layers.20.linear_attn.out_proj.weight,TRANSFORMED_LAYOUT,gdn,20,REQUIRED_INITIAL_TEXT,gdn,KQ-GGUF-RULE-CONVERTER-TRANSFORM-v1,KQ-GGUF-EVIDENCE-003
blk.21.attn_gate.weight,2,2560x6144,15728640,8,Q8_0,32,34,8.5,65758078976,65769103296,16711680,0,65785814976,model.language_model.layers.21.linear_attn.in_proj_z.weight,TRANSFORMED_LAYOUT,gdn,21,REQUIRED_INITIAL_TEXT,gdn,KQ-GGUF-RULE-CONVERTER-TRANSFORM-v1,KQ-GGUF-EVIDENCE-003
blk.21.attn_qkv.weight,2,2560x10240,26214400,8,Q8_0,32,34,8.5,65774790656,65785814976,27852800,0,65813667776,model.language_model.layers.21.linear_attn.in_proj_qkv.weight,TRANSFORMED_LAYOUT,gdn,21,REQUIRED_INITIAL_TEXT,gdn,KQ-GGUF-RULE-CONVERTER-TRANSFORM-v1,KQ-GGUF-EVIDENCE-003
blk.21.ffn_down_exps.weight,3,640x2560x512,838860800,7,Q5_1,32,24,6.0,65802643456,65813667776,629145600,0,66442813376,model.language_model.layers.21.mlp.experts.down_proj,RENAMED_ONE_TO_ONE,routed_experts,21,REQUIRED_INITIAL_TEXT,routed_experts,KQ-GGUF-RULE-TENSOR-NAME-v1,KQ-GGUF-EVIDENCE-002
blk.21.ffn_down_shexp.weight,2,640x2560,1638400,8,Q8_0,32,34,8.5,66431789056,66442813376,1740800,0,66444554176,model.language_model.layers.21.mlp.shared_expert.down_proj.weight,RENAMED_ONE_TO_ONE,shared_expert,21,REQUIRED_INITIAL_TEXT,shared_experts,KQ-GGUF-RULE-TENSOR-NAME-v1,KQ-GGUF-EVIDENCE-002
blk.21.ffn_gate_exps.weight,3,2560x640x512,838860800,12,Q4_K,256,144,4.5,66433529856,66444554176,471859200,0,66916413376,model.language_model.layers.21.mlp.experts.gate_up_proj,SPLIT_IN_GGUF,routed_experts,21,REQUIRED_INITIAL_TEXT,routed_experts,KQ-GGUF-RULE-MOE-SPLIT-v1,KQ-GGUF-EVIDENCE-004
blk.21.ffn_gate_inp.weight,2,2560x512,1310720,0,F32,1,4,32.0,66905389056,66916413376,5242880,0,66921656256,model.language_model.layers.21.mlp.gate.weight,RENAMED_ONE_TO_ONE,router,21,REQUIRED_INITIAL_TEXT,router,KQ-GGUF-RULE-TENSOR-NAME-v1,KQ-GGUF-EVIDENCE-002
blk.21.ffn_gate_inp_shexp.weight,1,2560,2560,0,F32,1,4,32.0,66910631936,66921656256,10240,0,66921666496,model.language_model.layers.21.mlp.shared_expert_gate.weight,RENAMED_ONE_TO_ONE,shared_expert,21,REQUIRED_INITIAL_TEXT,shared_experts,KQ-GGUF-RULE-TENSOR-NAME-v1,KQ-GGUF-EVIDENCE-002
blk.21.ffn_gate_shexp.weight,2,2560x640,1638400,8,Q8_0,32,34,8.5,66910642176,66921666496,1740800,0,66923407296,model.language_model.layers.21.mlp.shared_expert.gate_proj.weight,RENAMED_ONE_TO_ONE,shared_expert,21,REQUIRED_INITIAL_TEXT,shared_experts,KQ-GGUF-RULE-TENSOR-NAME-v1,KQ-GGUF-EVIDENCE-002
blk.21.ffn_up_exps.weight,3,2560x640x512,838860800,12,Q4_K,256,144,4.5,66912382976,66923407296,471859200,0,67395266496,model.language_model.layers.21.mlp.experts.gate_up_proj,SPLIT_IN_GGUF,routed_experts,21,REQUIRED_INITIAL_TEXT,routed_experts,KQ-GGUF-RULE-MOE-SPLIT-v1,KQ-GGUF-EVIDENCE-004
blk.21.ffn_up_shexp.weight,2,2560x640,1638400,8,Q8_0,32,34,8.5,67384242176,67395266496,1740800,0,67397007296,model.language_model.layers.21.mlp.shared_expert.up_proj.weight,RENAMED_ONE_TO_ONE,shared_expert,21,REQUIRED_INITIAL_TEXT,shared_experts,KQ-GGUF-RULE-TENSOR-NAME-v1,KQ-GGUF-EVIDENCE-002
blk.21.hc_attn_down.weight,2,10240x320,3276800,8,Q8_0,32,34,8.5,67385982976,67397007296,3481600,0,67400488896,model.language_model.layers.21.attn_hyper_connection.input_mix_weight_down.weight,RENAMED_ONE_TO_ONE,gated_residual,21,REQUIRED_INITIAL_TEXT,gated_residual,KQ-GGUF-RULE-TENSOR-NAME-v1,KQ-GGUF-EVIDENCE-002
blk.21.hc_attn_inject.weight,2,10240x4,40960,0,F32,1,4,32.0,67389464576,67400488896,163840,0,67400652736,model.language_model.layers.21.attn_hyper_connection.block_inject_weight.weight,RENAMED_ONE_TO_ONE,gated_residual,21,REQUIRED_INITIAL_TEXT,gated_residual,KQ-GGUF-RULE-TENSOR-NAME-v1,KQ-GGUF-EVIDENCE-002
blk.21.hc_attn_norm.weight,1,10240,10240,0,F32,1,4,32.0,67389628416,67400652736,40960,0,67400693696,model.language_model.layers.21.attn_hyper_connection.hc_norm.weight,RENAMED_ONE_TO_ONE,gated_residual,21,REQUIRED_INITIAL_TEXT,gated_residual,KQ-GGUF-RULE-TENSOR-NAME-v1,KQ-GGUF-EVIDENCE-002
blk.21.hc_attn_up.weight,2,320x10240,3276800,8,Q8_0,32,34,8.5,67389669376,67400693696,3481600,0,67404175296,model.language_model.layers.21.attn_hyper_connection.input_mix_weight_up.weight,RENAMED_ONE_TO_ONE,gated_residual,21,REQUIRED_INITIAL_TEXT,gated_residual,KQ-GGUF-RULE-TENSOR-NAME-v1,KQ-GGUF-EVIDENCE-002
blk.21.hc_ffn_down.weight,2,10240x320,3276800,8,Q8_0,32,34,8.5,67393150976,67404175296,3481600,0,67407656896,model.language_model.layers.21.mlp_hyper_connection.input_mix_weight_down.weight,RENAMED_ONE_TO_ONE,gated_residual,21,REQUIRED_INITIAL_TEXT,gated_residual,KQ-GGUF-RULE-TENSOR-NAME-v1,KQ-GGUF-EVIDENCE-002
blk.21.hc_ffn_inject.weight,2,10240x4,40960,0,F32,1,4,32.0,67396632576,67407656896,163840,0,67407820736,model.language_model.layers.21.mlp_hyper_connection.block_inject_weight.weight,RENAMED_ONE_TO_ONE,gated_residual,21,REQUIRED_INITIAL_TEXT,gated_residual,KQ-GGUF-RULE-TENSOR-NAME-v1,KQ-GGUF-EVIDENCE-002
blk.21.hc_ffn_norm.weight,1,10240,10240,0,F32,1,4,32.0,67396796416,67407820736,40960,0,67407861696,model.language_model.layers.21.mlp_hyper_connection.hc_norm.weight,RENAMED_ONE_TO_ONE,gated_residual,21,REQUIRED_INITIAL_TEXT,gated_residual,KQ-GGUF-RULE-TENSOR-NAME-v1,KQ-GGUF-EVIDENCE-002
blk.21.hc_ffn_up.weight,2,320x10240,3276800,8,Q8_0,32,34,8.5,67396837376,67407861696,3481600,0,67411343296,model.language_model.layers.21.mlp_hyper_connection.input_mix_weight_up.weight,RENAMED_ONE_TO_ONE,gated_residual,21,REQUIRED_INITIAL_TEXT,gated_residual,KQ-GGUF-RULE-TENSOR-NAME-v1,KQ-GGUF-EVIDENCE-002
blk.21.ssm_a,1,48,48,0,F32,1,4,32.0,67400318976,67411343296,192,0,67411343488,model.language_model.layers.21.linear_attn.A_log,TRANSFORMED_LAYOUT,gdn,21,REQUIRED_INITIAL_TEXT,gdn,KQ-GGUF-RULE-CONVERTER-TRANSFORM-v1,KQ-GGUF-EVIDENCE-003
blk.21.ssm_alpha.weight,2,2560x48,122880,0,F32,1,4,32.0,67400319168,67411343488,491520,0,67411835008,model.language_model.layers.21.linear_attn.in_proj_a.weight,TRANSFORMED_LAYOUT,gdn,21,REQUIRED_INITIAL_TEXT,gdn,KQ-GGUF-RULE-CONVERTER-TRANSFORM-v1,KQ-GGUF-EVIDENCE-003
blk.21.ssm_beta.weight,2,2560x48,122880,0,F32,1,4,32.0,67400810688,67411835008,491520,0,67412326528,model.language_model.layers.21.linear_attn.in_proj_b.weight,TRANSFORMED_LAYOUT,gdn,21,REQUIRED_INITIAL_TEXT,gdn,KQ-GGUF-RULE-CONVERTER-TRANSFORM-v1,KQ-GGUF-EVIDENCE-003
blk.21.ssm_conv1d.weight,2,4x10240,40960,0,F32,1,4,32.0,67401302208,67412326528,163840,0,67412490368,model.language_model.layers.21.linear_attn.conv1d.weight,TRANSFORMED_LAYOUT,gdn,21,REQUIRED_INITIAL_TEXT,gdn,KQ-GGUF-RULE-CONVERTER-TRANSFORM-v1,KQ-GGUF-EVIDENCE-003
blk.21.ssm_dt.bias,1,48,48,0,F32,1,4,32.0,67401466048,67412490368,192,0,67412490560,model.language_model.layers.21.linear_attn.dt_bias,RENAMED_ONE_TO_ONE,gdn,21,REQUIRED_INITIAL_TEXT,gdn,KQ-GGUF-RULE-TENSOR-NAME-v1,KQ-GGUF-EVIDENCE-002
blk.21.ssm_norm.weight,1,128,128,0,F32,1,4,32.0,67401466240,67412490560,512,0,67412491072,model.language_model.layers.21.linear_attn.norm.weight,RENAMED_ONE_TO_ONE,gdn,21,REQUIRED_INITIAL_TEXT,gdn,KQ-GGUF-RULE-TENSOR-NAME-v1,KQ-GGUF-EVIDENCE-002
blk.21.ssm_out.weight,2,6144x2560,15728640,8,Q8_0,32,34,8.5,67401466752,67412491072,16711680,0,67429202752,model.language_model.layers.21.linear_attn.out_proj.weight,TRANSFORMED_LAYOUT,gdn,21,REQUIRED_INITIAL_TEXT,gdn,KQ-GGUF-RULE-CONVERTER-TRANSFORM-v1,KQ-GGUF-EVIDENCE-003
blk.22.attn_gate.weight,2,2560x6144,15728640,8,Q8_0,32,34,8.5,67418178432,67429202752,16711680,0,67445914432,model.language_model.layers.22.linear_attn.in_proj_z.weight,TRANSFORMED_LAYOUT,gdn,22,REQUIRED_INITIAL_TEXT,gdn,KQ-GGUF-RULE-CONVERTER-TRANSFORM-v1,KQ-GGUF-EVIDENCE-003
blk.22.attn_qkv.weight,2,2560x10240,26214400,8,Q8_0,32,34,8.5,67434890112,67445914432,27852800,0,67473767232,model.language_model.layers.22.linear_attn.in_proj_qkv.weight,TRANSFORMED_LAYOUT,gdn,22,REQUIRED_INITIAL_TEXT,gdn,KQ-GGUF-RULE-CONVERTER-TRANSFORM-v1,KQ-GGUF-EVIDENCE-003
blk.22.ffn_down_exps.weight,3,640x2560x512,838860800,7,Q5_1,32,24,6.0,67462742912,67473767232,629145600,0,68102912832,model.language_model.layers.22.mlp.experts.down_proj,RENAMED_ONE_TO_ONE,routed_experts,22,REQUIRED_INITIAL_TEXT,routed_experts,KQ-GGUF-RULE-TENSOR-NAME-v1,KQ-GGUF-EVIDENCE-002
blk.22.ffn_down_shexp.weight,2,640x2560,1638400,8,Q8_0,32,34,8.5,68091888512,68102912832,1740800,0,68104653632,model.language_model.layers.22.mlp.shared_expert.down_proj.weight,RENAMED_ONE_TO_ONE,shared_expert,22,REQUIRED_INITIAL_TEXT,shared_experts,KQ-GGUF-RULE-TENSOR-NAME-v1,KQ-GGUF-EVIDENCE-002
blk.22.ffn_gate_exps.weight,3,2560x640x512,838860800,12,Q4_K,256,144,4.5,68093629312,68104653632,471859200,0,68576512832,model.language_model.layers.22.mlp.experts.gate_up_proj,SPLIT_IN_GGUF,routed_experts,22,REQUIRED_INITIAL_TEXT,routed_experts,KQ-GGUF-RULE-MOE-SPLIT-v1,KQ-GGUF-EVIDENCE-004
blk.22.ffn_gate_inp.weight,2,2560x512,1310720,0,F32,1,4,32.0,68565488512,68576512832,5242880,0,68581755712,model.language_model.layers.22.mlp.gate.weight,RENAMED_ONE_TO_ONE,router,22,REQUIRED_INITIAL_TEXT,router,KQ-GGUF-RULE-TENSOR-NAME-v1,KQ-GGUF-EVIDENCE-002
blk.22.ffn_gate_inp_shexp.weight,1,2560,2560,0,F32,1,4,32.0,68570731392,68581755712,10240,0,68581765952,model.language_model.layers.22.mlp.shared_expert_gate.weight,RENAMED_ONE_TO_ONE,shared_expert,22,REQUIRED_INITIAL_TEXT,shared_experts,KQ-GGUF-RULE-TENSOR-NAME-v1,KQ-GGUF-EVIDENCE-002
blk.22.ffn_gate_shexp.weight,2,2560x640,1638400,8,Q8_0,32,34,8.5,68570741632,68581765952,1740800,0,68583506752,model.language_model.layers.22.mlp.shared_expert.gate_proj.weight,RENAMED_ONE_TO_ONE,shared_expert,22,REQUIRED_INITIAL_TEXT,shared_experts,KQ-GGUF-RULE-TENSOR-NAME-v1,KQ-GGUF-EVIDENCE-002
blk.22.ffn_up_exps.weight,3,2560x640x512,838860800,12,Q4_K,256,144,4.5,68572482432,68583506752,471859200,0,69055365952,model.language_model.layers.22.mlp.experts.gate_up_proj,SPLIT_IN_GGUF,routed_experts,22,REQUIRED_INITIAL_TEXT,routed_experts,KQ-GGUF-RULE-MOE-SPLIT-v1,KQ-GGUF-EVIDENCE-004
blk.22.ffn_up_shexp.weight,2,2560x640,1638400,8,Q8_0,32,34,8.5,69044341632,69055365952,1740800,0,69057106752,model.language_model.layers.22.mlp.shared_expert.up_proj.weight,RENAMED_ONE_TO_ONE,shared_expert,22,REQUIRED_INITIAL_TEXT,shared_experts,KQ-GGUF-RULE-TENSOR-NAME-v1,KQ-GGUF-EVIDENCE-002
blk.22.hc_attn_down.weight,2,10240x320,3276800,8,Q8_0,32,34,8.5,69046082432,69057106752,3481600,0,69060588352,model.language_model.layers.22.attn_hyper_connection.input_mix_weight_down.weight,RENAMED_ONE_TO_ONE,gated_residual,22,REQUIRED_INITIAL_TEXT,gated_residual,KQ-GGUF-RULE-TENSOR-NAME-v1,KQ-GGUF-EVIDENCE-002
blk.22.hc_attn_inject.weight,2,10240x4,40960,0,F32,1,4,32.0,69049564032,69060588352,163840,0,69060752192,model.language_model.layers.22.attn_hyper_connection.block_inject_weight.weight,RENAMED_ONE_TO_ONE,gated_residual,22,REQUIRED_INITIAL_TEXT,gated_residual,KQ-GGUF-RULE-TENSOR-NAME-v1,KQ-GGUF-EVIDENCE-002
blk.22.hc_attn_norm.weight,1,10240,10240,0,F32,1,4,32.0,69049727872,69060752192,40960,0,69060793152,model.language_model.layers.22.attn_hyper_connection.hc_norm.weight,RENAMED_ONE_TO_ONE,gated_residual,22,REQUIRED_INITIAL_TEXT,gated_residual,KQ-GGUF-RULE-TENSOR-NAME-v1,KQ-GGUF-EVIDENCE-002
blk.22.hc_attn_up.weight,2,320x10240,3276800,8,Q8_0,32,34,8.5,69049768832,69060793152,3481600,0,69064274752,model.language_model.layers.22.attn_hyper_connection.input_mix_weight_up.weight,RENAMED_ONE_TO_ONE,gated_residual,22,REQUIRED_INITIAL_TEXT,gated_residual,KQ-GGUF-RULE-TENSOR-NAME-v1,KQ-GGUF-EVIDENCE-002
blk.22.hc_ffn_down.weight,2,10240x320,3276800,8,Q8_0,32,34,8.5,69053250432,69064274752,3481600,0,69067756352,model.language_model.layers.22.mlp_hyper_connection.input_mix_weight_down.weight,RENAMED_ONE_TO_ONE,gated_residual,22,REQUIRED_INITIAL_TEXT,gated_residual,KQ-GGUF-RULE-TENSOR-NAME-v1,KQ-GGUF-EVIDENCE-002
blk.22.hc_ffn_inject.weight,2,10240x4,40960,0,F32,1,4,32.0,69056732032,69067756352,163840,0,69067920192,model.language_model.layers.22.mlp_hyper_connection.block_inject_weight.weight,RENAMED_ONE_TO_ONE,gated_residual,22,REQUIRED_INITIAL_TEXT,gated_residual,KQ-GGUF-RULE-TENSOR-NAME-v1,KQ-GGUF-EVIDENCE-002
blk.22.hc_ffn_norm.weight,1,10240,10240,0,F32,1,4,32.0,69056895872,69067920192,40960,0,69067961152,model.language_model.layers.22.mlp_hyper_connection.hc_norm.weight,RENAMED_ONE_TO_ONE,gated_residual,22,REQUIRED_INITIAL_TEXT,gated_residual,KQ-GGUF-RULE-TENSOR-NAME-v1,KQ-GGUF-EVIDENCE-002
blk.22.hc_ffn_up.weight,2,320x10240,3276800,8,Q8_0,32,34,8.5,69056936832,69067961152,3481600,0,69071442752,model.language_model.layers.22.mlp_hyper_connection.input_mix_weight_up.weight,RENAMED_ONE_TO_ONE,gated_residual,22,REQUIRED_INITIAL_TEXT,gated_residual,KQ-GGUF-RULE-TENSOR-NAME-v1,KQ-GGUF-EVIDENCE-002
blk.22.ssm_a,1,48,48,0,F32,1,4,32.0,69060418432,69071442752,192,0,69071442944,model.language_model.layers.22.linear_attn.A_log,TRANSFORMED_LAYOUT,gdn,22,REQUIRED_INITIAL_TEXT,gdn,KQ-GGUF-RULE-CONVERTER-TRANSFORM-v1,KQ-GGUF-EVIDENCE-003
blk.22.ssm_alpha.weight,2,2560x48,122880,0,F32,1,4,32.0,69060418624,69071442944,491520,0,69071934464,model.language_model.layers.22.linear_attn.in_proj_a.weight,TRANSFORMED_LAYOUT,gdn,22,REQUIRED_INITIAL_TEXT,gdn,KQ-GGUF-RULE-CONVERTER-TRANSFORM-v1,KQ-GGUF-EVIDENCE-003
blk.22.ssm_beta.weight,2,2560x48,122880,0,F32,1,4,32.0,69060910144,69071934464,491520,0,69072425984,model.language_model.layers.22.linear_attn.in_proj_b.weight,TRANSFORMED_LAYOUT,gdn,22,REQUIRED_INITIAL_TEXT,gdn,KQ-GGUF-RULE-CONVERTER-TRANSFORM-v1,KQ-GGUF-EVIDENCE-003
blk.22.ssm_conv1d.weight,2,4x10240,40960,0,F32,1,4,32.0,69061401664,69072425984,163840,0,69072589824,model.language_model.layers.22.linear_attn.conv1d.weight,TRANSFORMED_LAYOUT,gdn,22,REQUIRED_INITIAL_TEXT,gdn,KQ-GGUF-RULE-CONVERTER-TRANSFORM-v1,KQ-GGUF-EVIDENCE-003
blk.22.ssm_dt.bias,1,48,48,0,F32,1,4,32.0,69061565504,69072589824,192,0,69072590016,model.language_model.layers.22.linear_attn.dt_bias,RENAMED_ONE_TO_ONE,gdn,22,REQUIRED_INITIAL_TEXT,gdn,KQ-GGUF-RULE-TENSOR-NAME-v1,KQ-GGUF-EVIDENCE-002
blk.22.ssm_norm.weight,1,128,128,0,F32,1,4,32.0,69061565696,69072590016,512,0,69072590528,model.language_model.layers.22.linear_attn.norm.weight,RENAMED_ONE_TO_ONE,gdn,22,REQUIRED_INITIAL_TEXT,gdn,KQ-GGUF-RULE-TENSOR-NAME-v1,KQ-GGUF-EVIDENCE-002
blk.22.ssm_out.weight,2,6144x2560,15728640,8,Q8_0,32,34,8.5,69061566208,69072590528,16711680,0,69089302208,model.language_model.layers.22.linear_attn.out_proj.weight,TRANSFORMED_LAYOUT,gdn,22,REQUIRED_INITIAL_TEXT,gdn,KQ-GGUF-RULE-CONVERTER-TRANSFORM-v1,KQ-GGUF-EVIDENCE-003
blk.23.attn_k.weight,2,2560x512,1310720,8,Q8_0,32,34,8.5,69078277888,69089302208,1392640,0,69090694848,model.language_model.layers.23.self_attn.k_proj.weight,RENAMED_ONE_TO_ONE,qsa_attention,23,REQUIRED_INITIAL_TEXT,qsa_attention,KQ-GGUF-RULE-TENSOR-NAME-v1,KQ-GGUF-EVIDENCE-002
blk.23.attn_k_norm.weight,1,256,256,0,F32,1,4,32.0,69079670528,69090694848,1024,0,69090695872,model.language_model.layers.23.self_attn.k_norm.weight,RENAMED_ONE_TO_ONE,qsa_attention,23,REQUIRED_INITIAL_TEXT,qsa_attention,KQ-GGUF-RULE-TENSOR-NAME-v1,KQ-GGUF-EVIDENCE-002
blk.23.attn_output.weight,2,6144x2560,15728640,8,Q8_0,32,34,8.5,69079671552,69090695872,16711680,0,69107407552,model.language_model.layers.23.self_attn.o_proj.weight,RENAMED_ONE_TO_ONE,qsa_attention,23,REQUIRED_INITIAL_TEXT,qsa_attention,KQ-GGUF-RULE-TENSOR-NAME-v1,KQ-GGUF-EVIDENCE-002
blk.23.attn_q.weight,2,2560x12288,31457280,8,Q8_0,32,34,8.5,69096383232,69107407552,33423360,0,69140830912,model.language_model.layers.23.self_attn.q_proj.weight,RENAMED_ONE_TO_ONE,qsa_attention,23,REQUIRED_INITIAL_TEXT,qsa_attention,KQ-GGUF-RULE-TENSOR-NAME-v1,KQ-GGUF-EVIDENCE-002
blk.23.attn_q_norm.weight,1,256,256,0,F32,1,4,32.0,69129806592,69140830912,1024,0,69140831936,model.language_model.layers.23.self_attn.q_norm.weight,RENAMED_ONE_TO_ONE,qsa_attention,23,REQUIRED_INITIAL_TEXT,qsa_attention,KQ-GGUF-RULE-TENSOR-NAME-v1,KQ-GGUF-EVIDENCE-002
blk.23.attn_v.weight,2,2560x512,1310720,8,Q8_0,32,34,8.5,69129807616,69140831936,1392640,0,69142224576,model.language_model.layers.23.self_attn.v_proj.weight,RENAMED_ONE_TO_ONE,qsa_attention,23,REQUIRED_INITIAL_TEXT,qsa_attention,KQ-GGUF-RULE-TENSOR-NAME-v1,KQ-GGUF-EVIDENCE-002
blk.23.ffn_down_exps.weight,3,640x2560x512,838860800,7,Q5_1,32,24,6.0,69131200256,69142224576,629145600,0,69771370176,model.language_model.layers.23.mlp.experts.down_proj,RENAMED_ONE_TO_ONE,routed_experts,23,REQUIRED_INITIAL_TEXT,routed_experts,KQ-GGUF-RULE-TENSOR-NAME-v1,KQ-GGUF-EVIDENCE-002
blk.23.ffn_down_shexp.weight,2,640x2560,1638400,8,Q8_0,32,34,8.5,69760345856,69771370176,1740800,0,69773110976,model.language_model.layers.23.mlp.shared_expert.down_proj.weight,RENAMED_ONE_TO_ONE,shared_expert,23,REQUIRED_INITIAL_TEXT,shared_experts,KQ-GGUF-RULE-TENSOR-NAME-v1,KQ-GGUF-EVIDENCE-002
blk.23.ffn_gate_exps.weight,3,2560x640x512,838860800,12,Q4_K,256,144,4.5,69762086656,69773110976,471859200,0,70244970176,model.language_model.layers.23.mlp.experts.gate_up_proj,SPLIT_IN_GGUF,routed_experts,23,REQUIRED_INITIAL_TEXT,routed_experts,KQ-GGUF-RULE-MOE-SPLIT-v1,KQ-GGUF-EVIDENCE-004
blk.23.ffn_gate_inp.weight,2,2560x512,1310720,0,F32,1,4,32.0,70233945856,70244970176,5242880,0,70250213056,model.language_model.layers.23.mlp.gate.weight,RENAMED_ONE_TO_ONE,router,23,REQUIRED_INITIAL_TEXT,router,KQ-GGUF-RULE-TENSOR-NAME-v1,KQ-GGUF-EVIDENCE-002
blk.23.ffn_gate_inp_shexp.weight,1,2560,2560,0,F32,1,4,32.0,70239188736,70250213056,10240,0,70250223296,model.language_model.layers.23.mlp.shared_expert_gate.weight,RENAMED_ONE_TO_ONE,shared_expert,23,REQUIRED_INITIAL_TEXT,shared_experts,KQ-GGUF-RULE-TENSOR-NAME-v1,KQ-GGUF-EVIDENCE-002
blk.23.ffn_gate_shexp.weight,2,2560x640,1638400,8,Q8_0,32,34,8.5,70239198976,70250223296,1740800,0,70251964096,model.language_model.layers.23.mlp.shared_expert.gate_proj.weight,RENAMED_ONE_TO_ONE,shared_expert,23,REQUIRED_INITIAL_TEXT,shared_experts,KQ-GGUF-RULE-TENSOR-NAME-v1,KQ-GGUF-EVIDENCE-002
blk.23.ffn_up_exps.weight,3,2560x640x512,838860800,12,Q4_K,256,144,4.5,70240939776,70251964096,471859200,0,70723823296,model.language_model.layers.23.mlp.experts.gate_up_proj,SPLIT_IN_GGUF,routed_experts,23,REQUIRED_INITIAL_TEXT,routed_experts,KQ-GGUF-RULE-MOE-SPLIT-v1,KQ-GGUF-EVIDENCE-004
blk.23.ffn_up_shexp.weight,2,2560x640,1638400,8,Q8_0,32,34,8.5,70712798976,70723823296,1740800,0,70725564096,model.language_model.layers.23.mlp.shared_expert.up_proj.weight,RENAMED_ONE_TO_ONE,shared_expert,23,REQUIRED_INITIAL_TEXT,shared_experts,KQ-GGUF-RULE-TENSOR-NAME-v1,KQ-GGUF-EVIDENCE-002
blk.23.hc_attn_down.weight,2,10240x320,3276800,8,Q8_0,32,34,8.5,70714539776,70725564096,3481600,0,70729045696,model.language_model.layers.23.attn_hyper_connection.input_mix_weight_down.weight,RENAMED_ONE_TO_ONE,gated_residual,23,REQUIRED_INITIAL_TEXT,gated_residual,KQ-GGUF-RULE-TENSOR-NAME-v1,KQ-GGUF-EVIDENCE-002
blk.23.hc_attn_inject.weight,2,10240x4,40960,0,F32,1,4,32.0,70718021376,70729045696,163840,0,70729209536,model.language_model.layers.23.attn_hyper_connection.block_inject_weight.weight,RENAMED_ONE_TO_ONE,gated_residual,23,REQUIRED_INITIAL_TEXT,gated_residual,KQ-GGUF-RULE-TENSOR-NAME-v1,KQ-GGUF-EVIDENCE-002
blk.23.hc_attn_norm.weight,1,10240,10240,0,F32,1,4,32.0,70718185216,70729209536,40960,0,70729250496,model.language_model.layers.23.attn_hyper_connection.hc_norm.weight,RENAMED_ONE_TO_ONE,gated_residual,23,REQUIRED_INITIAL_TEXT,gated_residual,KQ-GGUF-RULE-TENSOR-NAME-v1,KQ-GGUF-EVIDENCE-002
blk.23.hc_attn_up.weight,2,320x10240,3276800,8,Q8_0,32,34,8.5,70718226176,70729250496,3481600,0,70732732096,model.language_model.layers.23.attn_hyper_connection.input_mix_weight_up.weight,RENAMED_ONE_TO_ONE,gated_residual,23,REQUIRED_INITIAL_TEXT,gated_residual,KQ-GGUF-RULE-TENSOR-NAME-v1,KQ-GGUF-EVIDENCE-002
blk.23.hc_ffn_down.weight,2,10240x320,3276800,8,Q8_0,32,34,8.5,70721707776,70732732096,3481600,0,70736213696,model.language_model.layers.23.mlp_hyper_connection.input_mix_weight_down.weight,RENAMED_ONE_TO_ONE,gated_residual,23,REQUIRED_INITIAL_TEXT,gated_residual,KQ-GGUF-RULE-TENSOR-NAME-v1,KQ-GGUF-EVIDENCE-002
blk.23.hc_ffn_inject.weight,2,10240x4,40960,0,F32,1,4,32.0,70725189376,70736213696,163840,0,70736377536,model.language_model.layers.23.mlp_hyper_connection.block_inject_weight.weight,RENAMED_ONE_TO_ONE,gated_residual,23,REQUIRED_INITIAL_TEXT,gated_residual,KQ-GGUF-RULE-TENSOR-NAME-v1,KQ-GGUF-EVIDENCE-002
blk.23.hc_ffn_norm.weight,1,10240,10240,0,F32,1,4,32.0,70725353216,70736377536,40960,0,70736418496,model.language_model.layers.23.mlp_hyper_connection.hc_norm.weight,RENAMED_ONE_TO_ONE,gated_residual,23,REQUIRED_INITIAL_TEXT,gated_residual,KQ-GGUF-RULE-TENSOR-NAME-v1,KQ-GGUF-EVIDENCE-002
blk.23.hc_ffn_up.weight,2,320x10240,3276800,8,Q8_0,32,34,8.5,70725394176,70736418496,3481600,0,70739900096,model.language_model.layers.23.mlp_hyper_connection.input_mix_weight_up.weight,RENAMED_ONE_TO_ONE,gated_residual,23,REQUIRED_INITIAL_TEXT,gated_residual,KQ-GGUF-RULE-TENSOR-NAME-v1,KQ-GGUF-EVIDENCE-002
blk.23.indexer.k_norm.weight,1,128,128,0,F32,1,4,32.0,70728875776,70739900096,512,0,70739900608,model.language_model.layers.23.self_attn.indexer.k_layernorm.weight,RENAMED_ONE_TO_ONE,qsa_indexer,23,REQUIRED_INITIAL_TEXT,qsa_indexer,KQ-GGUF-RULE-TENSOR-NAME-v1,KQ-GGUF-EVIDENCE-002
blk.23.indexer.k_proj.weight,2,2560x128,327680,30,BF16,1,2,16.0,70728876288,70739900608,655360,0,70740555968,model.language_model.layers.23.self_attn.indexer.index_qk_proj.weight,SPLIT_IN_GGUF,qsa_indexer,23,REQUIRED_INITIAL_TEXT,qsa_indexer,KQ-GGUF-RULE-QSA-SPLIT-v1,KQ-GGUF-EVIDENCE-003
blk.23.indexer.q_norm.weight,1,128,128,0,F32,1,4,32.0,70729531648,70740555968,512,0,70740556480,model.language_model.layers.23.self_attn.indexer.q_layernorm.weight,RENAMED_ONE_TO_ONE,qsa_indexer,23,REQUIRED_INITIAL_TEXT,qsa_indexer,KQ-GGUF-RULE-TENSOR-NAME-v1,KQ-GGUF-EVIDENCE-002
blk.23.indexer.q_proj.weight,2,2560x512,1310720,30,BF16,1,2,16.0,70729532160,70740556480,2621440,0,70743177920,model.language_model.layers.23.self_attn.indexer.index_qk_proj.weight,SPLIT_IN_GGUF,qsa_indexer,23,REQUIRED_INITIAL_TEXT,qsa_indexer,KQ-GGUF-RULE-QSA-SPLIT-v1,KQ-GGUF-EVIDENCE-003
blk.24.attn_gate.weight,2,2560x6144,15728640,8,Q8_0,32,34,8.5,70732153600,70743177920,16711680,0,70759889600,model.language_model.layers.24.linear_attn.in_proj_z.weight,TRANSFORMED_LAYOUT,gdn,24,REQUIRED_INITIAL_TEXT,gdn,KQ-GGUF-RULE-CONVERTER-TRANSFORM-v1,KQ-GGUF-EVIDENCE-003
blk.24.attn_qkv.weight,2,2560x10240,26214400,8,Q8_0,32,34,8.5,70748865280,70759889600,27852800,0,70787742400,model.language_model.layers.24.linear_attn.in_proj_qkv.weight,TRANSFORMED_LAYOUT,gdn,24,REQUIRED_INITIAL_TEXT,gdn,KQ-GGUF-RULE-CONVERTER-TRANSFORM-v1,KQ-GGUF-EVIDENCE-003
blk.24.ffn_down_exps.weight,3,640x2560x512,838860800,7,Q5_1,32,24,6.0,70776718080,70787742400,629145600,0,71416888000,model.language_model.layers.24.mlp.experts.down_proj,RENAMED_ONE_TO_ONE,routed_experts,24,REQUIRED_INITIAL_TEXT,routed_experts,KQ-GGUF-RULE-TENSOR-NAME-v1,KQ-GGUF-EVIDENCE-002
blk.24.ffn_down_shexp.weight,2,640x2560,1638400,8,Q8_0,32,34,8.5,71405863680,71416888000,1740800,0,71418628800,model.language_model.layers.24.mlp.shared_expert.down_proj.weight,RENAMED_ONE_TO_ONE,shared_expert,24,REQUIRED_INITIAL_TEXT,shared_experts,KQ-GGUF-RULE-TENSOR-NAME-v1,KQ-GGUF-EVIDENCE-002
blk.24.ffn_gate_exps.weight,3,2560x640x512,838860800,12,Q4_K,256,144,4.5,71407604480,71418628800,471859200,0,71890488000,model.language_model.layers.24.mlp.experts.gate_up_proj,SPLIT_IN_GGUF,routed_experts,24,REQUIRED_INITIAL_TEXT,routed_experts,KQ-GGUF-RULE-MOE-SPLIT-v1,KQ-GGUF-EVIDENCE-004
blk.24.ffn_gate_inp.weight,2,2560x512,1310720,0,F32,1,4,32.0,71879463680,71890488000,5242880,0,71895730880,model.language_model.layers.24.mlp.gate.weight,RENAMED_ONE_TO_ONE,router,24,REQUIRED_INITIAL_TEXT,router,KQ-GGUF-RULE-TENSOR-NAME-v1,KQ-GGUF-EVIDENCE-002
blk.24.ffn_gate_inp_shexp.weight,1,2560,2560,0,F32,1,4,32.0,71884706560,71895730880,10240,0,71895741120,model.language_model.layers.24.mlp.shared_expert_gate.weight,RENAMED_ONE_TO_ONE,shared_expert,24,REQUIRED_INITIAL_TEXT,shared_experts,KQ-GGUF-RULE-TENSOR-NAME-v1,KQ-GGUF-EVIDENCE-002
blk.24.ffn_gate_shexp.weight,2,2560x640,1638400,8,Q8_0,32,34,8.5,71884716800,71895741120,1740800,0,71897481920,model.language_model.layers.24.mlp.shared_expert.gate_proj.weight,RENAMED_ONE_TO_ONE,shared_expert,24,REQUIRED_INITIAL_TEXT,shared_experts,KQ-GGUF-RULE-TENSOR-NAME-v1,KQ-GGUF-EVIDENCE-002
blk.24.ffn_up_exps.weight,3,2560x640x512,838860800,12,Q4_K,256,144,4.5,71886457600,71897481920,471859200,0,72369341120,model.language_model.layers.24.mlp.experts.gate_up_proj,SPLIT_IN_GGUF,routed_experts,24,REQUIRED_INITIAL_TEXT,routed_experts,KQ-GGUF-RULE-MOE-SPLIT-v1,KQ-GGUF-EVIDENCE-004
blk.24.ffn_up_shexp.weight,2,2560x640,1638400,8,Q8_0,32,34,8.5,72358316800,72369341120,1740800,0,72371081920,model.language_model.layers.24.mlp.shared_expert.up_proj.weight,RENAMED_ONE_TO_ONE,shared_expert,24,REQUIRED_INITIAL_TEXT,shared_experts,KQ-GGUF-RULE-TENSOR-NAME-v1,KQ-GGUF-EVIDENCE-002
blk.24.hc_attn_down.weight,2,10240x320,3276800,8,Q8_0,32,34,8.5,72360057600,72371081920,3481600,0,72374563520,model.language_model.layers.24.attn_hyper_connection.input_mix_weight_down.weight,RENAMED_ONE_TO_ONE,gated_residual,24,REQUIRED_INITIAL_TEXT,gated_residual,KQ-GGUF-RULE-TENSOR-NAME-v1,KQ-GGUF-EVIDENCE-002
blk.24.hc_attn_inject.weight,2,10240x4,40960,0,F32,1,4,32.0,72363539200,72374563520,163840,0,72374727360,model.language_model.layers.24.attn_hyper_connection.block_inject_weight.weight,RENAMED_ONE_TO_ONE,gated_residual,24,REQUIRED_INITIAL_TEXT,gated_residual,KQ-GGUF-RULE-TENSOR-NAME-v1,KQ-GGUF-EVIDENCE-002
blk.24.hc_attn_norm.weight,1,10240,10240,0,F32,1,4,32.0,72363703040,72374727360,40960,0,72374768320,model.language_model.layers.24.attn_hyper_connection.hc_norm.weight,RENAMED_ONE_TO_ONE,gated_residual,24,REQUIRED_INITIAL_TEXT,gated_residual,KQ-GGUF-RULE-TENSOR-NAME-v1,KQ-GGUF-EVIDENCE-002
blk.24.hc_attn_up.weight,2,320x10240,3276800,8,Q8_0,32,34,8.5,72363744000,72374768320,3481600,0,72378249920,model.language_model.layers.24.attn_hyper_connection.input_mix_weight_up.weight,RENAMED_ONE_TO_ONE,gated_residual,24,REQUIRED_INITIAL_TEXT,gated_residual,KQ-GGUF-RULE-TENSOR-NAME-v1,KQ-GGUF-EVIDENCE-002
blk.24.hc_ffn_down.weight,2,10240x320,3276800,8,Q8_0,32,34,8.5,72367225600,72378249920,3481600,0,72381731520,model.language_model.layers.24.mlp_hyper_connection.input_mix_weight_down.weight,RENAMED_ONE_TO_ONE,gated_residual,24,REQUIRED_INITIAL_TEXT,gated_residual,KQ-GGUF-RULE-TENSOR-NAME-v1,KQ-GGUF-EVIDENCE-002
blk.24.hc_ffn_inject.weight,2,10240x4,40960,0,F32,1,4,32.0,72370707200,72381731520,163840,0,72381895360,model.language_model.layers.24.mlp_hyper_connection.block_inject_weight.weight,RENAMED_ONE_TO_ONE,gated_residual,24,REQUIRED_INITIAL_TEXT,gated_residual,KQ-GGUF-RULE-TENSOR-NAME-v1,KQ-GGUF-EVIDENCE-002
blk.24.hc_ffn_norm.weight,1,10240,10240,0,F32,1,4,32.0,72370871040,72381895360,40960,0,72381936320,model.language_model.layers.24.mlp_hyper_connection.hc_norm.weight,RENAMED_ONE_TO_ONE,gated_residual,24,REQUIRED_INITIAL_TEXT,gated_residual,KQ-GGUF-RULE-TENSOR-NAME-v1,KQ-GGUF-EVIDENCE-002
blk.24.hc_ffn_up.weight,2,320x10240,3276800,8,Q8_0,32,34,8.5,72370912000,72381936320,3481600,0,72385417920,model.language_model.layers.24.mlp_hyper_connection.input_mix_weight_up.weight,RENAMED_ONE_TO_ONE,gated_residual,24,REQUIRED_INITIAL_TEXT,gated_residual,KQ-GGUF-RULE-TENSOR-NAME-v1,KQ-GGUF-EVIDENCE-002
blk.24.ssm_a,1,48,48,0,F32,1,4,32.0,72374393600,72385417920,192,0,72385418112,model.language_model.layers.24.linear_attn.A_log,TRANSFORMED_LAYOUT,gdn,24,REQUIRED_INITIAL_TEXT,gdn,KQ-GGUF-RULE-CONVERTER-TRANSFORM-v1,KQ-GGUF-EVIDENCE-003
blk.24.ssm_alpha.weight,2,2560x48,122880,0,F32,1,4,32.0,72374393792,72385418112,491520,0,72385909632,model.language_model.layers.24.linear_attn.in_proj_a.weight,TRANSFORMED_LAYOUT,gdn,24,REQUIRED_INITIAL_TEXT,gdn,KQ-GGUF-RULE-CONVERTER-TRANSFORM-v1,KQ-GGUF-EVIDENCE-003
blk.24.ssm_beta.weight,2,2560x48,122880,0,F32,1,4,32.0,72374885312,72385909632,491520,0,72386401152,model.language_model.layers.24.linear_attn.in_proj_b.weight,TRANSFORMED_LAYOUT,gdn,24,REQUIRED_INITIAL_TEXT,gdn,KQ-GGUF-RULE-CONVERTER-TRANSFORM-v1,KQ-GGUF-EVIDENCE-003
blk.24.ssm_conv1d.weight,2,4x10240,40960,0,F32,1,4,32.0,72375376832,72386401152,163840,0,72386564992,model.language_model.layers.24.linear_attn.conv1d.weight,TRANSFORMED_LAYOUT,gdn,24,REQUIRED_INITIAL_TEXT,gdn,KQ-GGUF-RULE-CONVERTER-TRANSFORM-v1,KQ-GGUF-EVIDENCE-003
blk.24.ssm_dt.bias,1,48,48,0,F32,1,4,32.0,72375540672,72386564992,192,0,72386565184,model.language_model.layers.24.linear_attn.dt_bias,RENAMED_ONE_TO_ONE,gdn,24,REQUIRED_INITIAL_TEXT,gdn,KQ-GGUF-RULE-TENSOR-NAME-v1,KQ-GGUF-EVIDENCE-002
blk.24.ssm_norm.weight,1,128,128,0,F32,1,4,32.0,72375540864,72386565184,512,0,72386565696,model.language_model.layers.24.linear_attn.norm.weight,RENAMED_ONE_TO_ONE,gdn,24,REQUIRED_INITIAL_TEXT,gdn,KQ-GGUF-RULE-TENSOR-NAME-v1,KQ-GGUF-EVIDENCE-002
blk.24.ssm_out.weight,2,6144x2560,15728640,8,Q8_0,32,34,8.5,72375541376,72386565696,16711680,0,72403277376,model.language_model.layers.24.linear_attn.out_proj.weight,TRANSFORMED_LAYOUT,gdn,24,REQUIRED_INITIAL_TEXT,gdn,KQ-GGUF-RULE-CONVERTER-TRANSFORM-v1,KQ-GGUF-EVIDENCE-003
blk.25.attn_gate.weight,2,2560x6144,15728640,8,Q8_0,32,34,8.5,72392253056,72403277376,16711680,0,72419989056,model.language_model.layers.25.linear_attn.in_proj_z.weight,TRANSFORMED_LAYOUT,gdn,25,REQUIRED_INITIAL_TEXT,gdn,KQ-GGUF-RULE-CONVERTER-TRANSFORM-v1,KQ-GGUF-EVIDENCE-003
blk.25.attn_qkv.weight,2,2560x10240,26214400,8,Q8_0,32,34,8.5,72408964736,72419989056,27852800,0,72447841856,model.language_model.layers.25.linear_attn.in_proj_qkv.weight,TRANSFORMED_LAYOUT,gdn,25,REQUIRED_INITIAL_TEXT,gdn,KQ-GGUF-RULE-CONVERTER-TRANSFORM-v1,KQ-GGUF-EVIDENCE-003
blk.25.ffn_down_exps.weight,3,640x2560x512,838860800,7,Q5_1,32,24,6.0,72436817536,72447841856,629145600,0,73076987456,model.language_model.layers.25.mlp.experts.down_proj,RENAMED_ONE_TO_ONE,routed_experts,25,REQUIRED_INITIAL_TEXT,routed_experts,KQ-GGUF-RULE-TENSOR-NAME-v1,KQ-GGUF-EVIDENCE-002
blk.25.ffn_down_shexp.weight,2,640x2560,1638400,8,Q8_0,32,34,8.5,73065963136,73076987456,1740800,0,73078728256,model.language_model.layers.25.mlp.shared_expert.down_proj.weight,RENAMED_ONE_TO_ONE,shared_expert,25,REQUIRED_INITIAL_TEXT,shared_experts,KQ-GGUF-RULE-TENSOR-NAME-v1,KQ-GGUF-EVIDENCE-002
blk.25.ffn_gate_exps.weight,3,2560x640x512,838860800,12,Q4_K,256,144,4.5,73067703936,73078728256,471859200,0,73550587456,model.language_model.layers.25.mlp.experts.gate_up_proj,SPLIT_IN_GGUF,routed_experts,25,REQUIRED_INITIAL_TEXT,routed_experts,KQ-GGUF-RULE-MOE-SPLIT-v1,KQ-GGUF-EVIDENCE-004
blk.25.ffn_gate_inp.weight,2,2560x512,1310720,0,F32,1,4,32.0,73539563136,73550587456,5242880,0,73555830336,model.language_model.layers.25.mlp.gate.weight,RENAMED_ONE_TO_ONE,router,25,REQUIRED_INITIAL_TEXT,router,KQ-GGUF-RULE-TENSOR-NAME-v1,KQ-GGUF-EVIDENCE-002
blk.25.ffn_gate_inp_shexp.weight,1,2560,2560,0,F32,1,4,32.0,73544806016,73555830336,10240,0,73555840576,model.language_model.layers.25.mlp.shared_expert_gate.weight,RENAMED_ONE_TO_ONE,shared_expert,25,REQUIRED_INITIAL_TEXT,shared_experts,KQ-GGUF-RULE-TENSOR-NAME-v1,KQ-GGUF-EVIDENCE-002
blk.25.ffn_gate_shexp.weight,2,2560x640,1638400,8,Q8_0,32,34,8.5,73544816256,73555840576,1740800,0,73557581376,model.language_model.layers.25.mlp.shared_expert.gate_proj.weight,RENAMED_ONE_TO_ONE,shared_expert,25,REQUIRED_INITIAL_TEXT,shared_experts,KQ-GGUF-RULE-TENSOR-NAME-v1,KQ-GGUF-EVIDENCE-002
blk.25.ffn_up_exps.weight,3,2560x640x512,838860800,12,Q4_K,256,144,4.5,73546557056,73557581376,471859200,0,74029440576,model.language_model.layers.25.mlp.experts.gate_up_proj,SPLIT_IN_GGUF,routed_experts,25,REQUIRED_INITIAL_TEXT,routed_experts,KQ-GGUF-RULE-MOE-SPLIT-v1,KQ-GGUF-EVIDENCE-004
blk.25.ffn_up_shexp.weight,2,2560x640,1638400,8,Q8_0,32,34,8.5,74018416256,74029440576,1740800,0,74031181376,model.language_model.layers.25.mlp.shared_expert.up_proj.weight,RENAMED_ONE_TO_ONE,shared_expert,25,REQUIRED_INITIAL_TEXT,shared_experts,KQ-GGUF-RULE-TENSOR-NAME-v1,KQ-GGUF-EVIDENCE-002
blk.25.hc_attn_down.weight,2,10240x320,3276800,8,Q8_0,32,34,8.5,74020157056,74031181376,3481600,0,74034662976,model.language_model.layers.25.attn_hyper_connection.input_mix_weight_down.weight,RENAMED_ONE_TO_ONE,gated_residual,25,REQUIRED_INITIAL_TEXT,gated_residual,KQ-GGUF-RULE-TENSOR-NAME-v1,KQ-GGUF-EVIDENCE-002
blk.25.hc_attn_inject.weight,2,10240x4,40960,0,F32,1,4,32.0,74023638656,74034662976,163840,0,74034826816,model.language_model.layers.25.attn_hyper_connection.block_inject_weight.weight,RENAMED_ONE_TO_ONE,gated_residual,25,REQUIRED_INITIAL_TEXT,gated_residual,KQ-GGUF-RULE-TENSOR-NAME-v1,KQ-GGUF-EVIDENCE-002
blk.25.hc_attn_norm.weight,1,10240,10240,0,F32,1,4,32.0,74023802496,74034826816,40960,0,74034867776,model.language_model.layers.25.attn_hyper_connection.hc_norm.weight,RENAMED_ONE_TO_ONE,gated_residual,25,REQUIRED_INITIAL_TEXT,gated_residual,KQ-GGUF-RULE-TENSOR-NAME-v1,KQ-GGUF-EVIDENCE-002
blk.25.hc_attn_up.weight,2,320x10240,3276800,8,Q8_0,32,34,8.5,74023843456,74034867776,3481600,0,74038349376,model.language_model.layers.25.attn_hyper_connection.input_mix_weight_up.weight,RENAMED_ONE_TO_ONE,gated_residual,25,REQUIRED_INITIAL_TEXT,gated_residual,KQ-GGUF-RULE-TENSOR-NAME-v1,KQ-GGUF-EVIDENCE-002
blk.25.hc_ffn_down.weight,2,10240x320,3276800,8,Q8_0,32,34,8.5,74027325056,74038349376,3481600,0,74041830976,model.language_model.layers.25.mlp_hyper_connection.input_mix_weight_down.weight,RENAMED_ONE_TO_ONE,gated_residual,25,REQUIRED_INITIAL_TEXT,gated_residual,KQ-GGUF-RULE-TENSOR-NAME-v1,KQ-GGUF-EVIDENCE-002
blk.25.hc_ffn_inject.weight,2,10240x4,40960,0,F32,1,4,32.0,74030806656,74041830976,163840,0,74041994816,model.language_model.layers.25.mlp_hyper_connection.block_inject_weight.weight,RENAMED_ONE_TO_ONE,gated_residual,25,REQUIRED_INITIAL_TEXT,gated_residual,KQ-GGUF-RULE-TENSOR-NAME-v1,KQ-GGUF-EVIDENCE-002
blk.25.hc_ffn_norm.weight,1,10240,10240,0,F32,1,4,32.0,74030970496,74041994816,40960,0,74042035776,model.language_model.layers.25.mlp_hyper_connection.hc_norm.weight,RENAMED_ONE_TO_ONE,gated_residual,25,REQUIRED_INITIAL_TEXT,gated_residual,KQ-GGUF-RULE-TENSOR-NAME-v1,KQ-GGUF-EVIDENCE-002
blk.25.hc_ffn_up.weight,2,320x10240,3276800,8,Q8_0,32,34,8.5,74031011456,74042035776,3481600,0,74045517376,model.language_model.layers.25.mlp_hyper_connection.input_mix_weight_up.weight,RENAMED_ONE_TO_ONE,gated_residual,25,REQUIRED_INITIAL_TEXT,gated_residual,KQ-GGUF-RULE-TENSOR-NAME-v1,KQ-GGUF-EVIDENCE-002
blk.25.ssm_a,1,48,48,0,F32,1,4,32.0,74034493056,74045517376,192,0,74045517568,model.language_model.layers.25.linear_attn.A_log,TRANSFORMED_LAYOUT,gdn,25,REQUIRED_INITIAL_TEXT,gdn,KQ-GGUF-RULE-CONVERTER-TRANSFORM-v1,KQ-GGUF-EVIDENCE-003
blk.25.ssm_alpha.weight,2,2560x48,122880,0,F32,1,4,32.0,74034493248,74045517568,491520,0,74046009088,model.language_model.layers.25.linear_attn.in_proj_a.weight,TRANSFORMED_LAYOUT,gdn,25,REQUIRED_INITIAL_TEXT,gdn,KQ-GGUF-RULE-CONVERTER-TRANSFORM-v1,KQ-GGUF-EVIDENCE-003
blk.25.ssm_beta.weight,2,2560x48,122880,0,F32,1,4,32.0,74034984768,74046009088,491520,0,74046500608,model.language_model.layers.25.linear_attn.in_proj_b.weight,TRANSFORMED_LAYOUT,gdn,25,REQUIRED_INITIAL_TEXT,gdn,KQ-GGUF-RULE-CONVERTER-TRANSFORM-v1,KQ-GGUF-EVIDENCE-003
blk.25.ssm_conv1d.weight,2,4x10240,40960,0,F32,1,4,32.0,74035476288,74046500608,163840,0,74046664448,model.language_model.layers.25.linear_attn.conv1d.weight,TRANSFORMED_LAYOUT,gdn,25,REQUIRED_INITIAL_TEXT,gdn,KQ-GGUF-RULE-CONVERTER-TRANSFORM-v1,KQ-GGUF-EVIDENCE-003
blk.25.ssm_dt.bias,1,48,48,0,F32,1,4,32.0,74035640128,74046664448,192,0,74046664640,model.language_model.layers.25.linear_attn.dt_bias,RENAMED_ONE_TO_ONE,gdn,25,REQUIRED_INITIAL_TEXT,gdn,KQ-GGUF-RULE-TENSOR-NAME-v1,KQ-GGUF-EVIDENCE-002
blk.25.ssm_norm.weight,1,128,128,0,F32,1,4,32.0,74035640320,74046664640,512,0,74046665152,model.language_model.layers.25.linear_attn.norm.weight,RENAMED_ONE_TO_ONE,gdn,25,REQUIRED_INITIAL_TEXT,gdn,KQ-GGUF-RULE-TENSOR-NAME-v1,KQ-GGUF-EVIDENCE-002
blk.25.ssm_out.weight,2,6144x2560,15728640,8,Q8_0,32,34,8.5,74035640832,74046665152,16711680,0,74063376832,model.language_model.layers.25.linear_attn.out_proj.weight,TRANSFORMED_LAYOUT,gdn,25,REQUIRED_INITIAL_TEXT,gdn,KQ-GGUF-RULE-CONVERTER-TRANSFORM-v1,KQ-GGUF-EVIDENCE-003
blk.26.attn_gate.weight,2,2560x6144,15728640,8,Q8_0,32,34,8.5,74052352512,74063376832,16711680,0,74080088512,model.language_model.layers.26.linear_attn.in_proj_z.weight,TRANSFORMED_LAYOUT,gdn,26,REQUIRED_INITIAL_TEXT,gdn,KQ-GGUF-RULE-CONVERTER-TRANSFORM-v1,KQ-GGUF-EVIDENCE-003
blk.26.attn_qkv.weight,2,2560x10240,26214400,8,Q8_0,32,34,8.5,74069064192,74080088512,27852800,0,74107941312,model.language_model.layers.26.linear_attn.in_proj_qkv.weight,TRANSFORMED_LAYOUT,gdn,26,REQUIRED_INITIAL_TEXT,gdn,KQ-GGUF-RULE-CONVERTER-TRANSFORM-v1,KQ-GGUF-EVIDENCE-003
blk.26.ffn_down_exps.weight,3,640x2560x512,838860800,7,Q5_1,32,24,6.0,74096916992,74107941312,629145600,0,74737086912,model.language_model.layers.26.mlp.experts.down_proj,RENAMED_ONE_TO_ONE,routed_experts,26,REQUIRED_INITIAL_TEXT,routed_experts,KQ-GGUF-RULE-TENSOR-NAME-v1,KQ-GGUF-EVIDENCE-002
blk.26.ffn_down_shexp.weight,2,640x2560,1638400,8,Q8_0,32,34,8.5,74726062592,74737086912,1740800,0,74738827712,model.language_model.layers.26.mlp.shared_expert.down_proj.weight,RENAMED_ONE_TO_ONE,shared_expert,26,REQUIRED_INITIAL_TEXT,shared_experts,KQ-GGUF-RULE-TENSOR-NAME-v1,KQ-GGUF-EVIDENCE-002
blk.26.ffn_gate_exps.weight,3,2560x640x512,838860800,12,Q4_K,256,144,4.5,74727803392,74738827712,471859200,0,75210686912,model.language_model.layers.26.mlp.experts.gate_up_proj,SPLIT_IN_GGUF,routed_experts,26,REQUIRED_INITIAL_TEXT,routed_experts,KQ-GGUF-RULE-MOE-SPLIT-v1,KQ-GGUF-EVIDENCE-004
blk.26.ffn_gate_inp.weight,2,2560x512,1310720,0,F32,1,4,32.0,75199662592,75210686912,5242880,0,75215929792,model.language_model.layers.26.mlp.gate.weight,RENAMED_ONE_TO_ONE,router,26,REQUIRED_INITIAL_TEXT,router,KQ-GGUF-RULE-TENSOR-NAME-v1,KQ-GGUF-EVIDENCE-002
blk.26.ffn_gate_inp_shexp.weight,1,2560,2560,0,F32,1,4,32.0,75204905472,75215929792,10240,0,75215940032,model.language_model.layers.26.mlp.shared_expert_gate.weight,RENAMED_ONE_TO_ONE,shared_expert,26,REQUIRED_INITIAL_TEXT,shared_experts,KQ-GGUF-RULE-TENSOR-NAME-v1,KQ-GGUF-EVIDENCE-002
blk.26.ffn_gate_shexp.weight,2,2560x640,1638400,8,Q8_0,32,34,8.5,75204915712,75215940032,1740800,0,75217680832,model.language_model.layers.26.mlp.shared_expert.gate_proj.weight,RENAMED_ONE_TO_ONE,shared_expert,26,REQUIRED_INITIAL_TEXT,shared_experts,KQ-GGUF-RULE-TENSOR-NAME-v1,KQ-GGUF-EVIDENCE-002
blk.26.ffn_up_exps.weight,3,2560x640x512,838860800,12,Q4_K,256,144,4.5,75206656512,75217680832,471859200,0,75689540032,model.language_model.layers.26.mlp.experts.gate_up_proj,SPLIT_IN_GGUF,routed_experts,26,REQUIRED_INITIAL_TEXT,routed_experts,KQ-GGUF-RULE-MOE-SPLIT-v1,KQ-GGUF-EVIDENCE-004
blk.26.ffn_up_shexp.weight,2,2560x640,1638400,8,Q8_0,32,34,8.5,75678515712,75689540032,1740800,0,75691280832,model.language_model.layers.26.mlp.shared_expert.up_proj.weight,RENAMED_ONE_TO_ONE,shared_expert,26,REQUIRED_INITIAL_TEXT,shared_experts,KQ-GGUF-RULE-TENSOR-NAME-v1,KQ-GGUF-EVIDENCE-002
blk.26.hc_attn_down.weight,2,10240x320,3276800,8,Q8_0,32,34,8.5,75680256512,75691280832,3481600,0,75694762432,model.language_model.layers.26.attn_hyper_connection.input_mix_weight_down.weight,RENAMED_ONE_TO_ONE,gated_residual,26,REQUIRED_INITIAL_TEXT,gated_residual,KQ-GGUF-RULE-TENSOR-NAME-v1,KQ-GGUF-EVIDENCE-002
blk.26.hc_attn_inject.weight,2,10240x4,40960,0,F32,1,4,32.0,75683738112,75694762432,163840,0,75694926272,model.language_model.layers.26.attn_hyper_connection.block_inject_weight.weight,RENAMED_ONE_TO_ONE,gated_residual,26,REQUIRED_INITIAL_TEXT,gated_residual,KQ-GGUF-RULE-TENSOR-NAME-v1,KQ-GGUF-EVIDENCE-002
blk.26.hc_attn_norm.weight,1,10240,10240,0,F32,1,4,32.0,75683901952,75694926272,40960,0,75694967232,model.language_model.layers.26.attn_hyper_connection.hc_norm.weight,RENAMED_ONE_TO_ONE,gated_residual,26,REQUIRED_INITIAL_TEXT,gated_residual,KQ-GGUF-RULE-TENSOR-NAME-v1,KQ-GGUF-EVIDENCE-002
blk.26.hc_attn_up.weight,2,320x10240,3276800,8,Q8_0,32,34,8.5,75683942912,75694967232,3481600,0,75698448832,model.language_model.layers.26.attn_hyper_connection.input_mix_weight_up.weight,RENAMED_ONE_TO_ONE,gated_residual,26,REQUIRED_INITIAL_TEXT,gated_residual,KQ-GGUF-RULE-TENSOR-NAME-v1,KQ-GGUF-EVIDENCE-002
blk.26.hc_ffn_down.weight,2,10240x320,3276800,8,Q8_0,32,34,8.5,75687424512,75698448832,3481600,0,75701930432,model.language_model.layers.26.mlp_hyper_connection.input_mix_weight_down.weight,RENAMED_ONE_TO_ONE,gated_residual,26,REQUIRED_INITIAL_TEXT,gated_residual,KQ-GGUF-RULE-TENSOR-NAME-v1,KQ-GGUF-EVIDENCE-002
blk.26.hc_ffn_inject.weight,2,10240x4,40960,0,F32,1,4,32.0,75690906112,75701930432,163840,0,75702094272,model.language_model.layers.26.mlp_hyper_connection.block_inject_weight.weight,RENAMED_ONE_TO_ONE,gated_residual,26,REQUIRED_INITIAL_TEXT,gated_residual,KQ-GGUF-RULE-TENSOR-NAME-v1,KQ-GGUF-EVIDENCE-002
blk.26.hc_ffn_norm.weight,1,10240,10240,0,F32,1,4,32.0,75691069952,75702094272,40960,0,75702135232,model.language_model.layers.26.mlp_hyper_connection.hc_norm.weight,RENAMED_ONE_TO_ONE,gated_residual,26,REQUIRED_INITIAL_TEXT,gated_residual,KQ-GGUF-RULE-TENSOR-NAME-v1,KQ-GGUF-EVIDENCE-002
blk.26.hc_ffn_up.weight,2,320x10240,3276800,8,Q8_0,32,34,8.5,75691110912,75702135232,3481600,0,75705616832,model.language_model.layers.26.mlp_hyper_connection.input_mix_weight_up.weight,RENAMED_ONE_TO_ONE,gated_residual,26,REQUIRED_INITIAL_TEXT,gated_residual,KQ-GGUF-RULE-TENSOR-NAME-v1,KQ-GGUF-EVIDENCE-002
blk.26.ssm_a,1,48,48,0,F32,1,4,32.0,75694592512,75705616832,192,0,75705617024,model.language_model.layers.26.linear_attn.A_log,TRANSFORMED_LAYOUT,gdn,26,REQUIRED_INITIAL_TEXT,gdn,KQ-GGUF-RULE-CONVERTER-TRANSFORM-v1,KQ-GGUF-EVIDENCE-003
blk.26.ssm_alpha.weight,2,2560x48,122880,0,F32,1,4,32.0,75694592704,75705617024,491520,0,75706108544,model.language_model.layers.26.linear_attn.in_proj_a.weight,TRANSFORMED_LAYOUT,gdn,26,REQUIRED_INITIAL_TEXT,gdn,KQ-GGUF-RULE-CONVERTER-TRANSFORM-v1,KQ-GGUF-EVIDENCE-003
blk.26.ssm_beta.weight,2,2560x48,122880,0,F32,1,4,32.0,75695084224,75706108544,491520,0,75706600064,model.language_model.layers.26.linear_attn.in_proj_b.weight,TRANSFORMED_LAYOUT,gdn,26,REQUIRED_INITIAL_TEXT,gdn,KQ-GGUF-RULE-CONVERTER-TRANSFORM-v1,KQ-GGUF-EVIDENCE-003
blk.26.ssm_conv1d.weight,2,4x10240,40960,0,F32,1,4,32.0,75695575744,75706600064,163840,0,75706763904,model.language_model.layers.26.linear_attn.conv1d.weight,TRANSFORMED_LAYOUT,gdn,26,REQUIRED_INITIAL_TEXT,gdn,KQ-GGUF-RULE-CONVERTER-TRANSFORM-v1,KQ-GGUF-EVIDENCE-003
blk.26.ssm_dt.bias,1,48,48,0,F32,1,4,32.0,75695739584,75706763904,192,0,75706764096,model.language_model.layers.26.linear_attn.dt_bias,RENAMED_ONE_TO_ONE,gdn,26,REQUIRED_INITIAL_TEXT,gdn,KQ-GGUF-RULE-TENSOR-NAME-v1,KQ-GGUF-EVIDENCE-002
blk.26.ssm_norm.weight,1,128,128,0,F32,1,4,32.0,75695739776,75706764096,512,0,75706764608,model.language_model.layers.26.linear_attn.norm.weight,RENAMED_ONE_TO_ONE,gdn,26,REQUIRED_INITIAL_TEXT,gdn,KQ-GGUF-RULE-TENSOR-NAME-v1,KQ-GGUF-EVIDENCE-002
blk.26.ssm_out.weight,2,6144x2560,15728640,8,Q8_0,32,34,8.5,75695740288,75706764608,16711680,0,75723476288,model.language_model.layers.26.linear_attn.out_proj.weight,TRANSFORMED_LAYOUT,gdn,26,REQUIRED_INITIAL_TEXT,gdn,KQ-GGUF-RULE-CONVERTER-TRANSFORM-v1,KQ-GGUF-EVIDENCE-003
blk.27.attn_k.weight,2,2560x512,1310720,8,Q8_0,32,34,8.5,75712451968,75723476288,1392640,0,75724868928,model.language_model.layers.27.self_attn.k_proj.weight,RENAMED_ONE_TO_ONE,qsa_attention,27,REQUIRED_INITIAL_TEXT,qsa_attention,KQ-GGUF-RULE-TENSOR-NAME-v1,KQ-GGUF-EVIDENCE-002
blk.27.attn_k_norm.weight,1,256,256,0,F32,1,4,32.0,75713844608,75724868928,1024,0,75724869952,model.language_model.layers.27.self_attn.k_norm.weight,RENAMED_ONE_TO_ONE,qsa_attention,27,REQUIRED_INITIAL_TEXT,qsa_attention,KQ-GGUF-RULE-TENSOR-NAME-v1,KQ-GGUF-EVIDENCE-002
blk.27.attn_output.weight,2,6144x2560,15728640,8,Q8_0,32,34,8.5,75713845632,75724869952,16711680,0,75741581632,model.language_model.layers.27.self_attn.o_proj.weight,RENAMED_ONE_TO_ONE,qsa_attention,27,REQUIRED_INITIAL_TEXT,qsa_attention,KQ-GGUF-RULE-TENSOR-NAME-v1,KQ-GGUF-EVIDENCE-002
blk.27.attn_q.weight,2,2560x12288,31457280,8,Q8_0,32,34,8.5,75730557312,75741581632,33423360,0,75775004992,model.language_model.layers.27.self_attn.q_proj.weight,RENAMED_ONE_TO_ONE,qsa_attention,27,REQUIRED_INITIAL_TEXT,qsa_attention,KQ-GGUF-RULE-TENSOR-NAME-v1,KQ-GGUF-EVIDENCE-002
blk.27.attn_q_norm.weight,1,256,256,0,F32,1,4,32.0,75763980672,75775004992,1024,0,75775006016,model.language_model.layers.27.self_attn.q_norm.weight,RENAMED_ONE_TO_ONE,qsa_attention,27,REQUIRED_INITIAL_TEXT,qsa_attention,KQ-GGUF-RULE-TENSOR-NAME-v1,KQ-GGUF-EVIDENCE-002
blk.27.attn_v.weight,2,2560x512,1310720,8,Q8_0,32,34,8.5,75763981696,75775006016,1392640,0,75776398656,model.language_model.layers.27.self_attn.v_proj.weight,RENAMED_ONE_TO_ONE,qsa_attention,27,REQUIRED_INITIAL_TEXT,qsa_attention,KQ-GGUF-RULE-TENSOR-NAME-v1,KQ-GGUF-EVIDENCE-002
blk.27.ffn_down_exps.weight,3,640x2560x512,838860800,7,Q5_1,32,24,6.0,75765374336,75776398656,629145600,0,76405544256,model.language_model.layers.27.mlp.experts.down_proj,RENAMED_ONE_TO_ONE,routed_experts,27,REQUIRED_INITIAL_TEXT,routed_experts,KQ-GGUF-RULE-TENSOR-NAME-v1,KQ-GGUF-EVIDENCE-002
blk.27.ffn_down_shexp.weight,2,640x2560,1638400,8,Q8_0,32,34,8.5,76394519936,76405544256,1740800,0,76407285056,model.language_model.layers.27.mlp.shared_expert.down_proj.weight,RENAMED_ONE_TO_ONE,shared_expert,27,REQUIRED_INITIAL_TEXT,shared_experts,KQ-GGUF-RULE-TENSOR-NAME-v1,KQ-GGUF-EVIDENCE-002
blk.27.ffn_gate_exps.weight,3,2560x640x512,838860800,12,Q4_K,256,144,4.5,76396260736,76407285056,471859200,0,76879144256,model.language_model.layers.27.mlp.experts.gate_up_proj,SPLIT_IN_GGUF,routed_experts,27,REQUIRED_INITIAL_TEXT,routed_experts,KQ-GGUF-RULE-MOE-SPLIT-v1,KQ-GGUF-EVIDENCE-004
blk.27.ffn_gate_inp.weight,2,2560x512,1310720,0,F32,1,4,32.0,76868119936,76879144256,5242880,0,76884387136,model.language_model.layers.27.mlp.gate.weight,RENAMED_ONE_TO_ONE,router,27,REQUIRED_INITIAL_TEXT,router,KQ-GGUF-RULE-TENSOR-NAME-v1,KQ-GGUF-EVIDENCE-002
blk.27.ffn_gate_inp_shexp.weight,1,2560,2560,0,F32,1,4,32.0,76873362816,76884387136,10240,0,76884397376,model.language_model.layers.27.mlp.shared_expert_gate.weight,RENAMED_ONE_TO_ONE,shared_expert,27,REQUIRED_INITIAL_TEXT,shared_experts,KQ-GGUF-RULE-TENSOR-NAME-v1,KQ-GGUF-EVIDENCE-002
blk.27.ffn_gate_shexp.weight,2,2560x640,1638400,8,Q8_0,32,34,8.5,76873373056,76884397376,1740800,0,76886138176,model.language_model.layers.27.mlp.shared_expert.gate_proj.weight,RENAMED_ONE_TO_ONE,shared_expert,27,REQUIRED_INITIAL_TEXT,shared_experts,KQ-GGUF-RULE-TENSOR-NAME-v1,KQ-GGUF-EVIDENCE-002
blk.27.ffn_up_exps.weight,3,2560x640x512,838860800,12,Q4_K,256,144,4.5,76875113856,76886138176,471859200,0,77357997376,model.language_model.layers.27.mlp.experts.gate_up_proj,SPLIT_IN_GGUF,routed_experts,27,REQUIRED_INITIAL_TEXT,routed_experts,KQ-GGUF-RULE-MOE-SPLIT-v1,KQ-GGUF-EVIDENCE-004
blk.27.ffn_up_shexp.weight,2,2560x640,1638400,8,Q8_0,32,34,8.5,77346973056,77357997376,1740800,0,77359738176,model.language_model.layers.27.mlp.shared_expert.up_proj.weight,RENAMED_ONE_TO_ONE,shared_expert,27,REQUIRED_INITIAL_TEXT,shared_experts,KQ-GGUF-RULE-TENSOR-NAME-v1,KQ-GGUF-EVIDENCE-002
blk.27.hc_attn_down.weight,2,10240x320,3276800,8,Q8_0,32,34,8.5,77348713856,77359738176,3481600,0,77363219776,model.language_model.layers.27.attn_hyper_connection.input_mix_weight_down.weight,RENAMED_ONE_TO_ONE,gated_residual,27,REQUIRED_INITIAL_TEXT,gated_residual,KQ-GGUF-RULE-TENSOR-NAME-v1,KQ-GGUF-EVIDENCE-002
blk.27.hc_attn_inject.weight,2,10240x4,40960,0,F32,1,4,32.0,77352195456,77363219776,163840,0,77363383616,model.language_model.layers.27.attn_hyper_connection.block_inject_weight.weight,RENAMED_ONE_TO_ONE,gated_residual,27,REQUIRED_INITIAL_TEXT,gated_residual,KQ-GGUF-RULE-TENSOR-NAME-v1,KQ-GGUF-EVIDENCE-002
blk.27.hc_attn_norm.weight,1,10240,10240,0,F32,1,4,32.0,77352359296,77363383616,40960,0,77363424576,model.language_model.layers.27.attn_hyper_connection.hc_norm.weight,RENAMED_ONE_TO_ONE,gated_residual,27,REQUIRED_INITIAL_TEXT,gated_residual,KQ-GGUF-RULE-TENSOR-NAME-v1,KQ-GGUF-EVIDENCE-002
blk.27.hc_attn_up.weight,2,320x10240,3276800,8,Q8_0,32,34,8.5,77352400256,77363424576,3481600,0,77366906176,model.language_model.layers.27.attn_hyper_connection.input_mix_weight_up.weight,RENAMED_ONE_TO_ONE,gated_residual,27,REQUIRED_INITIAL_TEXT,gated_residual,KQ-GGUF-RULE-TENSOR-NAME-v1,KQ-GGUF-EVIDENCE-002
blk.27.hc_ffn_down.weight,2,10240x320,3276800,8,Q8_0,32,34,8.5,77355881856,77366906176,3481600,0,77370387776,model.language_model.layers.27.mlp_hyper_connection.input_mix_weight_down.weight,RENAMED_ONE_TO_ONE,gated_residual,27,REQUIRED_INITIAL_TEXT,gated_residual,KQ-GGUF-RULE-TENSOR-NAME-v1,KQ-GGUF-EVIDENCE-002
blk.27.hc_ffn_inject.weight,2,10240x4,40960,0,F32,1,4,32.0,77359363456,77370387776,163840,0,77370551616,model.language_model.layers.27.mlp_hyper_connection.block_inject_weight.weight,RENAMED_ONE_TO_ONE,gated_residual,27,REQUIRED_INITIAL_TEXT,gated_residual,KQ-GGUF-RULE-TENSOR-NAME-v1,KQ-GGUF-EVIDENCE-002
blk.27.hc_ffn_norm.weight,1,10240,10240,0,F32,1,4,32.0,77359527296,77370551616,40960,0,77370592576,model.language_model.layers.27.mlp_hyper_connection.hc_norm.weight,RENAMED_ONE_TO_ONE,gated_residual,27,REQUIRED_INITIAL_TEXT,gated_residual,KQ-GGUF-RULE-TENSOR-NAME-v1,KQ-GGUF-EVIDENCE-002
blk.27.hc_ffn_up.weight,2,320x10240,3276800,8,Q8_0,32,34,8.5,77359568256,77370592576,3481600,0,77374074176,model.language_model.layers.27.mlp_hyper_connection.input_mix_weight_up.weight,RENAMED_ONE_TO_ONE,gated_residual,27,REQUIRED_INITIAL_TEXT,gated_residual,KQ-GGUF-RULE-TENSOR-NAME-v1,KQ-GGUF-EVIDENCE-002
blk.27.indexer.k_norm.weight,1,128,128,0,F32,1,4,32.0,77363049856,77374074176,512,0,77374074688,model.language_model.layers.27.self_attn.indexer.k_layernorm.weight,RENAMED_ONE_TO_ONE,qsa_indexer,27,REQUIRED_INITIAL_TEXT,qsa_indexer,KQ-GGUF-RULE-TENSOR-NAME-v1,KQ-GGUF-EVIDENCE-002
blk.27.indexer.k_proj.weight,2,2560x128,327680,30,BF16,1,2,16.0,77363050368,77374074688,655360,0,77374730048,model.language_model.layers.27.self_attn.indexer.index_qk_proj.weight,SPLIT_IN_GGUF,qsa_indexer,27,REQUIRED_INITIAL_TEXT,qsa_indexer,KQ-GGUF-RULE-QSA-SPLIT-v1,KQ-GGUF-EVIDENCE-003
blk.27.indexer.q_norm.weight,1,128,128,0,F32,1,4,32.0,77363705728,77374730048,512,0,77374730560,model.language_model.layers.27.self_attn.indexer.q_layernorm.weight,RENAMED_ONE_TO_ONE,qsa_indexer,27,REQUIRED_INITIAL_TEXT,qsa_indexer,KQ-GGUF-RULE-TENSOR-NAME-v1,KQ-GGUF-EVIDENCE-002
blk.27.indexer.q_proj.weight,2,2560x512,1310720,30,BF16,1,2,16.0,77363706240,77374730560,2621440,0,77377352000,model.language_model.layers.27.self_attn.indexer.index_qk_proj.weight,SPLIT_IN_GGUF,qsa_indexer,27,REQUIRED_INITIAL_TEXT,qsa_indexer,KQ-GGUF-RULE-QSA-SPLIT-v1,KQ-GGUF-EVIDENCE-003
blk.28.attn_gate.weight,2,2560x6144,15728640,8,Q8_0,32,34,8.5,77366327680,77377352000,16711680,0,77394063680,model.language_model.layers.28.linear_attn.in_proj_z.weight,TRANSFORMED_LAYOUT,gdn,28,REQUIRED_INITIAL_TEXT,gdn,KQ-GGUF-RULE-CONVERTER-TRANSFORM-v1,KQ-GGUF-EVIDENCE-003
blk.28.attn_qkv.weight,2,2560x10240,26214400,8,Q8_0,32,34,8.5,77383039360,77394063680,27852800,0,77421916480,model.language_model.layers.28.linear_attn.in_proj_qkv.weight,TRANSFORMED_LAYOUT,gdn,28,REQUIRED_INITIAL_TEXT,gdn,KQ-GGUF-RULE-CONVERTER-TRANSFORM-v1,KQ-GGUF-EVIDENCE-003
blk.28.ffn_down_exps.weight,3,640x2560x512,838860800,7,Q5_1,32,24,6.0,77410892160,77421916480,629145600,0,78051062080,model.language_model.layers.28.mlp.experts.down_proj,RENAMED_ONE_TO_ONE,routed_experts,28,REQUIRED_INITIAL_TEXT,routed_experts,KQ-GGUF-RULE-TENSOR-NAME-v1,KQ-GGUF-EVIDENCE-002
blk.28.ffn_down_shexp.weight,2,640x2560,1638400,8,Q8_0,32,34,8.5,78040037760,78051062080,1740800,0,78052802880,model.language_model.layers.28.mlp.shared_expert.down_proj.weight,RENAMED_ONE_TO_ONE,shared_expert,28,REQUIRED_INITIAL_TEXT,shared_experts,KQ-GGUF-RULE-TENSOR-NAME-v1,KQ-GGUF-EVIDENCE-002
blk.28.ffn_gate_exps.weight,3,2560x640x512,838860800,12,Q4_K,256,144,4.5,78041778560,78052802880,471859200,0,78524662080,model.language_model.layers.28.mlp.experts.gate_up_proj,SPLIT_IN_GGUF,routed_experts,28,REQUIRED_INITIAL_TEXT,routed_experts,KQ-GGUF-RULE-MOE-SPLIT-v1,KQ-GGUF-EVIDENCE-004
blk.28.ffn_gate_inp.weight,2,2560x512,1310720,0,F32,1,4,32.0,78513637760,78524662080,5242880,0,78529904960,model.language_model.layers.28.mlp.gate.weight,RENAMED_ONE_TO_ONE,router,28,REQUIRED_INITIAL_TEXT,router,KQ-GGUF-RULE-TENSOR-NAME-v1,KQ-GGUF-EVIDENCE-002
blk.28.ffn_gate_inp_shexp.weight,1,2560,2560,0,F32,1,4,32.0,78518880640,78529904960,10240,0,78529915200,model.language_model.layers.28.mlp.shared_expert_gate.weight,RENAMED_ONE_TO_ONE,shared_expert,28,REQUIRED_INITIAL_TEXT,shared_experts,KQ-GGUF-RULE-TENSOR-NAME-v1,KQ-GGUF-EVIDENCE-002
blk.28.ffn_gate_shexp.weight,2,2560x640,1638400,8,Q8_0,32,34,8.5,78518890880,78529915200,1740800,0,78531656000,model.language_model.layers.28.mlp.shared_expert.gate_proj.weight,RENAMED_ONE_TO_ONE,shared_expert,28,REQUIRED_INITIAL_TEXT,shared_experts,KQ-GGUF-RULE-TENSOR-NAME-v1,KQ-GGUF-EVIDENCE-002
blk.28.ffn_up_exps.weight,3,2560x640x512,838860800,12,Q4_K,256,144,4.5,78520631680,78531656000,471859200,0,79003515200,model.language_model.layers.28.mlp.experts.gate_up_proj,SPLIT_IN_GGUF,routed_experts,28,REQUIRED_INITIAL_TEXT,routed_experts,KQ-GGUF-RULE-MOE-SPLIT-v1,KQ-GGUF-EVIDENCE-004
blk.28.ffn_up_shexp.weight,2,2560x640,1638400,8,Q8_0,32,34,8.5,78992490880,79003515200,1740800,0,79005256000,model.language_model.layers.28.mlp.shared_expert.up_proj.weight,RENAMED_ONE_TO_ONE,shared_expert,28,REQUIRED_INITIAL_TEXT,shared_experts,KQ-GGUF-RULE-TENSOR-NAME-v1,KQ-GGUF-EVIDENCE-002
blk.28.hc_attn_down.weight,2,10240x320,3276800,8,Q8_0,32,34,8.5,78994231680,79005256000,3481600,0,79008737600,model.language_model.layers.28.attn_hyper_connection.input_mix_weight_down.weight,RENAMED_ONE_TO_ONE,gated_residual,28,REQUIRED_INITIAL_TEXT,gated_residual,KQ-GGUF-RULE-TENSOR-NAME-v1,KQ-GGUF-EVIDENCE-002
blk.28.hc_attn_inject.weight,2,10240x4,40960,0,F32,1,4,32.0,78997713280,79008737600,163840,0,79008901440,model.language_model.layers.28.attn_hyper_connection.block_inject_weight.weight,RENAMED_ONE_TO_ONE,gated_residual,28,REQUIRED_INITIAL_TEXT,gated_residual,KQ-GGUF-RULE-TENSOR-NAME-v1,KQ-GGUF-EVIDENCE-002
blk.28.hc_attn_norm.weight,1,10240,10240,0,F32,1,4,32.0,78997877120,79008901440,40960,0,79008942400,model.language_model.layers.28.attn_hyper_connection.hc_norm.weight,RENAMED_ONE_TO_ONE,gated_residual,28,REQUIRED_INITIAL_TEXT,gated_residual,KQ-GGUF-RULE-TENSOR-NAME-v1,KQ-GGUF-EVIDENCE-002
blk.28.hc_attn_up.weight,2,320x10240,3276800,8,Q8_0,32,34,8.5,78997918080,79008942400,3481600,0,79012424000,model.language_model.layers.28.attn_hyper_connection.input_mix_weight_up.weight,RENAMED_ONE_TO_ONE,gated_residual,28,REQUIRED_INITIAL_TEXT,gated_residual,KQ-GGUF-RULE-TENSOR-NAME-v1,KQ-GGUF-EVIDENCE-002
blk.28.hc_ffn_down.weight,2,10240x320,3276800,8,Q8_0,32,34,8.5,79001399680,79012424000,3481600,0,79015905600,model.language_model.layers.28.mlp_hyper_connection.input_mix_weight_down.weight,RENAMED_ONE_TO_ONE,gated_residual,28,REQUIRED_INITIAL_TEXT,gated_residual,KQ-GGUF-RULE-TENSOR-NAME-v1,KQ-GGUF-EVIDENCE-002
blk.28.hc_ffn_inject.weight,2,10240x4,40960,0,F32,1,4,32.0,79004881280,79015905600,163840,0,79016069440,model.language_model.layers.28.mlp_hyper_connection.block_inject_weight.weight,RENAMED_ONE_TO_ONE,gated_residual,28,REQUIRED_INITIAL_TEXT,gated_residual,KQ-GGUF-RULE-TENSOR-NAME-v1,KQ-GGUF-EVIDENCE-002
blk.28.hc_ffn_norm.weight,1,10240,10240,0,F32,1,4,32.0,79005045120,79016069440,40960,0,79016110400,model.language_model.layers.28.mlp_hyper_connection.hc_norm.weight,RENAMED_ONE_TO_ONE,gated_residual,28,REQUIRED_INITIAL_TEXT,gated_residual,KQ-GGUF-RULE-TENSOR-NAME-v1,KQ-GGUF-EVIDENCE-002
blk.28.hc_ffn_up.weight,2,320x10240,3276800,8,Q8_0,32,34,8.5,79005086080,79016110400,3481600,0,79019592000,model.language_model.layers.28.mlp_hyper_connection.input_mix_weight_up.weight,RENAMED_ONE_TO_ONE,gated_residual,28,REQUIRED_INITIAL_TEXT,gated_residual,KQ-GGUF-RULE-TENSOR-NAME-v1,KQ-GGUF-EVIDENCE-002
blk.28.ssm_a,1,48,48,0,F32,1,4,32.0,79008567680,79019592000,192,0,79019592192,model.language_model.layers.28.linear_attn.A_log,TRANSFORMED_LAYOUT,gdn,28,REQUIRED_INITIAL_TEXT,gdn,KQ-GGUF-RULE-CONVERTER-TRANSFORM-v1,KQ-GGUF-EVIDENCE-003
blk.28.ssm_alpha.weight,2,2560x48,122880,0,F32,1,4,32.0,79008567872,79019592192,491520,0,79020083712,model.language_model.layers.28.linear_attn.in_proj_a.weight,TRANSFORMED_LAYOUT,gdn,28,REQUIRED_INITIAL_TEXT,gdn,KQ-GGUF-RULE-CONVERTER-TRANSFORM-v1,KQ-GGUF-EVIDENCE-003
blk.28.ssm_beta.weight,2,2560x48,122880,0,F32,1,4,32.0,79009059392,79020083712,491520,0,79020575232,model.language_model.layers.28.linear_attn.in_proj_b.weight,TRANSFORMED_LAYOUT,gdn,28,REQUIRED_INITIAL_TEXT,gdn,KQ-GGUF-RULE-CONVERTER-TRANSFORM-v1,KQ-GGUF-EVIDENCE-003
blk.28.ssm_conv1d.weight,2,4x10240,40960,0,F32,1,4,32.0,79009550912,79020575232,163840,0,79020739072,model.language_model.layers.28.linear_attn.conv1d.weight,TRANSFORMED_LAYOUT,gdn,28,REQUIRED_INITIAL_TEXT,gdn,KQ-GGUF-RULE-CONVERTER-TRANSFORM-v1,KQ-GGUF-EVIDENCE-003
blk.28.ssm_dt.bias,1,48,48,0,F32,1,4,32.0,79009714752,79020739072,192,0,79020739264,model.language_model.layers.28.linear_attn.dt_bias,RENAMED_ONE_TO_ONE,gdn,28,REQUIRED_INITIAL_TEXT,gdn,KQ-GGUF-RULE-TENSOR-NAME-v1,KQ-GGUF-EVIDENCE-002
blk.28.ssm_norm.weight,1,128,128,0,F32,1,4,32.0,79009714944,79020739264,512,0,79020739776,model.language_model.layers.28.linear_attn.norm.weight,RENAMED_ONE_TO_ONE,gdn,28,REQUIRED_INITIAL_TEXT,gdn,KQ-GGUF-RULE-TENSOR-NAME-v1,KQ-GGUF-EVIDENCE-002
blk.28.ssm_out.weight,2,6144x2560,15728640,8,Q8_0,32,34,8.5,79009715456,79020739776,16711680,0,79037451456,model.language_model.layers.28.linear_attn.out_proj.weight,TRANSFORMED_LAYOUT,gdn,28,REQUIRED_INITIAL_TEXT,gdn,KQ-GGUF-RULE-CONVERTER-TRANSFORM-v1,KQ-GGUF-EVIDENCE-003
blk.29.attn_gate.weight,2,2560x6144,15728640,8,Q8_0,32,34,8.5,79026427136,79037451456,16711680,0,79054163136,model.language_model.layers.29.linear_attn.in_proj_z.weight,TRANSFORMED_LAYOUT,gdn,29,REQUIRED_INITIAL_TEXT,gdn,KQ-GGUF-RULE-CONVERTER-TRANSFORM-v1,KQ-GGUF-EVIDENCE-003
blk.29.attn_qkv.weight,2,2560x10240,26214400,8,Q8_0,32,34,8.5,79043138816,79054163136,27852800,0,79082015936,model.language_model.layers.29.linear_attn.in_proj_qkv.weight,TRANSFORMED_LAYOUT,gdn,29,REQUIRED_INITIAL_TEXT,gdn,KQ-GGUF-RULE-CONVERTER-TRANSFORM-v1,KQ-GGUF-EVIDENCE-003
blk.29.ffn_down_exps.weight,3,640x2560x512,838860800,7,Q5_1,32,24,6.0,79070991616,79082015936,629145600,0,79711161536,model.language_model.layers.29.mlp.experts.down_proj,RENAMED_ONE_TO_ONE,routed_experts,29,REQUIRED_INITIAL_TEXT,routed_experts,KQ-GGUF-RULE-TENSOR-NAME-v1,KQ-GGUF-EVIDENCE-002
blk.29.ffn_down_shexp.weight,2,640x2560,1638400,8,Q8_0,32,34,8.5,79700137216,79711161536,1740800,0,79712902336,model.language_model.layers.29.mlp.shared_expert.down_proj.weight,RENAMED_ONE_TO_ONE,shared_expert,29,REQUIRED_INITIAL_TEXT,shared_experts,KQ-GGUF-RULE-TENSOR-NAME-v1,KQ-GGUF-EVIDENCE-002
blk.29.ffn_gate_exps.weight,3,2560x640x512,838860800,12,Q4_K,256,144,4.5,79701878016,79712902336,471859200,0,80184761536,model.language_model.layers.29.mlp.experts.gate_up_proj,SPLIT_IN_GGUF,routed_experts,29,REQUIRED_INITIAL_TEXT,routed_experts,KQ-GGUF-RULE-MOE-SPLIT-v1,KQ-GGUF-EVIDENCE-004
blk.29.ffn_gate_inp.weight,2,2560x512,1310720,0,F32,1,4,32.0,80173737216,80184761536,5242880,0,80190004416,model.language_model.layers.29.mlp.gate.weight,RENAMED_ONE_TO_ONE,router,29,REQUIRED_INITIAL_TEXT,router,KQ-GGUF-RULE-TENSOR-NAME-v1,KQ-GGUF-EVIDENCE-002
blk.29.ffn_gate_inp_shexp.weight,1,2560,2560,0,F32,1,4,32.0,80178980096,80190004416,10240,0,80190014656,model.language_model.layers.29.mlp.shared_expert_gate.weight,RENAMED_ONE_TO_ONE,shared_expert,29,REQUIRED_INITIAL_TEXT,shared_experts,KQ-GGUF-RULE-TENSOR-NAME-v1,KQ-GGUF-EVIDENCE-002
blk.29.ffn_gate_shexp.weight,2,2560x640,1638400,8,Q8_0,32,34,8.5,80178990336,80190014656,1740800,0,80191755456,model.language_model.layers.29.mlp.shared_expert.gate_proj.weight,RENAMED_ONE_TO_ONE,shared_expert,29,REQUIRED_INITIAL_TEXT,shared_experts,KQ-GGUF-RULE-TENSOR-NAME-v1,KQ-GGUF-EVIDENCE-002
blk.29.ffn_up_exps.weight,3,2560x640x512,838860800,12,Q4_K,256,144,4.5,80180731136,80191755456,471859200,0,80663614656,model.language_model.layers.29.mlp.experts.gate_up_proj,SPLIT_IN_GGUF,routed_experts,29,REQUIRED_INITIAL_TEXT,routed_experts,KQ-GGUF-RULE-MOE-SPLIT-v1,KQ-GGUF-EVIDENCE-004
blk.29.ffn_up_shexp.weight,2,2560x640,1638400,8,Q8_0,32,34,8.5,80652590336,80663614656,1740800,0,80665355456,model.language_model.layers.29.mlp.shared_expert.up_proj.weight,RENAMED_ONE_TO_ONE,shared_expert,29,REQUIRED_INITIAL_TEXT,shared_experts,KQ-GGUF-RULE-TENSOR-NAME-v1,KQ-GGUF-EVIDENCE-002
blk.29.hc_attn_down.weight,2,10240x320,3276800,8,Q8_0,32,34,8.5,80654331136,80665355456,3481600,0,80668837056,model.language_model.layers.29.attn_hyper_connection.input_mix_weight_down.weight,RENAMED_ONE_TO_ONE,gated_residual,29,REQUIRED_INITIAL_TEXT,gated_residual,KQ-GGUF-RULE-TENSOR-NAME-v1,KQ-GGUF-EVIDENCE-002
blk.29.hc_attn_inject.weight,2,10240x4,40960,0,F32,1,4,32.0,80657812736,80668837056,163840,0,80669000896,model.language_model.layers.29.attn_hyper_connection.block_inject_weight.weight,RENAMED_ONE_TO_ONE,gated_residual,29,REQUIRED_INITIAL_TEXT,gated_residual,KQ-GGUF-RULE-TENSOR-NAME-v1,KQ-GGUF-EVIDENCE-002
blk.29.hc_attn_norm.weight,1,10240,10240,0,F32,1,4,32.0,80657976576,80669000896,40960,0,80669041856,model.language_model.layers.29.attn_hyper_connection.hc_norm.weight,RENAMED_ONE_TO_ONE,gated_residual,29,REQUIRED_INITIAL_TEXT,gated_residual,KQ-GGUF-RULE-TENSOR-NAME-v1,KQ-GGUF-EVIDENCE-002
blk.29.hc_attn_up.weight,2,320x10240,3276800,8,Q8_0,32,34,8.5,80658017536,80669041856,3481600,0,80672523456,model.language_model.layers.29.attn_hyper_connection.input_mix_weight_up.weight,RENAMED_ONE_TO_ONE,gated_residual,29,REQUIRED_INITIAL_TEXT,gated_residual,KQ-GGUF-RULE-TENSOR-NAME-v1,KQ-GGUF-EVIDENCE-002
blk.29.hc_ffn_down.weight,2,10240x320,3276800,8,Q8_0,32,34,8.5,80661499136,80672523456,3481600,0,80676005056,model.language_model.layers.29.mlp_hyper_connection.input_mix_weight_down.weight,RENAMED_ONE_TO_ONE,gated_residual,29,REQUIRED_INITIAL_TEXT,gated_residual,KQ-GGUF-RULE-TENSOR-NAME-v1,KQ-GGUF-EVIDENCE-002
blk.29.hc_ffn_inject.weight,2,10240x4,40960,0,F32,1,4,32.0,80664980736,80676005056,163840,0,80676168896,model.language_model.layers.29.mlp_hyper_connection.block_inject_weight.weight,RENAMED_ONE_TO_ONE,gated_residual,29,REQUIRED_INITIAL_TEXT,gated_residual,KQ-GGUF-RULE-TENSOR-NAME-v1,KQ-GGUF-EVIDENCE-002
blk.29.hc_ffn_norm.weight,1,10240,10240,0,F32,1,4,32.0,80665144576,80676168896,40960,0,80676209856,model.language_model.layers.29.mlp_hyper_connection.hc_norm.weight,RENAMED_ONE_TO_ONE,gated_residual,29,REQUIRED_INITIAL_TEXT,gated_residual,KQ-GGUF-RULE-TENSOR-NAME-v1,KQ-GGUF-EVIDENCE-002
blk.29.hc_ffn_up.weight,2,320x10240,3276800,8,Q8_0,32,34,8.5,80665185536,80676209856,3481600,0,80679691456,model.language_model.layers.29.mlp_hyper_connection.input_mix_weight_up.weight,RENAMED_ONE_TO_ONE,gated_residual,29,REQUIRED_INITIAL_TEXT,gated_residual,KQ-GGUF-RULE-TENSOR-NAME-v1,KQ-GGUF-EVIDENCE-002
blk.29.ssm_a,1,48,48,0,F32,1,4,32.0,80668667136,80679691456,192,0,80679691648,model.language_model.layers.29.linear_attn.A_log,TRANSFORMED_LAYOUT,gdn,29,REQUIRED_INITIAL_TEXT,gdn,KQ-GGUF-RULE-CONVERTER-TRANSFORM-v1,KQ-GGUF-EVIDENCE-003
blk.29.ssm_alpha.weight,2,2560x48,122880,0,F32,1,4,32.0,80668667328,80679691648,491520,0,80680183168,model.language_model.layers.29.linear_attn.in_proj_a.weight,TRANSFORMED_LAYOUT,gdn,29,REQUIRED_INITIAL_TEXT,gdn,KQ-GGUF-RULE-CONVERTER-TRANSFORM-v1,KQ-GGUF-EVIDENCE-003
blk.29.ssm_beta.weight,2,2560x48,122880,0,F32,1,4,32.0,80669158848,80680183168,491520,0,80680674688,model.language_model.layers.29.linear_attn.in_proj_b.weight,TRANSFORMED_LAYOUT,gdn,29,REQUIRED_INITIAL_TEXT,gdn,KQ-GGUF-RULE-CONVERTER-TRANSFORM-v1,KQ-GGUF-EVIDENCE-003
blk.29.ssm_conv1d.weight,2,4x10240,40960,0,F32,1,4,32.0,80669650368,80680674688,163840,0,80680838528,model.language_model.layers.29.linear_attn.conv1d.weight,TRANSFORMED_LAYOUT,gdn,29,REQUIRED_INITIAL_TEXT,gdn,KQ-GGUF-RULE-CONVERTER-TRANSFORM-v1,KQ-GGUF-EVIDENCE-003
blk.29.ssm_dt.bias,1,48,48,0,F32,1,4,32.0,80669814208,80680838528,192,0,80680838720,model.language_model.layers.29.linear_attn.dt_bias,RENAMED_ONE_TO_ONE,gdn,29,REQUIRED_INITIAL_TEXT,gdn,KQ-GGUF-RULE-TENSOR-NAME-v1,KQ-GGUF-EVIDENCE-002
blk.29.ssm_norm.weight,1,128,128,0,F32,1,4,32.0,80669814400,80680838720,512,0,80680839232,model.language_model.layers.29.linear_attn.norm.weight,RENAMED_ONE_TO_ONE,gdn,29,REQUIRED_INITIAL_TEXT,gdn,KQ-GGUF-RULE-TENSOR-NAME-v1,KQ-GGUF-EVIDENCE-002
blk.29.ssm_out.weight,2,6144x2560,15728640,8,Q8_0,32,34,8.5,80669814912,80680839232,16711680,0,80697550912,model.language_model.layers.29.linear_attn.out_proj.weight,TRANSFORMED_LAYOUT,gdn,29,REQUIRED_INITIAL_TEXT,gdn,KQ-GGUF-RULE-CONVERTER-TRANSFORM-v1,KQ-GGUF-EVIDENCE-003
blk.3.attn_k.weight,2,2560x512,1310720,8,Q8_0,32,34,8.5,35645263488,35656287808,1392640,0,35657680448,model.language_model.layers.3.self_attn.k_proj.weight,RENAMED_ONE_TO_ONE,qsa_attention,3,REQUIRED_INITIAL_TEXT,qsa_attention,KQ-GGUF-RULE-TENSOR-NAME-v1,KQ-GGUF-EVIDENCE-002
blk.3.attn_k_norm.weight,1,256,256,0,F32,1,4,32.0,35646656128,35657680448,1024,0,35657681472,model.language_model.layers.3.self_attn.k_norm.weight,RENAMED_ONE_TO_ONE,qsa_attention,3,REQUIRED_INITIAL_TEXT,qsa_attention,KQ-GGUF-RULE-TENSOR-NAME-v1,KQ-GGUF-EVIDENCE-002
blk.3.attn_output.weight,2,6144x2560,15728640,8,Q8_0,32,34,8.5,35646657152,35657681472,16711680,0,35674393152,model.language_model.layers.3.self_attn.o_proj.weight,RENAMED_ONE_TO_ONE,qsa_attention,3,REQUIRED_INITIAL_TEXT,qsa_attention,KQ-GGUF-RULE-TENSOR-NAME-v1,KQ-GGUF-EVIDENCE-002
blk.3.attn_q.weight,2,2560x12288,31457280,8,Q8_0,32,34,8.5,35663368832,35674393152,33423360,0,35707816512,model.language_model.layers.3.self_attn.q_proj.weight,RENAMED_ONE_TO_ONE,qsa_attention,3,REQUIRED_INITIAL_TEXT,qsa_attention,KQ-GGUF-RULE-TENSOR-NAME-v1,KQ-GGUF-EVIDENCE-002
blk.3.attn_q_norm.weight,1,256,256,0,F32,1,4,32.0,35696792192,35707816512,1024,0,35707817536,model.language_model.layers.3.self_attn.q_norm.weight,RENAMED_ONE_TO_ONE,qsa_attention,3,REQUIRED_INITIAL_TEXT,qsa_attention,KQ-GGUF-RULE-TENSOR-NAME-v1,KQ-GGUF-EVIDENCE-002
blk.3.attn_v.weight,2,2560x512,1310720,8,Q8_0,32,34,8.5,35696793216,35707817536,1392640,0,35709210176,model.language_model.layers.3.self_attn.v_proj.weight,RENAMED_ONE_TO_ONE,qsa_attention,3,REQUIRED_INITIAL_TEXT,qsa_attention,KQ-GGUF-RULE-TENSOR-NAME-v1,KQ-GGUF-EVIDENCE-002
blk.3.ffn_down_exps.weight,3,640x2560x512,838860800,7,Q5_1,32,24,6.0,35698185856,35709210176,629145600,0,36338355776,model.language_model.layers.3.mlp.experts.down_proj,RENAMED_ONE_TO_ONE,routed_experts,3,REQUIRED_INITIAL_TEXT,routed_experts,KQ-GGUF-RULE-TENSOR-NAME-v1,KQ-GGUF-EVIDENCE-002
blk.3.ffn_down_shexp.weight,2,640x2560,1638400,8,Q8_0,32,34,8.5,36327331456,36338355776,1740800,0,36340096576,model.language_model.layers.3.mlp.shared_expert.down_proj.weight,RENAMED_ONE_TO_ONE,shared_expert,3,REQUIRED_INITIAL_TEXT,shared_experts,KQ-GGUF-RULE-TENSOR-NAME-v1,KQ-GGUF-EVIDENCE-002
blk.3.ffn_gate_exps.weight,3,2560x640x512,838860800,12,Q4_K,256,144,4.5,36329072256,36340096576,471859200,0,36811955776,model.language_model.layers.3.mlp.experts.gate_up_proj,SPLIT_IN_GGUF,routed_experts,3,REQUIRED_INITIAL_TEXT,routed_experts,KQ-GGUF-RULE-MOE-SPLIT-v1,KQ-GGUF-EVIDENCE-004
blk.3.ffn_gate_inp.weight,2,2560x512,1310720,0,F32,1,4,32.0,36800931456,36811955776,5242880,0,36817198656,model.language_model.layers.3.mlp.gate.weight,RENAMED_ONE_TO_ONE,router,3,REQUIRED_INITIAL_TEXT,router,KQ-GGUF-RULE-TENSOR-NAME-v1,KQ-GGUF-EVIDENCE-002
blk.3.ffn_gate_inp_shexp.weight,1,2560,2560,0,F32,1,4,32.0,36806174336,36817198656,10240,0,36817208896,model.language_model.layers.3.mlp.shared_expert_gate.weight,RENAMED_ONE_TO_ONE,shared_expert,3,REQUIRED_INITIAL_TEXT,shared_experts,KQ-GGUF-RULE-TENSOR-NAME-v1,KQ-GGUF-EVIDENCE-002
blk.3.ffn_gate_shexp.weight,2,2560x640,1638400,8,Q8_0,32,34,8.5,36806184576,36817208896,1740800,0,36818949696,model.language_model.layers.3.mlp.shared_expert.gate_proj.weight,RENAMED_ONE_TO_ONE,shared_expert,3,REQUIRED_INITIAL_TEXT,shared_experts,KQ-GGUF-RULE-TENSOR-NAME-v1,KQ-GGUF-EVIDENCE-002
blk.3.ffn_up_exps.weight,3,2560x640x512,838860800,12,Q4_K,256,144,4.5,36807925376,36818949696,471859200,0,37290808896,model.language_model.layers.3.mlp.experts.gate_up_proj,SPLIT_IN_GGUF,routed_experts,3,REQUIRED_INITIAL_TEXT,routed_experts,KQ-GGUF-RULE-MOE-SPLIT-v1,KQ-GGUF-EVIDENCE-004
blk.3.ffn_up_shexp.weight,2,2560x640,1638400,8,Q8_0,32,34,8.5,37279784576,37290808896,1740800,0,37292549696,model.language_model.layers.3.mlp.shared_expert.up_proj.weight,RENAMED_ONE_TO_ONE,shared_expert,3,REQUIRED_INITIAL_TEXT,shared_experts,KQ-GGUF-RULE-TENSOR-NAME-v1,KQ-GGUF-EVIDENCE-002
blk.3.hc_attn_down.weight,2,10240x320,3276800,8,Q8_0,32,34,8.5,37281525376,37292549696,3481600,0,37296031296,model.language_model.layers.3.attn_hyper_connection.input_mix_weight_down.weight,RENAMED_ONE_TO_ONE,gated_residual,3,REQUIRED_INITIAL_TEXT,gated_residual,KQ-GGUF-RULE-TENSOR-NAME-v1,KQ-GGUF-EVIDENCE-002
blk.3.hc_attn_inject.weight,2,10240x4,40960,0,F32,1,4,32.0,37285006976,37296031296,163840,0,37296195136,model.language_model.layers.3.attn_hyper_connection.block_inject_weight.weight,RENAMED_ONE_TO_ONE,gated_residual,3,REQUIRED_INITIAL_TEXT,gated_residual,KQ-GGUF-RULE-TENSOR-NAME-v1,KQ-GGUF-EVIDENCE-002
blk.3.hc_attn_norm.weight,1,10240,10240,0,F32,1,4,32.0,37285170816,37296195136,40960,0,37296236096,model.language_model.layers.3.attn_hyper_connection.hc_norm.weight,RENAMED_ONE_TO_ONE,gated_residual,3,REQUIRED_INITIAL_TEXT,gated_residual,KQ-GGUF-RULE-TENSOR-NAME-v1,KQ-GGUF-EVIDENCE-002
blk.3.hc_attn_up.weight,2,320x10240,3276800,8,Q8_0,32,34,8.5,37285211776,37296236096,3481600,0,37299717696,model.language_model.layers.3.attn_hyper_connection.input_mix_weight_up.weight,RENAMED_ONE_TO_ONE,gated_residual,3,REQUIRED_INITIAL_TEXT,gated_residual,KQ-GGUF-RULE-TENSOR-NAME-v1,KQ-GGUF-EVIDENCE-002
blk.3.hc_ffn_down.weight,2,10240x320,3276800,8,Q8_0,32,34,8.5,37288693376,37299717696,3481600,0,37303199296,model.language_model.layers.3.mlp_hyper_connection.input_mix_weight_down.weight,RENAMED_ONE_TO_ONE,gated_residual,3,REQUIRED_INITIAL_TEXT,gated_residual,KQ-GGUF-RULE-TENSOR-NAME-v1,KQ-GGUF-EVIDENCE-002
blk.3.hc_ffn_inject.weight,2,10240x4,40960,0,F32,1,4,32.0,37292174976,37303199296,163840,0,37303363136,model.language_model.layers.3.mlp_hyper_connection.block_inject_weight.weight,RENAMED_ONE_TO_ONE,gated_residual,3,REQUIRED_INITIAL_TEXT,gated_residual,KQ-GGUF-RULE-TENSOR-NAME-v1,KQ-GGUF-EVIDENCE-002
blk.3.hc_ffn_norm.weight,1,10240,10240,0,F32,1,4,32.0,37292338816,37303363136,40960,0,37303404096,model.language_model.layers.3.mlp_hyper_connection.hc_norm.weight,RENAMED_ONE_TO_ONE,gated_residual,3,REQUIRED_INITIAL_TEXT,gated_residual,KQ-GGUF-RULE-TENSOR-NAME-v1,KQ-GGUF-EVIDENCE-002
blk.3.hc_ffn_up.weight,2,320x10240,3276800,8,Q8_0,32,34,8.5,37292379776,37303404096,3481600,0,37306885696,model.language_model.layers.3.mlp_hyper_connection.input_mix_weight_up.weight,RENAMED_ONE_TO_ONE,gated_residual,3,REQUIRED_INITIAL_TEXT,gated_residual,KQ-GGUF-RULE-TENSOR-NAME-v1,KQ-GGUF-EVIDENCE-002
blk.3.indexer.k_norm.weight,1,128,128,0,F32,1,4,32.0,37295861376,37306885696,512,0,37306886208,model.language_model.layers.3.self_attn.indexer.k_layernorm.weight,RENAMED_ONE_TO_ONE,qsa_indexer,3,REQUIRED_INITIAL_TEXT,qsa_indexer,KQ-GGUF-RULE-TENSOR-NAME-v1,KQ-GGUF-EVIDENCE-002
blk.3.indexer.k_proj.weight,2,2560x128,327680,30,BF16,1,2,16.0,37295861888,37306886208,655360,0,37307541568,model.language_model.layers.3.self_attn.indexer.index_qk_proj.weight,SPLIT_IN_GGUF,qsa_indexer,3,REQUIRED_INITIAL_TEXT,qsa_indexer,KQ-GGUF-RULE-QSA-SPLIT-v1,KQ-GGUF-EVIDENCE-003
blk.3.indexer.q_norm.weight,1,128,128,0,F32,1,4,32.0,37296517248,37307541568,512,0,37307542080,model.language_model.layers.3.self_attn.indexer.q_layernorm.weight,RENAMED_ONE_TO_ONE,qsa_indexer,3,REQUIRED_INITIAL_TEXT,qsa_indexer,KQ-GGUF-RULE-TENSOR-NAME-v1,KQ-GGUF-EVIDENCE-002
blk.3.indexer.q_proj.weight,2,2560x512,1310720,30,BF16,1,2,16.0,37296517760,37307542080,2621440,0,37310163520,model.language_model.layers.3.self_attn.indexer.index_qk_proj.weight,SPLIT_IN_GGUF,qsa_indexer,3,REQUIRED_INITIAL_TEXT,qsa_indexer,KQ-GGUF-RULE-QSA-SPLIT-v1,KQ-GGUF-EVIDENCE-003
blk.30.attn_gate.weight,2,2560x6144,15728640,8,Q8_0,32,34,8.5,80686526592,80697550912,16711680,0,80714262592,model.language_model.layers.30.linear_attn.in_proj_z.weight,TRANSFORMED_LAYOUT,gdn,30,REQUIRED_INITIAL_TEXT,gdn,KQ-GGUF-RULE-CONVERTER-TRANSFORM-v1,KQ-GGUF-EVIDENCE-003
blk.30.attn_qkv.weight,2,2560x10240,26214400,8,Q8_0,32,34,8.5,80703238272,80714262592,27852800,0,80742115392,model.language_model.layers.30.linear_attn.in_proj_qkv.weight,TRANSFORMED_LAYOUT,gdn,30,REQUIRED_INITIAL_TEXT,gdn,KQ-GGUF-RULE-CONVERTER-TRANSFORM-v1,KQ-GGUF-EVIDENCE-003
blk.30.ffn_down_exps.weight,3,640x2560x512,838860800,8,Q8_0,32,34,8.5,80731091072,80742115392,891289600,0,81633404992,model.language_model.layers.30.mlp.experts.down_proj,RENAMED_ONE_TO_ONE,routed_experts,30,REQUIRED_INITIAL_TEXT,routed_experts,KQ-GGUF-RULE-TENSOR-NAME-v1,KQ-GGUF-EVIDENCE-002
blk.30.ffn_down_shexp.weight,2,640x2560,1638400,8,Q8_0,32,34,8.5,81622380672,81633404992,1740800,0,81635145792,model.language_model.layers.30.mlp.shared_expert.down_proj.weight,RENAMED_ONE_TO_ONE,shared_expert,30,REQUIRED_INITIAL_TEXT,shared_experts,KQ-GGUF-RULE-TENSOR-NAME-v1,KQ-GGUF-EVIDENCE-002
blk.30.ffn_gate_exps.weight,3,2560x640x512,838860800,12,Q4_K,256,144,4.5,81624121472,81635145792,471859200,0,82107004992,model.language_model.layers.30.mlp.experts.gate_up_proj,SPLIT_IN_GGUF,routed_experts,30,REQUIRED_INITIAL_TEXT,routed_experts,KQ-GGUF-RULE-MOE-SPLIT-v1,KQ-GGUF-EVIDENCE-004
blk.30.ffn_gate_inp.weight,2,2560x512,1310720,0,F32,1,4,32.0,82095980672,82107004992,5242880,0,82112247872,model.language_model.layers.30.mlp.gate.weight,RENAMED_ONE_TO_ONE,router,30,REQUIRED_INITIAL_TEXT,router,KQ-GGUF-RULE-TENSOR-NAME-v1,KQ-GGUF-EVIDENCE-002
blk.30.ffn_gate_inp_shexp.weight,1,2560,2560,0,F32,1,4,32.0,82101223552,82112247872,10240,0,82112258112,model.language_model.layers.30.mlp.shared_expert_gate.weight,RENAMED_ONE_TO_ONE,shared_expert,30,REQUIRED_INITIAL_TEXT,shared_experts,KQ-GGUF-RULE-TENSOR-NAME-v1,KQ-GGUF-EVIDENCE-002
blk.30.ffn_gate_shexp.weight,2,2560x640,1638400,8,Q8_0,32,34,8.5,82101233792,82112258112,1740800,0,82113998912,model.language_model.layers.30.mlp.shared_expert.gate_proj.weight,RENAMED_ONE_TO_ONE,shared_expert,30,REQUIRED_INITIAL_TEXT,shared_experts,KQ-GGUF-RULE-TENSOR-NAME-v1,KQ-GGUF-EVIDENCE-002
blk.30.ffn_up_exps.weight,3,2560x640x512,838860800,12,Q4_K,256,144,4.5,82102974592,82113998912,471859200,0,82585858112,model.language_model.layers.30.mlp.experts.gate_up_proj,SPLIT_IN_GGUF,routed_experts,30,REQUIRED_INITIAL_TEXT,routed_experts,KQ-GGUF-RULE-MOE-SPLIT-v1,KQ-GGUF-EVIDENCE-004
blk.30.ffn_up_shexp.weight,2,2560x640,1638400,8,Q8_0,32,34,8.5,82574833792,82585858112,1740800,0,82587598912,model.language_model.layers.30.mlp.shared_expert.up_proj.weight,RENAMED_ONE_TO_ONE,shared_expert,30,REQUIRED_INITIAL_TEXT,shared_experts,KQ-GGUF-RULE-TENSOR-NAME-v1,KQ-GGUF-EVIDENCE-002
blk.30.hc_attn_down.weight,2,10240x320,3276800,8,Q8_0,32,34,8.5,82576574592,82587598912,3481600,0,82591080512,model.language_model.layers.30.attn_hyper_connection.input_mix_weight_down.weight,RENAMED_ONE_TO_ONE,gated_residual,30,REQUIRED_INITIAL_TEXT,gated_residual,KQ-GGUF-RULE-TENSOR-NAME-v1,KQ-GGUF-EVIDENCE-002
blk.30.hc_attn_inject.weight,2,10240x4,40960,0,F32,1,4,32.0,82580056192,82591080512,163840,0,82591244352,model.language_model.layers.30.attn_hyper_connection.block_inject_weight.weight,RENAMED_ONE_TO_ONE,gated_residual,30,REQUIRED_INITIAL_TEXT,gated_residual,KQ-GGUF-RULE-TENSOR-NAME-v1,KQ-GGUF-EVIDENCE-002
blk.30.hc_attn_norm.weight,1,10240,10240,0,F32,1,4,32.0,82580220032,82591244352,40960,0,82591285312,model.language_model.layers.30.attn_hyper_connection.hc_norm.weight,RENAMED_ONE_TO_ONE,gated_residual,30,REQUIRED_INITIAL_TEXT,gated_residual,KQ-GGUF-RULE-TENSOR-NAME-v1,KQ-GGUF-EVIDENCE-002
blk.30.hc_attn_up.weight,2,320x10240,3276800,8,Q8_0,32,34,8.5,82580260992,82591285312,3481600,0,82594766912,model.language_model.layers.30.attn_hyper_connection.input_mix_weight_up.weight,RENAMED_ONE_TO_ONE,gated_residual,30,REQUIRED_INITIAL_TEXT,gated_residual,KQ-GGUF-RULE-TENSOR-NAME-v1,KQ-GGUF-EVIDENCE-002
blk.30.hc_ffn_down.weight,2,10240x320,3276800,8,Q8_0,32,34,8.5,82583742592,82594766912,3481600,0,82598248512,model.language_model.layers.30.mlp_hyper_connection.input_mix_weight_down.weight,RENAMED_ONE_TO_ONE,gated_residual,30,REQUIRED_INITIAL_TEXT,gated_residual,KQ-GGUF-RULE-TENSOR-NAME-v1,KQ-GGUF-EVIDENCE-002
blk.30.hc_ffn_inject.weight,2,10240x4,40960,0,F32,1,4,32.0,82587224192,82598248512,163840,0,82598412352,model.language_model.layers.30.mlp_hyper_connection.block_inject_weight.weight,RENAMED_ONE_TO_ONE,gated_residual,30,REQUIRED_INITIAL_TEXT,gated_residual,KQ-GGUF-RULE-TENSOR-NAME-v1,KQ-GGUF-EVIDENCE-002
blk.30.hc_ffn_norm.weight,1,10240,10240,0,F32,1,4,32.0,82587388032,82598412352,40960,0,82598453312,model.language_model.layers.30.mlp_hyper_connection.hc_norm.weight,RENAMED_ONE_TO_ONE,gated_residual,30,REQUIRED_INITIAL_TEXT,gated_residual,KQ-GGUF-RULE-TENSOR-NAME-v1,KQ-GGUF-EVIDENCE-002
blk.30.hc_ffn_up.weight,2,320x10240,3276800,8,Q8_0,32,34,8.5,82587428992,82598453312,3481600,0,82601934912,model.language_model.layers.30.mlp_hyper_connection.input_mix_weight_up.weight,RENAMED_ONE_TO_ONE,gated_residual,30,REQUIRED_INITIAL_TEXT,gated_residual,KQ-GGUF-RULE-TENSOR-NAME-v1,KQ-GGUF-EVIDENCE-002
blk.30.ssm_a,1,48,48,0,F32,1,4,32.0,82590910592,82601934912,192,0,82601935104,model.language_model.layers.30.linear_attn.A_log,TRANSFORMED_LAYOUT,gdn,30,REQUIRED_INITIAL_TEXT,gdn,KQ-GGUF-RULE-CONVERTER-TRANSFORM-v1,KQ-GGUF-EVIDENCE-003
blk.30.ssm_alpha.weight,2,2560x48,122880,0,F32,1,4,32.0,82590910784,82601935104,491520,0,82602426624,model.language_model.layers.30.linear_attn.in_proj_a.weight,TRANSFORMED_LAYOUT,gdn,30,REQUIRED_INITIAL_TEXT,gdn,KQ-GGUF-RULE-CONVERTER-TRANSFORM-v1,KQ-GGUF-EVIDENCE-003
blk.30.ssm_beta.weight,2,2560x48,122880,0,F32,1,4,32.0,82591402304,82602426624,491520,0,82602918144,model.language_model.layers.30.linear_attn.in_proj_b.weight,TRANSFORMED_LAYOUT,gdn,30,REQUIRED_INITIAL_TEXT,gdn,KQ-GGUF-RULE-CONVERTER-TRANSFORM-v1,KQ-GGUF-EVIDENCE-003
blk.30.ssm_conv1d.weight,2,4x10240,40960,0,F32,1,4,32.0,82591893824,82602918144,163840,0,82603081984,model.language_model.layers.30.linear_attn.conv1d.weight,TRANSFORMED_LAYOUT,gdn,30,REQUIRED_INITIAL_TEXT,gdn,KQ-GGUF-RULE-CONVERTER-TRANSFORM-v1,KQ-GGUF-EVIDENCE-003
blk.30.ssm_dt.bias,1,48,48,0,F32,1,4,32.0,82592057664,82603081984,192,0,82603082176,model.language_model.layers.30.linear_attn.dt_bias,RENAMED_ONE_TO_ONE,gdn,30,REQUIRED_INITIAL_TEXT,gdn,KQ-GGUF-RULE-TENSOR-NAME-v1,KQ-GGUF-EVIDENCE-002
blk.30.ssm_norm.weight,1,128,128,0,F32,1,4,32.0,82592057856,82603082176,512,0,82603082688,model.language_model.layers.30.linear_attn.norm.weight,RENAMED_ONE_TO_ONE,gdn,30,REQUIRED_INITIAL_TEXT,gdn,KQ-GGUF-RULE-TENSOR-NAME-v1,KQ-GGUF-EVIDENCE-002
blk.30.ssm_out.weight,2,6144x2560,15728640,8,Q8_0,32,34,8.5,82592058368,82603082688,16711680,0,82619794368,model.language_model.layers.30.linear_attn.out_proj.weight,TRANSFORMED_LAYOUT,gdn,30,REQUIRED_INITIAL_TEXT,gdn,KQ-GGUF-RULE-CONVERTER-TRANSFORM-v1,KQ-GGUF-EVIDENCE-003
blk.31.attn_k.weight,2,2560x512,1310720,8,Q8_0,32,34,8.5,82608770048,82619794368,1392640,0,82621187008,model.language_model.layers.31.self_attn.k_proj.weight,RENAMED_ONE_TO_ONE,qsa_attention,31,REQUIRED_INITIAL_TEXT,qsa_attention,KQ-GGUF-RULE-TENSOR-NAME-v1,KQ-GGUF-EVIDENCE-002
blk.31.attn_k_norm.weight,1,256,256,0,F32,1,4,32.0,82610162688,82621187008,1024,0,82621188032,model.language_model.layers.31.self_attn.k_norm.weight,RENAMED_ONE_TO_ONE,qsa_attention,31,REQUIRED_INITIAL_TEXT,qsa_attention,KQ-GGUF-RULE-TENSOR-NAME-v1,KQ-GGUF-EVIDENCE-002
blk.31.attn_output.weight,2,6144x2560,15728640,8,Q8_0,32,34,8.5,82610163712,82621188032,16711680,0,82637899712,model.language_model.layers.31.self_attn.o_proj.weight,RENAMED_ONE_TO_ONE,qsa_attention,31,REQUIRED_INITIAL_TEXT,qsa_attention,KQ-GGUF-RULE-TENSOR-NAME-v1,KQ-GGUF-EVIDENCE-002
blk.31.attn_q.weight,2,2560x12288,31457280,8,Q8_0,32,34,8.5,82626875392,82637899712,33423360,0,82671323072,model.language_model.layers.31.self_attn.q_proj.weight,RENAMED_ONE_TO_ONE,qsa_attention,31,REQUIRED_INITIAL_TEXT,qsa_attention,KQ-GGUF-RULE-TENSOR-NAME-v1,KQ-GGUF-EVIDENCE-002
blk.31.attn_q_norm.weight,1,256,256,0,F32,1,4,32.0,82660298752,82671323072,1024,0,82671324096,model.language_model.layers.31.self_attn.q_norm.weight,RENAMED_ONE_TO_ONE,qsa_attention,31,REQUIRED_INITIAL_TEXT,qsa_attention,KQ-GGUF-RULE-TENSOR-NAME-v1,KQ-GGUF-EVIDENCE-002
blk.31.attn_v.weight,2,2560x512,1310720,8,Q8_0,32,34,8.5,82660299776,82671324096,1392640,0,82672716736,model.language_model.layers.31.self_attn.v_proj.weight,RENAMED_ONE_TO_ONE,qsa_attention,31,REQUIRED_INITIAL_TEXT,qsa_attention,KQ-GGUF-RULE-TENSOR-NAME-v1,KQ-GGUF-EVIDENCE-002
blk.31.ffn_down_exps.weight,3,640x2560x512,838860800,7,Q5_1,32,24,6.0,82661692416,82672716736,629145600,0,83301862336,model.language_model.layers.31.mlp.experts.down_proj,RENAMED_ONE_TO_ONE,routed_experts,31,REQUIRED_INITIAL_TEXT,routed_experts,KQ-GGUF-RULE-TENSOR-NAME-v1,KQ-GGUF-EVIDENCE-002
blk.31.ffn_down_shexp.weight,2,640x2560,1638400,8,Q8_0,32,34,8.5,83290838016,83301862336,1740800,0,83303603136,model.language_model.layers.31.mlp.shared_expert.down_proj.weight,RENAMED_ONE_TO_ONE,shared_expert,31,REQUIRED_INITIAL_TEXT,shared_experts,KQ-GGUF-RULE-TENSOR-NAME-v1,KQ-GGUF-EVIDENCE-002
blk.31.ffn_gate_exps.weight,3,2560x640x512,838860800,12,Q4_K,256,144,4.5,83292578816,83303603136,471859200,0,83775462336,model.language_model.layers.31.mlp.experts.gate_up_proj,SPLIT_IN_GGUF,routed_experts,31,REQUIRED_INITIAL_TEXT,routed_experts,KQ-GGUF-RULE-MOE-SPLIT-v1,KQ-GGUF-EVIDENCE-004
blk.31.ffn_gate_inp.weight,2,2560x512,1310720,0,F32,1,4,32.0,83764438016,83775462336,5242880,0,83780705216,model.language_model.layers.31.mlp.gate.weight,RENAMED_ONE_TO_ONE,router,31,REQUIRED_INITIAL_TEXT,router,KQ-GGUF-RULE-TENSOR-NAME-v1,KQ-GGUF-EVIDENCE-002
blk.31.ffn_gate_inp_shexp.weight,1,2560,2560,0,F32,1,4,32.0,83769680896,83780705216,10240,0,83780715456,model.language_model.layers.31.mlp.shared_expert_gate.weight,RENAMED_ONE_TO_ONE,shared_expert,31,REQUIRED_INITIAL_TEXT,shared_experts,KQ-GGUF-RULE-TENSOR-NAME-v1,KQ-GGUF-EVIDENCE-002
blk.31.ffn_gate_shexp.weight,2,2560x640,1638400,8,Q8_0,32,34,8.5,83769691136,83780715456,1740800,0,83782456256,model.language_model.layers.31.mlp.shared_expert.gate_proj.weight,RENAMED_ONE_TO_ONE,shared_expert,31,REQUIRED_INITIAL_TEXT,shared_experts,KQ-GGUF-RULE-TENSOR-NAME-v1,KQ-GGUF-EVIDENCE-002
blk.31.ffn_up_exps.weight,3,2560x640x512,838860800,12,Q4_K,256,144,4.5,83771431936,83782456256,471859200,0,84254315456,model.language_model.layers.31.mlp.experts.gate_up_proj,SPLIT_IN_GGUF,routed_experts,31,REQUIRED_INITIAL_TEXT,routed_experts,KQ-GGUF-RULE-MOE-SPLIT-v1,KQ-GGUF-EVIDENCE-004
blk.31.ffn_up_shexp.weight,2,2560x640,1638400,8,Q8_0,32,34,8.5,84243291136,84254315456,1740800,0,84256056256,model.language_model.layers.31.mlp.shared_expert.up_proj.weight,RENAMED_ONE_TO_ONE,shared_expert,31,REQUIRED_INITIAL_TEXT,shared_experts,KQ-GGUF-RULE-TENSOR-NAME-v1,KQ-GGUF-EVIDENCE-002
blk.31.hc_attn_down.weight,2,10240x320,3276800,8,Q8_0,32,34,8.5,84245031936,84256056256,3481600,0,84259537856,model.language_model.layers.31.attn_hyper_connection.input_mix_weight_down.weight,RENAMED_ONE_TO_ONE,gated_residual,31,REQUIRED_INITIAL_TEXT,gated_residual,KQ-GGUF-RULE-TENSOR-NAME-v1,KQ-GGUF-EVIDENCE-002
blk.31.hc_attn_inject.weight,2,10240x4,40960,0,F32,1,4,32.0,84248513536,84259537856,163840,0,84259701696,model.language_model.layers.31.attn_hyper_connection.block_inject_weight.weight,RENAMED_ONE_TO_ONE,gated_residual,31,REQUIRED_INITIAL_TEXT,gated_residual,KQ-GGUF-RULE-TENSOR-NAME-v1,KQ-GGUF-EVIDENCE-002
blk.31.hc_attn_norm.weight,1,10240,10240,0,F32,1,4,32.0,84248677376,84259701696,40960,0,84259742656,model.language_model.layers.31.attn_hyper_connection.hc_norm.weight,RENAMED_ONE_TO_ONE,gated_residual,31,REQUIRED_INITIAL_TEXT,gated_residual,KQ-GGUF-RULE-TENSOR-NAME-v1,KQ-GGUF-EVIDENCE-002
blk.31.hc_attn_up.weight,2,320x10240,3276800,8,Q8_0,32,34,8.5,84248718336,84259742656,3481600,0,84263224256,model.language_model.layers.31.attn_hyper_connection.input_mix_weight_up.weight,RENAMED_ONE_TO_ONE,gated_residual,31,REQUIRED_INITIAL_TEXT,gated_residual,KQ-GGUF-RULE-TENSOR-NAME-v1,KQ-GGUF-EVIDENCE-002
blk.31.hc_ffn_down.weight,2,10240x320,3276800,8,Q8_0,32,34,8.5,84252199936,84263224256,3481600,0,84266705856,model.language_model.layers.31.mlp_hyper_connection.input_mix_weight_down.weight,RENAMED_ONE_TO_ONE,gated_residual,31,REQUIRED_INITIAL_TEXT,gated_residual,KQ-GGUF-RULE-TENSOR-NAME-v1,KQ-GGUF-EVIDENCE-002
blk.31.hc_ffn_inject.weight,2,10240x4,40960,0,F32,1,4,32.0,84255681536,84266705856,163840,0,84266869696,model.language_model.layers.31.mlp_hyper_connection.block_inject_weight.weight,RENAMED_ONE_TO_ONE,gated_residual,31,REQUIRED_INITIAL_TEXT,gated_residual,KQ-GGUF-RULE-TENSOR-NAME-v1,KQ-GGUF-EVIDENCE-002
blk.31.hc_ffn_norm.weight,1,10240,10240,0,F32,1,4,32.0,84255845376,84266869696,40960,0,84266910656,model.language_model.layers.31.mlp_hyper_connection.hc_norm.weight,RENAMED_ONE_TO_ONE,gated_residual,31,REQUIRED_INITIAL_TEXT,gated_residual,KQ-GGUF-RULE-TENSOR-NAME-v1,KQ-GGUF-EVIDENCE-002
blk.31.hc_ffn_up.weight,2,320x10240,3276800,8,Q8_0,32,34,8.5,84255886336,84266910656,3481600,0,84270392256,model.language_model.layers.31.mlp_hyper_connection.input_mix_weight_up.weight,RENAMED_ONE_TO_ONE,gated_residual,31,REQUIRED_INITIAL_TEXT,gated_residual,KQ-GGUF-RULE-TENSOR-NAME-v1,KQ-GGUF-EVIDENCE-002
blk.31.indexer.k_norm.weight,1,128,128,0,F32,1,4,32.0,84259367936,84270392256,512,0,84270392768,model.language_model.layers.31.self_attn.indexer.k_layernorm.weight,RENAMED_ONE_TO_ONE,qsa_indexer,31,REQUIRED_INITIAL_TEXT,qsa_indexer,KQ-GGUF-RULE-TENSOR-NAME-v1,KQ-GGUF-EVIDENCE-002
blk.31.indexer.k_proj.weight,2,2560x128,327680,30,BF16,1,2,16.0,84259368448,84270392768,655360,0,84271048128,model.language_model.layers.31.self_attn.indexer.index_qk_proj.weight,SPLIT_IN_GGUF,qsa_indexer,31,REQUIRED_INITIAL_TEXT,qsa_indexer,KQ-GGUF-RULE-QSA-SPLIT-v1,KQ-GGUF-EVIDENCE-003
blk.31.indexer.q_norm.weight,1,128,128,0,F32,1,4,32.0,84260023808,84271048128,512,0,84271048640,model.language_model.layers.31.self_attn.indexer.q_layernorm.weight,RENAMED_ONE_TO_ONE,qsa_indexer,31,REQUIRED_INITIAL_TEXT,qsa_indexer,KQ-GGUF-RULE-TENSOR-NAME-v1,KQ-GGUF-EVIDENCE-002
blk.31.indexer.q_proj.weight,2,2560x512,1310720,30,BF16,1,2,16.0,84260024320,84271048640,2621440,0,84273670080,model.language_model.layers.31.self_attn.indexer.index_qk_proj.weight,SPLIT_IN_GGUF,qsa_indexer,31,REQUIRED_INITIAL_TEXT,qsa_indexer,KQ-GGUF-RULE-QSA-SPLIT-v1,KQ-GGUF-EVIDENCE-003
blk.32.attn_gate.weight,2,2560x6144,15728640,8,Q8_0,32,34,8.5,84262645760,84273670080,16711680,0,84290381760,model.language_model.layers.32.linear_attn.in_proj_z.weight,TRANSFORMED_LAYOUT,gdn,32,REQUIRED_INITIAL_TEXT,gdn,KQ-GGUF-RULE-CONVERTER-TRANSFORM-v1,KQ-GGUF-EVIDENCE-003
blk.32.attn_qkv.weight,2,2560x10240,26214400,8,Q8_0,32,34,8.5,84279357440,84290381760,27852800,0,84318234560,model.language_model.layers.32.linear_attn.in_proj_qkv.weight,TRANSFORMED_LAYOUT,gdn,32,REQUIRED_INITIAL_TEXT,gdn,KQ-GGUF-RULE-CONVERTER-TRANSFORM-v1,KQ-GGUF-EVIDENCE-003
blk.32.ffn_down_exps.weight,3,640x2560x512,838860800,7,Q5_1,32,24,6.0,84307210240,84318234560,629145600,0,84947380160,model.language_model.layers.32.mlp.experts.down_proj,RENAMED_ONE_TO_ONE,routed_experts,32,REQUIRED_INITIAL_TEXT,routed_experts,KQ-GGUF-RULE-TENSOR-NAME-v1,KQ-GGUF-EVIDENCE-002
blk.32.ffn_down_shexp.weight,2,640x2560,1638400,8,Q8_0,32,34,8.5,84936355840,84947380160,1740800,0,84949120960,model.language_model.layers.32.mlp.shared_expert.down_proj.weight,RENAMED_ONE_TO_ONE,shared_expert,32,REQUIRED_INITIAL_TEXT,shared_experts,KQ-GGUF-RULE-TENSOR-NAME-v1,KQ-GGUF-EVIDENCE-002
blk.32.ffn_gate_exps.weight,3,2560x640x512,838860800,12,Q4_K,256,144,4.5,84938096640,84949120960,471859200,0,85420980160,model.language_model.layers.32.mlp.experts.gate_up_proj,SPLIT_IN_GGUF,routed_experts,32,REQUIRED_INITIAL_TEXT,routed_experts,KQ-GGUF-RULE-MOE-SPLIT-v1,KQ-GGUF-EVIDENCE-004
blk.32.ffn_gate_inp.weight,2,2560x512,1310720,0,F32,1,4,32.0,85409955840,85420980160,5242880,0,85426223040,model.language_model.layers.32.mlp.gate.weight,RENAMED_ONE_TO_ONE,router,32,REQUIRED_INITIAL_TEXT,router,KQ-GGUF-RULE-TENSOR-NAME-v1,KQ-GGUF-EVIDENCE-002
blk.32.ffn_gate_inp_shexp.weight,1,2560,2560,0,F32,1,4,32.0,85415198720,85426223040,10240,0,85426233280,model.language_model.layers.32.mlp.shared_expert_gate.weight,RENAMED_ONE_TO_ONE,shared_expert,32,REQUIRED_INITIAL_TEXT,shared_experts,KQ-GGUF-RULE-TENSOR-NAME-v1,KQ-GGUF-EVIDENCE-002
blk.32.ffn_gate_shexp.weight,2,2560x640,1638400,8,Q8_0,32,34,8.5,85415208960,85426233280,1740800,0,85427974080,model.language_model.layers.32.mlp.shared_expert.gate_proj.weight,RENAMED_ONE_TO_ONE,shared_expert,32,REQUIRED_INITIAL_TEXT,shared_experts,KQ-GGUF-RULE-TENSOR-NAME-v1,KQ-GGUF-EVIDENCE-002
blk.32.ffn_up_exps.weight,3,2560x640x512,838860800,12,Q4_K,256,144,4.5,85416949760,85427974080,471859200,0,85899833280,model.language_model.layers.32.mlp.experts.gate_up_proj,SPLIT_IN_GGUF,routed_experts,32,REQUIRED_INITIAL_TEXT,routed_experts,KQ-GGUF-RULE-MOE-SPLIT-v1,KQ-GGUF-EVIDENCE-004
blk.32.ffn_up_shexp.weight,2,2560x640,1638400,8,Q8_0,32,34,8.5,85888808960,85899833280,1740800,0,85901574080,model.language_model.layers.32.mlp.shared_expert.up_proj.weight,RENAMED_ONE_TO_ONE,shared_expert,32,REQUIRED_INITIAL_TEXT,shared_experts,KQ-GGUF-RULE-TENSOR-NAME-v1,KQ-GGUF-EVIDENCE-002
blk.32.hc_attn_down.weight,2,10240x320,3276800,8,Q8_0,32,34,8.5,85890549760,85901574080,3481600,0,85905055680,model.language_model.layers.32.attn_hyper_connection.input_mix_weight_down.weight,RENAMED_ONE_TO_ONE,gated_residual,32,REQUIRED_INITIAL_TEXT,gated_residual,KQ-GGUF-RULE-TENSOR-NAME-v1,KQ-GGUF-EVIDENCE-002
blk.32.hc_attn_inject.weight,2,10240x4,40960,0,F32,1,4,32.0,85894031360,85905055680,163840,0,85905219520,model.language_model.layers.32.attn_hyper_connection.block_inject_weight.weight,RENAMED_ONE_TO_ONE,gated_residual,32,REQUIRED_INITIAL_TEXT,gated_residual,KQ-GGUF-RULE-TENSOR-NAME-v1,KQ-GGUF-EVIDENCE-002
blk.32.hc_attn_norm.weight,1,10240,10240,0,F32,1,4,32.0,85894195200,85905219520,40960,0,85905260480,model.language_model.layers.32.attn_hyper_connection.hc_norm.weight,RENAMED_ONE_TO_ONE,gated_residual,32,REQUIRED_INITIAL_TEXT,gated_residual,KQ-GGUF-RULE-TENSOR-NAME-v1,KQ-GGUF-EVIDENCE-002
blk.32.hc_attn_up.weight,2,320x10240,3276800,8,Q8_0,32,34,8.5,85894236160,85905260480,3481600,0,85908742080,model.language_model.layers.32.attn_hyper_connection.input_mix_weight_up.weight,RENAMED_ONE_TO_ONE,gated_residual,32,REQUIRED_INITIAL_TEXT,gated_residual,KQ-GGUF-RULE-TENSOR-NAME-v1,KQ-GGUF-EVIDENCE-002
blk.32.hc_ffn_down.weight,2,10240x320,3276800,8,Q8_0,32,34,8.5,85897717760,85908742080,3481600,0,85912223680,model.language_model.layers.32.mlp_hyper_connection.input_mix_weight_down.weight,RENAMED_ONE_TO_ONE,gated_residual,32,REQUIRED_INITIAL_TEXT,gated_residual,KQ-GGUF-RULE-TENSOR-NAME-v1,KQ-GGUF-EVIDENCE-002
blk.32.hc_ffn_inject.weight,2,10240x4,40960,0,F32,1,4,32.0,85901199360,85912223680,163840,0,85912387520,model.language_model.layers.32.mlp_hyper_connection.block_inject_weight.weight,RENAMED_ONE_TO_ONE,gated_residual,32,REQUIRED_INITIAL_TEXT,gated_residual,KQ-GGUF-RULE-TENSOR-NAME-v1,KQ-GGUF-EVIDENCE-002
blk.32.hc_ffn_norm.weight,1,10240,10240,0,F32,1,4,32.0,85901363200,85912387520,40960,0,85912428480,model.language_model.layers.32.mlp_hyper_connection.hc_norm.weight,RENAMED_ONE_TO_ONE,gated_residual,32,REQUIRED_INITIAL_TEXT,gated_residual,KQ-GGUF-RULE-TENSOR-NAME-v1,KQ-GGUF-EVIDENCE-002
blk.32.hc_ffn_up.weight,2,320x10240,3276800,8,Q8_0,32,34,8.5,85901404160,85912428480,3481600,0,85915910080,model.language_model.layers.32.mlp_hyper_connection.input_mix_weight_up.weight,RENAMED_ONE_TO_ONE,gated_residual,32,REQUIRED_INITIAL_TEXT,gated_residual,KQ-GGUF-RULE-TENSOR-NAME-v1,KQ-GGUF-EVIDENCE-002
blk.32.ssm_a,1,48,48,0,F32,1,4,32.0,85904885760,85915910080,192,0,85915910272,model.language_model.layers.32.linear_attn.A_log,TRANSFORMED_LAYOUT,gdn,32,REQUIRED_INITIAL_TEXT,gdn,KQ-GGUF-RULE-CONVERTER-TRANSFORM-v1,KQ-GGUF-EVIDENCE-003
blk.32.ssm_alpha.weight,2,2560x48,122880,0,F32,1,4,32.0,85904885952,85915910272,491520,0,85916401792,model.language_model.layers.32.linear_attn.in_proj_a.weight,TRANSFORMED_LAYOUT,gdn,32,REQUIRED_INITIAL_TEXT,gdn,KQ-GGUF-RULE-CONVERTER-TRANSFORM-v1,KQ-GGUF-EVIDENCE-003
blk.32.ssm_beta.weight,2,2560x48,122880,0,F32,1,4,32.0,85905377472,85916401792,491520,0,85916893312,model.language_model.layers.32.linear_attn.in_proj_b.weight,TRANSFORMED_LAYOUT,gdn,32,REQUIRED_INITIAL_TEXT,gdn,KQ-GGUF-RULE-CONVERTER-TRANSFORM-v1,KQ-GGUF-EVIDENCE-003
blk.32.ssm_conv1d.weight,2,4x10240,40960,0,F32,1,4,32.0,85905868992,85916893312,163840,0,85917057152,model.language_model.layers.32.linear_attn.conv1d.weight,TRANSFORMED_LAYOUT,gdn,32,REQUIRED_INITIAL_TEXT,gdn,KQ-GGUF-RULE-CONVERTER-TRANSFORM-v1,KQ-GGUF-EVIDENCE-003
blk.32.ssm_dt.bias,1,48,48,0,F32,1,4,32.0,85906032832,85917057152,192,0,85917057344,model.language_model.layers.32.linear_attn.dt_bias,RENAMED_ONE_TO_ONE,gdn,32,REQUIRED_INITIAL_TEXT,gdn,KQ-GGUF-RULE-TENSOR-NAME-v1,KQ-GGUF-EVIDENCE-002
blk.32.ssm_norm.weight,1,128,128,0,F32,1,4,32.0,85906033024,85917057344,512,0,85917057856,model.language_model.layers.32.linear_attn.norm.weight,RENAMED_ONE_TO_ONE,gdn,32,REQUIRED_INITIAL_TEXT,gdn,KQ-GGUF-RULE-TENSOR-NAME-v1,KQ-GGUF-EVIDENCE-002
blk.32.ssm_out.weight,2,6144x2560,15728640,8,Q8_0,32,34,8.5,85906033536,85917057856,16711680,0,85933769536,model.language_model.layers.32.linear_attn.out_proj.weight,TRANSFORMED_LAYOUT,gdn,32,REQUIRED_INITIAL_TEXT,gdn,KQ-GGUF-RULE-CONVERTER-TRANSFORM-v1,KQ-GGUF-EVIDENCE-003
blk.33.attn_gate.weight,2,2560x6144,15728640,8,Q8_0,32,34,8.5,85922745216,85933769536,16711680,0,85950481216,model.language_model.layers.33.linear_attn.in_proj_z.weight,TRANSFORMED_LAYOUT,gdn,33,REQUIRED_INITIAL_TEXT,gdn,KQ-GGUF-RULE-CONVERTER-TRANSFORM-v1,KQ-GGUF-EVIDENCE-003
blk.33.attn_qkv.weight,2,2560x10240,26214400,8,Q8_0,32,34,8.5,85939456896,85950481216,27852800,0,85978334016,model.language_model.layers.33.linear_attn.in_proj_qkv.weight,TRANSFORMED_LAYOUT,gdn,33,REQUIRED_INITIAL_TEXT,gdn,KQ-GGUF-RULE-CONVERTER-TRANSFORM-v1,KQ-GGUF-EVIDENCE-003
blk.33.ffn_down_exps.weight,3,640x2560x512,838860800,7,Q5_1,32,24,6.0,85967309696,85978334016,629145600,0,86607479616,model.language_model.layers.33.mlp.experts.down_proj,RENAMED_ONE_TO_ONE,routed_experts,33,REQUIRED_INITIAL_TEXT,routed_experts,KQ-GGUF-RULE-TENSOR-NAME-v1,KQ-GGUF-EVIDENCE-002
blk.33.ffn_down_shexp.weight,2,640x2560,1638400,8,Q8_0,32,34,8.5,86596455296,86607479616,1740800,0,86609220416,model.language_model.layers.33.mlp.shared_expert.down_proj.weight,RENAMED_ONE_TO_ONE,shared_expert,33,REQUIRED_INITIAL_TEXT,shared_experts,KQ-GGUF-RULE-TENSOR-NAME-v1,KQ-GGUF-EVIDENCE-002
blk.33.ffn_gate_exps.weight,3,2560x640x512,838860800,12,Q4_K,256,144,4.5,86598196096,86609220416,471859200,0,87081079616,model.language_model.layers.33.mlp.experts.gate_up_proj,SPLIT_IN_GGUF,routed_experts,33,REQUIRED_INITIAL_TEXT,routed_experts,KQ-GGUF-RULE-MOE-SPLIT-v1,KQ-GGUF-EVIDENCE-004
blk.33.ffn_gate_inp.weight,2,2560x512,1310720,0,F32,1,4,32.0,87070055296,87081079616,5242880,0,87086322496,model.language_model.layers.33.mlp.gate.weight,RENAMED_ONE_TO_ONE,router,33,REQUIRED_INITIAL_TEXT,router,KQ-GGUF-RULE-TENSOR-NAME-v1,KQ-GGUF-EVIDENCE-002
blk.33.ffn_gate_inp_shexp.weight,1,2560,2560,0,F32,1,4,32.0,87075298176,87086322496,10240,0,87086332736,model.language_model.layers.33.mlp.shared_expert_gate.weight,RENAMED_ONE_TO_ONE,shared_expert,33,REQUIRED_INITIAL_TEXT,shared_experts,KQ-GGUF-RULE-TENSOR-NAME-v1,KQ-GGUF-EVIDENCE-002
blk.33.ffn_gate_shexp.weight,2,2560x640,1638400,8,Q8_0,32,34,8.5,87075308416,87086332736,1740800,0,87088073536,model.language_model.layers.33.mlp.shared_expert.gate_proj.weight,RENAMED_ONE_TO_ONE,shared_expert,33,REQUIRED_INITIAL_TEXT,shared_experts,KQ-GGUF-RULE-TENSOR-NAME-v1,KQ-GGUF-EVIDENCE-002
blk.33.ffn_up_exps.weight,3,2560x640x512,838860800,12,Q4_K,256,144,4.5,87077049216,87088073536,471859200,0,87559932736,model.language_model.layers.33.mlp.experts.gate_up_proj,SPLIT_IN_GGUF,routed_experts,33,REQUIRED_INITIAL_TEXT,routed_experts,KQ-GGUF-RULE-MOE-SPLIT-v1,KQ-GGUF-EVIDENCE-004
blk.33.ffn_up_shexp.weight,2,2560x640,1638400,8,Q8_0,32,34,8.5,87548908416,87559932736,1740800,0,87561673536,model.language_model.layers.33.mlp.shared_expert.up_proj.weight,RENAMED_ONE_TO_ONE,shared_expert,33,REQUIRED_INITIAL_TEXT,shared_experts,KQ-GGUF-RULE-TENSOR-NAME-v1,KQ-GGUF-EVIDENCE-002
blk.33.hc_attn_down.weight,2,10240x320,3276800,8,Q8_0,32,34,8.5,87550649216,87561673536,3481600,0,87565155136,model.language_model.layers.33.attn_hyper_connection.input_mix_weight_down.weight,RENAMED_ONE_TO_ONE,gated_residual,33,REQUIRED_INITIAL_TEXT,gated_residual,KQ-GGUF-RULE-TENSOR-NAME-v1,KQ-GGUF-EVIDENCE-002
blk.33.hc_attn_inject.weight,2,10240x4,40960,0,F32,1,4,32.0,87554130816,87565155136,163840,0,87565318976,model.language_model.layers.33.attn_hyper_connection.block_inject_weight.weight,RENAMED_ONE_TO_ONE,gated_residual,33,REQUIRED_INITIAL_TEXT,gated_residual,KQ-GGUF-RULE-TENSOR-NAME-v1,KQ-GGUF-EVIDENCE-002
blk.33.hc_attn_norm.weight,1,10240,10240,0,F32,1,4,32.0,87554294656,87565318976,40960,0,87565359936,model.language_model.layers.33.attn_hyper_connection.hc_norm.weight,RENAMED_ONE_TO_ONE,gated_residual,33,REQUIRED_INITIAL_TEXT,gated_residual,KQ-GGUF-RULE-TENSOR-NAME-v1,KQ-GGUF-EVIDENCE-002
blk.33.hc_attn_up.weight,2,320x10240,3276800,8,Q8_0,32,34,8.5,87554335616,87565359936,3481600,0,87568841536,model.language_model.layers.33.attn_hyper_connection.input_mix_weight_up.weight,RENAMED_ONE_TO_ONE,gated_residual,33,REQUIRED_INITIAL_TEXT,gated_residual,KQ-GGUF-RULE-TENSOR-NAME-v1,KQ-GGUF-EVIDENCE-002
blk.33.hc_ffn_down.weight,2,10240x320,3276800,8,Q8_0,32,34,8.5,87557817216,87568841536,3481600,0,87572323136,model.language_model.layers.33.mlp_hyper_connection.input_mix_weight_down.weight,RENAMED_ONE_TO_ONE,gated_residual,33,REQUIRED_INITIAL_TEXT,gated_residual,KQ-GGUF-RULE-TENSOR-NAME-v1,KQ-GGUF-EVIDENCE-002
blk.33.hc_ffn_inject.weight,2,10240x4,40960,0,F32,1,4,32.0,87561298816,87572323136,163840,0,87572486976,model.language_model.layers.33.mlp_hyper_connection.block_inject_weight.weight,RENAMED_ONE_TO_ONE,gated_residual,33,REQUIRED_INITIAL_TEXT,gated_residual,KQ-GGUF-RULE-TENSOR-NAME-v1,KQ-GGUF-EVIDENCE-002
blk.33.hc_ffn_norm.weight,1,10240,10240,0,F32,1,4,32.0,87561462656,87572486976,40960,0,87572527936,model.language_model.layers.33.mlp_hyper_connection.hc_norm.weight,RENAMED_ONE_TO_ONE,gated_residual,33,REQUIRED_INITIAL_TEXT,gated_residual,KQ-GGUF-RULE-TENSOR-NAME-v1,KQ-GGUF-EVIDENCE-002
blk.33.hc_ffn_up.weight,2,320x10240,3276800,8,Q8_0,32,34,8.5,87561503616,87572527936,3481600,0,87576009536,model.language_model.layers.33.mlp_hyper_connection.input_mix_weight_up.weight,RENAMED_ONE_TO_ONE,gated_residual,33,REQUIRED_INITIAL_TEXT,gated_residual,KQ-GGUF-RULE-TENSOR-NAME-v1,KQ-GGUF-EVIDENCE-002
blk.33.ssm_a,1,48,48,0,F32,1,4,32.0,87564985216,87576009536,192,0,87576009728,model.language_model.layers.33.linear_attn.A_log,TRANSFORMED_LAYOUT,gdn,33,REQUIRED_INITIAL_TEXT,gdn,KQ-GGUF-RULE-CONVERTER-TRANSFORM-v1,KQ-GGUF-EVIDENCE-003
blk.33.ssm_alpha.weight,2,2560x48,122880,0,F32,1,4,32.0,87564985408,87576009728,491520,0,87576501248,model.language_model.layers.33.linear_attn.in_proj_a.weight,TRANSFORMED_LAYOUT,gdn,33,REQUIRED_INITIAL_TEXT,gdn,KQ-GGUF-RULE-CONVERTER-TRANSFORM-v1,KQ-GGUF-EVIDENCE-003
blk.33.ssm_beta.weight,2,2560x48,122880,0,F32,1,4,32.0,87565476928,87576501248,491520,0,87576992768,model.language_model.layers.33.linear_attn.in_proj_b.weight,TRANSFORMED_LAYOUT,gdn,33,REQUIRED_INITIAL_TEXT,gdn,KQ-GGUF-RULE-CONVERTER-TRANSFORM-v1,KQ-GGUF-EVIDENCE-003
blk.33.ssm_conv1d.weight,2,4x10240,40960,0,F32,1,4,32.0,87565968448,87576992768,163840,0,87577156608,model.language_model.layers.33.linear_attn.conv1d.weight,TRANSFORMED_LAYOUT,gdn,33,REQUIRED_INITIAL_TEXT,gdn,KQ-GGUF-RULE-CONVERTER-TRANSFORM-v1,KQ-GGUF-EVIDENCE-003
blk.33.ssm_dt.bias,1,48,48,0,F32,1,4,32.0,87566132288,87577156608,192,0,87577156800,model.language_model.layers.33.linear_attn.dt_bias,RENAMED_ONE_TO_ONE,gdn,33,REQUIRED_INITIAL_TEXT,gdn,KQ-GGUF-RULE-TENSOR-NAME-v1,KQ-GGUF-EVIDENCE-002
blk.33.ssm_norm.weight,1,128,128,0,F32,1,4,32.0,87566132480,87577156800,512,0,87577157312,model.language_model.layers.33.linear_attn.norm.weight,RENAMED_ONE_TO_ONE,gdn,33,REQUIRED_INITIAL_TEXT,gdn,KQ-GGUF-RULE-TENSOR-NAME-v1,KQ-GGUF-EVIDENCE-002
blk.33.ssm_out.weight,2,6144x2560,15728640,8,Q8_0,32,34,8.5,87566132992,87577157312,16711680,0,87593868992,model.language_model.layers.33.linear_attn.out_proj.weight,TRANSFORMED_LAYOUT,gdn,33,REQUIRED_INITIAL_TEXT,gdn,KQ-GGUF-RULE-CONVERTER-TRANSFORM-v1,KQ-GGUF-EVIDENCE-003
blk.34.attn_gate.weight,2,2560x6144,15728640,8,Q8_0,32,34,8.5,87582844672,87593868992,16711680,0,87610580672,model.language_model.layers.34.linear_attn.in_proj_z.weight,TRANSFORMED_LAYOUT,gdn,34,REQUIRED_INITIAL_TEXT,gdn,KQ-GGUF-RULE-CONVERTER-TRANSFORM-v1,KQ-GGUF-EVIDENCE-003
blk.34.attn_qkv.weight,2,2560x10240,26214400,8,Q8_0,32,34,8.5,87599556352,87610580672,27852800,0,87638433472,model.language_model.layers.34.linear_attn.in_proj_qkv.weight,TRANSFORMED_LAYOUT,gdn,34,REQUIRED_INITIAL_TEXT,gdn,KQ-GGUF-RULE-CONVERTER-TRANSFORM-v1,KQ-GGUF-EVIDENCE-003
blk.34.ffn_down_exps.weight,3,640x2560x512,838860800,7,Q5_1,32,24,6.0,87627409152,87638433472,629145600,0,88267579072,model.language_model.layers.34.mlp.experts.down_proj,RENAMED_ONE_TO_ONE,routed_experts,34,REQUIRED_INITIAL_TEXT,routed_experts,KQ-GGUF-RULE-TENSOR-NAME-v1,KQ-GGUF-EVIDENCE-002
blk.34.ffn_down_shexp.weight,2,640x2560,1638400,8,Q8_0,32,34,8.5,88256554752,88267579072,1740800,0,88269319872,model.language_model.layers.34.mlp.shared_expert.down_proj.weight,RENAMED_ONE_TO_ONE,shared_expert,34,REQUIRED_INITIAL_TEXT,shared_experts,KQ-GGUF-RULE-TENSOR-NAME-v1,KQ-GGUF-EVIDENCE-002
blk.34.ffn_gate_exps.weight,3,2560x640x512,838860800,12,Q4_K,256,144,4.5,88258295552,88269319872,471859200,0,88741179072,model.language_model.layers.34.mlp.experts.gate_up_proj,SPLIT_IN_GGUF,routed_experts,34,REQUIRED_INITIAL_TEXT,routed_experts,KQ-GGUF-RULE-MOE-SPLIT-v1,KQ-GGUF-EVIDENCE-004
blk.34.ffn_gate_inp.weight,2,2560x512,1310720,0,F32,1,4,32.0,88730154752,88741179072,5242880,0,88746421952,model.language_model.layers.34.mlp.gate.weight,RENAMED_ONE_TO_ONE,router,34,REQUIRED_INITIAL_TEXT,router,KQ-GGUF-RULE-TENSOR-NAME-v1,KQ-GGUF-EVIDENCE-002
blk.34.ffn_gate_inp_shexp.weight,1,2560,2560,0,F32,1,4,32.0,88735397632,88746421952,10240,0,88746432192,model.language_model.layers.34.mlp.shared_expert_gate.weight,RENAMED_ONE_TO_ONE,shared_expert,34,REQUIRED_INITIAL_TEXT,shared_experts,KQ-GGUF-RULE-TENSOR-NAME-v1,KQ-GGUF-EVIDENCE-002
blk.34.ffn_gate_shexp.weight,2,2560x640,1638400,8,Q8_0,32,34,8.5,88735407872,88746432192,1740800,0,88748172992,model.language_model.layers.34.mlp.shared_expert.gate_proj.weight,RENAMED_ONE_TO_ONE,shared_expert,34,REQUIRED_INITIAL_TEXT,shared_experts,KQ-GGUF-RULE-TENSOR-NAME-v1,KQ-GGUF-EVIDENCE-002
blk.34.ffn_up_exps.weight,3,2560x640x512,838860800,12,Q4_K,256,144,4.5,88737148672,88748172992,471859200,0,89220032192,model.language_model.layers.34.mlp.experts.gate_up_proj,SPLIT_IN_GGUF,routed_experts,34,REQUIRED_INITIAL_TEXT,routed_experts,KQ-GGUF-RULE-MOE-SPLIT-v1,KQ-GGUF-EVIDENCE-004
blk.34.ffn_up_shexp.weight,2,2560x640,1638400,8,Q8_0,32,34,8.5,89209007872,89220032192,1740800,0,89221772992,model.language_model.layers.34.mlp.shared_expert.up_proj.weight,RENAMED_ONE_TO_ONE,shared_expert,34,REQUIRED_INITIAL_TEXT,shared_experts,KQ-GGUF-RULE-TENSOR-NAME-v1,KQ-GGUF-EVIDENCE-002
blk.34.hc_attn_down.weight,2,10240x320,3276800,8,Q8_0,32,34,8.5,89210748672,89221772992,3481600,0,89225254592,model.language_model.layers.34.attn_hyper_connection.input_mix_weight_down.weight,RENAMED_ONE_TO_ONE,gated_residual,34,REQUIRED_INITIAL_TEXT,gated_residual,KQ-GGUF-RULE-TENSOR-NAME-v1,KQ-GGUF-EVIDENCE-002
blk.34.hc_attn_inject.weight,2,10240x4,40960,0,F32,1,4,32.0,89214230272,89225254592,163840,0,89225418432,model.language_model.layers.34.attn_hyper_connection.block_inject_weight.weight,RENAMED_ONE_TO_ONE,gated_residual,34,REQUIRED_INITIAL_TEXT,gated_residual,KQ-GGUF-RULE-TENSOR-NAME-v1,KQ-GGUF-EVIDENCE-002
blk.34.hc_attn_norm.weight,1,10240,10240,0,F32,1,4,32.0,89214394112,89225418432,40960,0,89225459392,model.language_model.layers.34.attn_hyper_connection.hc_norm.weight,RENAMED_ONE_TO_ONE,gated_residual,34,REQUIRED_INITIAL_TEXT,gated_residual,KQ-GGUF-RULE-TENSOR-NAME-v1,KQ-GGUF-EVIDENCE-002
blk.34.hc_attn_up.weight,2,320x10240,3276800,8,Q8_0,32,34,8.5,89214435072,89225459392,3481600,0,89228940992,model.language_model.layers.34.attn_hyper_connection.input_mix_weight_up.weight,RENAMED_ONE_TO_ONE,gated_residual,34,REQUIRED_INITIAL_TEXT,gated_residual,KQ-GGUF-RULE-TENSOR-NAME-v1,KQ-GGUF-EVIDENCE-002
blk.34.hc_ffn_down.weight,2,10240x320,3276800,8,Q8_0,32,34,8.5,89217916672,89228940992,3481600,0,89232422592,model.language_model.layers.34.mlp_hyper_connection.input_mix_weight_down.weight,RENAMED_ONE_TO_ONE,gated_residual,34,REQUIRED_INITIAL_TEXT,gated_residual,KQ-GGUF-RULE-TENSOR-NAME-v1,KQ-GGUF-EVIDENCE-002
blk.34.hc_ffn_inject.weight,2,10240x4,40960,0,F32,1,4,32.0,89221398272,89232422592,163840,0,89232586432,model.language_model.layers.34.mlp_hyper_connection.block_inject_weight.weight,RENAMED_ONE_TO_ONE,gated_residual,34,REQUIRED_INITIAL_TEXT,gated_residual,KQ-GGUF-RULE-TENSOR-NAME-v1,KQ-GGUF-EVIDENCE-002
blk.34.hc_ffn_norm.weight,1,10240,10240,0,F32,1,4,32.0,89221562112,89232586432,40960,0,89232627392,model.language_model.layers.34.mlp_hyper_connection.hc_norm.weight,RENAMED_ONE_TO_ONE,gated_residual,34,REQUIRED_INITIAL_TEXT,gated_residual,KQ-GGUF-RULE-TENSOR-NAME-v1,KQ-GGUF-EVIDENCE-002
blk.34.hc_ffn_up.weight,2,320x10240,3276800,8,Q8_0,32,34,8.5,89221603072,89232627392,3481600,0,89236108992,model.language_model.layers.34.mlp_hyper_connection.input_mix_weight_up.weight,RENAMED_ONE_TO_ONE,gated_residual,34,REQUIRED_INITIAL_TEXT,gated_residual,KQ-GGUF-RULE-TENSOR-NAME-v1,KQ-GGUF-EVIDENCE-002
blk.34.ssm_a,1,48,48,0,F32,1,4,32.0,89225084672,89236108992,192,0,89236109184,model.language_model.layers.34.linear_attn.A_log,TRANSFORMED_LAYOUT,gdn,34,REQUIRED_INITIAL_TEXT,gdn,KQ-GGUF-RULE-CONVERTER-TRANSFORM-v1,KQ-GGUF-EVIDENCE-003
blk.34.ssm_alpha.weight,2,2560x48,122880,0,F32,1,4,32.0,89225084864,89236109184,491520,0,89236600704,model.language_model.layers.34.linear_attn.in_proj_a.weight,TRANSFORMED_LAYOUT,gdn,34,REQUIRED_INITIAL_TEXT,gdn,KQ-GGUF-RULE-CONVERTER-TRANSFORM-v1,KQ-GGUF-EVIDENCE-003
blk.34.ssm_beta.weight,2,2560x48,122880,0,F32,1,4,32.0,89225576384,89236600704,491520,0,89237092224,model.language_model.layers.34.linear_attn.in_proj_b.weight,TRANSFORMED_LAYOUT,gdn,34,REQUIRED_INITIAL_TEXT,gdn,KQ-GGUF-RULE-CONVERTER-TRANSFORM-v1,KQ-GGUF-EVIDENCE-003
blk.34.ssm_conv1d.weight,2,4x10240,40960,0,F32,1,4,32.0,89226067904,89237092224,163840,0,89237256064,model.language_model.layers.34.linear_attn.conv1d.weight,TRANSFORMED_LAYOUT,gdn,34,REQUIRED_INITIAL_TEXT,gdn,KQ-GGUF-RULE-CONVERTER-TRANSFORM-v1,KQ-GGUF-EVIDENCE-003
blk.34.ssm_dt.bias,1,48,48,0,F32,1,4,32.0,89226231744,89237256064,192,0,89237256256,model.language_model.layers.34.linear_attn.dt_bias,RENAMED_ONE_TO_ONE,gdn,34,REQUIRED_INITIAL_TEXT,gdn,KQ-GGUF-RULE-TENSOR-NAME-v1,KQ-GGUF-EVIDENCE-002
blk.34.ssm_norm.weight,1,128,128,0,F32,1,4,32.0,89226231936,89237256256,512,0,89237256768,model.language_model.layers.34.linear_attn.norm.weight,RENAMED_ONE_TO_ONE,gdn,34,REQUIRED_INITIAL_TEXT,gdn,KQ-GGUF-RULE-TENSOR-NAME-v1,KQ-GGUF-EVIDENCE-002
blk.34.ssm_out.weight,2,6144x2560,15728640,8,Q8_0,32,34,8.5,89226232448,89237256768,16711680,0,89253968448,model.language_model.layers.34.linear_attn.out_proj.weight,TRANSFORMED_LAYOUT,gdn,34,REQUIRED_INITIAL_TEXT,gdn,KQ-GGUF-RULE-CONVERTER-TRANSFORM-v1,KQ-GGUF-EVIDENCE-003
blk.35.attn_k.weight,2,2560x512,1310720,8,Q8_0,32,34,8.5,89242944128,89253968448,1392640,0,89255361088,model.language_model.layers.35.self_attn.k_proj.weight,RENAMED_ONE_TO_ONE,qsa_attention,35,REQUIRED_INITIAL_TEXT,qsa_attention,KQ-GGUF-RULE-TENSOR-NAME-v1,KQ-GGUF-EVIDENCE-002
blk.35.attn_k_norm.weight,1,256,256,0,F32,1,4,32.0,89244336768,89255361088,1024,0,89255362112,model.language_model.layers.35.self_attn.k_norm.weight,RENAMED_ONE_TO_ONE,qsa_attention,35,REQUIRED_INITIAL_TEXT,qsa_attention,KQ-GGUF-RULE-TENSOR-NAME-v1,KQ-GGUF-EVIDENCE-002
blk.35.attn_output.weight,2,6144x2560,15728640,8,Q8_0,32,34,8.5,89244337792,89255362112,16711680,0,89272073792,model.language_model.layers.35.self_attn.o_proj.weight,RENAMED_ONE_TO_ONE,qsa_attention,35,REQUIRED_INITIAL_TEXT,qsa_attention,KQ-GGUF-RULE-TENSOR-NAME-v1,KQ-GGUF-EVIDENCE-002
blk.35.attn_q.weight,2,2560x12288,31457280,8,Q8_0,32,34,8.5,89261049472,89272073792,33423360,0,89305497152,model.language_model.layers.35.self_attn.q_proj.weight,RENAMED_ONE_TO_ONE,qsa_attention,35,REQUIRED_INITIAL_TEXT,qsa_attention,KQ-GGUF-RULE-TENSOR-NAME-v1,KQ-GGUF-EVIDENCE-002
blk.35.attn_q_norm.weight,1,256,256,0,F32,1,4,32.0,89294472832,89305497152,1024,0,89305498176,model.language_model.layers.35.self_attn.q_norm.weight,RENAMED_ONE_TO_ONE,qsa_attention,35,REQUIRED_INITIAL_TEXT,qsa_attention,KQ-GGUF-RULE-TENSOR-NAME-v1,KQ-GGUF-EVIDENCE-002
blk.35.attn_v.weight,2,2560x512,1310720,8,Q8_0,32,34,8.5,89294473856,89305498176,1392640,0,89306890816,model.language_model.layers.35.self_attn.v_proj.weight,RENAMED_ONE_TO_ONE,qsa_attention,35,REQUIRED_INITIAL_TEXT,qsa_attention,KQ-GGUF-RULE-TENSOR-NAME-v1,KQ-GGUF-EVIDENCE-002
blk.35.ffn_down_exps.weight,3,640x2560x512,838860800,7,Q5_1,32,24,6.0,89295866496,89306890816,629145600,0,89936036416,model.language_model.layers.35.mlp.experts.down_proj,RENAMED_ONE_TO_ONE,routed_experts,35,REQUIRED_INITIAL_TEXT,routed_experts,KQ-GGUF-RULE-TENSOR-NAME-v1,KQ-GGUF-EVIDENCE-002
blk.35.ffn_down_shexp.weight,2,640x2560,1638400,8,Q8_0,32,34,8.5,89925012096,89936036416,1740800,0,89937777216,model.language_model.layers.35.mlp.shared_expert.down_proj.weight,RENAMED_ONE_TO_ONE,shared_expert,35,REQUIRED_INITIAL_TEXT,shared_experts,KQ-GGUF-RULE-TENSOR-NAME-v1,KQ-GGUF-EVIDENCE-002
blk.35.ffn_gate_exps.weight,3,2560x640x512,838860800,12,Q4_K,256,144,4.5,89926752896,89937777216,471859200,0,90409636416,model.language_model.layers.35.mlp.experts.gate_up_proj,SPLIT_IN_GGUF,routed_experts,35,REQUIRED_INITIAL_TEXT,routed_experts,KQ-GGUF-RULE-MOE-SPLIT-v1,KQ-GGUF-EVIDENCE-004
blk.35.ffn_gate_inp.weight,2,2560x512,1310720,0,F32,1,4,32.0,90398612096,90409636416,5242880,0,90414879296,model.language_model.layers.35.mlp.gate.weight,RENAMED_ONE_TO_ONE,router,35,REQUIRED_INITIAL_TEXT,router,KQ-GGUF-RULE-TENSOR-NAME-v1,KQ-GGUF-EVIDENCE-002
blk.35.ffn_gate_inp_shexp.weight,1,2560,2560,0,F32,1,4,32.0,90403854976,90414879296,10240,0,90414889536,model.language_model.layers.35.mlp.shared_expert_gate.weight,RENAMED_ONE_TO_ONE,shared_expert,35,REQUIRED_INITIAL_TEXT,shared_experts,KQ-GGUF-RULE-TENSOR-NAME-v1,KQ-GGUF-EVIDENCE-002
blk.35.ffn_gate_shexp.weight,2,2560x640,1638400,8,Q8_0,32,34,8.5,90403865216,90414889536,1740800,0,90416630336,model.language_model.layers.35.mlp.shared_expert.gate_proj.weight,RENAMED_ONE_TO_ONE,shared_expert,35,REQUIRED_INITIAL_TEXT,shared_experts,KQ-GGUF-RULE-TENSOR-NAME-v1,KQ-GGUF-EVIDENCE-002
blk.35.ffn_up_exps.weight,3,2560x640x512,838860800,12,Q4_K,256,144,4.5,90405606016,90416630336,471859200,0,90888489536,model.language_model.layers.35.mlp.experts.gate_up_proj,SPLIT_IN_GGUF,routed_experts,35,REQUIRED_INITIAL_TEXT,routed_experts,KQ-GGUF-RULE-MOE-SPLIT-v1,KQ-GGUF-EVIDENCE-004
blk.35.ffn_up_shexp.weight,2,2560x640,1638400,8,Q8_0,32,34,8.5,90877465216,90888489536,1740800,0,90890230336,model.language_model.layers.35.mlp.shared_expert.up_proj.weight,RENAMED_ONE_TO_ONE,shared_expert,35,REQUIRED_INITIAL_TEXT,shared_experts,KQ-GGUF-RULE-TENSOR-NAME-v1,KQ-GGUF-EVIDENCE-002
blk.35.hc_attn_down.weight,2,10240x320,3276800,8,Q8_0,32,34,8.5,90879206016,90890230336,3481600,0,90893711936,model.language_model.layers.35.attn_hyper_connection.input_mix_weight_down.weight,RENAMED_ONE_TO_ONE,gated_residual,35,REQUIRED_INITIAL_TEXT,gated_residual,KQ-GGUF-RULE-TENSOR-NAME-v1,KQ-GGUF-EVIDENCE-002
blk.35.hc_attn_inject.weight,2,10240x4,40960,0,F32,1,4,32.0,90882687616,90893711936,163840,0,90893875776,model.language_model.layers.35.attn_hyper_connection.block_inject_weight.weight,RENAMED_ONE_TO_ONE,gated_residual,35,REQUIRED_INITIAL_TEXT,gated_residual,KQ-GGUF-RULE-TENSOR-NAME-v1,KQ-GGUF-EVIDENCE-002
blk.35.hc_attn_norm.weight,1,10240,10240,0,F32,1,4,32.0,90882851456,90893875776,40960,0,90893916736,model.language_model.layers.35.attn_hyper_connection.hc_norm.weight,RENAMED_ONE_TO_ONE,gated_residual,35,REQUIRED_INITIAL_TEXT,gated_residual,KQ-GGUF-RULE-TENSOR-NAME-v1,KQ-GGUF-EVIDENCE-002
blk.35.hc_attn_up.weight,2,320x10240,3276800,8,Q8_0,32,34,8.5,90882892416,90893916736,3481600,0,90897398336,model.language_model.layers.35.attn_hyper_connection.input_mix_weight_up.weight,RENAMED_ONE_TO_ONE,gated_residual,35,REQUIRED_INITIAL_TEXT,gated_residual,KQ-GGUF-RULE-TENSOR-NAME-v1,KQ-GGUF-EVIDENCE-002
blk.35.hc_ffn_down.weight,2,10240x320,3276800,8,Q8_0,32,34,8.5,90886374016,90897398336,3481600,0,90900879936,model.language_model.layers.35.mlp_hyper_connection.input_mix_weight_down.weight,RENAMED_ONE_TO_ONE,gated_residual,35,REQUIRED_INITIAL_TEXT,gated_residual,KQ-GGUF-RULE-TENSOR-NAME-v1,KQ-GGUF-EVIDENCE-002
blk.35.hc_ffn_inject.weight,2,10240x4,40960,0,F32,1,4,32.0,90889855616,90900879936,163840,0,90901043776,model.language_model.layers.35.mlp_hyper_connection.block_inject_weight.weight,RENAMED_ONE_TO_ONE,gated_residual,35,REQUIRED_INITIAL_TEXT,gated_residual,KQ-GGUF-RULE-TENSOR-NAME-v1,KQ-GGUF-EVIDENCE-002
blk.35.hc_ffn_norm.weight,1,10240,10240,0,F32,1,4,32.0,90890019456,90901043776,40960,0,90901084736,model.language_model.layers.35.mlp_hyper_connection.hc_norm.weight,RENAMED_ONE_TO_ONE,gated_residual,35,REQUIRED_INITIAL_TEXT,gated_residual,KQ-GGUF-RULE-TENSOR-NAME-v1,KQ-GGUF-EVIDENCE-002
blk.35.hc_ffn_up.weight,2,320x10240,3276800,8,Q8_0,32,34,8.5,90890060416,90901084736,3481600,0,90904566336,model.language_model.layers.35.mlp_hyper_connection.input_mix_weight_up.weight,RENAMED_ONE_TO_ONE,gated_residual,35,REQUIRED_INITIAL_TEXT,gated_residual,KQ-GGUF-RULE-TENSOR-NAME-v1,KQ-GGUF-EVIDENCE-002
blk.35.indexer.k_norm.weight,1,128,128,0,F32,1,4,32.0,90893542016,90904566336,512,0,90904566848,model.language_model.layers.35.self_attn.indexer.k_layernorm.weight,RENAMED_ONE_TO_ONE,qsa_indexer,35,REQUIRED_INITIAL_TEXT,qsa_indexer,KQ-GGUF-RULE-TENSOR-NAME-v1,KQ-GGUF-EVIDENCE-002
blk.35.indexer.k_proj.weight,2,2560x128,327680,30,BF16,1,2,16.0,90893542528,90904566848,655360,0,90905222208,model.language_model.layers.35.self_attn.indexer.index_qk_proj.weight,SPLIT_IN_GGUF,qsa_indexer,35,REQUIRED_INITIAL_TEXT,qsa_indexer,KQ-GGUF-RULE-QSA-SPLIT-v1,KQ-GGUF-EVIDENCE-003
blk.35.indexer.q_norm.weight,1,128,128,0,F32,1,4,32.0,90894197888,90905222208,512,0,90905222720,model.language_model.layers.35.self_attn.indexer.q_layernorm.weight,RENAMED_ONE_TO_ONE,qsa_indexer,35,REQUIRED_INITIAL_TEXT,qsa_indexer,KQ-GGUF-RULE-TENSOR-NAME-v1,KQ-GGUF-EVIDENCE-002
blk.35.indexer.q_proj.weight,2,2560x512,1310720,30,BF16,1,2,16.0,90894198400,90905222720,2621440,0,90907844160,model.language_model.layers.35.self_attn.indexer.index_qk_proj.weight,SPLIT_IN_GGUF,qsa_indexer,35,REQUIRED_INITIAL_TEXT,qsa_indexer,KQ-GGUF-RULE-QSA-SPLIT-v1,KQ-GGUF-EVIDENCE-003
blk.36.attn_gate.weight,2,2560x6144,15728640,8,Q8_0,32,34,8.5,90896819840,90907844160,16711680,0,90924555840,model.language_model.layers.36.linear_attn.in_proj_z.weight,TRANSFORMED_LAYOUT,gdn,36,REQUIRED_INITIAL_TEXT,gdn,KQ-GGUF-RULE-CONVERTER-TRANSFORM-v1,KQ-GGUF-EVIDENCE-003
blk.36.attn_qkv.weight,2,2560x10240,26214400,8,Q8_0,32,34,8.5,90913531520,90924555840,27852800,0,90952408640,model.language_model.layers.36.linear_attn.in_proj_qkv.weight,TRANSFORMED_LAYOUT,gdn,36,REQUIRED_INITIAL_TEXT,gdn,KQ-GGUF-RULE-CONVERTER-TRANSFORM-v1,KQ-GGUF-EVIDENCE-003
blk.36.ffn_down_exps.weight,3,640x2560x512,838860800,7,Q5_1,32,24,6.0,90941384320,90952408640,629145600,0,91581554240,model.language_model.layers.36.mlp.experts.down_proj,RENAMED_ONE_TO_ONE,routed_experts,36,REQUIRED_INITIAL_TEXT,routed_experts,KQ-GGUF-RULE-TENSOR-NAME-v1,KQ-GGUF-EVIDENCE-002
blk.36.ffn_down_shexp.weight,2,640x2560,1638400,8,Q8_0,32,34,8.5,91570529920,91581554240,1740800,0,91583295040,model.language_model.layers.36.mlp.shared_expert.down_proj.weight,RENAMED_ONE_TO_ONE,shared_expert,36,REQUIRED_INITIAL_TEXT,shared_experts,KQ-GGUF-RULE-TENSOR-NAME-v1,KQ-GGUF-EVIDENCE-002
blk.36.ffn_gate_exps.weight,3,2560x640x512,838860800,12,Q4_K,256,144,4.5,91572270720,91583295040,471859200,0,92055154240,model.language_model.layers.36.mlp.experts.gate_up_proj,SPLIT_IN_GGUF,routed_experts,36,REQUIRED_INITIAL_TEXT,routed_experts,KQ-GGUF-RULE-MOE-SPLIT-v1,KQ-GGUF-EVIDENCE-004
blk.36.ffn_gate_inp.weight,2,2560x512,1310720,0,F32,1,4,32.0,92044129920,92055154240,5242880,0,92060397120,model.language_model.layers.36.mlp.gate.weight,RENAMED_ONE_TO_ONE,router,36,REQUIRED_INITIAL_TEXT,router,KQ-GGUF-RULE-TENSOR-NAME-v1,KQ-GGUF-EVIDENCE-002
blk.36.ffn_gate_inp_shexp.weight,1,2560,2560,0,F32,1,4,32.0,92049372800,92060397120,10240,0,92060407360,model.language_model.layers.36.mlp.shared_expert_gate.weight,RENAMED_ONE_TO_ONE,shared_expert,36,REQUIRED_INITIAL_TEXT,shared_experts,KQ-GGUF-RULE-TENSOR-NAME-v1,KQ-GGUF-EVIDENCE-002
blk.36.ffn_gate_shexp.weight,2,2560x640,1638400,8,Q8_0,32,34,8.5,92049383040,92060407360,1740800,0,92062148160,model.language_model.layers.36.mlp.shared_expert.gate_proj.weight,RENAMED_ONE_TO_ONE,shared_expert,36,REQUIRED_INITIAL_TEXT,shared_experts,KQ-GGUF-RULE-TENSOR-NAME-v1,KQ-GGUF-EVIDENCE-002
blk.36.ffn_up_exps.weight,3,2560x640x512,838860800,12,Q4_K,256,144,4.5,92051123840,92062148160,471859200,0,92534007360,model.language_model.layers.36.mlp.experts.gate_up_proj,SPLIT_IN_GGUF,routed_experts,36,REQUIRED_INITIAL_TEXT,routed_experts,KQ-GGUF-RULE-MOE-SPLIT-v1,KQ-GGUF-EVIDENCE-004
blk.36.ffn_up_shexp.weight,2,2560x640,1638400,8,Q8_0,32,34,8.5,92522983040,92534007360,1740800,0,92535748160,model.language_model.layers.36.mlp.shared_expert.up_proj.weight,RENAMED_ONE_TO_ONE,shared_expert,36,REQUIRED_INITIAL_TEXT,shared_experts,KQ-GGUF-RULE-TENSOR-NAME-v1,KQ-GGUF-EVIDENCE-002
blk.36.hc_attn_down.weight,2,10240x320,3276800,8,Q8_0,32,34,8.5,92524723840,92535748160,3481600,0,92539229760,model.language_model.layers.36.attn_hyper_connection.input_mix_weight_down.weight,RENAMED_ONE_TO_ONE,gated_residual,36,REQUIRED_INITIAL_TEXT,gated_residual,KQ-GGUF-RULE-TENSOR-NAME-v1,KQ-GGUF-EVIDENCE-002
blk.36.hc_attn_inject.weight,2,10240x4,40960,0,F32,1,4,32.0,92528205440,92539229760,163840,0,92539393600,model.language_model.layers.36.attn_hyper_connection.block_inject_weight.weight,RENAMED_ONE_TO_ONE,gated_residual,36,REQUIRED_INITIAL_TEXT,gated_residual,KQ-GGUF-RULE-TENSOR-NAME-v1,KQ-GGUF-EVIDENCE-002
blk.36.hc_attn_norm.weight,1,10240,10240,0,F32,1,4,32.0,92528369280,92539393600,40960,0,92539434560,model.language_model.layers.36.attn_hyper_connection.hc_norm.weight,RENAMED_ONE_TO_ONE,gated_residual,36,REQUIRED_INITIAL_TEXT,gated_residual,KQ-GGUF-RULE-TENSOR-NAME-v1,KQ-GGUF-EVIDENCE-002
blk.36.hc_attn_up.weight,2,320x10240,3276800,8,Q8_0,32,34,8.5,92528410240,92539434560,3481600,0,92542916160,model.language_model.layers.36.attn_hyper_connection.input_mix_weight_up.weight,RENAMED_ONE_TO_ONE,gated_residual,36,REQUIRED_INITIAL_TEXT,gated_residual,KQ-GGUF-RULE-TENSOR-NAME-v1,KQ-GGUF-EVIDENCE-002
blk.36.hc_ffn_down.weight,2,10240x320,3276800,8,Q8_0,32,34,8.5,92531891840,92542916160,3481600,0,92546397760,model.language_model.layers.36.mlp_hyper_connection.input_mix_weight_down.weight,RENAMED_ONE_TO_ONE,gated_residual,36,REQUIRED_INITIAL_TEXT,gated_residual,KQ-GGUF-RULE-TENSOR-NAME-v1,KQ-GGUF-EVIDENCE-002
blk.36.hc_ffn_inject.weight,2,10240x4,40960,0,F32,1,4,32.0,92535373440,92546397760,163840,0,92546561600,model.language_model.layers.36.mlp_hyper_connection.block_inject_weight.weight,RENAMED_ONE_TO_ONE,gated_residual,36,REQUIRED_INITIAL_TEXT,gated_residual,KQ-GGUF-RULE-TENSOR-NAME-v1,KQ-GGUF-EVIDENCE-002
blk.36.hc_ffn_norm.weight,1,10240,10240,0,F32,1,4,32.0,92535537280,92546561600,40960,0,92546602560,model.language_model.layers.36.mlp_hyper_connection.hc_norm.weight,RENAMED_ONE_TO_ONE,gated_residual,36,REQUIRED_INITIAL_TEXT,gated_residual,KQ-GGUF-RULE-TENSOR-NAME-v1,KQ-GGUF-EVIDENCE-002
blk.36.hc_ffn_up.weight,2,320x10240,3276800,8,Q8_0,32,34,8.5,92535578240,92546602560,3481600,0,92550084160,model.language_model.layers.36.mlp_hyper_connection.input_mix_weight_up.weight,RENAMED_ONE_TO_ONE,gated_residual,36,REQUIRED_INITIAL_TEXT,gated_residual,KQ-GGUF-RULE-TENSOR-NAME-v1,KQ-GGUF-EVIDENCE-002
blk.36.ssm_a,1,48,48,0,F32,1,4,32.0,92539059840,92550084160,192,0,92550084352,model.language_model.layers.36.linear_attn.A_log,TRANSFORMED_LAYOUT,gdn,36,REQUIRED_INITIAL_TEXT,gdn,KQ-GGUF-RULE-CONVERTER-TRANSFORM-v1,KQ-GGUF-EVIDENCE-003
blk.36.ssm_alpha.weight,2,2560x48,122880,0,F32,1,4,32.0,92539060032,92550084352,491520,0,92550575872,model.language_model.layers.36.linear_attn.in_proj_a.weight,TRANSFORMED_LAYOUT,gdn,36,REQUIRED_INITIAL_TEXT,gdn,KQ-GGUF-RULE-CONVERTER-TRANSFORM-v1,KQ-GGUF-EVIDENCE-003
blk.36.ssm_beta.weight,2,2560x48,122880,0,F32,1,4,32.0,92539551552,92550575872,491520,0,92551067392,model.language_model.layers.36.linear_attn.in_proj_b.weight,TRANSFORMED_LAYOUT,gdn,36,REQUIRED_INITIAL_TEXT,gdn,KQ-GGUF-RULE-CONVERTER-TRANSFORM-v1,KQ-GGUF-EVIDENCE-003
blk.36.ssm_conv1d.weight,2,4x10240,40960,0,F32,1,4,32.0,92540043072,92551067392,163840,0,92551231232,model.language_model.layers.36.linear_attn.conv1d.weight,TRANSFORMED_LAYOUT,gdn,36,REQUIRED_INITIAL_TEXT,gdn,KQ-GGUF-RULE-CONVERTER-TRANSFORM-v1,KQ-GGUF-EVIDENCE-003
blk.36.ssm_dt.bias,1,48,48,0,F32,1,4,32.0,92540206912,92551231232,192,0,92551231424,model.language_model.layers.36.linear_attn.dt_bias,RENAMED_ONE_TO_ONE,gdn,36,REQUIRED_INITIAL_TEXT,gdn,KQ-GGUF-RULE-TENSOR-NAME-v1,KQ-GGUF-EVIDENCE-002
blk.36.ssm_norm.weight,1,128,128,0,F32,1,4,32.0,92540207104,92551231424,512,0,92551231936,model.language_model.layers.36.linear_attn.norm.weight,RENAMED_ONE_TO_ONE,gdn,36,REQUIRED_INITIAL_TEXT,gdn,KQ-GGUF-RULE-TENSOR-NAME-v1,KQ-GGUF-EVIDENCE-002
blk.36.ssm_out.weight,2,6144x2560,15728640,8,Q8_0,32,34,8.5,92540207616,92551231936,16711680,0,92567943616,model.language_model.layers.36.linear_attn.out_proj.weight,TRANSFORMED_LAYOUT,gdn,36,REQUIRED_INITIAL_TEXT,gdn,KQ-GGUF-RULE-CONVERTER-TRANSFORM-v1,KQ-GGUF-EVIDENCE-003
blk.37.attn_gate.weight,2,2560x6144,15728640,8,Q8_0,32,34,8.5,92556919296,92567943616,16711680,0,92584655296,model.language_model.layers.37.linear_attn.in_proj_z.weight,TRANSFORMED_LAYOUT,gdn,37,REQUIRED_INITIAL_TEXT,gdn,KQ-GGUF-RULE-CONVERTER-TRANSFORM-v1,KQ-GGUF-EVIDENCE-003
blk.37.attn_qkv.weight,2,2560x10240,26214400,8,Q8_0,32,34,8.5,92573630976,92584655296,27852800,0,92612508096,model.language_model.layers.37.linear_attn.in_proj_qkv.weight,TRANSFORMED_LAYOUT,gdn,37,REQUIRED_INITIAL_TEXT,gdn,KQ-GGUF-RULE-CONVERTER-TRANSFORM-v1,KQ-GGUF-EVIDENCE-003
blk.37.ffn_down_exps.weight,3,640x2560x512,838860800,7,Q5_1,32,24,6.0,92601483776,92612508096,629145600,0,93241653696,model.language_model.layers.37.mlp.experts.down_proj,RENAMED_ONE_TO_ONE,routed_experts,37,REQUIRED_INITIAL_TEXT,routed_experts,KQ-GGUF-RULE-TENSOR-NAME-v1,KQ-GGUF-EVIDENCE-002
blk.37.ffn_down_shexp.weight,2,640x2560,1638400,8,Q8_0,32,34,8.5,93230629376,93241653696,1740800,0,93243394496,model.language_model.layers.37.mlp.shared_expert.down_proj.weight,RENAMED_ONE_TO_ONE,shared_expert,37,REQUIRED_INITIAL_TEXT,shared_experts,KQ-GGUF-RULE-TENSOR-NAME-v1,KQ-GGUF-EVIDENCE-002
blk.37.ffn_gate_exps.weight,3,2560x640x512,838860800,12,Q4_K,256,144,4.5,93232370176,93243394496,471859200,0,93715253696,model.language_model.layers.37.mlp.experts.gate_up_proj,SPLIT_IN_GGUF,routed_experts,37,REQUIRED_INITIAL_TEXT,routed_experts,KQ-GGUF-RULE-MOE-SPLIT-v1,KQ-GGUF-EVIDENCE-004
blk.37.ffn_gate_inp.weight,2,2560x512,1310720,0,F32,1,4,32.0,93704229376,93715253696,5242880,0,93720496576,model.language_model.layers.37.mlp.gate.weight,RENAMED_ONE_TO_ONE,router,37,REQUIRED_INITIAL_TEXT,router,KQ-GGUF-RULE-TENSOR-NAME-v1,KQ-GGUF-EVIDENCE-002
blk.37.ffn_gate_inp_shexp.weight,1,2560,2560,0,F32,1,4,32.0,93709472256,93720496576,10240,0,93720506816,model.language_model.layers.37.mlp.shared_expert_gate.weight,RENAMED_ONE_TO_ONE,shared_expert,37,REQUIRED_INITIAL_TEXT,shared_experts,KQ-GGUF-RULE-TENSOR-NAME-v1,KQ-GGUF-EVIDENCE-002
blk.37.ffn_gate_shexp.weight,2,2560x640,1638400,8,Q8_0,32,34,8.5,93709482496,93720506816,1740800,0,93722247616,model.language_model.layers.37.mlp.shared_expert.gate_proj.weight,RENAMED_ONE_TO_ONE,shared_expert,37,REQUIRED_INITIAL_TEXT,shared_experts,KQ-GGUF-RULE-TENSOR-NAME-v1,KQ-GGUF-EVIDENCE-002
blk.37.ffn_up_exps.weight,3,2560x640x512,838860800,12,Q4_K,256,144,4.5,93711223296,93722247616,471859200,0,94194106816,model.language_model.layers.37.mlp.experts.gate_up_proj,SPLIT_IN_GGUF,routed_experts,37,REQUIRED_INITIAL_TEXT,routed_experts,KQ-GGUF-RULE-MOE-SPLIT-v1,KQ-GGUF-EVIDENCE-004
blk.37.ffn_up_shexp.weight,2,2560x640,1638400,8,Q8_0,32,34,8.5,94183082496,94194106816,1740800,0,94195847616,model.language_model.layers.37.mlp.shared_expert.up_proj.weight,RENAMED_ONE_TO_ONE,shared_expert,37,REQUIRED_INITIAL_TEXT,shared_experts,KQ-GGUF-RULE-TENSOR-NAME-v1,KQ-GGUF-EVIDENCE-002
blk.37.hc_attn_down.weight,2,10240x320,3276800,8,Q8_0,32,34,8.5,94184823296,94195847616,3481600,0,94199329216,model.language_model.layers.37.attn_hyper_connection.input_mix_weight_down.weight,RENAMED_ONE_TO_ONE,gated_residual,37,REQUIRED_INITIAL_TEXT,gated_residual,KQ-GGUF-RULE-TENSOR-NAME-v1,KQ-GGUF-EVIDENCE-002
blk.37.hc_attn_inject.weight,2,10240x4,40960,0,F32,1,4,32.0,94188304896,94199329216,163840,0,94199493056,model.language_model.layers.37.attn_hyper_connection.block_inject_weight.weight,RENAMED_ONE_TO_ONE,gated_residual,37,REQUIRED_INITIAL_TEXT,gated_residual,KQ-GGUF-RULE-TENSOR-NAME-v1,KQ-GGUF-EVIDENCE-002
blk.37.hc_attn_norm.weight,1,10240,10240,0,F32,1,4,32.0,94188468736,94199493056,40960,0,94199534016,model.language_model.layers.37.attn_hyper_connection.hc_norm.weight,RENAMED_ONE_TO_ONE,gated_residual,37,REQUIRED_INITIAL_TEXT,gated_residual,KQ-GGUF-RULE-TENSOR-NAME-v1,KQ-GGUF-EVIDENCE-002
blk.37.hc_attn_up.weight,2,320x10240,3276800,8,Q8_0,32,34,8.5,94188509696,94199534016,3481600,0,94203015616,model.language_model.layers.37.attn_hyper_connection.input_mix_weight_up.weight,RENAMED_ONE_TO_ONE,gated_residual,37,REQUIRED_INITIAL_TEXT,gated_residual,KQ-GGUF-RULE-TENSOR-NAME-v1,KQ-GGUF-EVIDENCE-002
blk.37.hc_ffn_down.weight,2,10240x320,3276800,8,Q8_0,32,34,8.5,94191991296,94203015616,3481600,0,94206497216,model.language_model.layers.37.mlp_hyper_connection.input_mix_weight_down.weight,RENAMED_ONE_TO_ONE,gated_residual,37,REQUIRED_INITIAL_TEXT,gated_residual,KQ-GGUF-RULE-TENSOR-NAME-v1,KQ-GGUF-EVIDENCE-002
blk.37.hc_ffn_inject.weight,2,10240x4,40960,0,F32,1,4,32.0,94195472896,94206497216,163840,0,94206661056,model.language_model.layers.37.mlp_hyper_connection.block_inject_weight.weight,RENAMED_ONE_TO_ONE,gated_residual,37,REQUIRED_INITIAL_TEXT,gated_residual,KQ-GGUF-RULE-TENSOR-NAME-v1,KQ-GGUF-EVIDENCE-002
blk.37.hc_ffn_norm.weight,1,10240,10240,0,F32,1,4,32.0,94195636736,94206661056,40960,0,94206702016,model.language_model.layers.37.mlp_hyper_connection.hc_norm.weight,RENAMED_ONE_TO_ONE,gated_residual,37,REQUIRED_INITIAL_TEXT,gated_residual,KQ-GGUF-RULE-TENSOR-NAME-v1,KQ-GGUF-EVIDENCE-002
blk.37.hc_ffn_up.weight,2,320x10240,3276800,8,Q8_0,32,34,8.5,94195677696,94206702016,3481600,0,94210183616,model.language_model.layers.37.mlp_hyper_connection.input_mix_weight_up.weight,RENAMED_ONE_TO_ONE,gated_residual,37,REQUIRED_INITIAL_TEXT,gated_residual,KQ-GGUF-RULE-TENSOR-NAME-v1,KQ-GGUF-EVIDENCE-002
blk.37.ssm_a,1,48,48,0,F32,1,4,32.0,94199159296,94210183616,192,0,94210183808,model.language_model.layers.37.linear_attn.A_log,TRANSFORMED_LAYOUT,gdn,37,REQUIRED_INITIAL_TEXT,gdn,KQ-GGUF-RULE-CONVERTER-TRANSFORM-v1,KQ-GGUF-EVIDENCE-003
blk.37.ssm_alpha.weight,2,2560x48,122880,0,F32,1,4,32.0,94199159488,94210183808,491520,0,94210675328,model.language_model.layers.37.linear_attn.in_proj_a.weight,TRANSFORMED_LAYOUT,gdn,37,REQUIRED_INITIAL_TEXT,gdn,KQ-GGUF-RULE-CONVERTER-TRANSFORM-v1,KQ-GGUF-EVIDENCE-003
blk.37.ssm_beta.weight,2,2560x48,122880,0,F32,1,4,32.0,94199651008,94210675328,491520,0,94211166848,model.language_model.layers.37.linear_attn.in_proj_b.weight,TRANSFORMED_LAYOUT,gdn,37,REQUIRED_INITIAL_TEXT,gdn,KQ-GGUF-RULE-CONVERTER-TRANSFORM-v1,KQ-GGUF-EVIDENCE-003
blk.37.ssm_conv1d.weight,2,4x10240,40960,0,F32,1,4,32.0,94200142528,94211166848,163840,0,94211330688,model.language_model.layers.37.linear_attn.conv1d.weight,TRANSFORMED_LAYOUT,gdn,37,REQUIRED_INITIAL_TEXT,gdn,KQ-GGUF-RULE-CONVERTER-TRANSFORM-v1,KQ-GGUF-EVIDENCE-003
blk.37.ssm_dt.bias,1,48,48,0,F32,1,4,32.0,94200306368,94211330688,192,0,94211330880,model.language_model.layers.37.linear_attn.dt_bias,RENAMED_ONE_TO_ONE,gdn,37,REQUIRED_INITIAL_TEXT,gdn,KQ-GGUF-RULE-TENSOR-NAME-v1,KQ-GGUF-EVIDENCE-002
blk.37.ssm_norm.weight,1,128,128,0,F32,1,4,32.0,94200306560,94211330880,512,0,94211331392,model.language_model.layers.37.linear_attn.norm.weight,RENAMED_ONE_TO_ONE,gdn,37,REQUIRED_INITIAL_TEXT,gdn,KQ-GGUF-RULE-TENSOR-NAME-v1,KQ-GGUF-EVIDENCE-002
blk.37.ssm_out.weight,2,6144x2560,15728640,8,Q8_0,32,34,8.5,94200307072,94211331392,16711680,0,94228043072,model.language_model.layers.37.linear_attn.out_proj.weight,TRANSFORMED_LAYOUT,gdn,37,REQUIRED_INITIAL_TEXT,gdn,KQ-GGUF-RULE-CONVERTER-TRANSFORM-v1,KQ-GGUF-EVIDENCE-003
blk.38.attn_gate.weight,2,2560x6144,15728640,8,Q8_0,32,34,8.5,94217018752,94228043072,16711680,0,94244754752,model.language_model.layers.38.linear_attn.in_proj_z.weight,TRANSFORMED_LAYOUT,gdn,38,REQUIRED_INITIAL_TEXT,gdn,KQ-GGUF-RULE-CONVERTER-TRANSFORM-v1,KQ-GGUF-EVIDENCE-003
blk.38.attn_qkv.weight,2,2560x10240,26214400,8,Q8_0,32,34,8.5,94233730432,94244754752,27852800,0,94272607552,model.language_model.layers.38.linear_attn.in_proj_qkv.weight,TRANSFORMED_LAYOUT,gdn,38,REQUIRED_INITIAL_TEXT,gdn,KQ-GGUF-RULE-CONVERTER-TRANSFORM-v1,KQ-GGUF-EVIDENCE-003
blk.38.ffn_down_exps.weight,3,640x2560x512,838860800,7,Q5_1,32,24,6.0,94261583232,94272607552,629145600,0,94901753152,model.language_model.layers.38.mlp.experts.down_proj,RENAMED_ONE_TO_ONE,routed_experts,38,REQUIRED_INITIAL_TEXT,routed_experts,KQ-GGUF-RULE-TENSOR-NAME-v1,KQ-GGUF-EVIDENCE-002
blk.38.ffn_down_shexp.weight,2,640x2560,1638400,8,Q8_0,32,34,8.5,94890728832,94901753152,1740800,0,94903493952,model.language_model.layers.38.mlp.shared_expert.down_proj.weight,RENAMED_ONE_TO_ONE,shared_expert,38,REQUIRED_INITIAL_TEXT,shared_experts,KQ-GGUF-RULE-TENSOR-NAME-v1,KQ-GGUF-EVIDENCE-002
blk.38.ffn_gate_exps.weight,3,2560x640x512,838860800,12,Q4_K,256,144,4.5,94892469632,94903493952,471859200,0,95375353152,model.language_model.layers.38.mlp.experts.gate_up_proj,SPLIT_IN_GGUF,routed_experts,38,REQUIRED_INITIAL_TEXT,routed_experts,KQ-GGUF-RULE-MOE-SPLIT-v1,KQ-GGUF-EVIDENCE-004
blk.38.ffn_gate_inp.weight,2,2560x512,1310720,0,F32,1,4,32.0,95364328832,95375353152,5242880,0,95380596032,model.language_model.layers.38.mlp.gate.weight,RENAMED_ONE_TO_ONE,router,38,REQUIRED_INITIAL_TEXT,router,KQ-GGUF-RULE-TENSOR-NAME-v1,KQ-GGUF-EVIDENCE-002
blk.38.ffn_gate_inp_shexp.weight,1,2560,2560,0,F32,1,4,32.0,95369571712,95380596032,10240,0,95380606272,model.language_model.layers.38.mlp.shared_expert_gate.weight,RENAMED_ONE_TO_ONE,shared_expert,38,REQUIRED_INITIAL_TEXT,shared_experts,KQ-GGUF-RULE-TENSOR-NAME-v1,KQ-GGUF-EVIDENCE-002
blk.38.ffn_gate_shexp.weight,2,2560x640,1638400,8,Q8_0,32,34,8.5,95369581952,95380606272,1740800,0,95382347072,model.language_model.layers.38.mlp.shared_expert.gate_proj.weight,RENAMED_ONE_TO_ONE,shared_expert,38,REQUIRED_INITIAL_TEXT,shared_experts,KQ-GGUF-RULE-TENSOR-NAME-v1,KQ-GGUF-EVIDENCE-002
blk.38.ffn_up_exps.weight,3,2560x640x512,838860800,12,Q4_K,256,144,4.5,95371322752,95382347072,471859200,0,95854206272,model.language_model.layers.38.mlp.experts.gate_up_proj,SPLIT_IN_GGUF,routed_experts,38,REQUIRED_INITIAL_TEXT,routed_experts,KQ-GGUF-RULE-MOE-SPLIT-v1,KQ-GGUF-EVIDENCE-004
blk.38.ffn_up_shexp.weight,2,2560x640,1638400,8,Q8_0,32,34,8.5,95843181952,95854206272,1740800,0,95855947072,model.language_model.layers.38.mlp.shared_expert.up_proj.weight,RENAMED_ONE_TO_ONE,shared_expert,38,REQUIRED_INITIAL_TEXT,shared_experts,KQ-GGUF-RULE-TENSOR-NAME-v1,KQ-GGUF-EVIDENCE-002
blk.38.hc_attn_down.weight,2,10240x320,3276800,8,Q8_0,32,34,8.5,95844922752,95855947072,3481600,0,95859428672,model.language_model.layers.38.attn_hyper_connection.input_mix_weight_down.weight,RENAMED_ONE_TO_ONE,gated_residual,38,REQUIRED_INITIAL_TEXT,gated_residual,KQ-GGUF-RULE-TENSOR-NAME-v1,KQ-GGUF-EVIDENCE-002
blk.38.hc_attn_inject.weight,2,10240x4,40960,0,F32,1,4,32.0,95848404352,95859428672,163840,0,95859592512,model.language_model.layers.38.attn_hyper_connection.block_inject_weight.weight,RENAMED_ONE_TO_ONE,gated_residual,38,REQUIRED_INITIAL_TEXT,gated_residual,KQ-GGUF-RULE-TENSOR-NAME-v1,KQ-GGUF-EVIDENCE-002
blk.38.hc_attn_norm.weight,1,10240,10240,0,F32,1,4,32.0,95848568192,95859592512,40960,0,95859633472,model.language_model.layers.38.attn_hyper_connection.hc_norm.weight,RENAMED_ONE_TO_ONE,gated_residual,38,REQUIRED_INITIAL_TEXT,gated_residual,KQ-GGUF-RULE-TENSOR-NAME-v1,KQ-GGUF-EVIDENCE-002
blk.38.hc_attn_up.weight,2,320x10240,3276800,8,Q8_0,32,34,8.5,95848609152,95859633472,3481600,0,95863115072,model.language_model.layers.38.attn_hyper_connection.input_mix_weight_up.weight,RENAMED_ONE_TO_ONE,gated_residual,38,REQUIRED_INITIAL_TEXT,gated_residual,KQ-GGUF-RULE-TENSOR-NAME-v1,KQ-GGUF-EVIDENCE-002
blk.38.hc_ffn_down.weight,2,10240x320,3276800,8,Q8_0,32,34,8.5,95852090752,95863115072,3481600,0,95866596672,model.language_model.layers.38.mlp_hyper_connection.input_mix_weight_down.weight,RENAMED_ONE_TO_ONE,gated_residual,38,REQUIRED_INITIAL_TEXT,gated_residual,KQ-GGUF-RULE-TENSOR-NAME-v1,KQ-GGUF-EVIDENCE-002
blk.38.hc_ffn_inject.weight,2,10240x4,40960,0,F32,1,4,32.0,95855572352,95866596672,163840,0,95866760512,model.language_model.layers.38.mlp_hyper_connection.block_inject_weight.weight,RENAMED_ONE_TO_ONE,gated_residual,38,REQUIRED_INITIAL_TEXT,gated_residual,KQ-GGUF-RULE-TENSOR-NAME-v1,KQ-GGUF-EVIDENCE-002
blk.38.hc_ffn_norm.weight,1,10240,10240,0,F32,1,4,32.0,95855736192,95866760512,40960,0,95866801472,model.language_model.layers.38.mlp_hyper_connection.hc_norm.weight,RENAMED_ONE_TO_ONE,gated_residual,38,REQUIRED_INITIAL_TEXT,gated_residual,KQ-GGUF-RULE-TENSOR-NAME-v1,KQ-GGUF-EVIDENCE-002
blk.38.hc_ffn_up.weight,2,320x10240,3276800,8,Q8_0,32,34,8.5,95855777152,95866801472,3481600,0,95870283072,model.language_model.layers.38.mlp_hyper_connection.input_mix_weight_up.weight,RENAMED_ONE_TO_ONE,gated_residual,38,REQUIRED_INITIAL_TEXT,gated_residual,KQ-GGUF-RULE-TENSOR-NAME-v1,KQ-GGUF-EVIDENCE-002
blk.38.ssm_a,1,48,48,0,F32,1,4,32.0,95859258752,95870283072,192,0,95870283264,model.language_model.layers.38.linear_attn.A_log,TRANSFORMED_LAYOUT,gdn,38,REQUIRED_INITIAL_TEXT,gdn,KQ-GGUF-RULE-CONVERTER-TRANSFORM-v1,KQ-GGUF-EVIDENCE-003
blk.38.ssm_alpha.weight,2,2560x48,122880,0,F32,1,4,32.0,95859258944,95870283264,491520,0,95870774784,model.language_model.layers.38.linear_attn.in_proj_a.weight,TRANSFORMED_LAYOUT,gdn,38,REQUIRED_INITIAL_TEXT,gdn,KQ-GGUF-RULE-CONVERTER-TRANSFORM-v1,KQ-GGUF-EVIDENCE-003
blk.38.ssm_beta.weight,2,2560x48,122880,0,F32,1,4,32.0,95859750464,95870774784,491520,0,95871266304,model.language_model.layers.38.linear_attn.in_proj_b.weight,TRANSFORMED_LAYOUT,gdn,38,REQUIRED_INITIAL_TEXT,gdn,KQ-GGUF-RULE-CONVERTER-TRANSFORM-v1,KQ-GGUF-EVIDENCE-003
blk.38.ssm_conv1d.weight,2,4x10240,40960,0,F32,1,4,32.0,95860241984,95871266304,163840,0,95871430144,model.language_model.layers.38.linear_attn.conv1d.weight,TRANSFORMED_LAYOUT,gdn,38,REQUIRED_INITIAL_TEXT,gdn,KQ-GGUF-RULE-CONVERTER-TRANSFORM-v1,KQ-GGUF-EVIDENCE-003
blk.38.ssm_dt.bias,1,48,48,0,F32,1,4,32.0,95860405824,95871430144,192,0,95871430336,model.language_model.layers.38.linear_attn.dt_bias,RENAMED_ONE_TO_ONE,gdn,38,REQUIRED_INITIAL_TEXT,gdn,KQ-GGUF-RULE-TENSOR-NAME-v1,KQ-GGUF-EVIDENCE-002
blk.38.ssm_norm.weight,1,128,128,0,F32,1,4,32.0,95860406016,95871430336,512,0,95871430848,model.language_model.layers.38.linear_attn.norm.weight,RENAMED_ONE_TO_ONE,gdn,38,REQUIRED_INITIAL_TEXT,gdn,KQ-GGUF-RULE-TENSOR-NAME-v1,KQ-GGUF-EVIDENCE-002
blk.38.ssm_out.weight,2,6144x2560,15728640,8,Q8_0,32,34,8.5,95860406528,95871430848,16711680,0,95888142528,model.language_model.layers.38.linear_attn.out_proj.weight,TRANSFORMED_LAYOUT,gdn,38,REQUIRED_INITIAL_TEXT,gdn,KQ-GGUF-RULE-CONVERTER-TRANSFORM-v1,KQ-GGUF-EVIDENCE-003
blk.39.attn_k.weight,2,2560x512,1310720,8,Q8_0,32,34,8.5,95877118208,95888142528,1392640,0,95889535168,model.language_model.layers.39.self_attn.k_proj.weight,RENAMED_ONE_TO_ONE,qsa_attention,39,REQUIRED_INITIAL_TEXT,qsa_attention,KQ-GGUF-RULE-TENSOR-NAME-v1,KQ-GGUF-EVIDENCE-002
blk.39.attn_k_norm.weight,1,256,256,0,F32,1,4,32.0,95878510848,95889535168,1024,0,95889536192,model.language_model.layers.39.self_attn.k_norm.weight,RENAMED_ONE_TO_ONE,qsa_attention,39,REQUIRED_INITIAL_TEXT,qsa_attention,KQ-GGUF-RULE-TENSOR-NAME-v1,KQ-GGUF-EVIDENCE-002
blk.39.attn_output.weight,2,6144x2560,15728640,8,Q8_0,32,34,8.5,95878511872,95889536192,16711680,0,95906247872,model.language_model.layers.39.self_attn.o_proj.weight,RENAMED_ONE_TO_ONE,qsa_attention,39,REQUIRED_INITIAL_TEXT,qsa_attention,KQ-GGUF-RULE-TENSOR-NAME-v1,KQ-GGUF-EVIDENCE-002
blk.39.attn_q.weight,2,2560x12288,31457280,8,Q8_0,32,34,8.5,95895223552,95906247872,33423360,0,95939671232,model.language_model.layers.39.self_attn.q_proj.weight,RENAMED_ONE_TO_ONE,qsa_attention,39,REQUIRED_INITIAL_TEXT,qsa_attention,KQ-GGUF-RULE-TENSOR-NAME-v1,KQ-GGUF-EVIDENCE-002
blk.39.attn_q_norm.weight,1,256,256,0,F32,1,4,32.0,95928646912,95939671232,1024,0,95939672256,model.language_model.layers.39.self_attn.q_norm.weight,RENAMED_ONE_TO_ONE,qsa_attention,39,REQUIRED_INITIAL_TEXT,qsa_attention,KQ-GGUF-RULE-TENSOR-NAME-v1,KQ-GGUF-EVIDENCE-002
blk.39.attn_v.weight,2,2560x512,1310720,8,Q8_0,32,34,8.5,95928647936,95939672256,1392640,0,95941064896,model.language_model.layers.39.self_attn.v_proj.weight,RENAMED_ONE_TO_ONE,qsa_attention,39,REQUIRED_INITIAL_TEXT,qsa_attention,KQ-GGUF-RULE-TENSOR-NAME-v1,KQ-GGUF-EVIDENCE-002
blk.39.ffn_down_exps.weight,3,640x2560x512,838860800,7,Q5_1,32,24,6.0,95930040576,95941064896,629145600,0,96570210496,model.language_model.layers.39.mlp.experts.down_proj,RENAMED_ONE_TO_ONE,routed_experts,39,REQUIRED_INITIAL_TEXT,routed_experts,KQ-GGUF-RULE-TENSOR-NAME-v1,KQ-GGUF-EVIDENCE-002
blk.39.ffn_down_shexp.weight,2,640x2560,1638400,8,Q8_0,32,34,8.5,96559186176,96570210496,1740800,0,96571951296,model.language_model.layers.39.mlp.shared_expert.down_proj.weight,RENAMED_ONE_TO_ONE,shared_expert,39,REQUIRED_INITIAL_TEXT,shared_experts,KQ-GGUF-RULE-TENSOR-NAME-v1,KQ-GGUF-EVIDENCE-002
blk.39.ffn_gate_exps.weight,3,2560x640x512,838860800,12,Q4_K,256,144,4.5,96560926976,96571951296,471859200,0,97043810496,model.language_model.layers.39.mlp.experts.gate_up_proj,SPLIT_IN_GGUF,routed_experts,39,REQUIRED_INITIAL_TEXT,routed_experts,KQ-GGUF-RULE-MOE-SPLIT-v1,KQ-GGUF-EVIDENCE-004
blk.39.ffn_gate_inp.weight,2,2560x512,1310720,0,F32,1,4,32.0,97032786176,97043810496,5242880,0,97049053376,model.language_model.layers.39.mlp.gate.weight,RENAMED_ONE_TO_ONE,router,39,REQUIRED_INITIAL_TEXT,router,KQ-GGUF-RULE-TENSOR-NAME-v1,KQ-GGUF-EVIDENCE-002
blk.39.ffn_gate_inp_shexp.weight,1,2560,2560,0,F32,1,4,32.0,97038029056,97049053376,10240,0,97049063616,model.language_model.layers.39.mlp.shared_expert_gate.weight,RENAMED_ONE_TO_ONE,shared_expert,39,REQUIRED_INITIAL_TEXT,shared_experts,KQ-GGUF-RULE-TENSOR-NAME-v1,KQ-GGUF-EVIDENCE-002
blk.39.ffn_gate_shexp.weight,2,2560x640,1638400,8,Q8_0,32,34,8.5,97038039296,97049063616,1740800,0,97050804416,model.language_model.layers.39.mlp.shared_expert.gate_proj.weight,RENAMED_ONE_TO_ONE,shared_expert,39,REQUIRED_INITIAL_TEXT,shared_experts,KQ-GGUF-RULE-TENSOR-NAME-v1,KQ-GGUF-EVIDENCE-002
blk.39.ffn_up_exps.weight,3,2560x640x512,838860800,12,Q4_K,256,144,4.5,97039780096,97050804416,471859200,0,97522663616,model.language_model.layers.39.mlp.experts.gate_up_proj,SPLIT_IN_GGUF,routed_experts,39,REQUIRED_INITIAL_TEXT,routed_experts,KQ-GGUF-RULE-MOE-SPLIT-v1,KQ-GGUF-EVIDENCE-004
blk.39.ffn_up_shexp.weight,2,2560x640,1638400,8,Q8_0,32,34,8.5,97511639296,97522663616,1740800,0,97524404416,model.language_model.layers.39.mlp.shared_expert.up_proj.weight,RENAMED_ONE_TO_ONE,shared_expert,39,REQUIRED_INITIAL_TEXT,shared_experts,KQ-GGUF-RULE-TENSOR-NAME-v1,KQ-GGUF-EVIDENCE-002
blk.39.hc_attn_down.weight,2,10240x320,3276800,8,Q8_0,32,34,8.5,97513380096,97524404416,3481600,0,97527886016,model.language_model.layers.39.attn_hyper_connection.input_mix_weight_down.weight,RENAMED_ONE_TO_ONE,gated_residual,39,REQUIRED_INITIAL_TEXT,gated_residual,KQ-GGUF-RULE-TENSOR-NAME-v1,KQ-GGUF-EVIDENCE-002
blk.39.hc_attn_inject.weight,2,10240x4,40960,0,F32,1,4,32.0,97516861696,97527886016,163840,0,97528049856,model.language_model.layers.39.attn_hyper_connection.block_inject_weight.weight,RENAMED_ONE_TO_ONE,gated_residual,39,REQUIRED_INITIAL_TEXT,gated_residual,KQ-GGUF-RULE-TENSOR-NAME-v1,KQ-GGUF-EVIDENCE-002
blk.39.hc_attn_norm.weight,1,10240,10240,0,F32,1,4,32.0,97517025536,97528049856,40960,0,97528090816,model.language_model.layers.39.attn_hyper_connection.hc_norm.weight,RENAMED_ONE_TO_ONE,gated_residual,39,REQUIRED_INITIAL_TEXT,gated_residual,KQ-GGUF-RULE-TENSOR-NAME-v1,KQ-GGUF-EVIDENCE-002
blk.39.hc_attn_up.weight,2,320x10240,3276800,8,Q8_0,32,34,8.5,97517066496,97528090816,3481600,0,97531572416,model.language_model.layers.39.attn_hyper_connection.input_mix_weight_up.weight,RENAMED_ONE_TO_ONE,gated_residual,39,REQUIRED_INITIAL_TEXT,gated_residual,KQ-GGUF-RULE-TENSOR-NAME-v1,KQ-GGUF-EVIDENCE-002
blk.39.hc_ffn_down.weight,2,10240x320,3276800,8,Q8_0,32,34,8.5,97520548096,97531572416,3481600,0,97535054016,model.language_model.layers.39.mlp_hyper_connection.input_mix_weight_down.weight,RENAMED_ONE_TO_ONE,gated_residual,39,REQUIRED_INITIAL_TEXT,gated_residual,KQ-GGUF-RULE-TENSOR-NAME-v1,KQ-GGUF-EVIDENCE-002
blk.39.hc_ffn_inject.weight,2,10240x4,40960,0,F32,1,4,32.0,97524029696,97535054016,163840,0,97535217856,model.language_model.layers.39.mlp_hyper_connection.block_inject_weight.weight,RENAMED_ONE_TO_ONE,gated_residual,39,REQUIRED_INITIAL_TEXT,gated_residual,KQ-GGUF-RULE-TENSOR-NAME-v1,KQ-GGUF-EVIDENCE-002
blk.39.hc_ffn_norm.weight,1,10240,10240,0,F32,1,4,32.0,97524193536,97535217856,40960,0,97535258816,model.language_model.layers.39.mlp_hyper_connection.hc_norm.weight,RENAMED_ONE_TO_ONE,gated_residual,39,REQUIRED_INITIAL_TEXT,gated_residual,KQ-GGUF-RULE-TENSOR-NAME-v1,KQ-GGUF-EVIDENCE-002
blk.39.hc_ffn_up.weight,2,320x10240,3276800,8,Q8_0,32,34,8.5,97524234496,97535258816,3481600,0,97538740416,model.language_model.layers.39.mlp_hyper_connection.input_mix_weight_up.weight,RENAMED_ONE_TO_ONE,gated_residual,39,REQUIRED_INITIAL_TEXT,gated_residual,KQ-GGUF-RULE-TENSOR-NAME-v1,KQ-GGUF-EVIDENCE-002
blk.39.indexer.k_norm.weight,1,128,128,0,F32,1,4,32.0,97527716096,97538740416,512,0,97538740928,model.language_model.layers.39.self_attn.indexer.k_layernorm.weight,RENAMED_ONE_TO_ONE,qsa_indexer,39,REQUIRED_INITIAL_TEXT,qsa_indexer,KQ-GGUF-RULE-TENSOR-NAME-v1,KQ-GGUF-EVIDENCE-002
blk.39.indexer.k_proj.weight,2,2560x128,327680,30,BF16,1,2,16.0,97527716608,97538740928,655360,0,97539396288,model.language_model.layers.39.self_attn.indexer.index_qk_proj.weight,SPLIT_IN_GGUF,qsa_indexer,39,REQUIRED_INITIAL_TEXT,qsa_indexer,KQ-GGUF-RULE-QSA-SPLIT-v1,KQ-GGUF-EVIDENCE-003
blk.39.indexer.q_norm.weight,1,128,128,0,F32,1,4,32.0,97528371968,97539396288,512,0,97539396800,model.language_model.layers.39.self_attn.indexer.q_layernorm.weight,RENAMED_ONE_TO_ONE,qsa_indexer,39,REQUIRED_INITIAL_TEXT,qsa_indexer,KQ-GGUF-RULE-TENSOR-NAME-v1,KQ-GGUF-EVIDENCE-002
blk.39.indexer.q_proj.weight,2,2560x512,1310720,30,BF16,1,2,16.0,97528372480,97539396800,2621440,0,97542018240,model.language_model.layers.39.self_attn.indexer.index_qk_proj.weight,SPLIT_IN_GGUF,qsa_indexer,39,REQUIRED_INITIAL_TEXT,qsa_indexer,KQ-GGUF-RULE-QSA-SPLIT-v1,KQ-GGUF-EVIDENCE-003
blk.4.attn_gate.weight,2,2560x6144,15728640,8,Q8_0,32,34,8.5,37299139200,37310163520,16711680,0,37326875200,model.language_model.layers.4.linear_attn.in_proj_z.weight,TRANSFORMED_LAYOUT,gdn,4,REQUIRED_INITIAL_TEXT,gdn,KQ-GGUF-RULE-CONVERTER-TRANSFORM-v1,KQ-GGUF-EVIDENCE-003
blk.4.attn_qkv.weight,2,2560x10240,26214400,8,Q8_0,32,34,8.5,37315850880,37326875200,27852800,0,37354728000,model.language_model.layers.4.linear_attn.in_proj_qkv.weight,TRANSFORMED_LAYOUT,gdn,4,REQUIRED_INITIAL_TEXT,gdn,KQ-GGUF-RULE-CONVERTER-TRANSFORM-v1,KQ-GGUF-EVIDENCE-003
blk.4.ffn_down_exps.weight,3,640x2560x512,838860800,8,Q8_0,32,34,8.5,37343703680,37354728000,891289600,0,38246017600,model.language_model.layers.4.mlp.experts.down_proj,RENAMED_ONE_TO_ONE,routed_experts,4,REQUIRED_INITIAL_TEXT,routed_experts,KQ-GGUF-RULE-TENSOR-NAME-v1,KQ-GGUF-EVIDENCE-002
blk.4.ffn_down_shexp.weight,2,640x2560,1638400,8,Q8_0,32,34,8.5,38234993280,38246017600,1740800,0,38247758400,model.language_model.layers.4.mlp.shared_expert.down_proj.weight,RENAMED_ONE_TO_ONE,shared_expert,4,REQUIRED_INITIAL_TEXT,shared_experts,KQ-GGUF-RULE-TENSOR-NAME-v1,KQ-GGUF-EVIDENCE-002
blk.4.ffn_gate_exps.weight,3,2560x640x512,838860800,12,Q4_K,256,144,4.5,38236734080,38247758400,471859200,0,38719617600,model.language_model.layers.4.mlp.experts.gate_up_proj,SPLIT_IN_GGUF,routed_experts,4,REQUIRED_INITIAL_TEXT,routed_experts,KQ-GGUF-RULE-MOE-SPLIT-v1,KQ-GGUF-EVIDENCE-004
blk.4.ffn_gate_inp.weight,2,2560x512,1310720,0,F32,1,4,32.0,38708593280,38719617600,5242880,0,38724860480,model.language_model.layers.4.mlp.gate.weight,RENAMED_ONE_TO_ONE,router,4,REQUIRED_INITIAL_TEXT,router,KQ-GGUF-RULE-TENSOR-NAME-v1,KQ-GGUF-EVIDENCE-002
blk.4.ffn_gate_inp_shexp.weight,1,2560,2560,0,F32,1,4,32.0,38713836160,38724860480,10240,0,38724870720,model.language_model.layers.4.mlp.shared_expert_gate.weight,RENAMED_ONE_TO_ONE,shared_expert,4,REQUIRED_INITIAL_TEXT,shared_experts,KQ-GGUF-RULE-TENSOR-NAME-v1,KQ-GGUF-EVIDENCE-002
blk.4.ffn_gate_shexp.weight,2,2560x640,1638400,8,Q8_0,32,34,8.5,38713846400,38724870720,1740800,0,38726611520,model.language_model.layers.4.mlp.shared_expert.gate_proj.weight,RENAMED_ONE_TO_ONE,shared_expert,4,REQUIRED_INITIAL_TEXT,shared_experts,KQ-GGUF-RULE-TENSOR-NAME-v1,KQ-GGUF-EVIDENCE-002
blk.4.ffn_up_exps.weight,3,2560x640x512,838860800,12,Q4_K,256,144,4.5,38715587200,38726611520,471859200,0,39198470720,model.language_model.layers.4.mlp.experts.gate_up_proj,SPLIT_IN_GGUF,routed_experts,4,REQUIRED_INITIAL_TEXT,routed_experts,KQ-GGUF-RULE-MOE-SPLIT-v1,KQ-GGUF-EVIDENCE-004
blk.4.ffn_up_shexp.weight,2,2560x640,1638400,8,Q8_0,32,34,8.5,39187446400,39198470720,1740800,0,39200211520,model.language_model.layers.4.mlp.shared_expert.up_proj.weight,RENAMED_ONE_TO_ONE,shared_expert,4,REQUIRED_INITIAL_TEXT,shared_experts,KQ-GGUF-RULE-TENSOR-NAME-v1,KQ-GGUF-EVIDENCE-002
blk.4.hc_attn_down.weight,2,10240x320,3276800,8,Q8_0,32,34,8.5,39189187200,39200211520,3481600,0,39203693120,model.language_model.layers.4.attn_hyper_connection.input_mix_weight_down.weight,RENAMED_ONE_TO_ONE,gated_residual,4,REQUIRED_INITIAL_TEXT,gated_residual,KQ-GGUF-RULE-TENSOR-NAME-v1,KQ-GGUF-EVIDENCE-002
blk.4.hc_attn_inject.weight,2,10240x4,40960,0,F32,1,4,32.0,39192668800,39203693120,163840,0,39203856960,model.language_model.layers.4.attn_hyper_connection.block_inject_weight.weight,RENAMED_ONE_TO_ONE,gated_residual,4,REQUIRED_INITIAL_TEXT,gated_residual,KQ-GGUF-RULE-TENSOR-NAME-v1,KQ-GGUF-EVIDENCE-002
blk.4.hc_attn_norm.weight,1,10240,10240,0,F32,1,4,32.0,39192832640,39203856960,40960,0,39203897920,model.language_model.layers.4.attn_hyper_connection.hc_norm.weight,RENAMED_ONE_TO_ONE,gated_residual,4,REQUIRED_INITIAL_TEXT,gated_residual,KQ-GGUF-RULE-TENSOR-NAME-v1,KQ-GGUF-EVIDENCE-002
blk.4.hc_attn_up.weight,2,320x10240,3276800,8,Q8_0,32,34,8.5,39192873600,39203897920,3481600,0,39207379520,model.language_model.layers.4.attn_hyper_connection.input_mix_weight_up.weight,RENAMED_ONE_TO_ONE,gated_residual,4,REQUIRED_INITIAL_TEXT,gated_residual,KQ-GGUF-RULE-TENSOR-NAME-v1,KQ-GGUF-EVIDENCE-002
blk.4.hc_ffn_down.weight,2,10240x320,3276800,8,Q8_0,32,34,8.5,39196355200,39207379520,3481600,0,39210861120,model.language_model.layers.4.mlp_hyper_connection.input_mix_weight_down.weight,RENAMED_ONE_TO_ONE,gated_residual,4,REQUIRED_INITIAL_TEXT,gated_residual,KQ-GGUF-RULE-TENSOR-NAME-v1,KQ-GGUF-EVIDENCE-002
blk.4.hc_ffn_inject.weight,2,10240x4,40960,0,F32,1,4,32.0,39199836800,39210861120,163840,0,39211024960,model.language_model.layers.4.mlp_hyper_connection.block_inject_weight.weight,RENAMED_ONE_TO_ONE,gated_residual,4,REQUIRED_INITIAL_TEXT,gated_residual,KQ-GGUF-RULE-TENSOR-NAME-v1,KQ-GGUF-EVIDENCE-002
blk.4.hc_ffn_norm.weight,1,10240,10240,0,F32,1,4,32.0,39200000640,39211024960,40960,0,39211065920,model.language_model.layers.4.mlp_hyper_connection.hc_norm.weight,RENAMED_ONE_TO_ONE,gated_residual,4,REQUIRED_INITIAL_TEXT,gated_residual,KQ-GGUF-RULE-TENSOR-NAME-v1,KQ-GGUF-EVIDENCE-002
blk.4.hc_ffn_up.weight,2,320x10240,3276800,8,Q8_0,32,34,8.5,39200041600,39211065920,3481600,0,39214547520,model.language_model.layers.4.mlp_hyper_connection.input_mix_weight_up.weight,RENAMED_ONE_TO_ONE,gated_residual,4,REQUIRED_INITIAL_TEXT,gated_residual,KQ-GGUF-RULE-TENSOR-NAME-v1,KQ-GGUF-EVIDENCE-002
blk.4.ssm_a,1,48,48,0,F32,1,4,32.0,39203523200,39214547520,192,0,39214547712,model.language_model.layers.4.linear_attn.A_log,TRANSFORMED_LAYOUT,gdn,4,REQUIRED_INITIAL_TEXT,gdn,KQ-GGUF-RULE-CONVERTER-TRANSFORM-v1,KQ-GGUF-EVIDENCE-003
blk.4.ssm_alpha.weight,2,2560x48,122880,0,F32,1,4,32.0,39203523392,39214547712,491520,0,39215039232,model.language_model.layers.4.linear_attn.in_proj_a.weight,TRANSFORMED_LAYOUT,gdn,4,REQUIRED_INITIAL_TEXT,gdn,KQ-GGUF-RULE-CONVERTER-TRANSFORM-v1,KQ-GGUF-EVIDENCE-003
blk.4.ssm_beta.weight,2,2560x48,122880,0,F32,1,4,32.0,39204014912,39215039232,491520,0,39215530752,model.language_model.layers.4.linear_attn.in_proj_b.weight,TRANSFORMED_LAYOUT,gdn,4,REQUIRED_INITIAL_TEXT,gdn,KQ-GGUF-RULE-CONVERTER-TRANSFORM-v1,KQ-GGUF-EVIDENCE-003
blk.4.ssm_conv1d.weight,2,4x10240,40960,0,F32,1,4,32.0,39204506432,39215530752,163840,0,39215694592,model.language_model.layers.4.linear_attn.conv1d.weight,TRANSFORMED_LAYOUT,gdn,4,REQUIRED_INITIAL_TEXT,gdn,KQ-GGUF-RULE-CONVERTER-TRANSFORM-v1,KQ-GGUF-EVIDENCE-003
blk.4.ssm_dt.bias,1,48,48,0,F32,1,4,32.0,39204670272,39215694592,192,0,39215694784,model.language_model.layers.4.linear_attn.dt_bias,RENAMED_ONE_TO_ONE,gdn,4,REQUIRED_INITIAL_TEXT,gdn,KQ-GGUF-RULE-TENSOR-NAME-v1,KQ-GGUF-EVIDENCE-002
blk.4.ssm_norm.weight,1,128,128,0,F32,1,4,32.0,39204670464,39215694784,512,0,39215695296,model.language_model.layers.4.linear_attn.norm.weight,RENAMED_ONE_TO_ONE,gdn,4,REQUIRED_INITIAL_TEXT,gdn,KQ-GGUF-RULE-TENSOR-NAME-v1,KQ-GGUF-EVIDENCE-002
blk.4.ssm_out.weight,2,6144x2560,15728640,8,Q8_0,32,34,8.5,39204670976,39215695296,16711680,0,39232406976,model.language_model.layers.4.linear_attn.out_proj.weight,TRANSFORMED_LAYOUT,gdn,4,REQUIRED_INITIAL_TEXT,gdn,KQ-GGUF-RULE-CONVERTER-TRANSFORM-v1,KQ-GGUF-EVIDENCE-003
blk.40.attn_gate.weight,2,2560x6144,15728640,8,Q8_0,32,34,8.5,97530993920,97542018240,16711680,0,97558729920,model.language_model.layers.40.linear_attn.in_proj_z.weight,TRANSFORMED_LAYOUT,gdn,40,REQUIRED_INITIAL_TEXT,gdn,KQ-GGUF-RULE-CONVERTER-TRANSFORM-v1,KQ-GGUF-EVIDENCE-003
blk.40.attn_qkv.weight,2,2560x10240,26214400,8,Q8_0,32,34,8.5,97547705600,97558729920,27852800,0,97586582720,model.language_model.layers.40.linear_attn.in_proj_qkv.weight,TRANSFORMED_LAYOUT,gdn,40,REQUIRED_INITIAL_TEXT,gdn,KQ-GGUF-RULE-CONVERTER-TRANSFORM-v1,KQ-GGUF-EVIDENCE-003
blk.40.ffn_down_exps.weight,3,640x2560x512,838860800,7,Q5_1,32,24,6.0,97575558400,97586582720,629145600,0,98215728320,model.language_model.layers.40.mlp.experts.down_proj,RENAMED_ONE_TO_ONE,routed_experts,40,REQUIRED_INITIAL_TEXT,routed_experts,KQ-GGUF-RULE-TENSOR-NAME-v1,KQ-GGUF-EVIDENCE-002
blk.40.ffn_down_shexp.weight,2,640x2560,1638400,8,Q8_0,32,34,8.5,98204704000,98215728320,1740800,0,98217469120,model.language_model.layers.40.mlp.shared_expert.down_proj.weight,RENAMED_ONE_TO_ONE,shared_expert,40,REQUIRED_INITIAL_TEXT,shared_experts,KQ-GGUF-RULE-TENSOR-NAME-v1,KQ-GGUF-EVIDENCE-002
blk.40.ffn_gate_exps.weight,3,2560x640x512,838860800,12,Q4_K,256,144,4.5,98206444800,98217469120,471859200,0,98689328320,model.language_model.layers.40.mlp.experts.gate_up_proj,SPLIT_IN_GGUF,routed_experts,40,REQUIRED_INITIAL_TEXT,routed_experts,KQ-GGUF-RULE-MOE-SPLIT-v1,KQ-GGUF-EVIDENCE-004
blk.40.ffn_gate_inp.weight,2,2560x512,1310720,0,F32,1,4,32.0,98678304000,98689328320,5242880,0,98694571200,model.language_model.layers.40.mlp.gate.weight,RENAMED_ONE_TO_ONE,router,40,REQUIRED_INITIAL_TEXT,router,KQ-GGUF-RULE-TENSOR-NAME-v1,KQ-GGUF-EVIDENCE-002
blk.40.ffn_gate_inp_shexp.weight,1,2560,2560,0,F32,1,4,32.0,98683546880,98694571200,10240,0,98694581440,model.language_model.layers.40.mlp.shared_expert_gate.weight,RENAMED_ONE_TO_ONE,shared_expert,40,REQUIRED_INITIAL_TEXT,shared_experts,KQ-GGUF-RULE-TENSOR-NAME-v1,KQ-GGUF-EVIDENCE-002
blk.40.ffn_gate_shexp.weight,2,2560x640,1638400,8,Q8_0,32,34,8.5,98683557120,98694581440,1740800,0,98696322240,model.language_model.layers.40.mlp.shared_expert.gate_proj.weight,RENAMED_ONE_TO_ONE,shared_expert,40,REQUIRED_INITIAL_TEXT,shared_experts,KQ-GGUF-RULE-TENSOR-NAME-v1,KQ-GGUF-EVIDENCE-002
blk.40.ffn_up_exps.weight,3,2560x640x512,838860800,12,Q4_K,256,144,4.5,98685297920,98696322240,471859200,0,99168181440,model.language_model.layers.40.mlp.experts.gate_up_proj,SPLIT_IN_GGUF,routed_experts,40,REQUIRED_INITIAL_TEXT,routed_experts,KQ-GGUF-RULE-MOE-SPLIT-v1,KQ-GGUF-EVIDENCE-004
blk.40.ffn_up_shexp.weight,2,2560x640,1638400,8,Q8_0,32,34,8.5,99157157120,99168181440,1740800,0,99169922240,model.language_model.layers.40.mlp.shared_expert.up_proj.weight,RENAMED_ONE_TO_ONE,shared_expert,40,REQUIRED_INITIAL_TEXT,shared_experts,KQ-GGUF-RULE-TENSOR-NAME-v1,KQ-GGUF-EVIDENCE-002
blk.40.hc_attn_down.weight,2,10240x320,3276800,8,Q8_0,32,34,8.5,99158897920,99169922240,3481600,0,99173403840,model.language_model.layers.40.attn_hyper_connection.input_mix_weight_down.weight,RENAMED_ONE_TO_ONE,gated_residual,40,REQUIRED_INITIAL_TEXT,gated_residual,KQ-GGUF-RULE-TENSOR-NAME-v1,KQ-GGUF-EVIDENCE-002
blk.40.hc_attn_inject.weight,2,10240x4,40960,0,F32,1,4,32.0,99162379520,99173403840,163840,0,99173567680,model.language_model.layers.40.attn_hyper_connection.block_inject_weight.weight,RENAMED_ONE_TO_ONE,gated_residual,40,REQUIRED_INITIAL_TEXT,gated_residual,KQ-GGUF-RULE-TENSOR-NAME-v1,KQ-GGUF-EVIDENCE-002
blk.40.hc_attn_norm.weight,1,10240,10240,0,F32,1,4,32.0,99162543360,99173567680,40960,0,99173608640,model.language_model.layers.40.attn_hyper_connection.hc_norm.weight,RENAMED_ONE_TO_ONE,gated_residual,40,REQUIRED_INITIAL_TEXT,gated_residual,KQ-GGUF-RULE-TENSOR-NAME-v1,KQ-GGUF-EVIDENCE-002
blk.40.hc_attn_up.weight,2,320x10240,3276800,8,Q8_0,32,34,8.5,99162584320,99173608640,3481600,0,99177090240,model.language_model.layers.40.attn_hyper_connection.input_mix_weight_up.weight,RENAMED_ONE_TO_ONE,gated_residual,40,REQUIRED_INITIAL_TEXT,gated_residual,KQ-GGUF-RULE-TENSOR-NAME-v1,KQ-GGUF-EVIDENCE-002
blk.40.hc_ffn_down.weight,2,10240x320,3276800,8,Q8_0,32,34,8.5,99166065920,99177090240,3481600,0,99180571840,model.language_model.layers.40.mlp_hyper_connection.input_mix_weight_down.weight,RENAMED_ONE_TO_ONE,gated_residual,40,REQUIRED_INITIAL_TEXT,gated_residual,KQ-GGUF-RULE-TENSOR-NAME-v1,KQ-GGUF-EVIDENCE-002
blk.40.hc_ffn_inject.weight,2,10240x4,40960,0,F32,1,4,32.0,99169547520,99180571840,163840,0,99180735680,model.language_model.layers.40.mlp_hyper_connection.block_inject_weight.weight,RENAMED_ONE_TO_ONE,gated_residual,40,REQUIRED_INITIAL_TEXT,gated_residual,KQ-GGUF-RULE-TENSOR-NAME-v1,KQ-GGUF-EVIDENCE-002
blk.40.hc_ffn_norm.weight,1,10240,10240,0,F32,1,4,32.0,99169711360,99180735680,40960,0,99180776640,model.language_model.layers.40.mlp_hyper_connection.hc_norm.weight,RENAMED_ONE_TO_ONE,gated_residual,40,REQUIRED_INITIAL_TEXT,gated_residual,KQ-GGUF-RULE-TENSOR-NAME-v1,KQ-GGUF-EVIDENCE-002
blk.40.hc_ffn_up.weight,2,320x10240,3276800,8,Q8_0,32,34,8.5,99169752320,99180776640,3481600,0,99184258240,model.language_model.layers.40.mlp_hyper_connection.input_mix_weight_up.weight,RENAMED_ONE_TO_ONE,gated_residual,40,REQUIRED_INITIAL_TEXT,gated_residual,KQ-GGUF-RULE-TENSOR-NAME-v1,KQ-GGUF-EVIDENCE-002
blk.40.ssm_a,1,48,48,0,F32,1,4,32.0,99173233920,99184258240,192,0,99184258432,model.language_model.layers.40.linear_attn.A_log,TRANSFORMED_LAYOUT,gdn,40,REQUIRED_INITIAL_TEXT,gdn,KQ-GGUF-RULE-CONVERTER-TRANSFORM-v1,KQ-GGUF-EVIDENCE-003
blk.40.ssm_alpha.weight,2,2560x48,122880,0,F32,1,4,32.0,99173234112,99184258432,491520,0,99184749952,model.language_model.layers.40.linear_attn.in_proj_a.weight,TRANSFORMED_LAYOUT,gdn,40,REQUIRED_INITIAL_TEXT,gdn,KQ-GGUF-RULE-CONVERTER-TRANSFORM-v1,KQ-GGUF-EVIDENCE-003
blk.40.ssm_beta.weight,2,2560x48,122880,0,F32,1,4,32.0,99173725632,99184749952,491520,0,99185241472,model.language_model.layers.40.linear_attn.in_proj_b.weight,TRANSFORMED_LAYOUT,gdn,40,REQUIRED_INITIAL_TEXT,gdn,KQ-GGUF-RULE-CONVERTER-TRANSFORM-v1,KQ-GGUF-EVIDENCE-003
blk.40.ssm_conv1d.weight,2,4x10240,40960,0,F32,1,4,32.0,99174217152,99185241472,163840,0,99185405312,model.language_model.layers.40.linear_attn.conv1d.weight,TRANSFORMED_LAYOUT,gdn,40,REQUIRED_INITIAL_TEXT,gdn,KQ-GGUF-RULE-CONVERTER-TRANSFORM-v1,KQ-GGUF-EVIDENCE-003
blk.40.ssm_dt.bias,1,48,48,0,F32,1,4,32.0,99174380992,99185405312,192,0,99185405504,model.language_model.layers.40.linear_attn.dt_bias,RENAMED_ONE_TO_ONE,gdn,40,REQUIRED_INITIAL_TEXT,gdn,KQ-GGUF-RULE-TENSOR-NAME-v1,KQ-GGUF-EVIDENCE-002
blk.40.ssm_norm.weight,1,128,128,0,F32,1,4,32.0,99174381184,99185405504,512,0,99185406016,model.language_model.layers.40.linear_attn.norm.weight,RENAMED_ONE_TO_ONE,gdn,40,REQUIRED_INITIAL_TEXT,gdn,KQ-GGUF-RULE-TENSOR-NAME-v1,KQ-GGUF-EVIDENCE-002
blk.40.ssm_out.weight,2,6144x2560,15728640,8,Q8_0,32,34,8.5,99174381696,99185406016,16711680,0,99202117696,model.language_model.layers.40.linear_attn.out_proj.weight,TRANSFORMED_LAYOUT,gdn,40,REQUIRED_INITIAL_TEXT,gdn,KQ-GGUF-RULE-CONVERTER-TRANSFORM-v1,KQ-GGUF-EVIDENCE-003
blk.41.attn_gate.weight,2,2560x6144,15728640,8,Q8_0,32,34,8.5,99191093376,99202117696,16711680,0,99218829376,model.language_model.layers.41.linear_attn.in_proj_z.weight,TRANSFORMED_LAYOUT,gdn,41,REQUIRED_INITIAL_TEXT,gdn,KQ-GGUF-RULE-CONVERTER-TRANSFORM-v1,KQ-GGUF-EVIDENCE-003
blk.41.attn_qkv.weight,2,2560x10240,26214400,8,Q8_0,32,34,8.5,99207805056,99218829376,27852800,0,99246682176,model.language_model.layers.41.linear_attn.in_proj_qkv.weight,TRANSFORMED_LAYOUT,gdn,41,REQUIRED_INITIAL_TEXT,gdn,KQ-GGUF-RULE-CONVERTER-TRANSFORM-v1,KQ-GGUF-EVIDENCE-003
blk.41.ffn_down_exps.weight,3,640x2560x512,838860800,7,Q5_1,32,24,6.0,99235657856,99246682176,629145600,0,99875827776,model.language_model.layers.41.mlp.experts.down_proj,RENAMED_ONE_TO_ONE,routed_experts,41,REQUIRED_INITIAL_TEXT,routed_experts,KQ-GGUF-RULE-TENSOR-NAME-v1,KQ-GGUF-EVIDENCE-002
blk.41.ffn_down_shexp.weight,2,640x2560,1638400,8,Q8_0,32,34,8.5,99864803456,99875827776,1740800,0,99877568576,model.language_model.layers.41.mlp.shared_expert.down_proj.weight,RENAMED_ONE_TO_ONE,shared_expert,41,REQUIRED_INITIAL_TEXT,shared_experts,KQ-GGUF-RULE-TENSOR-NAME-v1,KQ-GGUF-EVIDENCE-002
blk.41.ffn_gate_exps.weight,3,2560x640x512,838860800,12,Q4_K,256,144,4.5,99866544256,99877568576,471859200,0,100349427776,model.language_model.layers.41.mlp.experts.gate_up_proj,SPLIT_IN_GGUF,routed_experts,41,REQUIRED_INITIAL_TEXT,routed_experts,KQ-GGUF-RULE-MOE-SPLIT-v1,KQ-GGUF-EVIDENCE-004
blk.41.ffn_gate_inp.weight,2,2560x512,1310720,0,F32,1,4,32.0,100338403456,100349427776,5242880,0,100354670656,model.language_model.layers.41.mlp.gate.weight,RENAMED_ONE_TO_ONE,router,41,REQUIRED_INITIAL_TEXT,router,KQ-GGUF-RULE-TENSOR-NAME-v1,KQ-GGUF-EVIDENCE-002
blk.41.ffn_gate_inp_shexp.weight,1,2560,2560,0,F32,1,4,32.0,100343646336,100354670656,10240,0,100354680896,model.language_model.layers.41.mlp.shared_expert_gate.weight,RENAMED_ONE_TO_ONE,shared_expert,41,REQUIRED_INITIAL_TEXT,shared_experts,KQ-GGUF-RULE-TENSOR-NAME-v1,KQ-GGUF-EVIDENCE-002
blk.41.ffn_gate_shexp.weight,2,2560x640,1638400,8,Q8_0,32,34,8.5,100343656576,100354680896,1740800,0,100356421696,model.language_model.layers.41.mlp.shared_expert.gate_proj.weight,RENAMED_ONE_TO_ONE,shared_expert,41,REQUIRED_INITIAL_TEXT,shared_experts,KQ-GGUF-RULE-TENSOR-NAME-v1,KQ-GGUF-EVIDENCE-002
blk.41.ffn_up_exps.weight,3,2560x640x512,838860800,12,Q4_K,256,144,4.5,100345397376,100356421696,471859200,0,100828280896,model.language_model.layers.41.mlp.experts.gate_up_proj,SPLIT_IN_GGUF,routed_experts,41,REQUIRED_INITIAL_TEXT,routed_experts,KQ-GGUF-RULE-MOE-SPLIT-v1,KQ-GGUF-EVIDENCE-004
blk.41.ffn_up_shexp.weight,2,2560x640,1638400,8,Q8_0,32,34,8.5,100817256576,100828280896,1740800,0,100830021696,model.language_model.layers.41.mlp.shared_expert.up_proj.weight,RENAMED_ONE_TO_ONE,shared_expert,41,REQUIRED_INITIAL_TEXT,shared_experts,KQ-GGUF-RULE-TENSOR-NAME-v1,KQ-GGUF-EVIDENCE-002
blk.41.hc_attn_down.weight,2,10240x320,3276800,8,Q8_0,32,34,8.5,100818997376,100830021696,3481600,0,100833503296,model.language_model.layers.41.attn_hyper_connection.input_mix_weight_down.weight,RENAMED_ONE_TO_ONE,gated_residual,41,REQUIRED_INITIAL_TEXT,gated_residual,KQ-GGUF-RULE-TENSOR-NAME-v1,KQ-GGUF-EVIDENCE-002
blk.41.hc_attn_inject.weight,2,10240x4,40960,0,F32,1,4,32.0,100822478976,100833503296,163840,0,100833667136,model.language_model.layers.41.attn_hyper_connection.block_inject_weight.weight,RENAMED_ONE_TO_ONE,gated_residual,41,REQUIRED_INITIAL_TEXT,gated_residual,KQ-GGUF-RULE-TENSOR-NAME-v1,KQ-GGUF-EVIDENCE-002
blk.41.hc_attn_norm.weight,1,10240,10240,0,F32,1,4,32.0,100822642816,100833667136,40960,0,100833708096,model.language_model.layers.41.attn_hyper_connection.hc_norm.weight,RENAMED_ONE_TO_ONE,gated_residual,41,REQUIRED_INITIAL_TEXT,gated_residual,KQ-GGUF-RULE-TENSOR-NAME-v1,KQ-GGUF-EVIDENCE-002
blk.41.hc_attn_up.weight,2,320x10240,3276800,8,Q8_0,32,34,8.5,100822683776,100833708096,3481600,0,100837189696,model.language_model.layers.41.attn_hyper_connection.input_mix_weight_up.weight,RENAMED_ONE_TO_ONE,gated_residual,41,REQUIRED_INITIAL_TEXT,gated_residual,KQ-GGUF-RULE-TENSOR-NAME-v1,KQ-GGUF-EVIDENCE-002
blk.41.hc_ffn_down.weight,2,10240x320,3276800,8,Q8_0,32,34,8.5,100826165376,100837189696,3481600,0,100840671296,model.language_model.layers.41.mlp_hyper_connection.input_mix_weight_down.weight,RENAMED_ONE_TO_ONE,gated_residual,41,REQUIRED_INITIAL_TEXT,gated_residual,KQ-GGUF-RULE-TENSOR-NAME-v1,KQ-GGUF-EVIDENCE-002
blk.41.hc_ffn_inject.weight,2,10240x4,40960,0,F32,1,4,32.0,100829646976,100840671296,163840,0,100840835136,model.language_model.layers.41.mlp_hyper_connection.block_inject_weight.weight,RENAMED_ONE_TO_ONE,gated_residual,41,REQUIRED_INITIAL_TEXT,gated_residual,KQ-GGUF-RULE-TENSOR-NAME-v1,KQ-GGUF-EVIDENCE-002
blk.41.hc_ffn_norm.weight,1,10240,10240,0,F32,1,4,32.0,100829810816,100840835136,40960,0,100840876096,model.language_model.layers.41.mlp_hyper_connection.hc_norm.weight,RENAMED_ONE_TO_ONE,gated_residual,41,REQUIRED_INITIAL_TEXT,gated_residual,KQ-GGUF-RULE-TENSOR-NAME-v1,KQ-GGUF-EVIDENCE-002
blk.41.hc_ffn_up.weight,2,320x10240,3276800,8,Q8_0,32,34,8.5,100829851776,100840876096,3481600,0,100844357696,model.language_model.layers.41.mlp_hyper_connection.input_mix_weight_up.weight,RENAMED_ONE_TO_ONE,gated_residual,41,REQUIRED_INITIAL_TEXT,gated_residual,KQ-GGUF-RULE-TENSOR-NAME-v1,KQ-GGUF-EVIDENCE-002
blk.41.ssm_a,1,48,48,0,F32,1,4,32.0,100833333376,100844357696,192,0,100844357888,model.language_model.layers.41.linear_attn.A_log,TRANSFORMED_LAYOUT,gdn,41,REQUIRED_INITIAL_TEXT,gdn,KQ-GGUF-RULE-CONVERTER-TRANSFORM-v1,KQ-GGUF-EVIDENCE-003
blk.41.ssm_alpha.weight,2,2560x48,122880,0,F32,1,4,32.0,100833333568,100844357888,491520,0,100844849408,model.language_model.layers.41.linear_attn.in_proj_a.weight,TRANSFORMED_LAYOUT,gdn,41,REQUIRED_INITIAL_TEXT,gdn,KQ-GGUF-RULE-CONVERTER-TRANSFORM-v1,KQ-GGUF-EVIDENCE-003
blk.41.ssm_beta.weight,2,2560x48,122880,0,F32,1,4,32.0,100833825088,100844849408,491520,0,100845340928,model.language_model.layers.41.linear_attn.in_proj_b.weight,TRANSFORMED_LAYOUT,gdn,41,REQUIRED_INITIAL_TEXT,gdn,KQ-GGUF-RULE-CONVERTER-TRANSFORM-v1,KQ-GGUF-EVIDENCE-003
blk.41.ssm_conv1d.weight,2,4x10240,40960,0,F32,1,4,32.0,100834316608,100845340928,163840,0,100845504768,model.language_model.layers.41.linear_attn.conv1d.weight,TRANSFORMED_LAYOUT,gdn,41,REQUIRED_INITIAL_TEXT,gdn,KQ-GGUF-RULE-CONVERTER-TRANSFORM-v1,KQ-GGUF-EVIDENCE-003
blk.41.ssm_dt.bias,1,48,48,0,F32,1,4,32.0,100834480448,100845504768,192,0,100845504960,model.language_model.layers.41.linear_attn.dt_bias,RENAMED_ONE_TO_ONE,gdn,41,REQUIRED_INITIAL_TEXT,gdn,KQ-GGUF-RULE-TENSOR-NAME-v1,KQ-GGUF-EVIDENCE-002
blk.41.ssm_norm.weight,1,128,128,0,F32,1,4,32.0,100834480640,100845504960,512,0,100845505472,model.language_model.layers.41.linear_attn.norm.weight,RENAMED_ONE_TO_ONE,gdn,41,REQUIRED_INITIAL_TEXT,gdn,KQ-GGUF-RULE-TENSOR-NAME-v1,KQ-GGUF-EVIDENCE-002
blk.41.ssm_out.weight,2,6144x2560,15728640,8,Q8_0,32,34,8.5,100834481152,100845505472,16711680,0,100862217152,model.language_model.layers.41.linear_attn.out_proj.weight,TRANSFORMED_LAYOUT,gdn,41,REQUIRED_INITIAL_TEXT,gdn,KQ-GGUF-RULE-CONVERTER-TRANSFORM-v1,KQ-GGUF-EVIDENCE-003
blk.42.attn_gate.weight,2,2560x6144,15728640,8,Q8_0,32,34,8.5,100851192832,100862217152,16711680,0,100878928832,model.language_model.layers.42.linear_attn.in_proj_z.weight,TRANSFORMED_LAYOUT,gdn,42,REQUIRED_INITIAL_TEXT,gdn,KQ-GGUF-RULE-CONVERTER-TRANSFORM-v1,KQ-GGUF-EVIDENCE-003
blk.42.attn_qkv.weight,2,2560x10240,26214400,8,Q8_0,32,34,8.5,100867904512,100878928832,27852800,0,100906781632,model.language_model.layers.42.linear_attn.in_proj_qkv.weight,TRANSFORMED_LAYOUT,gdn,42,REQUIRED_INITIAL_TEXT,gdn,KQ-GGUF-RULE-CONVERTER-TRANSFORM-v1,KQ-GGUF-EVIDENCE-003
blk.42.ffn_down_exps.weight,3,640x2560x512,838860800,7,Q5_1,32,24,6.0,100895757312,100906781632,629145600,0,101535927232,model.language_model.layers.42.mlp.experts.down_proj,RENAMED_ONE_TO_ONE,routed_experts,42,REQUIRED_INITIAL_TEXT,routed_experts,KQ-GGUF-RULE-TENSOR-NAME-v1,KQ-GGUF-EVIDENCE-002
blk.42.ffn_down_shexp.weight,2,640x2560,1638400,8,Q8_0,32,34,8.5,101524902912,101535927232,1740800,0,101537668032,model.language_model.layers.42.mlp.shared_expert.down_proj.weight,RENAMED_ONE_TO_ONE,shared_expert,42,REQUIRED_INITIAL_TEXT,shared_experts,KQ-GGUF-RULE-TENSOR-NAME-v1,KQ-GGUF-EVIDENCE-002
blk.42.ffn_gate_exps.weight,3,2560x640x512,838860800,12,Q4_K,256,144,4.5,101526643712,101537668032,471859200,0,102009527232,model.language_model.layers.42.mlp.experts.gate_up_proj,SPLIT_IN_GGUF,routed_experts,42,REQUIRED_INITIAL_TEXT,routed_experts,KQ-GGUF-RULE-MOE-SPLIT-v1,KQ-GGUF-EVIDENCE-004
blk.42.ffn_gate_inp.weight,2,2560x512,1310720,0,F32,1,4,32.0,101998502912,102009527232,5242880,0,102014770112,model.language_model.layers.42.mlp.gate.weight,RENAMED_ONE_TO_ONE,router,42,REQUIRED_INITIAL_TEXT,router,KQ-GGUF-RULE-TENSOR-NAME-v1,KQ-GGUF-EVIDENCE-002
blk.42.ffn_gate_inp_shexp.weight,1,2560,2560,0,F32,1,4,32.0,102003745792,102014770112,10240,0,102014780352,model.language_model.layers.42.mlp.shared_expert_gate.weight,RENAMED_ONE_TO_ONE,shared_expert,42,REQUIRED_INITIAL_TEXT,shared_experts,KQ-GGUF-RULE-TENSOR-NAME-v1,KQ-GGUF-EVIDENCE-002
blk.42.ffn_gate_shexp.weight,2,2560x640,1638400,8,Q8_0,32,34,8.5,102003756032,102014780352,1740800,0,102016521152,model.language_model.layers.42.mlp.shared_expert.gate_proj.weight,RENAMED_ONE_TO_ONE,shared_expert,42,REQUIRED_INITIAL_TEXT,shared_experts,KQ-GGUF-RULE-TENSOR-NAME-v1,KQ-GGUF-EVIDENCE-002
blk.42.ffn_up_exps.weight,3,2560x640x512,838860800,12,Q4_K,256,144,4.5,102005496832,102016521152,471859200,0,102488380352,model.language_model.layers.42.mlp.experts.gate_up_proj,SPLIT_IN_GGUF,routed_experts,42,REQUIRED_INITIAL_TEXT,routed_experts,KQ-GGUF-RULE-MOE-SPLIT-v1,KQ-GGUF-EVIDENCE-004
blk.42.ffn_up_shexp.weight,2,2560x640,1638400,8,Q8_0,32,34,8.5,102477356032,102488380352,1740800,0,102490121152,model.language_model.layers.42.mlp.shared_expert.up_proj.weight,RENAMED_ONE_TO_ONE,shared_expert,42,REQUIRED_INITIAL_TEXT,shared_experts,KQ-GGUF-RULE-TENSOR-NAME-v1,KQ-GGUF-EVIDENCE-002
blk.42.hc_attn_down.weight,2,10240x320,3276800,8,Q8_0,32,34,8.5,102479096832,102490121152,3481600,0,102493602752,model.language_model.layers.42.attn_hyper_connection.input_mix_weight_down.weight,RENAMED_ONE_TO_ONE,gated_residual,42,REQUIRED_INITIAL_TEXT,gated_residual,KQ-GGUF-RULE-TENSOR-NAME-v1,KQ-GGUF-EVIDENCE-002
blk.42.hc_attn_inject.weight,2,10240x4,40960,0,F32,1,4,32.0,102482578432,102493602752,163840,0,102493766592,model.language_model.layers.42.attn_hyper_connection.block_inject_weight.weight,RENAMED_ONE_TO_ONE,gated_residual,42,REQUIRED_INITIAL_TEXT,gated_residual,KQ-GGUF-RULE-TENSOR-NAME-v1,KQ-GGUF-EVIDENCE-002
blk.42.hc_attn_norm.weight,1,10240,10240,0,F32,1,4,32.0,102482742272,102493766592,40960,0,102493807552,model.language_model.layers.42.attn_hyper_connection.hc_norm.weight,RENAMED_ONE_TO_ONE,gated_residual,42,REQUIRED_INITIAL_TEXT,gated_residual,KQ-GGUF-RULE-TENSOR-NAME-v1,KQ-GGUF-EVIDENCE-002
blk.42.hc_attn_up.weight,2,320x10240,3276800,8,Q8_0,32,34,8.5,102482783232,102493807552,3481600,0,102497289152,model.language_model.layers.42.attn_hyper_connection.input_mix_weight_up.weight,RENAMED_ONE_TO_ONE,gated_residual,42,REQUIRED_INITIAL_TEXT,gated_residual,KQ-GGUF-RULE-TENSOR-NAME-v1,KQ-GGUF-EVIDENCE-002
blk.42.hc_ffn_down.weight,2,10240x320,3276800,8,Q8_0,32,34,8.5,102486264832,102497289152,3481600,0,102500770752,model.language_model.layers.42.mlp_hyper_connection.input_mix_weight_down.weight,RENAMED_ONE_TO_ONE,gated_residual,42,REQUIRED_INITIAL_TEXT,gated_residual,KQ-GGUF-RULE-TENSOR-NAME-v1,KQ-GGUF-EVIDENCE-002
blk.42.hc_ffn_inject.weight,2,10240x4,40960,0,F32,1,4,32.0,102489746432,102500770752,163840,0,102500934592,model.language_model.layers.42.mlp_hyper_connection.block_inject_weight.weight,RENAMED_ONE_TO_ONE,gated_residual,42,REQUIRED_INITIAL_TEXT,gated_residual,KQ-GGUF-RULE-TENSOR-NAME-v1,KQ-GGUF-EVIDENCE-002
blk.42.hc_ffn_norm.weight,1,10240,10240,0,F32,1,4,32.0,102489910272,102500934592,40960,0,102500975552,model.language_model.layers.42.mlp_hyper_connection.hc_norm.weight,RENAMED_ONE_TO_ONE,gated_residual,42,REQUIRED_INITIAL_TEXT,gated_residual,KQ-GGUF-RULE-TENSOR-NAME-v1,KQ-GGUF-EVIDENCE-002
blk.42.hc_ffn_up.weight,2,320x10240,3276800,8,Q8_0,32,34,8.5,102489951232,102500975552,3481600,0,102504457152,model.language_model.layers.42.mlp_hyper_connection.input_mix_weight_up.weight,RENAMED_ONE_TO_ONE,gated_residual,42,REQUIRED_INITIAL_TEXT,gated_residual,KQ-GGUF-RULE-TENSOR-NAME-v1,KQ-GGUF-EVIDENCE-002
blk.42.ssm_a,1,48,48,0,F32,1,4,32.0,102493432832,102504457152,192,0,102504457344,model.language_model.layers.42.linear_attn.A_log,TRANSFORMED_LAYOUT,gdn,42,REQUIRED_INITIAL_TEXT,gdn,KQ-GGUF-RULE-CONVERTER-TRANSFORM-v1,KQ-GGUF-EVIDENCE-003
blk.42.ssm_alpha.weight,2,2560x48,122880,0,F32,1,4,32.0,102493433024,102504457344,491520,0,102504948864,model.language_model.layers.42.linear_attn.in_proj_a.weight,TRANSFORMED_LAYOUT,gdn,42,REQUIRED_INITIAL_TEXT,gdn,KQ-GGUF-RULE-CONVERTER-TRANSFORM-v1,KQ-GGUF-EVIDENCE-003
blk.42.ssm_beta.weight,2,2560x48,122880,0,F32,1,4,32.0,102493924544,102504948864,491520,0,102505440384,model.language_model.layers.42.linear_attn.in_proj_b.weight,TRANSFORMED_LAYOUT,gdn,42,REQUIRED_INITIAL_TEXT,gdn,KQ-GGUF-RULE-CONVERTER-TRANSFORM-v1,KQ-GGUF-EVIDENCE-003
blk.42.ssm_conv1d.weight,2,4x10240,40960,0,F32,1,4,32.0,102494416064,102505440384,163840,0,102505604224,model.language_model.layers.42.linear_attn.conv1d.weight,TRANSFORMED_LAYOUT,gdn,42,REQUIRED_INITIAL_TEXT,gdn,KQ-GGUF-RULE-CONVERTER-TRANSFORM-v1,KQ-GGUF-EVIDENCE-003
blk.42.ssm_dt.bias,1,48,48,0,F32,1,4,32.0,102494579904,102505604224,192,0,102505604416,model.language_model.layers.42.linear_attn.dt_bias,RENAMED_ONE_TO_ONE,gdn,42,REQUIRED_INITIAL_TEXT,gdn,KQ-GGUF-RULE-TENSOR-NAME-v1,KQ-GGUF-EVIDENCE-002
blk.42.ssm_norm.weight,1,128,128,0,F32,1,4,32.0,102494580096,102505604416,512,0,102505604928,model.language_model.layers.42.linear_attn.norm.weight,RENAMED_ONE_TO_ONE,gdn,42,REQUIRED_INITIAL_TEXT,gdn,KQ-GGUF-RULE-TENSOR-NAME-v1,KQ-GGUF-EVIDENCE-002
blk.42.ssm_out.weight,2,6144x2560,15728640,8,Q8_0,32,34,8.5,102494580608,102505604928,16711680,0,102522316608,model.language_model.layers.42.linear_attn.out_proj.weight,TRANSFORMED_LAYOUT,gdn,42,REQUIRED_INITIAL_TEXT,gdn,KQ-GGUF-RULE-CONVERTER-TRANSFORM-v1,KQ-GGUF-EVIDENCE-003
blk.43.attn_k.weight,2,2560x512,1310720,8,Q8_0,32,34,8.5,102511292288,102522316608,1392640,0,102523709248,model.language_model.layers.43.self_attn.k_proj.weight,RENAMED_ONE_TO_ONE,qsa_attention,43,REQUIRED_INITIAL_TEXT,qsa_attention,KQ-GGUF-RULE-TENSOR-NAME-v1,KQ-GGUF-EVIDENCE-002
blk.43.attn_k_norm.weight,1,256,256,0,F32,1,4,32.0,102512684928,102523709248,1024,0,102523710272,model.language_model.layers.43.self_attn.k_norm.weight,RENAMED_ONE_TO_ONE,qsa_attention,43,REQUIRED_INITIAL_TEXT,qsa_attention,KQ-GGUF-RULE-TENSOR-NAME-v1,KQ-GGUF-EVIDENCE-002
blk.43.attn_output.weight,2,6144x2560,15728640,8,Q8_0,32,34,8.5,102512685952,102523710272,16711680,0,102540421952,model.language_model.layers.43.self_attn.o_proj.weight,RENAMED_ONE_TO_ONE,qsa_attention,43,REQUIRED_INITIAL_TEXT,qsa_attention,KQ-GGUF-RULE-TENSOR-NAME-v1,KQ-GGUF-EVIDENCE-002
blk.43.attn_q.weight,2,2560x12288,31457280,8,Q8_0,32,34,8.5,102529397632,102540421952,33423360,0,102573845312,model.language_model.layers.43.self_attn.q_proj.weight,RENAMED_ONE_TO_ONE,qsa_attention,43,REQUIRED_INITIAL_TEXT,qsa_attention,KQ-GGUF-RULE-TENSOR-NAME-v1,KQ-GGUF-EVIDENCE-002
blk.43.attn_q_norm.weight,1,256,256,0,F32,1,4,32.0,102562820992,102573845312,1024,0,102573846336,model.language_model.layers.43.self_attn.q_norm.weight,RENAMED_ONE_TO_ONE,qsa_attention,43,REQUIRED_INITIAL_TEXT,qsa_attention,KQ-GGUF-RULE-TENSOR-NAME-v1,KQ-GGUF-EVIDENCE-002
blk.43.attn_v.weight,2,2560x512,1310720,8,Q8_0,32,34,8.5,102562822016,102573846336,1392640,0,102575238976,model.language_model.layers.43.self_attn.v_proj.weight,RENAMED_ONE_TO_ONE,qsa_attention,43,REQUIRED_INITIAL_TEXT,qsa_attention,KQ-GGUF-RULE-TENSOR-NAME-v1,KQ-GGUF-EVIDENCE-002
blk.43.ffn_down_exps.weight,3,640x2560x512,838860800,7,Q5_1,32,24,6.0,102564214656,102575238976,629145600,0,103204384576,model.language_model.layers.43.mlp.experts.down_proj,RENAMED_ONE_TO_ONE,routed_experts,43,REQUIRED_INITIAL_TEXT,routed_experts,KQ-GGUF-RULE-TENSOR-NAME-v1,KQ-GGUF-EVIDENCE-002
blk.43.ffn_down_shexp.weight,2,640x2560,1638400,8,Q8_0,32,34,8.5,103193360256,103204384576,1740800,0,103206125376,model.language_model.layers.43.mlp.shared_expert.down_proj.weight,RENAMED_ONE_TO_ONE,shared_expert,43,REQUIRED_INITIAL_TEXT,shared_experts,KQ-GGUF-RULE-TENSOR-NAME-v1,KQ-GGUF-EVIDENCE-002
blk.43.ffn_gate_exps.weight,3,2560x640x512,838860800,12,Q4_K,256,144,4.5,103195101056,103206125376,471859200,0,103677984576,model.language_model.layers.43.mlp.experts.gate_up_proj,SPLIT_IN_GGUF,routed_experts,43,REQUIRED_INITIAL_TEXT,routed_experts,KQ-GGUF-RULE-MOE-SPLIT-v1,KQ-GGUF-EVIDENCE-004
blk.43.ffn_gate_inp.weight,2,2560x512,1310720,0,F32,1,4,32.0,103666960256,103677984576,5242880,0,103683227456,model.language_model.layers.43.mlp.gate.weight,RENAMED_ONE_TO_ONE,router,43,REQUIRED_INITIAL_TEXT,router,KQ-GGUF-RULE-TENSOR-NAME-v1,KQ-GGUF-EVIDENCE-002
blk.43.ffn_gate_inp_shexp.weight,1,2560,2560,0,F32,1,4,32.0,103672203136,103683227456,10240,0,103683237696,model.language_model.layers.43.mlp.shared_expert_gate.weight,RENAMED_ONE_TO_ONE,shared_expert,43,REQUIRED_INITIAL_TEXT,shared_experts,KQ-GGUF-RULE-TENSOR-NAME-v1,KQ-GGUF-EVIDENCE-002
blk.43.ffn_gate_shexp.weight,2,2560x640,1638400,8,Q8_0,32,34,8.5,103672213376,103683237696,1740800,0,103684978496,model.language_model.layers.43.mlp.shared_expert.gate_proj.weight,RENAMED_ONE_TO_ONE,shared_expert,43,REQUIRED_INITIAL_TEXT,shared_experts,KQ-GGUF-RULE-TENSOR-NAME-v1,KQ-GGUF-EVIDENCE-002
blk.43.ffn_up_exps.weight,3,2560x640x512,838860800,12,Q4_K,256,144,4.5,103673954176,103684978496,471859200,0,104156837696,model.language_model.layers.43.mlp.experts.gate_up_proj,SPLIT_IN_GGUF,routed_experts,43,REQUIRED_INITIAL_TEXT,routed_experts,KQ-GGUF-RULE-MOE-SPLIT-v1,KQ-GGUF-EVIDENCE-004
blk.43.ffn_up_shexp.weight,2,2560x640,1638400,8,Q8_0,32,34,8.5,104145813376,104156837696,1740800,0,104158578496,model.language_model.layers.43.mlp.shared_expert.up_proj.weight,RENAMED_ONE_TO_ONE,shared_expert,43,REQUIRED_INITIAL_TEXT,shared_experts,KQ-GGUF-RULE-TENSOR-NAME-v1,KQ-GGUF-EVIDENCE-002
blk.43.hc_attn_down.weight,2,10240x320,3276800,8,Q8_0,32,34,8.5,104147554176,104158578496,3481600,0,104162060096,model.language_model.layers.43.attn_hyper_connection.input_mix_weight_down.weight,RENAMED_ONE_TO_ONE,gated_residual,43,REQUIRED_INITIAL_TEXT,gated_residual,KQ-GGUF-RULE-TENSOR-NAME-v1,KQ-GGUF-EVIDENCE-002
blk.43.hc_attn_inject.weight,2,10240x4,40960,0,F32,1,4,32.0,104151035776,104162060096,163840,0,104162223936,model.language_model.layers.43.attn_hyper_connection.block_inject_weight.weight,RENAMED_ONE_TO_ONE,gated_residual,43,REQUIRED_INITIAL_TEXT,gated_residual,KQ-GGUF-RULE-TENSOR-NAME-v1,KQ-GGUF-EVIDENCE-002
blk.43.hc_attn_norm.weight,1,10240,10240,0,F32,1,4,32.0,104151199616,104162223936,40960,0,104162264896,model.language_model.layers.43.attn_hyper_connection.hc_norm.weight,RENAMED_ONE_TO_ONE,gated_residual,43,REQUIRED_INITIAL_TEXT,gated_residual,KQ-GGUF-RULE-TENSOR-NAME-v1,KQ-GGUF-EVIDENCE-002
blk.43.hc_attn_up.weight,2,320x10240,3276800,8,Q8_0,32,34,8.5,104151240576,104162264896,3481600,0,104165746496,model.language_model.layers.43.attn_hyper_connection.input_mix_weight_up.weight,RENAMED_ONE_TO_ONE,gated_residual,43,REQUIRED_INITIAL_TEXT,gated_residual,KQ-GGUF-RULE-TENSOR-NAME-v1,KQ-GGUF-EVIDENCE-002
blk.43.hc_ffn_down.weight,2,10240x320,3276800,8,Q8_0,32,34,8.5,104154722176,104165746496,3481600,0,104169228096,model.language_model.layers.43.mlp_hyper_connection.input_mix_weight_down.weight,RENAMED_ONE_TO_ONE,gated_residual,43,REQUIRED_INITIAL_TEXT,gated_residual,KQ-GGUF-RULE-TENSOR-NAME-v1,KQ-GGUF-EVIDENCE-002
blk.43.hc_ffn_inject.weight,2,10240x4,40960,0,F32,1,4,32.0,104158203776,104169228096,163840,0,104169391936,model.language_model.layers.43.mlp_hyper_connection.block_inject_weight.weight,RENAMED_ONE_TO_ONE,gated_residual,43,REQUIRED_INITIAL_TEXT,gated_residual,KQ-GGUF-RULE-TENSOR-NAME-v1,KQ-GGUF-EVIDENCE-002
blk.43.hc_ffn_norm.weight,1,10240,10240,0,F32,1,4,32.0,104158367616,104169391936,40960,0,104169432896,model.language_model.layers.43.mlp_hyper_connection.hc_norm.weight,RENAMED_ONE_TO_ONE,gated_residual,43,REQUIRED_INITIAL_TEXT,gated_residual,KQ-GGUF-RULE-TENSOR-NAME-v1,KQ-GGUF-EVIDENCE-002
blk.43.hc_ffn_up.weight,2,320x10240,3276800,8,Q8_0,32,34,8.5,104158408576,104169432896,3481600,0,104172914496,model.language_model.layers.43.mlp_hyper_connection.input_mix_weight_up.weight,RENAMED_ONE_TO_ONE,gated_residual,43,REQUIRED_INITIAL_TEXT,gated_residual,KQ-GGUF-RULE-TENSOR-NAME-v1,KQ-GGUF-EVIDENCE-002
blk.43.indexer.k_norm.weight,1,128,128,0,F32,1,4,32.0,104161890176,104172914496,512,0,104172915008,model.language_model.layers.43.self_attn.indexer.k_layernorm.weight,RENAMED_ONE_TO_ONE,qsa_indexer,43,REQUIRED_INITIAL_TEXT,qsa_indexer,KQ-GGUF-RULE-TENSOR-NAME-v1,KQ-GGUF-EVIDENCE-002
blk.43.indexer.k_proj.weight,2,2560x128,327680,30,BF16,1,2,16.0,104161890688,104172915008,655360,0,104173570368,model.language_model.layers.43.self_attn.indexer.index_qk_proj.weight,SPLIT_IN_GGUF,qsa_indexer,43,REQUIRED_INITIAL_TEXT,qsa_indexer,KQ-GGUF-RULE-QSA-SPLIT-v1,KQ-GGUF-EVIDENCE-003
blk.43.indexer.q_norm.weight,1,128,128,0,F32,1,4,32.0,104162546048,104173570368,512,0,104173570880,model.language_model.layers.43.self_attn.indexer.q_layernorm.weight,RENAMED_ONE_TO_ONE,qsa_indexer,43,REQUIRED_INITIAL_TEXT,qsa_indexer,KQ-GGUF-RULE-TENSOR-NAME-v1,KQ-GGUF-EVIDENCE-002
blk.43.indexer.q_proj.weight,2,2560x512,1310720,30,BF16,1,2,16.0,104162546560,104173570880,2621440,0,104176192320,model.language_model.layers.43.self_attn.indexer.index_qk_proj.weight,SPLIT_IN_GGUF,qsa_indexer,43,REQUIRED_INITIAL_TEXT,qsa_indexer,KQ-GGUF-RULE-QSA-SPLIT-v1,KQ-GGUF-EVIDENCE-003
blk.44.attn_gate.weight,2,2560x6144,15728640,8,Q8_0,32,34,8.5,104165168000,104176192320,16711680,0,104192904000,model.language_model.layers.44.linear_attn.in_proj_z.weight,TRANSFORMED_LAYOUT,gdn,44,REQUIRED_INITIAL_TEXT,gdn,KQ-GGUF-RULE-CONVERTER-TRANSFORM-v1,KQ-GGUF-EVIDENCE-003
blk.44.attn_qkv.weight,2,2560x10240,26214400,8,Q8_0,32,34,8.5,104181879680,104192904000,27852800,0,104220756800,model.language_model.layers.44.linear_attn.in_proj_qkv.weight,TRANSFORMED_LAYOUT,gdn,44,REQUIRED_INITIAL_TEXT,gdn,KQ-GGUF-RULE-CONVERTER-TRANSFORM-v1,KQ-GGUF-EVIDENCE-003
blk.44.ffn_down_exps.weight,3,640x2560x512,838860800,7,Q5_1,32,24,6.0,104209732480,104220756800,629145600,0,104849902400,model.language_model.layers.44.mlp.experts.down_proj,RENAMED_ONE_TO_ONE,routed_experts,44,REQUIRED_INITIAL_TEXT,routed_experts,KQ-GGUF-RULE-TENSOR-NAME-v1,KQ-GGUF-EVIDENCE-002
blk.44.ffn_down_shexp.weight,2,640x2560,1638400,8,Q8_0,32,34,8.5,104838878080,104849902400,1740800,0,104851643200,model.language_model.layers.44.mlp.shared_expert.down_proj.weight,RENAMED_ONE_TO_ONE,shared_expert,44,REQUIRED_INITIAL_TEXT,shared_experts,KQ-GGUF-RULE-TENSOR-NAME-v1,KQ-GGUF-EVIDENCE-002
blk.44.ffn_gate_exps.weight,3,2560x640x512,838860800,12,Q4_K,256,144,4.5,104840618880,104851643200,471859200,0,105323502400,model.language_model.layers.44.mlp.experts.gate_up_proj,SPLIT_IN_GGUF,routed_experts,44,REQUIRED_INITIAL_TEXT,routed_experts,KQ-GGUF-RULE-MOE-SPLIT-v1,KQ-GGUF-EVIDENCE-004
blk.44.ffn_gate_inp.weight,2,2560x512,1310720,0,F32,1,4,32.0,105312478080,105323502400,5242880,0,105328745280,model.language_model.layers.44.mlp.gate.weight,RENAMED_ONE_TO_ONE,router,44,REQUIRED_INITIAL_TEXT,router,KQ-GGUF-RULE-TENSOR-NAME-v1,KQ-GGUF-EVIDENCE-002
blk.44.ffn_gate_inp_shexp.weight,1,2560,2560,0,F32,1,4,32.0,105317720960,105328745280,10240,0,105328755520,model.language_model.layers.44.mlp.shared_expert_gate.weight,RENAMED_ONE_TO_ONE,shared_expert,44,REQUIRED_INITIAL_TEXT,shared_experts,KQ-GGUF-RULE-TENSOR-NAME-v1,KQ-GGUF-EVIDENCE-002
blk.44.ffn_gate_shexp.weight,2,2560x640,1638400,8,Q8_0,32,34,8.5,105317731200,105328755520,1740800,0,105330496320,model.language_model.layers.44.mlp.shared_expert.gate_proj.weight,RENAMED_ONE_TO_ONE,shared_expert,44,REQUIRED_INITIAL_TEXT,shared_experts,KQ-GGUF-RULE-TENSOR-NAME-v1,KQ-GGUF-EVIDENCE-002
blk.44.ffn_up_exps.weight,3,2560x640x512,838860800,12,Q4_K,256,144,4.5,105319472000,105330496320,471859200,0,105802355520,model.language_model.layers.44.mlp.experts.gate_up_proj,SPLIT_IN_GGUF,routed_experts,44,REQUIRED_INITIAL_TEXT,routed_experts,KQ-GGUF-RULE-MOE-SPLIT-v1,KQ-GGUF-EVIDENCE-004
blk.44.ffn_up_shexp.weight,2,2560x640,1638400,8,Q8_0,32,34,8.5,105791331200,105802355520,1740800,0,105804096320,model.language_model.layers.44.mlp.shared_expert.up_proj.weight,RENAMED_ONE_TO_ONE,shared_expert,44,REQUIRED_INITIAL_TEXT,shared_experts,KQ-GGUF-RULE-TENSOR-NAME-v1,KQ-GGUF-EVIDENCE-002
blk.44.hc_attn_down.weight,2,10240x320,3276800,8,Q8_0,32,34,8.5,105793072000,105804096320,3481600,0,105807577920,model.language_model.layers.44.attn_hyper_connection.input_mix_weight_down.weight,RENAMED_ONE_TO_ONE,gated_residual,44,REQUIRED_INITIAL_TEXT,gated_residual,KQ-GGUF-RULE-TENSOR-NAME-v1,KQ-GGUF-EVIDENCE-002
blk.44.hc_attn_inject.weight,2,10240x4,40960,0,F32,1,4,32.0,105796553600,105807577920,163840,0,105807741760,model.language_model.layers.44.attn_hyper_connection.block_inject_weight.weight,RENAMED_ONE_TO_ONE,gated_residual,44,REQUIRED_INITIAL_TEXT,gated_residual,KQ-GGUF-RULE-TENSOR-NAME-v1,KQ-GGUF-EVIDENCE-002
blk.44.hc_attn_norm.weight,1,10240,10240,0,F32,1,4,32.0,105796717440,105807741760,40960,0,105807782720,model.language_model.layers.44.attn_hyper_connection.hc_norm.weight,RENAMED_ONE_TO_ONE,gated_residual,44,REQUIRED_INITIAL_TEXT,gated_residual,KQ-GGUF-RULE-TENSOR-NAME-v1,KQ-GGUF-EVIDENCE-002
blk.44.hc_attn_up.weight,2,320x10240,3276800,8,Q8_0,32,34,8.5,105796758400,105807782720,3481600,0,105811264320,model.language_model.layers.44.attn_hyper_connection.input_mix_weight_up.weight,RENAMED_ONE_TO_ONE,gated_residual,44,REQUIRED_INITIAL_TEXT,gated_residual,KQ-GGUF-RULE-TENSOR-NAME-v1,KQ-GGUF-EVIDENCE-002
blk.44.hc_ffn_down.weight,2,10240x320,3276800,8,Q8_0,32,34,8.5,105800240000,105811264320,3481600,0,105814745920,model.language_model.layers.44.mlp_hyper_connection.input_mix_weight_down.weight,RENAMED_ONE_TO_ONE,gated_residual,44,REQUIRED_INITIAL_TEXT,gated_residual,KQ-GGUF-RULE-TENSOR-NAME-v1,KQ-GGUF-EVIDENCE-002
blk.44.hc_ffn_inject.weight,2,10240x4,40960,0,F32,1,4,32.0,105803721600,105814745920,163840,0,105814909760,model.language_model.layers.44.mlp_hyper_connection.block_inject_weight.weight,RENAMED_ONE_TO_ONE,gated_residual,44,REQUIRED_INITIAL_TEXT,gated_residual,KQ-GGUF-RULE-TENSOR-NAME-v1,KQ-GGUF-EVIDENCE-002
blk.44.hc_ffn_norm.weight,1,10240,10240,0,F32,1,4,32.0,105803885440,105814909760,40960,0,105814950720,model.language_model.layers.44.mlp_hyper_connection.hc_norm.weight,RENAMED_ONE_TO_ONE,gated_residual,44,REQUIRED_INITIAL_TEXT,gated_residual,KQ-GGUF-RULE-TENSOR-NAME-v1,KQ-GGUF-EVIDENCE-002
blk.44.hc_ffn_up.weight,2,320x10240,3276800,8,Q8_0,32,34,8.5,105803926400,105814950720,3481600,0,105818432320,model.language_model.layers.44.mlp_hyper_connection.input_mix_weight_up.weight,RENAMED_ONE_TO_ONE,gated_residual,44,REQUIRED_INITIAL_TEXT,gated_residual,KQ-GGUF-RULE-TENSOR-NAME-v1,KQ-GGUF-EVIDENCE-002
blk.44.ssm_a,1,48,48,0,F32,1,4,32.0,105807408000,105818432320,192,0,105818432512,model.language_model.layers.44.linear_attn.A_log,TRANSFORMED_LAYOUT,gdn,44,REQUIRED_INITIAL_TEXT,gdn,KQ-GGUF-RULE-CONVERTER-TRANSFORM-v1,KQ-GGUF-EVIDENCE-003
blk.44.ssm_alpha.weight,2,2560x48,122880,0,F32,1,4,32.0,105807408192,105818432512,491520,0,105818924032,model.language_model.layers.44.linear_attn.in_proj_a.weight,TRANSFORMED_LAYOUT,gdn,44,REQUIRED_INITIAL_TEXT,gdn,KQ-GGUF-RULE-CONVERTER-TRANSFORM-v1,KQ-GGUF-EVIDENCE-003
blk.44.ssm_beta.weight,2,2560x48,122880,0,F32,1,4,32.0,105807899712,105818924032,491520,0,105819415552,model.language_model.layers.44.linear_attn.in_proj_b.weight,TRANSFORMED_LAYOUT,gdn,44,REQUIRED_INITIAL_TEXT,gdn,KQ-GGUF-RULE-CONVERTER-TRANSFORM-v1,KQ-GGUF-EVIDENCE-003
blk.44.ssm_conv1d.weight,2,4x10240,40960,0,F32,1,4,32.0,105808391232,105819415552,163840,0,105819579392,model.language_model.layers.44.linear_attn.conv1d.weight,TRANSFORMED_LAYOUT,gdn,44,REQUIRED_INITIAL_TEXT,gdn,KQ-GGUF-RULE-CONVERTER-TRANSFORM-v1,KQ-GGUF-EVIDENCE-003
blk.44.ssm_dt.bias,1,48,48,0,F32,1,4,32.0,105808555072,105819579392,192,0,105819579584,model.language_model.layers.44.linear_attn.dt_bias,RENAMED_ONE_TO_ONE,gdn,44,REQUIRED_INITIAL_TEXT,gdn,KQ-GGUF-RULE-TENSOR-NAME-v1,KQ-GGUF-EVIDENCE-002
blk.44.ssm_norm.weight,1,128,128,0,F32,1,4,32.0,105808555264,105819579584,512,0,105819580096,model.language_model.layers.44.linear_attn.norm.weight,RENAMED_ONE_TO_ONE,gdn,44,REQUIRED_INITIAL_TEXT,gdn,KQ-GGUF-RULE-TENSOR-NAME-v1,KQ-GGUF-EVIDENCE-002
blk.44.ssm_out.weight,2,6144x2560,15728640,8,Q8_0,32,34,8.5,105808555776,105819580096,16711680,0,105836291776,model.language_model.layers.44.linear_attn.out_proj.weight,TRANSFORMED_LAYOUT,gdn,44,REQUIRED_INITIAL_TEXT,gdn,KQ-GGUF-RULE-CONVERTER-TRANSFORM-v1,KQ-GGUF-EVIDENCE-003
blk.45.attn_gate.weight,2,2560x6144,15728640,8,Q8_0,32,34,8.5,105825267456,105836291776,16711680,0,105853003456,model.language_model.layers.45.linear_attn.in_proj_z.weight,TRANSFORMED_LAYOUT,gdn,45,REQUIRED_INITIAL_TEXT,gdn,KQ-GGUF-RULE-CONVERTER-TRANSFORM-v1,KQ-GGUF-EVIDENCE-003
blk.45.attn_qkv.weight,2,2560x10240,26214400,8,Q8_0,32,34,8.5,105841979136,105853003456,27852800,0,105880856256,model.language_model.layers.45.linear_attn.in_proj_qkv.weight,TRANSFORMED_LAYOUT,gdn,45,REQUIRED_INITIAL_TEXT,gdn,KQ-GGUF-RULE-CONVERTER-TRANSFORM-v1,KQ-GGUF-EVIDENCE-003
blk.45.ffn_down_exps.weight,3,640x2560x512,838860800,7,Q5_1,32,24,6.0,105869831936,105880856256,629145600,0,106510001856,model.language_model.layers.45.mlp.experts.down_proj,RENAMED_ONE_TO_ONE,routed_experts,45,REQUIRED_INITIAL_TEXT,routed_experts,KQ-GGUF-RULE-TENSOR-NAME-v1,KQ-GGUF-EVIDENCE-002
blk.45.ffn_down_shexp.weight,2,640x2560,1638400,8,Q8_0,32,34,8.5,106498977536,106510001856,1740800,0,106511742656,model.language_model.layers.45.mlp.shared_expert.down_proj.weight,RENAMED_ONE_TO_ONE,shared_expert,45,REQUIRED_INITIAL_TEXT,shared_experts,KQ-GGUF-RULE-TENSOR-NAME-v1,KQ-GGUF-EVIDENCE-002
blk.45.ffn_gate_exps.weight,3,2560x640x512,838860800,12,Q4_K,256,144,4.5,106500718336,106511742656,471859200,0,106983601856,model.language_model.layers.45.mlp.experts.gate_up_proj,SPLIT_IN_GGUF,routed_experts,45,REQUIRED_INITIAL_TEXT,routed_experts,KQ-GGUF-RULE-MOE-SPLIT-v1,KQ-GGUF-EVIDENCE-004
blk.45.ffn_gate_inp.weight,2,2560x512,1310720,0,F32,1,4,32.0,106972577536,106983601856,5242880,0,106988844736,model.language_model.layers.45.mlp.gate.weight,RENAMED_ONE_TO_ONE,router,45,REQUIRED_INITIAL_TEXT,router,KQ-GGUF-RULE-TENSOR-NAME-v1,KQ-GGUF-EVIDENCE-002
blk.45.ffn_gate_inp_shexp.weight,1,2560,2560,0,F32,1,4,32.0,106977820416,106988844736,10240,0,106988854976,model.language_model.layers.45.mlp.shared_expert_gate.weight,RENAMED_ONE_TO_ONE,shared_expert,45,REQUIRED_INITIAL_TEXT,shared_experts,KQ-GGUF-RULE-TENSOR-NAME-v1,KQ-GGUF-EVIDENCE-002
blk.45.ffn_gate_shexp.weight,2,2560x640,1638400,8,Q8_0,32,34,8.5,106977830656,106988854976,1740800,0,106990595776,model.language_model.layers.45.mlp.shared_expert.gate_proj.weight,RENAMED_ONE_TO_ONE,shared_expert,45,REQUIRED_INITIAL_TEXT,shared_experts,KQ-GGUF-RULE-TENSOR-NAME-v1,KQ-GGUF-EVIDENCE-002
blk.45.ffn_up_exps.weight,3,2560x640x512,838860800,12,Q4_K,256,144,4.5,106979571456,106990595776,471859200,0,107462454976,model.language_model.layers.45.mlp.experts.gate_up_proj,SPLIT_IN_GGUF,routed_experts,45,REQUIRED_INITIAL_TEXT,routed_experts,KQ-GGUF-RULE-MOE-SPLIT-v1,KQ-GGUF-EVIDENCE-004
blk.45.ffn_up_shexp.weight,2,2560x640,1638400,8,Q8_0,32,34,8.5,107451430656,107462454976,1740800,0,107464195776,model.language_model.layers.45.mlp.shared_expert.up_proj.weight,RENAMED_ONE_TO_ONE,shared_expert,45,REQUIRED_INITIAL_TEXT,shared_experts,KQ-GGUF-RULE-TENSOR-NAME-v1,KQ-GGUF-EVIDENCE-002
blk.45.hc_attn_down.weight,2,10240x320,3276800,8,Q8_0,32,34,8.5,107453171456,107464195776,3481600,0,107467677376,model.language_model.layers.45.attn_hyper_connection.input_mix_weight_down.weight,RENAMED_ONE_TO_ONE,gated_residual,45,REQUIRED_INITIAL_TEXT,gated_residual,KQ-GGUF-RULE-TENSOR-NAME-v1,KQ-GGUF-EVIDENCE-002
blk.45.hc_attn_inject.weight,2,10240x4,40960,0,F32,1,4,32.0,107456653056,107467677376,163840,0,107467841216,model.language_model.layers.45.attn_hyper_connection.block_inject_weight.weight,RENAMED_ONE_TO_ONE,gated_residual,45,REQUIRED_INITIAL_TEXT,gated_residual,KQ-GGUF-RULE-TENSOR-NAME-v1,KQ-GGUF-EVIDENCE-002
blk.45.hc_attn_norm.weight,1,10240,10240,0,F32,1,4,32.0,107456816896,107467841216,40960,0,107467882176,model.language_model.layers.45.attn_hyper_connection.hc_norm.weight,RENAMED_ONE_TO_ONE,gated_residual,45,REQUIRED_INITIAL_TEXT,gated_residual,KQ-GGUF-RULE-TENSOR-NAME-v1,KQ-GGUF-EVIDENCE-002
blk.45.hc_attn_up.weight,2,320x10240,3276800,8,Q8_0,32,34,8.5,107456857856,107467882176,3481600,0,107471363776,model.language_model.layers.45.attn_hyper_connection.input_mix_weight_up.weight,RENAMED_ONE_TO_ONE,gated_residual,45,REQUIRED_INITIAL_TEXT,gated_residual,KQ-GGUF-RULE-TENSOR-NAME-v1,KQ-GGUF-EVIDENCE-002
blk.45.hc_ffn_down.weight,2,10240x320,3276800,8,Q8_0,32,34,8.5,107460339456,107471363776,3481600,0,107474845376,model.language_model.layers.45.mlp_hyper_connection.input_mix_weight_down.weight,RENAMED_ONE_TO_ONE,gated_residual,45,REQUIRED_INITIAL_TEXT,gated_residual,KQ-GGUF-RULE-TENSOR-NAME-v1,KQ-GGUF-EVIDENCE-002
blk.45.hc_ffn_inject.weight,2,10240x4,40960,0,F32,1,4,32.0,107463821056,107474845376,163840,0,107475009216,model.language_model.layers.45.mlp_hyper_connection.block_inject_weight.weight,RENAMED_ONE_TO_ONE,gated_residual,45,REQUIRED_INITIAL_TEXT,gated_residual,KQ-GGUF-RULE-TENSOR-NAME-v1,KQ-GGUF-EVIDENCE-002
blk.45.hc_ffn_norm.weight,1,10240,10240,0,F32,1,4,32.0,107463984896,107475009216,40960,0,107475050176,model.language_model.layers.45.mlp_hyper_connection.hc_norm.weight,RENAMED_ONE_TO_ONE,gated_residual,45,REQUIRED_INITIAL_TEXT,gated_residual,KQ-GGUF-RULE-TENSOR-NAME-v1,KQ-GGUF-EVIDENCE-002
blk.45.hc_ffn_up.weight,2,320x10240,3276800,8,Q8_0,32,34,8.5,107464025856,107475050176,3481600,0,107478531776,model.language_model.layers.45.mlp_hyper_connection.input_mix_weight_up.weight,RENAMED_ONE_TO_ONE,gated_residual,45,REQUIRED_INITIAL_TEXT,gated_residual,KQ-GGUF-RULE-TENSOR-NAME-v1,KQ-GGUF-EVIDENCE-002
blk.45.ssm_a,1,48,48,0,F32,1,4,32.0,107467507456,107478531776,192,0,107478531968,model.language_model.layers.45.linear_attn.A_log,TRANSFORMED_LAYOUT,gdn,45,REQUIRED_INITIAL_TEXT,gdn,KQ-GGUF-RULE-CONVERTER-TRANSFORM-v1,KQ-GGUF-EVIDENCE-003
blk.45.ssm_alpha.weight,2,2560x48,122880,0,F32,1,4,32.0,107467507648,107478531968,491520,0,107479023488,model.language_model.layers.45.linear_attn.in_proj_a.weight,TRANSFORMED_LAYOUT,gdn,45,REQUIRED_INITIAL_TEXT,gdn,KQ-GGUF-RULE-CONVERTER-TRANSFORM-v1,KQ-GGUF-EVIDENCE-003
blk.45.ssm_beta.weight,2,2560x48,122880,0,F32,1,4,32.0,107467999168,107479023488,491520,0,107479515008,model.language_model.layers.45.linear_attn.in_proj_b.weight,TRANSFORMED_LAYOUT,gdn,45,REQUIRED_INITIAL_TEXT,gdn,KQ-GGUF-RULE-CONVERTER-TRANSFORM-v1,KQ-GGUF-EVIDENCE-003
blk.45.ssm_conv1d.weight,2,4x10240,40960,0,F32,1,4,32.0,107468490688,107479515008,163840,0,107479678848,model.language_model.layers.45.linear_attn.conv1d.weight,TRANSFORMED_LAYOUT,gdn,45,REQUIRED_INITIAL_TEXT,gdn,KQ-GGUF-RULE-CONVERTER-TRANSFORM-v1,KQ-GGUF-EVIDENCE-003
blk.45.ssm_dt.bias,1,48,48,0,F32,1,4,32.0,107468654528,107479678848,192,0,107479679040,model.language_model.layers.45.linear_attn.dt_bias,RENAMED_ONE_TO_ONE,gdn,45,REQUIRED_INITIAL_TEXT,gdn,KQ-GGUF-RULE-TENSOR-NAME-v1,KQ-GGUF-EVIDENCE-002
blk.45.ssm_norm.weight,1,128,128,0,F32,1,4,32.0,107468654720,107479679040,512,0,107479679552,model.language_model.layers.45.linear_attn.norm.weight,RENAMED_ONE_TO_ONE,gdn,45,REQUIRED_INITIAL_TEXT,gdn,KQ-GGUF-RULE-TENSOR-NAME-v1,KQ-GGUF-EVIDENCE-002
blk.45.ssm_out.weight,2,6144x2560,15728640,8,Q8_0,32,34,8.5,107468655232,107479679552,16711680,0,107496391232,model.language_model.layers.45.linear_attn.out_proj.weight,TRANSFORMED_LAYOUT,gdn,45,REQUIRED_INITIAL_TEXT,gdn,KQ-GGUF-RULE-CONVERTER-TRANSFORM-v1,KQ-GGUF-EVIDENCE-003
blk.46.attn_gate.weight,2,2560x6144,15728640,8,Q8_0,32,34,8.5,107485366912,107496391232,16711680,0,107513102912,model.language_model.layers.46.linear_attn.in_proj_z.weight,TRANSFORMED_LAYOUT,gdn,46,REQUIRED_INITIAL_TEXT,gdn,KQ-GGUF-RULE-CONVERTER-TRANSFORM-v1,KQ-GGUF-EVIDENCE-003
blk.46.attn_qkv.weight,2,2560x10240,26214400,8,Q8_0,32,34,8.5,107502078592,107513102912,27852800,0,107540955712,model.language_model.layers.46.linear_attn.in_proj_qkv.weight,TRANSFORMED_LAYOUT,gdn,46,REQUIRED_INITIAL_TEXT,gdn,KQ-GGUF-RULE-CONVERTER-TRANSFORM-v1,KQ-GGUF-EVIDENCE-003
blk.46.ffn_down_exps.weight,3,640x2560x512,838860800,8,Q8_0,32,34,8.5,107529931392,107540955712,891289600,0,108432245312,model.language_model.layers.46.mlp.experts.down_proj,RENAMED_ONE_TO_ONE,routed_experts,46,REQUIRED_INITIAL_TEXT,routed_experts,KQ-GGUF-RULE-TENSOR-NAME-v1,KQ-GGUF-EVIDENCE-002
blk.46.ffn_down_shexp.weight,2,640x2560,1638400,8,Q8_0,32,34,8.5,108421220992,108432245312,1740800,0,108433986112,model.language_model.layers.46.mlp.shared_expert.down_proj.weight,RENAMED_ONE_TO_ONE,shared_expert,46,REQUIRED_INITIAL_TEXT,shared_experts,KQ-GGUF-RULE-TENSOR-NAME-v1,KQ-GGUF-EVIDENCE-002
blk.46.ffn_gate_exps.weight,3,2560x640x512,838860800,12,Q4_K,256,144,4.5,108422961792,108433986112,471859200,0,108905845312,model.language_model.layers.46.mlp.experts.gate_up_proj,SPLIT_IN_GGUF,routed_experts,46,REQUIRED_INITIAL_TEXT,routed_experts,KQ-GGUF-RULE-MOE-SPLIT-v1,KQ-GGUF-EVIDENCE-004
blk.46.ffn_gate_inp.weight,2,2560x512,1310720,0,F32,1,4,32.0,108894820992,108905845312,5242880,0,108911088192,model.language_model.layers.46.mlp.gate.weight,RENAMED_ONE_TO_ONE,router,46,REQUIRED_INITIAL_TEXT,router,KQ-GGUF-RULE-TENSOR-NAME-v1,KQ-GGUF-EVIDENCE-002
blk.46.ffn_gate_inp_shexp.weight,1,2560,2560,0,F32,1,4,32.0,108900063872,108911088192,10240,0,108911098432,model.language_model.layers.46.mlp.shared_expert_gate.weight,RENAMED_ONE_TO_ONE,shared_expert,46,REQUIRED_INITIAL_TEXT,shared_experts,KQ-GGUF-RULE-TENSOR-NAME-v1,KQ-GGUF-EVIDENCE-002
blk.46.ffn_gate_shexp.weight,2,2560x640,1638400,8,Q8_0,32,34,8.5,108900074112,108911098432,1740800,0,108912839232,model.language_model.layers.46.mlp.shared_expert.gate_proj.weight,RENAMED_ONE_TO_ONE,shared_expert,46,REQUIRED_INITIAL_TEXT,shared_experts,KQ-GGUF-RULE-TENSOR-NAME-v1,KQ-GGUF-EVIDENCE-002
blk.46.ffn_up_exps.weight,3,2560x640x512,838860800,12,Q4_K,256,144,4.5,108901814912,108912839232,471859200,0,109384698432,model.language_model.layers.46.mlp.experts.gate_up_proj,SPLIT_IN_GGUF,routed_experts,46,REQUIRED_INITIAL_TEXT,routed_experts,KQ-GGUF-RULE-MOE-SPLIT-v1,KQ-GGUF-EVIDENCE-004
blk.46.ffn_up_shexp.weight,2,2560x640,1638400,8,Q8_0,32,34,8.5,109373674112,109384698432,1740800,0,109386439232,model.language_model.layers.46.mlp.shared_expert.up_proj.weight,RENAMED_ONE_TO_ONE,shared_expert,46,REQUIRED_INITIAL_TEXT,shared_experts,KQ-GGUF-RULE-TENSOR-NAME-v1,KQ-GGUF-EVIDENCE-002
blk.46.hc_attn_down.weight,2,10240x320,3276800,8,Q8_0,32,34,8.5,109375414912,109386439232,3481600,0,109389920832,model.language_model.layers.46.attn_hyper_connection.input_mix_weight_down.weight,RENAMED_ONE_TO_ONE,gated_residual,46,REQUIRED_INITIAL_TEXT,gated_residual,KQ-GGUF-RULE-TENSOR-NAME-v1,KQ-GGUF-EVIDENCE-002
blk.46.hc_attn_inject.weight,2,10240x4,40960,0,F32,1,4,32.0,109378896512,109389920832,163840,0,109390084672,model.language_model.layers.46.attn_hyper_connection.block_inject_weight.weight,RENAMED_ONE_TO_ONE,gated_residual,46,REQUIRED_INITIAL_TEXT,gated_residual,KQ-GGUF-RULE-TENSOR-NAME-v1,KQ-GGUF-EVIDENCE-002
blk.46.hc_attn_norm.weight,1,10240,10240,0,F32,1,4,32.0,109379060352,109390084672,40960,0,109390125632,model.language_model.layers.46.attn_hyper_connection.hc_norm.weight,RENAMED_ONE_TO_ONE,gated_residual,46,REQUIRED_INITIAL_TEXT,gated_residual,KQ-GGUF-RULE-TENSOR-NAME-v1,KQ-GGUF-EVIDENCE-002
blk.46.hc_attn_up.weight,2,320x10240,3276800,8,Q8_0,32,34,8.5,109379101312,109390125632,3481600,0,109393607232,model.language_model.layers.46.attn_hyper_connection.input_mix_weight_up.weight,RENAMED_ONE_TO_ONE,gated_residual,46,REQUIRED_INITIAL_TEXT,gated_residual,KQ-GGUF-RULE-TENSOR-NAME-v1,KQ-GGUF-EVIDENCE-002
blk.46.hc_ffn_down.weight,2,10240x320,3276800,8,Q8_0,32,34,8.5,109382582912,109393607232,3481600,0,109397088832,model.language_model.layers.46.mlp_hyper_connection.input_mix_weight_down.weight,RENAMED_ONE_TO_ONE,gated_residual,46,REQUIRED_INITIAL_TEXT,gated_residual,KQ-GGUF-RULE-TENSOR-NAME-v1,KQ-GGUF-EVIDENCE-002
blk.46.hc_ffn_inject.weight,2,10240x4,40960,0,F32,1,4,32.0,109386064512,109397088832,163840,0,109397252672,model.language_model.layers.46.mlp_hyper_connection.block_inject_weight.weight,RENAMED_ONE_TO_ONE,gated_residual,46,REQUIRED_INITIAL_TEXT,gated_residual,KQ-GGUF-RULE-TENSOR-NAME-v1,KQ-GGUF-EVIDENCE-002
blk.46.hc_ffn_norm.weight,1,10240,10240,0,F32,1,4,32.0,109386228352,109397252672,40960,0,109397293632,model.language_model.layers.46.mlp_hyper_connection.hc_norm.weight,RENAMED_ONE_TO_ONE,gated_residual,46,REQUIRED_INITIAL_TEXT,gated_residual,KQ-GGUF-RULE-TENSOR-NAME-v1,KQ-GGUF-EVIDENCE-002
blk.46.hc_ffn_up.weight,2,320x10240,3276800,8,Q8_0,32,34,8.5,109386269312,109397293632,3481600,0,109400775232,model.language_model.layers.46.mlp_hyper_connection.input_mix_weight_up.weight,RENAMED_ONE_TO_ONE,gated_residual,46,REQUIRED_INITIAL_TEXT,gated_residual,KQ-GGUF-RULE-TENSOR-NAME-v1,KQ-GGUF-EVIDENCE-002
blk.46.ssm_a,1,48,48,0,F32,1,4,32.0,109389750912,109400775232,192,0,109400775424,model.language_model.layers.46.linear_attn.A_log,TRANSFORMED_LAYOUT,gdn,46,REQUIRED_INITIAL_TEXT,gdn,KQ-GGUF-RULE-CONVERTER-TRANSFORM-v1,KQ-GGUF-EVIDENCE-003
blk.46.ssm_alpha.weight,2,2560x48,122880,0,F32,1,4,32.0,109389751104,109400775424,491520,0,109401266944,model.language_model.layers.46.linear_attn.in_proj_a.weight,TRANSFORMED_LAYOUT,gdn,46,REQUIRED_INITIAL_TEXT,gdn,KQ-GGUF-RULE-CONVERTER-TRANSFORM-v1,KQ-GGUF-EVIDENCE-003
blk.46.ssm_beta.weight,2,2560x48,122880,0,F32,1,4,32.0,109390242624,109401266944,491520,0,109401758464,model.language_model.layers.46.linear_attn.in_proj_b.weight,TRANSFORMED_LAYOUT,gdn,46,REQUIRED_INITIAL_TEXT,gdn,KQ-GGUF-RULE-CONVERTER-TRANSFORM-v1,KQ-GGUF-EVIDENCE-003
blk.46.ssm_conv1d.weight,2,4x10240,40960,0,F32,1,4,32.0,109390734144,109401758464,163840,0,109401922304,model.language_model.layers.46.linear_attn.conv1d.weight,TRANSFORMED_LAYOUT,gdn,46,REQUIRED_INITIAL_TEXT,gdn,KQ-GGUF-RULE-CONVERTER-TRANSFORM-v1,KQ-GGUF-EVIDENCE-003
blk.46.ssm_dt.bias,1,48,48,0,F32,1,4,32.0,109390897984,109401922304,192,0,109401922496,model.language_model.layers.46.linear_attn.dt_bias,RENAMED_ONE_TO_ONE,gdn,46,REQUIRED_INITIAL_TEXT,gdn,KQ-GGUF-RULE-TENSOR-NAME-v1,KQ-GGUF-EVIDENCE-002
blk.46.ssm_norm.weight,1,128,128,0,F32,1,4,32.0,109390898176,109401922496,512,0,109401923008,model.language_model.layers.46.linear_attn.norm.weight,RENAMED_ONE_TO_ONE,gdn,46,REQUIRED_INITIAL_TEXT,gdn,KQ-GGUF-RULE-TENSOR-NAME-v1,KQ-GGUF-EVIDENCE-002
blk.46.ssm_out.weight,2,6144x2560,15728640,8,Q8_0,32,34,8.5,109390898688,109401923008,16711680,0,109418634688,model.language_model.layers.46.linear_attn.out_proj.weight,TRANSFORMED_LAYOUT,gdn,46,REQUIRED_INITIAL_TEXT,gdn,KQ-GGUF-RULE-CONVERTER-TRANSFORM-v1,KQ-GGUF-EVIDENCE-003
blk.47.attn_k.weight,2,2560x512,1310720,8,Q8_0,32,34,8.5,109407610368,109418634688,1392640,0,109420027328,model.language_model.layers.47.self_attn.k_proj.weight,RENAMED_ONE_TO_ONE,qsa_attention,47,REQUIRED_INITIAL_TEXT,qsa_attention,KQ-GGUF-RULE-TENSOR-NAME-v1,KQ-GGUF-EVIDENCE-002
blk.47.attn_k_norm.weight,1,256,256,0,F32,1,4,32.0,109409003008,109420027328,1024,0,109420028352,model.language_model.layers.47.self_attn.k_norm.weight,RENAMED_ONE_TO_ONE,qsa_attention,47,REQUIRED_INITIAL_TEXT,qsa_attention,KQ-GGUF-RULE-TENSOR-NAME-v1,KQ-GGUF-EVIDENCE-002
blk.47.attn_output.weight,2,6144x2560,15728640,8,Q8_0,32,34,8.5,109409004032,109420028352,16711680,0,109436740032,model.language_model.layers.47.self_attn.o_proj.weight,RENAMED_ONE_TO_ONE,qsa_attention,47,REQUIRED_INITIAL_TEXT,qsa_attention,KQ-GGUF-RULE-TENSOR-NAME-v1,KQ-GGUF-EVIDENCE-002
blk.47.attn_q.weight,2,2560x12288,31457280,8,Q8_0,32,34,8.5,109425715712,109436740032,33423360,0,109470163392,model.language_model.layers.47.self_attn.q_proj.weight,RENAMED_ONE_TO_ONE,qsa_attention,47,REQUIRED_INITIAL_TEXT,qsa_attention,KQ-GGUF-RULE-TENSOR-NAME-v1,KQ-GGUF-EVIDENCE-002
blk.47.attn_q_norm.weight,1,256,256,0,F32,1,4,32.0,109459139072,109470163392,1024,0,109470164416,model.language_model.layers.47.self_attn.q_norm.weight,RENAMED_ONE_TO_ONE,qsa_attention,47,REQUIRED_INITIAL_TEXT,qsa_attention,KQ-GGUF-RULE-TENSOR-NAME-v1,KQ-GGUF-EVIDENCE-002
blk.47.attn_v.weight,2,2560x512,1310720,8,Q8_0,32,34,8.5,109459140096,109470164416,1392640,0,109471557056,model.language_model.layers.47.self_attn.v_proj.weight,RENAMED_ONE_TO_ONE,qsa_attention,47,REQUIRED_INITIAL_TEXT,qsa_attention,KQ-GGUF-RULE-TENSOR-NAME-v1,KQ-GGUF-EVIDENCE-002
blk.47.ffn_down_exps.weight,3,640x2560x512,838860800,8,Q8_0,32,34,8.5,109460532736,109471557056,891289600,0,110362846656,model.language_model.layers.47.mlp.experts.down_proj,RENAMED_ONE_TO_ONE,routed_experts,47,REQUIRED_INITIAL_TEXT,routed_experts,KQ-GGUF-RULE-TENSOR-NAME-v1,KQ-GGUF-EVIDENCE-002
blk.47.ffn_down_shexp.weight,2,640x2560,1638400,8,Q8_0,32,34,8.5,110351822336,110362846656,1740800,0,110364587456,model.language_model.layers.47.mlp.shared_expert.down_proj.weight,RENAMED_ONE_TO_ONE,shared_expert,47,REQUIRED_INITIAL_TEXT,shared_experts,KQ-GGUF-RULE-TENSOR-NAME-v1,KQ-GGUF-EVIDENCE-002
blk.47.ffn_gate_exps.weight,3,2560x640x512,838860800,12,Q4_K,256,144,4.5,110353563136,110364587456,471859200,0,110836446656,model.language_model.layers.47.mlp.experts.gate_up_proj,SPLIT_IN_GGUF,routed_experts,47,REQUIRED_INITIAL_TEXT,routed_experts,KQ-GGUF-RULE-MOE-SPLIT-v1,KQ-GGUF-EVIDENCE-004
blk.47.ffn_gate_inp.weight,2,2560x512,1310720,0,F32,1,4,32.0,110825422336,110836446656,5242880,0,110841689536,model.language_model.layers.47.mlp.gate.weight,RENAMED_ONE_TO_ONE,router,47,REQUIRED_INITIAL_TEXT,router,KQ-GGUF-RULE-TENSOR-NAME-v1,KQ-GGUF-EVIDENCE-002
blk.47.ffn_gate_inp_shexp.weight,1,2560,2560,0,F32,1,4,32.0,110830665216,110841689536,10240,0,110841699776,model.language_model.layers.47.mlp.shared_expert_gate.weight,RENAMED_ONE_TO_ONE,shared_expert,47,REQUIRED_INITIAL_TEXT,shared_experts,KQ-GGUF-RULE-TENSOR-NAME-v1,KQ-GGUF-EVIDENCE-002
blk.47.ffn_gate_shexp.weight,2,2560x640,1638400,8,Q8_0,32,34,8.5,110830675456,110841699776,1740800,0,110843440576,model.language_model.layers.47.mlp.shared_expert.gate_proj.weight,RENAMED_ONE_TO_ONE,shared_expert,47,REQUIRED_INITIAL_TEXT,shared_experts,KQ-GGUF-RULE-TENSOR-NAME-v1,KQ-GGUF-EVIDENCE-002
blk.47.ffn_up_exps.weight,3,2560x640x512,838860800,12,Q4_K,256,144,4.5,110832416256,110843440576,471859200,0,111315299776,model.language_model.layers.47.mlp.experts.gate_up_proj,SPLIT_IN_GGUF,routed_experts,47,REQUIRED_INITIAL_TEXT,routed_experts,KQ-GGUF-RULE-MOE-SPLIT-v1,KQ-GGUF-EVIDENCE-004
blk.47.ffn_up_shexp.weight,2,2560x640,1638400,8,Q8_0,32,34,8.5,111304275456,111315299776,1740800,0,111317040576,model.language_model.layers.47.mlp.shared_expert.up_proj.weight,RENAMED_ONE_TO_ONE,shared_expert,47,REQUIRED_INITIAL_TEXT,shared_experts,KQ-GGUF-RULE-TENSOR-NAME-v1,KQ-GGUF-EVIDENCE-002
blk.47.hc_attn_down.weight,2,10240x320,3276800,8,Q8_0,32,34,8.5,111306016256,111317040576,3481600,0,111320522176,model.language_model.layers.47.attn_hyper_connection.input_mix_weight_down.weight,RENAMED_ONE_TO_ONE,gated_residual,47,REQUIRED_INITIAL_TEXT,gated_residual,KQ-GGUF-RULE-TENSOR-NAME-v1,KQ-GGUF-EVIDENCE-002
blk.47.hc_attn_inject.weight,2,10240x4,40960,0,F32,1,4,32.0,111309497856,111320522176,163840,0,111320686016,model.language_model.layers.47.attn_hyper_connection.block_inject_weight.weight,RENAMED_ONE_TO_ONE,gated_residual,47,REQUIRED_INITIAL_TEXT,gated_residual,KQ-GGUF-RULE-TENSOR-NAME-v1,KQ-GGUF-EVIDENCE-002
blk.47.hc_attn_norm.weight,1,10240,10240,0,F32,1,4,32.0,111309661696,111320686016,40960,0,111320726976,model.language_model.layers.47.attn_hyper_connection.hc_norm.weight,RENAMED_ONE_TO_ONE,gated_residual,47,REQUIRED_INITIAL_TEXT,gated_residual,KQ-GGUF-RULE-TENSOR-NAME-v1,KQ-GGUF-EVIDENCE-002
blk.47.hc_attn_up.weight,2,320x10240,3276800,8,Q8_0,32,34,8.5,111309702656,111320726976,3481600,0,111324208576,model.language_model.layers.47.attn_hyper_connection.input_mix_weight_up.weight,RENAMED_ONE_TO_ONE,gated_residual,47,REQUIRED_INITIAL_TEXT,gated_residual,KQ-GGUF-RULE-TENSOR-NAME-v1,KQ-GGUF-EVIDENCE-002
blk.47.hc_ffn_down.weight,2,10240x320,3276800,8,Q8_0,32,34,8.5,111313184256,111324208576,3481600,0,111327690176,model.language_model.layers.47.mlp_hyper_connection.input_mix_weight_down.weight,RENAMED_ONE_TO_ONE,gated_residual,47,REQUIRED_INITIAL_TEXT,gated_residual,KQ-GGUF-RULE-TENSOR-NAME-v1,KQ-GGUF-EVIDENCE-002
blk.47.hc_ffn_inject.weight,2,10240x4,40960,0,F32,1,4,32.0,111316665856,111327690176,163840,0,111327854016,model.language_model.layers.47.mlp_hyper_connection.block_inject_weight.weight,RENAMED_ONE_TO_ONE,gated_residual,47,REQUIRED_INITIAL_TEXT,gated_residual,KQ-GGUF-RULE-TENSOR-NAME-v1,KQ-GGUF-EVIDENCE-002
blk.47.hc_ffn_norm.weight,1,10240,10240,0,F32,1,4,32.0,111316829696,111327854016,40960,0,111327894976,model.language_model.layers.47.mlp_hyper_connection.hc_norm.weight,RENAMED_ONE_TO_ONE,gated_residual,47,REQUIRED_INITIAL_TEXT,gated_residual,KQ-GGUF-RULE-TENSOR-NAME-v1,KQ-GGUF-EVIDENCE-002
blk.47.hc_ffn_up.weight,2,320x10240,3276800,8,Q8_0,32,34,8.5,111316870656,111327894976,3481600,0,111331376576,model.language_model.layers.47.mlp_hyper_connection.input_mix_weight_up.weight,RENAMED_ONE_TO_ONE,gated_residual,47,REQUIRED_INITIAL_TEXT,gated_residual,KQ-GGUF-RULE-TENSOR-NAME-v1,KQ-GGUF-EVIDENCE-002
blk.47.indexer.k_norm.weight,1,128,128,0,F32,1,4,32.0,111320352256,111331376576,512,0,111331377088,model.language_model.layers.47.self_attn.indexer.k_layernorm.weight,RENAMED_ONE_TO_ONE,qsa_indexer,47,REQUIRED_INITIAL_TEXT,qsa_indexer,KQ-GGUF-RULE-TENSOR-NAME-v1,KQ-GGUF-EVIDENCE-002
blk.47.indexer.k_proj.weight,2,2560x128,327680,30,BF16,1,2,16.0,111320352768,111331377088,655360,0,111332032448,model.language_model.layers.47.self_attn.indexer.index_qk_proj.weight,SPLIT_IN_GGUF,qsa_indexer,47,REQUIRED_INITIAL_TEXT,qsa_indexer,KQ-GGUF-RULE-QSA-SPLIT-v1,KQ-GGUF-EVIDENCE-003
blk.47.indexer.q_norm.weight,1,128,128,0,F32,1,4,32.0,111321008128,111332032448,512,0,111332032960,model.language_model.layers.47.self_attn.indexer.q_layernorm.weight,RENAMED_ONE_TO_ONE,qsa_indexer,47,REQUIRED_INITIAL_TEXT,qsa_indexer,KQ-GGUF-RULE-TENSOR-NAME-v1,KQ-GGUF-EVIDENCE-002
blk.47.indexer.q_proj.weight,2,2560x512,1310720,30,BF16,1,2,16.0,111321008640,111332032960,2621440,0,111334654400,model.language_model.layers.47.self_attn.indexer.index_qk_proj.weight,SPLIT_IN_GGUF,qsa_indexer,47,REQUIRED_INITIAL_TEXT,qsa_indexer,KQ-GGUF-RULE-QSA-SPLIT-v1,KQ-GGUF-EVIDENCE-003
blk.5.attn_gate.weight,2,2560x6144,15728640,8,Q8_0,32,34,8.5,39221382656,39232406976,16711680,0,39249118656,model.language_model.layers.5.linear_attn.in_proj_z.weight,TRANSFORMED_LAYOUT,gdn,5,REQUIRED_INITIAL_TEXT,gdn,KQ-GGUF-RULE-CONVERTER-TRANSFORM-v1,KQ-GGUF-EVIDENCE-003
blk.5.attn_qkv.weight,2,2560x10240,26214400,8,Q8_0,32,34,8.5,39238094336,39249118656,27852800,0,39276971456,model.language_model.layers.5.linear_attn.in_proj_qkv.weight,TRANSFORMED_LAYOUT,gdn,5,REQUIRED_INITIAL_TEXT,gdn,KQ-GGUF-RULE-CONVERTER-TRANSFORM-v1,KQ-GGUF-EVIDENCE-003
blk.5.ffn_down_exps.weight,3,640x2560x512,838860800,7,Q5_1,32,24,6.0,39265947136,39276971456,629145600,0,39906117056,model.language_model.layers.5.mlp.experts.down_proj,RENAMED_ONE_TO_ONE,routed_experts,5,REQUIRED_INITIAL_TEXT,routed_experts,KQ-GGUF-RULE-TENSOR-NAME-v1,KQ-GGUF-EVIDENCE-002
blk.5.ffn_down_shexp.weight,2,640x2560,1638400,8,Q8_0,32,34,8.5,39895092736,39906117056,1740800,0,39907857856,model.language_model.layers.5.mlp.shared_expert.down_proj.weight,RENAMED_ONE_TO_ONE,shared_expert,5,REQUIRED_INITIAL_TEXT,shared_experts,KQ-GGUF-RULE-TENSOR-NAME-v1,KQ-GGUF-EVIDENCE-002
blk.5.ffn_gate_exps.weight,3,2560x640x512,838860800,12,Q4_K,256,144,4.5,39896833536,39907857856,471859200,0,40379717056,model.language_model.layers.5.mlp.experts.gate_up_proj,SPLIT_IN_GGUF,routed_experts,5,REQUIRED_INITIAL_TEXT,routed_experts,KQ-GGUF-RULE-MOE-SPLIT-v1,KQ-GGUF-EVIDENCE-004
blk.5.ffn_gate_inp.weight,2,2560x512,1310720,0,F32,1,4,32.0,40368692736,40379717056,5242880,0,40384959936,model.language_model.layers.5.mlp.gate.weight,RENAMED_ONE_TO_ONE,router,5,REQUIRED_INITIAL_TEXT,router,KQ-GGUF-RULE-TENSOR-NAME-v1,KQ-GGUF-EVIDENCE-002
blk.5.ffn_gate_inp_shexp.weight,1,2560,2560,0,F32,1,4,32.0,40373935616,40384959936,10240,0,40384970176,model.language_model.layers.5.mlp.shared_expert_gate.weight,RENAMED_ONE_TO_ONE,shared_expert,5,REQUIRED_INITIAL_TEXT,shared_experts,KQ-GGUF-RULE-TENSOR-NAME-v1,KQ-GGUF-EVIDENCE-002
blk.5.ffn_gate_shexp.weight,2,2560x640,1638400,8,Q8_0,32,34,8.5,40373945856,40384970176,1740800,0,40386710976,model.language_model.layers.5.mlp.shared_expert.gate_proj.weight,RENAMED_ONE_TO_ONE,shared_expert,5,REQUIRED_INITIAL_TEXT,shared_experts,KQ-GGUF-RULE-TENSOR-NAME-v1,KQ-GGUF-EVIDENCE-002
blk.5.ffn_up_exps.weight,3,2560x640x512,838860800,12,Q4_K,256,144,4.5,40375686656,40386710976,471859200,0,40858570176,model.language_model.layers.5.mlp.experts.gate_up_proj,SPLIT_IN_GGUF,routed_experts,5,REQUIRED_INITIAL_TEXT,routed_experts,KQ-GGUF-RULE-MOE-SPLIT-v1,KQ-GGUF-EVIDENCE-004
blk.5.ffn_up_shexp.weight,2,2560x640,1638400,8,Q8_0,32,34,8.5,40847545856,40858570176,1740800,0,40860310976,model.language_model.layers.5.mlp.shared_expert.up_proj.weight,RENAMED_ONE_TO_ONE,shared_expert,5,REQUIRED_INITIAL_TEXT,shared_experts,KQ-GGUF-RULE-TENSOR-NAME-v1,KQ-GGUF-EVIDENCE-002
blk.5.hc_attn_down.weight,2,10240x320,3276800,8,Q8_0,32,34,8.5,40849286656,40860310976,3481600,0,40863792576,model.language_model.layers.5.attn_hyper_connection.input_mix_weight_down.weight,RENAMED_ONE_TO_ONE,gated_residual,5,REQUIRED_INITIAL_TEXT,gated_residual,KQ-GGUF-RULE-TENSOR-NAME-v1,KQ-GGUF-EVIDENCE-002
blk.5.hc_attn_inject.weight,2,10240x4,40960,0,F32,1,4,32.0,40852768256,40863792576,163840,0,40863956416,model.language_model.layers.5.attn_hyper_connection.block_inject_weight.weight,RENAMED_ONE_TO_ONE,gated_residual,5,REQUIRED_INITIAL_TEXT,gated_residual,KQ-GGUF-RULE-TENSOR-NAME-v1,KQ-GGUF-EVIDENCE-002
blk.5.hc_attn_norm.weight,1,10240,10240,0,F32,1,4,32.0,40852932096,40863956416,40960,0,40863997376,model.language_model.layers.5.attn_hyper_connection.hc_norm.weight,RENAMED_ONE_TO_ONE,gated_residual,5,REQUIRED_INITIAL_TEXT,gated_residual,KQ-GGUF-RULE-TENSOR-NAME-v1,KQ-GGUF-EVIDENCE-002
blk.5.hc_attn_up.weight,2,320x10240,3276800,8,Q8_0,32,34,8.5,40852973056,40863997376,3481600,0,40867478976,model.language_model.layers.5.attn_hyper_connection.input_mix_weight_up.weight,RENAMED_ONE_TO_ONE,gated_residual,5,REQUIRED_INITIAL_TEXT,gated_residual,KQ-GGUF-RULE-TENSOR-NAME-v1,KQ-GGUF-EVIDENCE-002
blk.5.hc_ffn_down.weight,2,10240x320,3276800,8,Q8_0,32,34,8.5,40856454656,40867478976,3481600,0,40870960576,model.language_model.layers.5.mlp_hyper_connection.input_mix_weight_down.weight,RENAMED_ONE_TO_ONE,gated_residual,5,REQUIRED_INITIAL_TEXT,gated_residual,KQ-GGUF-RULE-TENSOR-NAME-v1,KQ-GGUF-EVIDENCE-002
blk.5.hc_ffn_inject.weight,2,10240x4,40960,0,F32,1,4,32.0,40859936256,40870960576,163840,0,40871124416,model.language_model.layers.5.mlp_hyper_connection.block_inject_weight.weight,RENAMED_ONE_TO_ONE,gated_residual,5,REQUIRED_INITIAL_TEXT,gated_residual,KQ-GGUF-RULE-TENSOR-NAME-v1,KQ-GGUF-EVIDENCE-002
blk.5.hc_ffn_norm.weight,1,10240,10240,0,F32,1,4,32.0,40860100096,40871124416,40960,0,40871165376,model.language_model.layers.5.mlp_hyper_connection.hc_norm.weight,RENAMED_ONE_TO_ONE,gated_residual,5,REQUIRED_INITIAL_TEXT,gated_residual,KQ-GGUF-RULE-TENSOR-NAME-v1,KQ-GGUF-EVIDENCE-002
blk.5.hc_ffn_up.weight,2,320x10240,3276800,8,Q8_0,32,34,8.5,40860141056,40871165376,3481600,0,40874646976,model.language_model.layers.5.mlp_hyper_connection.input_mix_weight_up.weight,RENAMED_ONE_TO_ONE,gated_residual,5,REQUIRED_INITIAL_TEXT,gated_residual,KQ-GGUF-RULE-TENSOR-NAME-v1,KQ-GGUF-EVIDENCE-002
blk.5.ssm_a,1,48,48,0,F32,1,4,32.0,40863622656,40874646976,192,0,40874647168,model.language_model.layers.5.linear_attn.A_log,TRANSFORMED_LAYOUT,gdn,5,REQUIRED_INITIAL_TEXT,gdn,KQ-GGUF-RULE-CONVERTER-TRANSFORM-v1,KQ-GGUF-EVIDENCE-003
blk.5.ssm_alpha.weight,2,2560x48,122880,0,F32,1,4,32.0,40863622848,40874647168,491520,0,40875138688,model.language_model.layers.5.linear_attn.in_proj_a.weight,TRANSFORMED_LAYOUT,gdn,5,REQUIRED_INITIAL_TEXT,gdn,KQ-GGUF-RULE-CONVERTER-TRANSFORM-v1,KQ-GGUF-EVIDENCE-003
blk.5.ssm_beta.weight,2,2560x48,122880,0,F32,1,4,32.0,40864114368,40875138688,491520,0,40875630208,model.language_model.layers.5.linear_attn.in_proj_b.weight,TRANSFORMED_LAYOUT,gdn,5,REQUIRED_INITIAL_TEXT,gdn,KQ-GGUF-RULE-CONVERTER-TRANSFORM-v1,KQ-GGUF-EVIDENCE-003
blk.5.ssm_conv1d.weight,2,4x10240,40960,0,F32,1,4,32.0,40864605888,40875630208,163840,0,40875794048,model.language_model.layers.5.linear_attn.conv1d.weight,TRANSFORMED_LAYOUT,gdn,5,REQUIRED_INITIAL_TEXT,gdn,KQ-GGUF-RULE-CONVERTER-TRANSFORM-v1,KQ-GGUF-EVIDENCE-003
blk.5.ssm_dt.bias,1,48,48,0,F32,1,4,32.0,40864769728,40875794048,192,0,40875794240,model.language_model.layers.5.linear_attn.dt_bias,RENAMED_ONE_TO_ONE,gdn,5,REQUIRED_INITIAL_TEXT,gdn,KQ-GGUF-RULE-TENSOR-NAME-v1,KQ-GGUF-EVIDENCE-002
blk.5.ssm_norm.weight,1,128,128,0,F32,1,4,32.0,40864769920,40875794240,512,0,40875794752,model.language_model.layers.5.linear_attn.norm.weight,RENAMED_ONE_TO_ONE,gdn,5,REQUIRED_INITIAL_TEXT,gdn,KQ-GGUF-RULE-TENSOR-NAME-v1,KQ-GGUF-EVIDENCE-002
blk.5.ssm_out.weight,2,6144x2560,15728640,8,Q8_0,32,34,8.5,40864770432,40875794752,16711680,0,40892506432,model.language_model.layers.5.linear_attn.out_proj.weight,TRANSFORMED_LAYOUT,gdn,5,REQUIRED_INITIAL_TEXT,gdn,KQ-GGUF-RULE-CONVERTER-TRANSFORM-v1,KQ-GGUF-EVIDENCE-003
blk.6.attn_gate.weight,2,2560x6144,15728640,8,Q8_0,32,34,8.5,40881482112,40892506432,16711680,0,40909218112,model.language_model.layers.6.linear_attn.in_proj_z.weight,TRANSFORMED_LAYOUT,gdn,6,REQUIRED_INITIAL_TEXT,gdn,KQ-GGUF-RULE-CONVERTER-TRANSFORM-v1,KQ-GGUF-EVIDENCE-003
blk.6.attn_qkv.weight,2,2560x10240,26214400,8,Q8_0,32,34,8.5,40898193792,40909218112,27852800,0,40937070912,model.language_model.layers.6.linear_attn.in_proj_qkv.weight,TRANSFORMED_LAYOUT,gdn,6,REQUIRED_INITIAL_TEXT,gdn,KQ-GGUF-RULE-CONVERTER-TRANSFORM-v1,KQ-GGUF-EVIDENCE-003
blk.6.ffn_down_exps.weight,3,640x2560x512,838860800,7,Q5_1,32,24,6.0,40926046592,40937070912,629145600,0,41566216512,model.language_model.layers.6.mlp.experts.down_proj,RENAMED_ONE_TO_ONE,routed_experts,6,REQUIRED_INITIAL_TEXT,routed_experts,KQ-GGUF-RULE-TENSOR-NAME-v1,KQ-GGUF-EVIDENCE-002
blk.6.ffn_down_shexp.weight,2,640x2560,1638400,8,Q8_0,32,34,8.5,41555192192,41566216512,1740800,0,41567957312,model.language_model.layers.6.mlp.shared_expert.down_proj.weight,RENAMED_ONE_TO_ONE,shared_expert,6,REQUIRED_INITIAL_TEXT,shared_experts,KQ-GGUF-RULE-TENSOR-NAME-v1,KQ-GGUF-EVIDENCE-002
blk.6.ffn_gate_exps.weight,3,2560x640x512,838860800,12,Q4_K,256,144,4.5,41556932992,41567957312,471859200,0,42039816512,model.language_model.layers.6.mlp.experts.gate_up_proj,SPLIT_IN_GGUF,routed_experts,6,REQUIRED_INITIAL_TEXT,routed_experts,KQ-GGUF-RULE-MOE-SPLIT-v1,KQ-GGUF-EVIDENCE-004
blk.6.ffn_gate_inp.weight,2,2560x512,1310720,0,F32,1,4,32.0,42028792192,42039816512,5242880,0,42045059392,model.language_model.layers.6.mlp.gate.weight,RENAMED_ONE_TO_ONE,router,6,REQUIRED_INITIAL_TEXT,router,KQ-GGUF-RULE-TENSOR-NAME-v1,KQ-GGUF-EVIDENCE-002
blk.6.ffn_gate_inp_shexp.weight,1,2560,2560,0,F32,1,4,32.0,42034035072,42045059392,10240,0,42045069632,model.language_model.layers.6.mlp.shared_expert_gate.weight,RENAMED_ONE_TO_ONE,shared_expert,6,REQUIRED_INITIAL_TEXT,shared_experts,KQ-GGUF-RULE-TENSOR-NAME-v1,KQ-GGUF-EVIDENCE-002
blk.6.ffn_gate_shexp.weight,2,2560x640,1638400,8,Q8_0,32,34,8.5,42034045312,42045069632,1740800,0,42046810432,model.language_model.layers.6.mlp.shared_expert.gate_proj.weight,RENAMED_ONE_TO_ONE,shared_expert,6,REQUIRED_INITIAL_TEXT,shared_experts,KQ-GGUF-RULE-TENSOR-NAME-v1,KQ-GGUF-EVIDENCE-002
blk.6.ffn_up_exps.weight,3,2560x640x512,838860800,12,Q4_K,256,144,4.5,42035786112,42046810432,471859200,0,42518669632,model.language_model.layers.6.mlp.experts.gate_up_proj,SPLIT_IN_GGUF,routed_experts,6,REQUIRED_INITIAL_TEXT,routed_experts,KQ-GGUF-RULE-MOE-SPLIT-v1,KQ-GGUF-EVIDENCE-004
blk.6.ffn_up_shexp.weight,2,2560x640,1638400,8,Q8_0,32,34,8.5,42507645312,42518669632,1740800,0,42520410432,model.language_model.layers.6.mlp.shared_expert.up_proj.weight,RENAMED_ONE_TO_ONE,shared_expert,6,REQUIRED_INITIAL_TEXT,shared_experts,KQ-GGUF-RULE-TENSOR-NAME-v1,KQ-GGUF-EVIDENCE-002
blk.6.hc_attn_down.weight,2,10240x320,3276800,8,Q8_0,32,34,8.5,42509386112,42520410432,3481600,0,42523892032,model.language_model.layers.6.attn_hyper_connection.input_mix_weight_down.weight,RENAMED_ONE_TO_ONE,gated_residual,6,REQUIRED_INITIAL_TEXT,gated_residual,KQ-GGUF-RULE-TENSOR-NAME-v1,KQ-GGUF-EVIDENCE-002
blk.6.hc_attn_inject.weight,2,10240x4,40960,0,F32,1,4,32.0,42512867712,42523892032,163840,0,42524055872,model.language_model.layers.6.attn_hyper_connection.block_inject_weight.weight,RENAMED_ONE_TO_ONE,gated_residual,6,REQUIRED_INITIAL_TEXT,gated_residual,KQ-GGUF-RULE-TENSOR-NAME-v1,KQ-GGUF-EVIDENCE-002
blk.6.hc_attn_norm.weight,1,10240,10240,0,F32,1,4,32.0,42513031552,42524055872,40960,0,42524096832,model.language_model.layers.6.attn_hyper_connection.hc_norm.weight,RENAMED_ONE_TO_ONE,gated_residual,6,REQUIRED_INITIAL_TEXT,gated_residual,KQ-GGUF-RULE-TENSOR-NAME-v1,KQ-GGUF-EVIDENCE-002
blk.6.hc_attn_up.weight,2,320x10240,3276800,8,Q8_0,32,34,8.5,42513072512,42524096832,3481600,0,42527578432,model.language_model.layers.6.attn_hyper_connection.input_mix_weight_up.weight,RENAMED_ONE_TO_ONE,gated_residual,6,REQUIRED_INITIAL_TEXT,gated_residual,KQ-GGUF-RULE-TENSOR-NAME-v1,KQ-GGUF-EVIDENCE-002
blk.6.hc_ffn_down.weight,2,10240x320,3276800,8,Q8_0,32,34,8.5,42516554112,42527578432,3481600,0,42531060032,model.language_model.layers.6.mlp_hyper_connection.input_mix_weight_down.weight,RENAMED_ONE_TO_ONE,gated_residual,6,REQUIRED_INITIAL_TEXT,gated_residual,KQ-GGUF-RULE-TENSOR-NAME-v1,KQ-GGUF-EVIDENCE-002
blk.6.hc_ffn_inject.weight,2,10240x4,40960,0,F32,1,4,32.0,42520035712,42531060032,163840,0,42531223872,model.language_model.layers.6.mlp_hyper_connection.block_inject_weight.weight,RENAMED_ONE_TO_ONE,gated_residual,6,REQUIRED_INITIAL_TEXT,gated_residual,KQ-GGUF-RULE-TENSOR-NAME-v1,KQ-GGUF-EVIDENCE-002
blk.6.hc_ffn_norm.weight,1,10240,10240,0,F32,1,4,32.0,42520199552,42531223872,40960,0,42531264832,model.language_model.layers.6.mlp_hyper_connection.hc_norm.weight,RENAMED_ONE_TO_ONE,gated_residual,6,REQUIRED_INITIAL_TEXT,gated_residual,KQ-GGUF-RULE-TENSOR-NAME-v1,KQ-GGUF-EVIDENCE-002
blk.6.hc_ffn_up.weight,2,320x10240,3276800,8,Q8_0,32,34,8.5,42520240512,42531264832,3481600,0,42534746432,model.language_model.layers.6.mlp_hyper_connection.input_mix_weight_up.weight,RENAMED_ONE_TO_ONE,gated_residual,6,REQUIRED_INITIAL_TEXT,gated_residual,KQ-GGUF-RULE-TENSOR-NAME-v1,KQ-GGUF-EVIDENCE-002
blk.6.ssm_a,1,48,48,0,F32,1,4,32.0,42523722112,42534746432,192,0,42534746624,model.language_model.layers.6.linear_attn.A_log,TRANSFORMED_LAYOUT,gdn,6,REQUIRED_INITIAL_TEXT,gdn,KQ-GGUF-RULE-CONVERTER-TRANSFORM-v1,KQ-GGUF-EVIDENCE-003
blk.6.ssm_alpha.weight,2,2560x48,122880,0,F32,1,4,32.0,42523722304,42534746624,491520,0,42535238144,model.language_model.layers.6.linear_attn.in_proj_a.weight,TRANSFORMED_LAYOUT,gdn,6,REQUIRED_INITIAL_TEXT,gdn,KQ-GGUF-RULE-CONVERTER-TRANSFORM-v1,KQ-GGUF-EVIDENCE-003
blk.6.ssm_beta.weight,2,2560x48,122880,0,F32,1,4,32.0,42524213824,42535238144,491520,0,42535729664,model.language_model.layers.6.linear_attn.in_proj_b.weight,TRANSFORMED_LAYOUT,gdn,6,REQUIRED_INITIAL_TEXT,gdn,KQ-GGUF-RULE-CONVERTER-TRANSFORM-v1,KQ-GGUF-EVIDENCE-003
blk.6.ssm_conv1d.weight,2,4x10240,40960,0,F32,1,4,32.0,42524705344,42535729664,163840,0,42535893504,model.language_model.layers.6.linear_attn.conv1d.weight,TRANSFORMED_LAYOUT,gdn,6,REQUIRED_INITIAL_TEXT,gdn,KQ-GGUF-RULE-CONVERTER-TRANSFORM-v1,KQ-GGUF-EVIDENCE-003
blk.6.ssm_dt.bias,1,48,48,0,F32,1,4,32.0,42524869184,42535893504,192,0,42535893696,model.language_model.layers.6.linear_attn.dt_bias,RENAMED_ONE_TO_ONE,gdn,6,REQUIRED_INITIAL_TEXT,gdn,KQ-GGUF-RULE-TENSOR-NAME-v1,KQ-GGUF-EVIDENCE-002
blk.6.ssm_norm.weight,1,128,128,0,F32,1,4,32.0,42524869376,42535893696,512,0,42535894208,model.language_model.layers.6.linear_attn.norm.weight,RENAMED_ONE_TO_ONE,gdn,6,REQUIRED_INITIAL_TEXT,gdn,KQ-GGUF-RULE-TENSOR-NAME-v1,KQ-GGUF-EVIDENCE-002
blk.6.ssm_out.weight,2,6144x2560,15728640,8,Q8_0,32,34,8.5,42524869888,42535894208,16711680,0,42552605888,model.language_model.layers.6.linear_attn.out_proj.weight,TRANSFORMED_LAYOUT,gdn,6,REQUIRED_INITIAL_TEXT,gdn,KQ-GGUF-RULE-CONVERTER-TRANSFORM-v1,KQ-GGUF-EVIDENCE-003
blk.7.attn_k.weight,2,2560x512,1310720,8,Q8_0,32,34,8.5,42541581568,42552605888,1392640,0,42553998528,model.language_model.layers.7.self_attn.k_proj.weight,RENAMED_ONE_TO_ONE,qsa_attention,7,REQUIRED_INITIAL_TEXT,qsa_attention,KQ-GGUF-RULE-TENSOR-NAME-v1,KQ-GGUF-EVIDENCE-002
blk.7.attn_k_norm.weight,1,256,256,0,F32,1,4,32.0,42542974208,42553998528,1024,0,42553999552,model.language_model.layers.7.self_attn.k_norm.weight,RENAMED_ONE_TO_ONE,qsa_attention,7,REQUIRED_INITIAL_TEXT,qsa_attention,KQ-GGUF-RULE-TENSOR-NAME-v1,KQ-GGUF-EVIDENCE-002
blk.7.attn_output.weight,2,6144x2560,15728640,8,Q8_0,32,34,8.5,42542975232,42553999552,16711680,0,42570711232,model.language_model.layers.7.self_attn.o_proj.weight,RENAMED_ONE_TO_ONE,qsa_attention,7,REQUIRED_INITIAL_TEXT,qsa_attention,KQ-GGUF-RULE-TENSOR-NAME-v1,KQ-GGUF-EVIDENCE-002
blk.7.attn_q.weight,2,2560x12288,31457280,8,Q8_0,32,34,8.5,42559686912,42570711232,33423360,0,42604134592,model.language_model.layers.7.self_attn.q_proj.weight,RENAMED_ONE_TO_ONE,qsa_attention,7,REQUIRED_INITIAL_TEXT,qsa_attention,KQ-GGUF-RULE-TENSOR-NAME-v1,KQ-GGUF-EVIDENCE-002
blk.7.attn_q_norm.weight,1,256,256,0,F32,1,4,32.0,42593110272,42604134592,1024,0,42604135616,model.language_model.layers.7.self_attn.q_norm.weight,RENAMED_ONE_TO_ONE,qsa_attention,7,REQUIRED_INITIAL_TEXT,qsa_attention,KQ-GGUF-RULE-TENSOR-NAME-v1,KQ-GGUF-EVIDENCE-002
blk.7.attn_v.weight,2,2560x512,1310720,8,Q8_0,32,34,8.5,42593111296,42604135616,1392640,0,42605528256,model.language_model.layers.7.self_attn.v_proj.weight,RENAMED_ONE_TO_ONE,qsa_attention,7,REQUIRED_INITIAL_TEXT,qsa_attention,KQ-GGUF-RULE-TENSOR-NAME-v1,KQ-GGUF-EVIDENCE-002
blk.7.ffn_down_exps.weight,3,640x2560x512,838860800,7,Q5_1,32,24,6.0,42594503936,42605528256,629145600,0,43234673856,model.language_model.layers.7.mlp.experts.down_proj,RENAMED_ONE_TO_ONE,routed_experts,7,REQUIRED_INITIAL_TEXT,routed_experts,KQ-GGUF-RULE-TENSOR-NAME-v1,KQ-GGUF-EVIDENCE-002
blk.7.ffn_down_shexp.weight,2,640x2560,1638400,8,Q8_0,32,34,8.5,43223649536,43234673856,1740800,0,43236414656,model.language_model.layers.7.mlp.shared_expert.down_proj.weight,RENAMED_ONE_TO_ONE,shared_expert,7,REQUIRED_INITIAL_TEXT,shared_experts,KQ-GGUF-RULE-TENSOR-NAME-v1,KQ-GGUF-EVIDENCE-002
blk.7.ffn_gate_exps.weight,3,2560x640x512,838860800,12,Q4_K,256,144,4.5,43225390336,43236414656,471859200,0,43708273856,model.language_model.layers.7.mlp.experts.gate_up_proj,SPLIT_IN_GGUF,routed_experts,7,REQUIRED_INITIAL_TEXT,routed_experts,KQ-GGUF-RULE-MOE-SPLIT-v1,KQ-GGUF-EVIDENCE-004
blk.7.ffn_gate_inp.weight,2,2560x512,1310720,0,F32,1,4,32.0,43697249536,43708273856,5242880,0,43713516736,model.language_model.layers.7.mlp.gate.weight,RENAMED_ONE_TO_ONE,router,7,REQUIRED_INITIAL_TEXT,router,KQ-GGUF-RULE-TENSOR-NAME-v1,KQ-GGUF-EVIDENCE-002
blk.7.ffn_gate_inp_shexp.weight,1,2560,2560,0,F32,1,4,32.0,43702492416,43713516736,10240,0,43713526976,model.language_model.layers.7.mlp.shared_expert_gate.weight,RENAMED_ONE_TO_ONE,shared_expert,7,REQUIRED_INITIAL_TEXT,shared_experts,KQ-GGUF-RULE-TENSOR-NAME-v1,KQ-GGUF-EVIDENCE-002
blk.7.ffn_gate_shexp.weight,2,2560x640,1638400,8,Q8_0,32,34,8.5,43702502656,43713526976,1740800,0,43715267776,model.language_model.layers.7.mlp.shared_expert.gate_proj.weight,RENAMED_ONE_TO_ONE,shared_expert,7,REQUIRED_INITIAL_TEXT,shared_experts,KQ-GGUF-RULE-TENSOR-NAME-v1,KQ-GGUF-EVIDENCE-002
blk.7.ffn_up_exps.weight,3,2560x640x512,838860800,12,Q4_K,256,144,4.5,43704243456,43715267776,471859200,0,44187126976,model.language_model.layers.7.mlp.experts.gate_up_proj,SPLIT_IN_GGUF,routed_experts,7,REQUIRED_INITIAL_TEXT,routed_experts,KQ-GGUF-RULE-MOE-SPLIT-v1,KQ-GGUF-EVIDENCE-004
blk.7.ffn_up_shexp.weight,2,2560x640,1638400,8,Q8_0,32,34,8.5,44176102656,44187126976,1740800,0,44188867776,model.language_model.layers.7.mlp.shared_expert.up_proj.weight,RENAMED_ONE_TO_ONE,shared_expert,7,REQUIRED_INITIAL_TEXT,shared_experts,KQ-GGUF-RULE-TENSOR-NAME-v1,KQ-GGUF-EVIDENCE-002
blk.7.hc_attn_down.weight,2,10240x320,3276800,8,Q8_0,32,34,8.5,44177843456,44188867776,3481600,0,44192349376,model.language_model.layers.7.attn_hyper_connection.input_mix_weight_down.weight,RENAMED_ONE_TO_ONE,gated_residual,7,REQUIRED_INITIAL_TEXT,gated_residual,KQ-GGUF-RULE-TENSOR-NAME-v1,KQ-GGUF-EVIDENCE-002
blk.7.hc_attn_inject.weight,2,10240x4,40960,0,F32,1,4,32.0,44181325056,44192349376,163840,0,44192513216,model.language_model.layers.7.attn_hyper_connection.block_inject_weight.weight,RENAMED_ONE_TO_ONE,gated_residual,7,REQUIRED_INITIAL_TEXT,gated_residual,KQ-GGUF-RULE-TENSOR-NAME-v1,KQ-GGUF-EVIDENCE-002
blk.7.hc_attn_norm.weight,1,10240,10240,0,F32,1,4,32.0,44181488896,44192513216,40960,0,44192554176,model.language_model.layers.7.attn_hyper_connection.hc_norm.weight,RENAMED_ONE_TO_ONE,gated_residual,7,REQUIRED_INITIAL_TEXT,gated_residual,KQ-GGUF-RULE-TENSOR-NAME-v1,KQ-GGUF-EVIDENCE-002
blk.7.hc_attn_up.weight,2,320x10240,3276800,8,Q8_0,32,34,8.5,44181529856,44192554176,3481600,0,44196035776,model.language_model.layers.7.attn_hyper_connection.input_mix_weight_up.weight,RENAMED_ONE_TO_ONE,gated_residual,7,REQUIRED_INITIAL_TEXT,gated_residual,KQ-GGUF-RULE-TENSOR-NAME-v1,KQ-GGUF-EVIDENCE-002
blk.7.hc_ffn_down.weight,2,10240x320,3276800,8,Q8_0,32,34,8.5,44185011456,44196035776,3481600,0,44199517376,model.language_model.layers.7.mlp_hyper_connection.input_mix_weight_down.weight,RENAMED_ONE_TO_ONE,gated_residual,7,REQUIRED_INITIAL_TEXT,gated_residual,KQ-GGUF-RULE-TENSOR-NAME-v1,KQ-GGUF-EVIDENCE-002
blk.7.hc_ffn_inject.weight,2,10240x4,40960,0,F32,1,4,32.0,44188493056,44199517376,163840,0,44199681216,model.language_model.layers.7.mlp_hyper_connection.block_inject_weight.weight,RENAMED_ONE_TO_ONE,gated_residual,7,REQUIRED_INITIAL_TEXT,gated_residual,KQ-GGUF-RULE-TENSOR-NAME-v1,KQ-GGUF-EVIDENCE-002
blk.7.hc_ffn_norm.weight,1,10240,10240,0,F32,1,4,32.0,44188656896,44199681216,40960,0,44199722176,model.language_model.layers.7.mlp_hyper_connection.hc_norm.weight,RENAMED_ONE_TO_ONE,gated_residual,7,REQUIRED_INITIAL_TEXT,gated_residual,KQ-GGUF-RULE-TENSOR-NAME-v1,KQ-GGUF-EVIDENCE-002
blk.7.hc_ffn_up.weight,2,320x10240,3276800,8,Q8_0,32,34,8.5,44188697856,44199722176,3481600,0,44203203776,model.language_model.layers.7.mlp_hyper_connection.input_mix_weight_up.weight,RENAMED_ONE_TO_ONE,gated_residual,7,REQUIRED_INITIAL_TEXT,gated_residual,KQ-GGUF-RULE-TENSOR-NAME-v1,KQ-GGUF-EVIDENCE-002
blk.7.indexer.k_norm.weight,1,128,128,0,F32,1,4,32.0,44192179456,44203203776,512,0,44203204288,model.language_model.layers.7.self_attn.indexer.k_layernorm.weight,RENAMED_ONE_TO_ONE,qsa_indexer,7,REQUIRED_INITIAL_TEXT,qsa_indexer,KQ-GGUF-RULE-TENSOR-NAME-v1,KQ-GGUF-EVIDENCE-002
blk.7.indexer.k_proj.weight,2,2560x128,327680,30,BF16,1,2,16.0,44192179968,44203204288,655360,0,44203859648,model.language_model.layers.7.self_attn.indexer.index_qk_proj.weight,SPLIT_IN_GGUF,qsa_indexer,7,REQUIRED_INITIAL_TEXT,qsa_indexer,KQ-GGUF-RULE-QSA-SPLIT-v1,KQ-GGUF-EVIDENCE-003
blk.7.indexer.q_norm.weight,1,128,128,0,F32,1,4,32.0,44192835328,44203859648,512,0,44203860160,model.language_model.layers.7.self_attn.indexer.q_layernorm.weight,RENAMED_ONE_TO_ONE,qsa_indexer,7,REQUIRED_INITIAL_TEXT,qsa_indexer,KQ-GGUF-RULE-TENSOR-NAME-v1,KQ-GGUF-EVIDENCE-002
blk.7.indexer.q_proj.weight,2,2560x512,1310720,30,BF16,1,2,16.0,44192835840,44203860160,2621440,0,44206481600,model.language_model.layers.7.self_attn.indexer.index_qk_proj.weight,SPLIT_IN_GGUF,qsa_indexer,7,REQUIRED_INITIAL_TEXT,qsa_indexer,KQ-GGUF-RULE-QSA-SPLIT-v1,KQ-GGUF-EVIDENCE-003
blk.8.attn_gate.weight,2,2560x6144,15728640,8,Q8_0,32,34,8.5,44195457280,44206481600,16711680,0,44223193280,model.language_model.layers.8.linear_attn.in_proj_z.weight,TRANSFORMED_LAYOUT,gdn,8,REQUIRED_INITIAL_TEXT,gdn,KQ-GGUF-RULE-CONVERTER-TRANSFORM-v1,KQ-GGUF-EVIDENCE-003
blk.8.attn_qkv.weight,2,2560x10240,26214400,8,Q8_0,32,34,8.5,44212168960,44223193280,27852800,0,44251046080,model.language_model.layers.8.linear_attn.in_proj_qkv.weight,TRANSFORMED_LAYOUT,gdn,8,REQUIRED_INITIAL_TEXT,gdn,KQ-GGUF-RULE-CONVERTER-TRANSFORM-v1,KQ-GGUF-EVIDENCE-003
blk.8.ffn_down_exps.weight,3,640x2560x512,838860800,7,Q5_1,32,24,6.0,44240021760,44251046080,629145600,0,44880191680,model.language_model.layers.8.mlp.experts.down_proj,RENAMED_ONE_TO_ONE,routed_experts,8,REQUIRED_INITIAL_TEXT,routed_experts,KQ-GGUF-RULE-TENSOR-NAME-v1,KQ-GGUF-EVIDENCE-002
blk.8.ffn_down_shexp.weight,2,640x2560,1638400,8,Q8_0,32,34,8.5,44869167360,44880191680,1740800,0,44881932480,model.language_model.layers.8.mlp.shared_expert.down_proj.weight,RENAMED_ONE_TO_ONE,shared_expert,8,REQUIRED_INITIAL_TEXT,shared_experts,KQ-GGUF-RULE-TENSOR-NAME-v1,KQ-GGUF-EVIDENCE-002
blk.8.ffn_gate_exps.weight,3,2560x640x512,838860800,12,Q4_K,256,144,4.5,44870908160,44881932480,471859200,0,45353791680,model.language_model.layers.8.mlp.experts.gate_up_proj,SPLIT_IN_GGUF,routed_experts,8,REQUIRED_INITIAL_TEXT,routed_experts,KQ-GGUF-RULE-MOE-SPLIT-v1,KQ-GGUF-EVIDENCE-004
blk.8.ffn_gate_inp.weight,2,2560x512,1310720,0,F32,1,4,32.0,45342767360,45353791680,5242880,0,45359034560,model.language_model.layers.8.mlp.gate.weight,RENAMED_ONE_TO_ONE,router,8,REQUIRED_INITIAL_TEXT,router,KQ-GGUF-RULE-TENSOR-NAME-v1,KQ-GGUF-EVIDENCE-002
blk.8.ffn_gate_inp_shexp.weight,1,2560,2560,0,F32,1,4,32.0,45348010240,45359034560,10240,0,45359044800,model.language_model.layers.8.mlp.shared_expert_gate.weight,RENAMED_ONE_TO_ONE,shared_expert,8,REQUIRED_INITIAL_TEXT,shared_experts,KQ-GGUF-RULE-TENSOR-NAME-v1,KQ-GGUF-EVIDENCE-002
blk.8.ffn_gate_shexp.weight,2,2560x640,1638400,8,Q8_0,32,34,8.5,45348020480,45359044800,1740800,0,45360785600,model.language_model.layers.8.mlp.shared_expert.gate_proj.weight,RENAMED_ONE_TO_ONE,shared_expert,8,REQUIRED_INITIAL_TEXT,shared_experts,KQ-GGUF-RULE-TENSOR-NAME-v1,KQ-GGUF-EVIDENCE-002
blk.8.ffn_up_exps.weight,3,2560x640x512,838860800,12,Q4_K,256,144,4.5,45349761280,45360785600,471859200,0,45832644800,model.language_model.layers.8.mlp.experts.gate_up_proj,SPLIT_IN_GGUF,routed_experts,8,REQUIRED_INITIAL_TEXT,routed_experts,KQ-GGUF-RULE-MOE-SPLIT-v1,KQ-GGUF-EVIDENCE-004
blk.8.ffn_up_shexp.weight,2,2560x640,1638400,8,Q8_0,32,34,8.5,45821620480,45832644800,1740800,0,45834385600,model.language_model.layers.8.mlp.shared_expert.up_proj.weight,RENAMED_ONE_TO_ONE,shared_expert,8,REQUIRED_INITIAL_TEXT,shared_experts,KQ-GGUF-RULE-TENSOR-NAME-v1,KQ-GGUF-EVIDENCE-002
blk.8.hc_attn_down.weight,2,10240x320,3276800,8,Q8_0,32,34,8.5,45823361280,45834385600,3481600,0,45837867200,model.language_model.layers.8.attn_hyper_connection.input_mix_weight_down.weight,RENAMED_ONE_TO_ONE,gated_residual,8,REQUIRED_INITIAL_TEXT,gated_residual,KQ-GGUF-RULE-TENSOR-NAME-v1,KQ-GGUF-EVIDENCE-002
blk.8.hc_attn_inject.weight,2,10240x4,40960,0,F32,1,4,32.0,45826842880,45837867200,163840,0,45838031040,model.language_model.layers.8.attn_hyper_connection.block_inject_weight.weight,RENAMED_ONE_TO_ONE,gated_residual,8,REQUIRED_INITIAL_TEXT,gated_residual,KQ-GGUF-RULE-TENSOR-NAME-v1,KQ-GGUF-EVIDENCE-002
blk.8.hc_attn_norm.weight,1,10240,10240,0,F32,1,4,32.0,45827006720,45838031040,40960,0,45838072000,model.language_model.layers.8.attn_hyper_connection.hc_norm.weight,RENAMED_ONE_TO_ONE,gated_residual,8,REQUIRED_INITIAL_TEXT,gated_residual,KQ-GGUF-RULE-TENSOR-NAME-v1,KQ-GGUF-EVIDENCE-002
blk.8.hc_attn_up.weight,2,320x10240,3276800,8,Q8_0,32,34,8.5,45827047680,45838072000,3481600,0,45841553600,model.language_model.layers.8.attn_hyper_connection.input_mix_weight_up.weight,RENAMED_ONE_TO_ONE,gated_residual,8,REQUIRED_INITIAL_TEXT,gated_residual,KQ-GGUF-RULE-TENSOR-NAME-v1,KQ-GGUF-EVIDENCE-002
blk.8.hc_ffn_down.weight,2,10240x320,3276800,8,Q8_0,32,34,8.5,45830529280,45841553600,3481600,0,45845035200,model.language_model.layers.8.mlp_hyper_connection.input_mix_weight_down.weight,RENAMED_ONE_TO_ONE,gated_residual,8,REQUIRED_INITIAL_TEXT,gated_residual,KQ-GGUF-RULE-TENSOR-NAME-v1,KQ-GGUF-EVIDENCE-002
blk.8.hc_ffn_inject.weight,2,10240x4,40960,0,F32,1,4,32.0,45834010880,45845035200,163840,0,45845199040,model.language_model.layers.8.mlp_hyper_connection.block_inject_weight.weight,RENAMED_ONE_TO_ONE,gated_residual,8,REQUIRED_INITIAL_TEXT,gated_residual,KQ-GGUF-RULE-TENSOR-NAME-v1,KQ-GGUF-EVIDENCE-002
blk.8.hc_ffn_norm.weight,1,10240,10240,0,F32,1,4,32.0,45834174720,45845199040,40960,0,45845240000,model.language_model.layers.8.mlp_hyper_connection.hc_norm.weight,RENAMED_ONE_TO_ONE,gated_residual,8,REQUIRED_INITIAL_TEXT,gated_residual,KQ-GGUF-RULE-TENSOR-NAME-v1,KQ-GGUF-EVIDENCE-002
blk.8.hc_ffn_up.weight,2,320x10240,3276800,8,Q8_0,32,34,8.5,45834215680,45845240000,3481600,0,45848721600,model.language_model.layers.8.mlp_hyper_connection.input_mix_weight_up.weight,RENAMED_ONE_TO_ONE,gated_residual,8,REQUIRED_INITIAL_TEXT,gated_residual,KQ-GGUF-RULE-TENSOR-NAME-v1,KQ-GGUF-EVIDENCE-002
blk.8.ssm_a,1,48,48,0,F32,1,4,32.0,45837697280,45848721600,192,0,45848721792,model.language_model.layers.8.linear_attn.A_log,TRANSFORMED_LAYOUT,gdn,8,REQUIRED_INITIAL_TEXT,gdn,KQ-GGUF-RULE-CONVERTER-TRANSFORM-v1,KQ-GGUF-EVIDENCE-003
blk.8.ssm_alpha.weight,2,2560x48,122880,0,F32,1,4,32.0,45837697472,45848721792,491520,0,45849213312,model.language_model.layers.8.linear_attn.in_proj_a.weight,TRANSFORMED_LAYOUT,gdn,8,REQUIRED_INITIAL_TEXT,gdn,KQ-GGUF-RULE-CONVERTER-TRANSFORM-v1,KQ-GGUF-EVIDENCE-003
blk.8.ssm_beta.weight,2,2560x48,122880,0,F32,1,4,32.0,45838188992,45849213312,491520,0,45849704832,model.language_model.layers.8.linear_attn.in_proj_b.weight,TRANSFORMED_LAYOUT,gdn,8,REQUIRED_INITIAL_TEXT,gdn,KQ-GGUF-RULE-CONVERTER-TRANSFORM-v1,KQ-GGUF-EVIDENCE-003
blk.8.ssm_conv1d.weight,2,4x10240,40960,0,F32,1,4,32.0,45838680512,45849704832,163840,0,45849868672,model.language_model.layers.8.linear_attn.conv1d.weight,TRANSFORMED_LAYOUT,gdn,8,REQUIRED_INITIAL_TEXT,gdn,KQ-GGUF-RULE-CONVERTER-TRANSFORM-v1,KQ-GGUF-EVIDENCE-003
blk.8.ssm_dt.bias,1,48,48,0,F32,1,4,32.0,45838844352,45849868672,192,0,45849868864,model.language_model.layers.8.linear_attn.dt_bias,RENAMED_ONE_TO_ONE,gdn,8,REQUIRED_INITIAL_TEXT,gdn,KQ-GGUF-RULE-TENSOR-NAME-v1,KQ-GGUF-EVIDENCE-002
blk.8.ssm_norm.weight,1,128,128,0,F32,1,4,32.0,45838844544,45849868864,512,0,45849869376,model.language_model.layers.8.linear_attn.norm.weight,RENAMED_ONE_TO_ONE,gdn,8,REQUIRED_INITIAL_TEXT,gdn,KQ-GGUF-RULE-TENSOR-NAME-v1,KQ-GGUF-EVIDENCE-002
blk.8.ssm_out.weight,2,6144x2560,15728640,8,Q8_0,32,34,8.5,45838845056,45849869376,16711680,0,45866581056,model.language_model.layers.8.linear_attn.out_proj.weight,TRANSFORMED_LAYOUT,gdn,8,REQUIRED_INITIAL_TEXT,gdn,KQ-GGUF-RULE-CONVERTER-TRANSFORM-v1,KQ-GGUF-EVIDENCE-003
blk.9.attn_gate.weight,2,2560x6144,15728640,8,Q8_0,32,34,8.5,45855556736,45866581056,16711680,0,45883292736,model.language_model.layers.9.linear_attn.in_proj_z.weight,TRANSFORMED_LAYOUT,gdn,9,REQUIRED_INITIAL_TEXT,gdn,KQ-GGUF-RULE-CONVERTER-TRANSFORM-v1,KQ-GGUF-EVIDENCE-003
blk.9.attn_qkv.weight,2,2560x10240,26214400,8,Q8_0,32,34,8.5,45872268416,45883292736,27852800,0,45911145536,model.language_model.layers.9.linear_attn.in_proj_qkv.weight,TRANSFORMED_LAYOUT,gdn,9,REQUIRED_INITIAL_TEXT,gdn,KQ-GGUF-RULE-CONVERTER-TRANSFORM-v1,KQ-GGUF-EVIDENCE-003
blk.9.ffn_down_exps.weight,3,640x2560x512,838860800,7,Q5_1,32,24,6.0,45900121216,45911145536,629145600,0,46540291136,model.language_model.layers.9.mlp.experts.down_proj,RENAMED_ONE_TO_ONE,routed_experts,9,REQUIRED_INITIAL_TEXT,routed_experts,KQ-GGUF-RULE-TENSOR-NAME-v1,KQ-GGUF-EVIDENCE-002
blk.9.ffn_down_shexp.weight,2,640x2560,1638400,8,Q8_0,32,34,8.5,46529266816,46540291136,1740800,0,46542031936,model.language_model.layers.9.mlp.shared_expert.down_proj.weight,RENAMED_ONE_TO_ONE,shared_expert,9,REQUIRED_INITIAL_TEXT,shared_experts,KQ-GGUF-RULE-TENSOR-NAME-v1,KQ-GGUF-EVIDENCE-002
blk.9.ffn_gate_exps.weight,3,2560x640x512,838860800,12,Q4_K,256,144,4.5,46531007616,46542031936,471859200,0,47013891136,model.language_model.layers.9.mlp.experts.gate_up_proj,SPLIT_IN_GGUF,routed_experts,9,REQUIRED_INITIAL_TEXT,routed_experts,KQ-GGUF-RULE-MOE-SPLIT-v1,KQ-GGUF-EVIDENCE-004
blk.9.ffn_gate_inp.weight,2,2560x512,1310720,0,F32,1,4,32.0,47002866816,47013891136,5242880,0,47019134016,model.language_model.layers.9.mlp.gate.weight,RENAMED_ONE_TO_ONE,router,9,REQUIRED_INITIAL_TEXT,router,KQ-GGUF-RULE-TENSOR-NAME-v1,KQ-GGUF-EVIDENCE-002
blk.9.ffn_gate_inp_shexp.weight,1,2560,2560,0,F32,1,4,32.0,47008109696,47019134016,10240,0,47019144256,model.language_model.layers.9.mlp.shared_expert_gate.weight,RENAMED_ONE_TO_ONE,shared_expert,9,REQUIRED_INITIAL_TEXT,shared_experts,KQ-GGUF-RULE-TENSOR-NAME-v1,KQ-GGUF-EVIDENCE-002
blk.9.ffn_gate_shexp.weight,2,2560x640,1638400,8,Q8_0,32,34,8.5,47008119936,47019144256,1740800,0,47020885056,model.language_model.layers.9.mlp.shared_expert.gate_proj.weight,RENAMED_ONE_TO_ONE,shared_expert,9,REQUIRED_INITIAL_TEXT,shared_experts,KQ-GGUF-RULE-TENSOR-NAME-v1,KQ-GGUF-EVIDENCE-002
blk.9.ffn_up_exps.weight,3,2560x640x512,838860800,12,Q4_K,256,144,4.5,47009860736,47020885056,471859200,0,47492744256,model.language_model.layers.9.mlp.experts.gate_up_proj,SPLIT_IN_GGUF,routed_experts,9,REQUIRED_INITIAL_TEXT,routed_experts,KQ-GGUF-RULE-MOE-SPLIT-v1,KQ-GGUF-EVIDENCE-004
blk.9.ffn_up_shexp.weight,2,2560x640,1638400,8,Q8_0,32,34,8.5,47481719936,47492744256,1740800,0,47494485056,model.language_model.layers.9.mlp.shared_expert.up_proj.weight,RENAMED_ONE_TO_ONE,shared_expert,9,REQUIRED_INITIAL_TEXT,shared_experts,KQ-GGUF-RULE-TENSOR-NAME-v1,KQ-GGUF-EVIDENCE-002
blk.9.hc_attn_down.weight,2,10240x320,3276800,8,Q8_0,32,34,8.5,47483460736,47494485056,3481600,0,47497966656,model.language_model.layers.9.attn_hyper_connection.input_mix_weight_down.weight,RENAMED_ONE_TO_ONE,gated_residual,9,REQUIRED_INITIAL_TEXT,gated_residual,KQ-GGUF-RULE-TENSOR-NAME-v1,KQ-GGUF-EVIDENCE-002
blk.9.hc_attn_inject.weight,2,10240x4,40960,0,F32,1,4,32.0,47486942336,47497966656,163840,0,47498130496,model.language_model.layers.9.attn_hyper_connection.block_inject_weight.weight,RENAMED_ONE_TO_ONE,gated_residual,9,REQUIRED_INITIAL_TEXT,gated_residual,KQ-GGUF-RULE-TENSOR-NAME-v1,KQ-GGUF-EVIDENCE-002
blk.9.hc_attn_norm.weight,1,10240,10240,0,F32,1,4,32.0,47487106176,47498130496,40960,0,47498171456,model.language_model.layers.9.attn_hyper_connection.hc_norm.weight,RENAMED_ONE_TO_ONE,gated_residual,9,REQUIRED_INITIAL_TEXT,gated_residual,KQ-GGUF-RULE-TENSOR-NAME-v1,KQ-GGUF-EVIDENCE-002
blk.9.hc_attn_up.weight,2,320x10240,3276800,8,Q8_0,32,34,8.5,47487147136,47498171456,3481600,0,47501653056,model.language_model.layers.9.attn_hyper_connection.input_mix_weight_up.weight,RENAMED_ONE_TO_ONE,gated_residual,9,REQUIRED_INITIAL_TEXT,gated_residual,KQ-GGUF-RULE-TENSOR-NAME-v1,KQ-GGUF-EVIDENCE-002
blk.9.hc_ffn_down.weight,2,10240x320,3276800,8,Q8_0,32,34,8.5,47490628736,47501653056,3481600,0,47505134656,model.language_model.layers.9.mlp_hyper_connection.input_mix_weight_down.weight,RENAMED_ONE_TO_ONE,gated_residual,9,REQUIRED_INITIAL_TEXT,gated_residual,KQ-GGUF-RULE-TENSOR-NAME-v1,KQ-GGUF-EVIDENCE-002
blk.9.hc_ffn_inject.weight,2,10240x4,40960,0,F32,1,4,32.0,47494110336,47505134656,163840,0,47505298496,model.language_model.layers.9.mlp_hyper_connection.block_inject_weight.weight,RENAMED_ONE_TO_ONE,gated_residual,9,REQUIRED_INITIAL_TEXT,gated_residual,KQ-GGUF-RULE-TENSOR-NAME-v1,KQ-GGUF-EVIDENCE-002
blk.9.hc_ffn_norm.weight,1,10240,10240,0,F32,1,4,32.0,47494274176,47505298496,40960,0,47505339456,model.language_model.layers.9.mlp_hyper_connection.hc_norm.weight,RENAMED_ONE_TO_ONE,gated_residual,9,REQUIRED_INITIAL_TEXT,gated_residual,KQ-GGUF-RULE-TENSOR-NAME-v1,KQ-GGUF-EVIDENCE-002
blk.9.hc_ffn_up.weight,2,320x10240,3276800,8,Q8_0,32,34,8.5,47494315136,47505339456,3481600,0,47508821056,model.language_model.layers.9.mlp_hyper_connection.input_mix_weight_up.weight,RENAMED_ONE_TO_ONE,gated_residual,9,REQUIRED_INITIAL_TEXT,gated_residual,KQ-GGUF-RULE-TENSOR-NAME-v1,KQ-GGUF-EVIDENCE-002
blk.9.ssm_a,1,48,48,0,F32,1,4,32.0,47497796736,47508821056,192,0,47508821248,model.language_model.layers.9.linear_attn.A_log,TRANSFORMED_LAYOUT,gdn,9,REQUIRED_INITIAL_TEXT,gdn,KQ-GGUF-RULE-CONVERTER-TRANSFORM-v1,KQ-GGUF-EVIDENCE-003
blk.9.ssm_alpha.weight,2,2560x48,122880,0,F32,1,4,32.0,47497796928,47508821248,491520,0,47509312768,model.language_model.layers.9.linear_attn.in_proj_a.weight,TRANSFORMED_LAYOUT,gdn,9,REQUIRED_INITIAL_TEXT,gdn,KQ-GGUF-RULE-CONVERTER-TRANSFORM-v1,KQ-GGUF-EVIDENCE-003
blk.9.ssm_beta.weight,2,2560x48,122880,0,F32,1,4,32.0,47498288448,47509312768,491520,0,47509804288,model.language_model.layers.9.linear_attn.in_proj_b.weight,TRANSFORMED_LAYOUT,gdn,9,REQUIRED_INITIAL_TEXT,gdn,KQ-GGUF-RULE-CONVERTER-TRANSFORM-v1,KQ-GGUF-EVIDENCE-003
blk.9.ssm_conv1d.weight,2,4x10240,40960,0,F32,1,4,32.0,47498779968,47509804288,163840,0,47509968128,model.language_model.layers.9.linear_attn.conv1d.weight,TRANSFORMED_LAYOUT,gdn,9,REQUIRED_INITIAL_TEXT,gdn,KQ-GGUF-RULE-CONVERTER-TRANSFORM-v1,KQ-GGUF-EVIDENCE-003
blk.9.ssm_dt.bias,1,48,48,0,F32,1,4,32.0,47498943808,47509968128,192,0,47509968320,model.language_model.layers.9.linear_attn.dt_bias,RENAMED_ONE_TO_ONE,gdn,9,REQUIRED_INITIAL_TEXT,gdn,KQ-GGUF-RULE-TENSOR-NAME-v1,KQ-GGUF-EVIDENCE-002
blk.9.ssm_norm.weight,1,128,128,0,F32,1,4,32.0,47498944000,47509968320,512,0,47509968832,model.language_model.layers.9.linear_attn.norm.weight,RENAMED_ONE_TO_ONE,gdn,9,REQUIRED_INITIAL_TEXT,gdn,KQ-GGUF-RULE-TENSOR-NAME-v1,KQ-GGUF-EVIDENCE-002
blk.9.ssm_out.weight,2,6144x2560,15728640,8,Q8_0,32,34,8.5,47498944512,47509968832,16711680,0,47526680512,model.language_model.layers.9.linear_attn.out_proj.weight,TRANSFORMED_LAYOUT,gdn,9,REQUIRED_INITIAL_TEXT,gdn,KQ-GGUF-RULE-CONVERTER-TRANSFORM-v1,KQ-GGUF-EVIDENCE-003
output.weight,2,2560x248320,635699200,8,Q8_0,32,34,8.5,0,11024320,675430400,0,686454720,lm_head.weight,RENAMED_ONE_TO_ONE,lm_head,,REQUIRED_INITIAL_TEXT,lm_head,KQ-GGUF-RULE-TENSOR-NAME-v1,KQ-GGUF-EVIDENCE-002
output_hc_down.weight,2,10240x320,3276800,8,Q8_0,32,34,8.5,675430400,686454720,3481600,0,689936320,model.language_model.hyper_connection_mixer.input_mix_weight_down.weight,RENAMED_ONE_TO_ONE,final_gated_residual,,REQUIRED_INITIAL_TEXT,gated_residual,KQ-GGUF-RULE-TENSOR-NAME-v1,KQ-GGUF-EVIDENCE-002
output_hc_norm.weight,1,10240,10240,0,F32,1,4,32.0,678912000,689936320,40960,0,689977280,model.language_model.hyper_connection_mixer.hc_norm.weight,RENAMED_ONE_TO_ONE,final_gated_residual,,REQUIRED_INITIAL_TEXT,gated_residual,KQ-GGUF-RULE-TENSOR-NAME-v1,KQ-GGUF-EVIDENCE-002
output_hc_up.weight,2,320x10240,3276800,8,Q8_0,32,34,8.5,678952960,689977280,3481600,0,693458880,model.language_model.hyper_connection_mixer.input_mix_weight_up.weight,RENAMED_ONE_TO_ONE,final_gated_residual,,REQUIRED_INITIAL_TEXT,gated_residual,KQ-GGUF-RULE-TENSOR-NAME-v1,KQ-GGUF-EVIDENCE-002
per_layer_token_embd.weight,2,160x320001536,51200245760,20,IQ4_NL,32,18,4.5,682434560,693458880,28800138240,0,29493597120,model.language_model.layers.1.ple.ple_embedding.ngram_embedding.shard_0.weight;model.language_model.layers.1.ple.ple_embedding.ngram_embedding.shard_1.weight;model.language_model.layers.1.ple.ple_embedding.ngram_embedding.shard_10.weight;model.language_model.layers.1.ple.ple_embedding.ngram_embedding.shard_100.weight;model.language_model.layers.1.ple.ple_embedding.ngram_embedding.shard_101.weight;model.language_model.layers.1.ple.ple_embedding.ngram_embedding.shard_102.weight;model.language_model.layers.1.ple.ple_embedding.ngram_embedding.shard_103.weight;model.language_model.layers.1.ple.ple_embedding.ngram_embedding.shard_104.weight;model.language_model.layers.1.ple.ple_embedding.ngram_embedding.shard_105.weight;model.language_model.layers.1.ple.ple_embedding.ngram_embedding.shard_106.weight;model.language_model.layers.1.ple.ple_embedding.ngram_embedding.shard_107.weight;model.language_model.layers.1.ple.ple_embedding.ngram_embedding.shard_108.weight;model.language_model.layers.1.ple.ple_embedding.ngram_embedding.shard_109.weight;model.language_model.layers.1.ple.ple_embedding.ngram_embedding.shard_11.weight;model.language_model.layers.1.ple.ple_embedding.ngram_embedding.shard_110.weight;model.language_model.layers.1.ple.ple_embedding.ngram_embedding.shard_111.weight;model.language_model.layers.1.ple.ple_embedding.ngram_embedding.shard_112.weight;model.language_model.layers.1.ple.ple_embedding.ngram_embedding.shard_113.weight;model.language_model.layers.1.ple.ple_embedding.ngram_embedding.shard_114.weight;model.language_model.layers.1.ple.ple_embedding.ngram_embedding.shard_115.weight;model.language_model.layers.1.ple.ple_embedding.ngram_embedding.shard_116.weight;model.language_model.layers.1.ple.ple_embedding.ngram_embedding.shard_117.weight;model.language_model.layers.1.ple.ple_embedding.ngram_embedding.shard_118.weight;model.language_model.layers.1.ple.ple_embedding.ngram_embedding.shard_119.weight;model.language_model.layers.1.ple.ple_embedding.ngram_embedding.shard_12.weight;model.language_model.layers.1.ple.ple_embedding.ngram_embedding.shard_120.weight;model.language_model.layers.1.ple.ple_embedding.ngram_embedding.shard_121.weight;model.language_model.layers.1.ple.ple_embedding.ngram_embedding.shard_122.weight;model.language_model.layers.1.ple.ple_embedding.ngram_embedding.shard_123.weight;model.language_model.layers.1.ple.ple_embedding.ngram_embedding.shard_124.weight;model.language_model.layers.1.ple.ple_embedding.ngram_embedding.shard_125.weight;model.language_model.layers.1.ple.ple_embedding.ngram_embedding.shard_126.weight;model.language_model.layers.1.ple.ple_embedding.ngram_embedding.shard_127.weight;model.language_model.layers.1.ple.ple_embedding.ngram_embedding.shard_13.weight;model.language_model.layers.1.ple.ple_embedding.ngram_embedding.shard_14.weight;model.language_model.layers.1.ple.ple_embedding.ngram_embedding.shard_15.weight;model.language_model.layers.1.ple.ple_embedding.ngram_embedding.shard_16.weight;model.language_model.layers.1.ple.ple_embedding.ngram_embedding.shard_17.weight;model.language_model.layers.1.ple.ple_embedding.ngram_embedding.shard_18.weight;model.language_model.layers.1.ple.ple_embedding.ngram_embedding.shard_19.weight;model.language_model.layers.1.ple.ple_embedding.ngram_embedding.shard_2.weight;model.language_model.layers.1.ple.ple_embedding.ngram_embedding.shard_20.weight;model.language_model.layers.1.ple.ple_embedding.ngram_embedding.shard_21.weight;model.language_model.layers.1.ple.ple_embedding.ngram_embedding.shard_22.weight;model.language_model.layers.1.ple.ple_embedding.ngram_embedding.shard_23.weight;model.language_model.layers.1.ple.ple_embedding.ngram_embedding.shard_24.weight;model.language_model.layers.1.ple.ple_embedding.ngram_embedding.shard_25.weight;model.language_model.layers.1.ple.ple_embedding.ngram_embedding.shard_26.weight;model.language_model.layers.1.ple.ple_embedding.ngram_embedding.shard_27.weight;model.language_model.layers.1.ple.ple_embedding.ngram_embedding.shard_28.weight;model.language_model.layers.1.ple.ple_embedding.ngram_embedding.shard_29.weight;model.language_model.layers.1.ple.ple_embedding.ngram_embedding.shard_3.weight;model.language_model.layers.1.ple.ple_embedding.ngram_embedding.shard_30.weight;model.language_model.layers.1.ple.ple_embedding.ngram_embedding.shard_31.weight;model.language_model.layers.1.ple.ple_embedding.ngram_embedding.shard_32.weight;model.language_model.layers.1.ple.ple_embedding.ngram_embedding.shard_33.weight;model.language_model.layers.1.ple.ple_embedding.ngram_embedding.shard_34.weight;model.language_model.layers.1.ple.ple_embedding.ngram_embedding.shard_35.weight;model.language_model.layers.1.ple.ple_embedding.ngram_embedding.shard_36.weight;model.language_model.layers.1.ple.ple_embedding.ngram_embedding.shard_37.weight;model.language_model.layers.1.ple.ple_embedding.ngram_embedding.shard_38.weight;model.language_model.layers.1.ple.ple_embedding.ngram_embedding.shard_39.weight;model.language_model.layers.1.ple.ple_embedding.ngram_embedding.shard_4.weight;model.language_model.layers.1.ple.ple_embedding.ngram_embedding.shard_40.weight;model.language_model.layers.1.ple.ple_embedding.ngram_embedding.shard_41.weight;model.language_model.layers.1.ple.ple_embedding.ngram_embedding.shard_42.weight;model.language_model.layers.1.ple.ple_embedding.ngram_embedding.shard_43.weight;model.language_model.layers.1.ple.ple_embedding.ngram_embedding.shard_44.weight;model.language_model.layers.1.ple.ple_embedding.ngram_embedding.shard_45.weight;model.language_model.layers.1.ple.ple_embedding.ngram_embedding.shard_46.weight;model.language_model.layers.1.ple.ple_embedding.ngram_embedding.shard_47.weight;model.language_model.layers.1.ple.ple_embedding.ngram_embedding.shard_48.weight;model.language_model.layers.1.ple.ple_embedding.ngram_embedding.shard_49.weight;model.language_model.layers.1.ple.ple_embedding.ngram_embedding.shard_5.weight;model.language_model.layers.1.ple.ple_embedding.ngram_embedding.shard_50.weight;model.language_model.layers.1.ple.ple_embedding.ngram_embedding.shard_51.weight;model.language_model.layers.1.ple.ple_embedding.ngram_embedding.shard_52.weight;model.language_model.layers.1.ple.ple_embedding.ngram_embedding.shard_53.weight;model.language_model.layers.1.ple.ple_embedding.ngram_embedding.shard_54.weight;model.language_model.layers.1.ple.ple_embedding.ngram_embedding.shard_55.weight;model.language_model.layers.1.ple.ple_embedding.ngram_embedding.shard_56.weight;model.language_model.layers.1.ple.ple_embedding.ngram_embedding.shard_57.weight;model.language_model.layers.1.ple.ple_embedding.ngram_embedding.shard_58.weight;model.language_model.layers.1.ple.ple_embedding.ngram_embedding.shard_59.weight;model.language_model.layers.1.ple.ple_embedding.ngram_embedding.shard_6.weight;model.language_model.layers.1.ple.ple_embedding.ngram_embedding.shard_60.weight;model.language_model.layers.1.ple.ple_embedding.ngram_embedding.shard_61.weight;model.language_model.layers.1.ple.ple_embedding.ngram_embedding.shard_62.weight;model.language_model.layers.1.ple.ple_embedding.ngram_embedding.shard_63.weight;model.language_model.layers.1.ple.ple_embedding.ngram_embedding.shard_64.weight;model.language_model.layers.1.ple.ple_embedding.ngram_embedding.shard_65.weight;model.language_model.layers.1.ple.ple_embedding.ngram_embedding.shard_66.weight;model.language_model.layers.1.ple.ple_embedding.ngram_embedding.shard_67.weight;model.language_model.layers.1.ple.ple_embedding.ngram_embedding.shard_68.weight;model.language_model.layers.1.ple.ple_embedding.ngram_embedding.shard_69.weight;model.language_model.layers.1.ple.ple_embedding.ngram_embedding.shard_7.weight;model.language_model.layers.1.ple.ple_embedding.ngram_embedding.shard_70.weight;model.language_model.layers.1.ple.ple_embedding.ngram_embedding.shard_71.weight;model.language_model.layers.1.ple.ple_embedding.ngram_embedding.shard_72.weight;model.language_model.layers.1.ple.ple_embedding.ngram_embedding.shard_73.weight;model.language_model.layers.1.ple.ple_embedding.ngram_embedding.shard_74.weight;model.language_model.layers.1.ple.ple_embedding.ngram_embedding.shard_75.weight;model.language_model.layers.1.ple.ple_embedding.ngram_embedding.shard_76.weight;model.language_model.layers.1.ple.ple_embedding.ngram_embedding.shard_77.weight;model.language_model.layers.1.ple.ple_embedding.ngram_embedding.shard_78.weight;model.language_model.layers.1.ple.ple_embedding.ngram_embedding.shard_79.weight;model.language_model.layers.1.ple.ple_embedding.ngram_embedding.shard_8.weight;model.language_model.layers.1.ple.ple_embedding.ngram_embedding.shard_80.weight;model.language_model.layers.1.ple.ple_embedding.ngram_embedding.shard_81.weight;model.language_model.layers.1.ple.ple_embedding.ngram_embedding.shard_82.weight;model.language_model.layers.1.ple.ple_embedding.ngram_embedding.shard_83.weight;model.language_model.layers.1.ple.ple_embedding.ngram_embedding.shard_84.weight;model.language_model.layers.1.ple.ple_embedding.ngram_embedding.shard_85.weight;model.language_model.layers.1.ple.ple_embedding.ngram_embedding.shard_86.weight;model.language_model.layers.1.ple.ple_embedding.ngram_embedding.shard_87.weight;model.language_model.layers.1.ple.ple_embedding.ngram_embedding.shard_88.weight;model.language_model.layers.1.ple.ple_embedding.ngram_embedding.shard_89.weight;model.language_model.layers.1.ple.ple_embedding.ngram_embedding.shard_9.weight;model.language_model.layers.1.ple.ple_embedding.ngram_embedding.shard_90.weight;model.language_model.layers.1.ple.ple_embedding.ngram_embedding.shard_91.weight;model.language_model.layers.1.ple.ple_embedding.ngram_embedding.shard_92.weight;model.language_model.layers.1.ple.ple_embedding.ngram_embedding.shard_93.weight;model.language_model.layers.1.ple.ple_embedding.ngram_embedding.shard_94.weight;model.language_model.layers.1.ple.ple_embedding.ngram_embedding.shard_95.weight;model.language_model.layers.1.ple.ple_embedding.ngram_embedding.shard_96.weight;model.language_model.layers.1.ple.ple_embedding.ngram_embedding.shard_97.weight;model.language_model.layers.1.ple.ple_embedding.ngram_embedding.shard_98.weight;model.language_model.layers.1.ple.ple_embedding.ngram_embedding.shard_99.weight,FUSED_INTO_GGUF,ple_embedding_table,1,REQUIRED_INITIAL_TEXT,ple,KQ-GGUF-RULE-PLE-FUSION-v1,KQ-GGUF-EVIDENCE-003
token_embd.weight,2,2560x248320,635699200,8,Q8_0,32,34,8.5,29482572800,29493597120,675430400,0,30169027520,model.language_model.embed_tokens.weight,RENAMED_ONE_TO_ONE,token_embedding,,REQUIRED_INITIAL_TEXT,token_embedding,KQ-GGUF-RULE-TENSOR-NAME-v1,KQ-GGUF-EVIDENCE-002
