tensor_name,shard,dtype,shape,rank,parameter_count,payload_bytes,subsystem,component,layer_id,expert_id,initial_text_scope,classification_rule,placement_candidate,notes
lm_head.weight,model-00131-of-00131.safetensors,BF16,248320x2560,2,635699200,1271398400,text,lm_head,,,REQUIRED_INITIAL_TEXT,KQ-TENSOR-CLASSIFICATION-v1:lm_head,ALWAYS_NEEDED_CANDIDATE,
model.language_model.embed_tokens.weight,model-00130-of-00131.safetensors,BF16,248320x2560,2,635699200,1271398400,text,token_embedding,,,REQUIRED_INITIAL_TEXT,KQ-TENSOR-CLASSIFICATION-v1:token_embedding,ALWAYS_NEEDED_CANDIDATE,
model.language_model.hyper_connection_mixer.hc_norm.weight,model-00001-of-00131.safetensors,BF16,10240,1,10240,20480,text,final_gated_residual,,,REQUIRED_INITIAL_TEXT,KQ-TENSOR-CLASSIFICATION-v1:final_gated_residual,ALWAYS_NEEDED_CANDIDATE,
model.language_model.hyper_connection_mixer.input_mix_weight_down.weight,model-00001-of-00131.safetensors,BF16,320x10240,2,3276800,6553600,text,final_gated_residual,,,REQUIRED_INITIAL_TEXT,KQ-TENSOR-CLASSIFICATION-v1:final_gated_residual,ALWAYS_NEEDED_CANDIDATE,
model.language_model.hyper_connection_mixer.input_mix_weight_up.weight,model-00001-of-00131.safetensors,BF16,10240x320,2,3276800,6553600,text,final_gated_residual,,,REQUIRED_INITIAL_TEXT,KQ-TENSOR-CLASSIFICATION-v1:final_gated_residual,ALWAYS_NEEDED_CANDIDATE,
model.language_model.layers.0.attn_hyper_connection.block_inject_weight.weight,model-00001-of-00131.safetensors,BF16,4x10240,2,40960,81920,text,gated_residual,0,,REQUIRED_INITIAL_TEXT,KQ-TENSOR-CLASSIFICATION-v1:gated_residual,ALWAYS_NEEDED_CANDIDATE,
model.language_model.layers.0.attn_hyper_connection.hc_norm.weight,model-00001-of-00131.safetensors,BF16,10240,1,10240,20480,text,gated_residual,0,,REQUIRED_INITIAL_TEXT,KQ-TENSOR-CLASSIFICATION-v1:gated_residual,ALWAYS_NEEDED_CANDIDATE,
model.language_model.layers.0.attn_hyper_connection.input_mix_weight_down.weight,model-00001-of-00131.safetensors,BF16,320x10240,2,3276800,6553600,text,gated_residual,0,,REQUIRED_INITIAL_TEXT,KQ-TENSOR-CLASSIFICATION-v1:gated_residual,ALWAYS_NEEDED_CANDIDATE,
model.language_model.layers.0.attn_hyper_connection.input_mix_weight_up.weight,model-00001-of-00131.safetensors,BF16,10240x320,2,3276800,6553600,text,gated_residual,0,,REQUIRED_INITIAL_TEXT,KQ-TENSOR-CLASSIFICATION-v1:gated_residual,ALWAYS_NEEDED_CANDIDATE,
model.language_model.layers.0.linear_attn.A_log,model-00001-of-00131.safetensors,BF16,48,1,48,96,text,gdn,0,,REQUIRED_INITIAL_TEXT,KQ-TENSOR-CLASSIFICATION-v1:gdn,ALWAYS_NEEDED_CANDIDATE,
model.language_model.layers.0.linear_attn.conv1d.weight,model-00001-of-00131.safetensors,BF16,10240x1x4,3,40960,81920,text,gdn,0,,REQUIRED_INITIAL_TEXT,KQ-TENSOR-CLASSIFICATION-v1:gdn,ALWAYS_NEEDED_CANDIDATE,
model.language_model.layers.0.linear_attn.dt_bias,model-00001-of-00131.safetensors,BF16,48,1,48,96,text,gdn,0,,REQUIRED_INITIAL_TEXT,KQ-TENSOR-CLASSIFICATION-v1:gdn,ALWAYS_NEEDED_CANDIDATE,
model.language_model.layers.0.linear_attn.in_proj_a.weight,model-00001-of-00131.safetensors,BF16,48x2560,2,122880,245760,text,gdn,0,,REQUIRED_INITIAL_TEXT,KQ-TENSOR-CLASSIFICATION-v1:gdn,ALWAYS_NEEDED_CANDIDATE,
model.language_model.layers.0.linear_attn.in_proj_b.weight,model-00001-of-00131.safetensors,BF16,48x2560,2,122880,245760,text,gdn,0,,REQUIRED_INITIAL_TEXT,KQ-TENSOR-CLASSIFICATION-v1:gdn,ALWAYS_NEEDED_CANDIDATE,
model.language_model.layers.0.linear_attn.in_proj_qkv.weight,model-00001-of-00131.safetensors,BF16,10240x2560,2,26214400,52428800,text,gdn,0,,REQUIRED_INITIAL_TEXT,KQ-TENSOR-CLASSIFICATION-v1:gdn,ALWAYS_NEEDED_CANDIDATE,
model.language_model.layers.0.linear_attn.in_proj_z.weight,model-00001-of-00131.safetensors,BF16,6144x2560,2,15728640,31457280,text,gdn,0,,REQUIRED_INITIAL_TEXT,KQ-TENSOR-CLASSIFICATION-v1:gdn,ALWAYS_NEEDED_CANDIDATE,
model.language_model.layers.0.linear_attn.norm.weight,model-00001-of-00131.safetensors,BF16,128,1,128,256,text,gdn,0,,REQUIRED_INITIAL_TEXT,KQ-TENSOR-CLASSIFICATION-v1:gdn,ALWAYS_NEEDED_CANDIDATE,
model.language_model.layers.0.linear_attn.out_proj.weight,model-00001-of-00131.safetensors,BF16,2560x6144,2,15728640,31457280,text,gdn,0,,REQUIRED_INITIAL_TEXT,KQ-TENSOR-CLASSIFICATION-v1:gdn,ALWAYS_NEEDED_CANDIDATE,
model.language_model.layers.0.mlp.experts.down_proj,model-00003-of-00131.safetensors,BF16,512x2560x640,3,838860800,1677721600,text,routed_experts,0,STACKED_0_511,REQUIRED_INITIAL_TEXT,KQ-TENSOR-CLASSIFICATION-v1:routed_experts,ROUTED_EXPERT_CACHE_CANDIDATE,canonical tensor stacks all 512 routed experts
model.language_model.layers.0.mlp.experts.gate_up_proj,model-00002-of-00131.safetensors,BF16,512x1280x2560,3,1677721600,3355443200,text,routed_experts,0,STACKED_0_511,REQUIRED_INITIAL_TEXT,KQ-TENSOR-CLASSIFICATION-v1:routed_experts,ROUTED_EXPERT_CACHE_CANDIDATE,canonical tensor stacks all 512 routed experts
model.language_model.layers.0.mlp.gate.weight,model-00003-of-00131.safetensors,BF16,512x2560,2,1310720,2621440,text,router,0,,REQUIRED_INITIAL_TEXT,KQ-TENSOR-CLASSIFICATION-v1:router,ALWAYS_NEEDED_CANDIDATE,
model.language_model.layers.0.mlp.shared_expert.down_proj.weight,model-00003-of-00131.safetensors,BF16,2560x640,2,1638400,3276800,text,shared_expert,0,,REQUIRED_INITIAL_TEXT,KQ-TENSOR-CLASSIFICATION-v1:shared_expert,ALWAYS_NEEDED_CANDIDATE,
model.language_model.layers.0.mlp.shared_expert.gate_proj.weight,model-00003-of-00131.safetensors,BF16,640x2560,2,1638400,3276800,text,shared_expert,0,,REQUIRED_INITIAL_TEXT,KQ-TENSOR-CLASSIFICATION-v1:shared_expert,ALWAYS_NEEDED_CANDIDATE,
model.language_model.layers.0.mlp.shared_expert.up_proj.weight,model-00003-of-00131.safetensors,BF16,640x2560,2,1638400,3276800,text,shared_expert,0,,REQUIRED_INITIAL_TEXT,KQ-TENSOR-CLASSIFICATION-v1:shared_expert,ALWAYS_NEEDED_CANDIDATE,
model.language_model.layers.0.mlp.shared_expert_gate.weight,model-00003-of-00131.safetensors,BF16,1x2560,2,2560,5120,text,shared_expert,0,,REQUIRED_INITIAL_TEXT,KQ-TENSOR-CLASSIFICATION-v1:shared_expert,ALWAYS_NEEDED_CANDIDATE,
model.language_model.layers.0.mlp_hyper_connection.block_inject_weight.weight,model-00003-of-00131.safetensors,BF16,4x10240,2,40960,81920,text,gated_residual,0,,REQUIRED_INITIAL_TEXT,KQ-TENSOR-CLASSIFICATION-v1:gated_residual,ALWAYS_NEEDED_CANDIDATE,
model.language_model.layers.0.mlp_hyper_connection.hc_norm.weight,model-00003-of-00131.safetensors,BF16,10240,1,10240,20480,text,gated_residual,0,,REQUIRED_INITIAL_TEXT,KQ-TENSOR-CLASSIFICATION-v1:gated_residual,ALWAYS_NEEDED_CANDIDATE,
model.language_model.layers.0.mlp_hyper_connection.input_mix_weight_down.weight,model-00003-of-00131.safetensors,BF16,320x10240,2,3276800,6553600,text,gated_residual,0,,REQUIRED_INITIAL_TEXT,KQ-TENSOR-CLASSIFICATION-v1:gated_residual,ALWAYS_NEEDED_CANDIDATE,
model.language_model.layers.0.mlp_hyper_connection.input_mix_weight_up.weight,model-00003-of-00131.safetensors,BF16,10240x320,2,3276800,6553600,text,gated_residual,0,,REQUIRED_INITIAL_TEXT,KQ-TENSOR-CLASSIFICATION-v1:gated_residual,ALWAYS_NEEDED_CANDIDATE,
model.language_model.layers.1.attn_hyper_connection.block_inject_weight.weight,model-00003-of-00131.safetensors,BF16,4x10240,2,40960,81920,text,gated_residual,1,,REQUIRED_INITIAL_TEXT,KQ-TENSOR-CLASSIFICATION-v1:gated_residual,ALWAYS_NEEDED_CANDIDATE,
model.language_model.layers.1.attn_hyper_connection.hc_norm.weight,model-00003-of-00131.safetensors,BF16,10240,1,10240,20480,text,gated_residual,1,,REQUIRED_INITIAL_TEXT,KQ-TENSOR-CLASSIFICATION-v1:gated_residual,ALWAYS_NEEDED_CANDIDATE,
model.language_model.layers.1.attn_hyper_connection.input_mix_weight_down.weight,model-00003-of-00131.safetensors,BF16,320x10240,2,3276800,6553600,text,gated_residual,1,,REQUIRED_INITIAL_TEXT,KQ-TENSOR-CLASSIFICATION-v1:gated_residual,ALWAYS_NEEDED_CANDIDATE,
model.language_model.layers.1.attn_hyper_connection.input_mix_weight_up.weight,model-00003-of-00131.safetensors,BF16,10240x320,2,3276800,6553600,text,gated_residual,1,,REQUIRED_INITIAL_TEXT,KQ-TENSOR-CLASSIFICATION-v1:gated_residual,ALWAYS_NEEDED_CANDIDATE,
model.language_model.layers.1.linear_attn.A_log,model-00003-of-00131.safetensors,BF16,48,1,48,96,text,gdn,1,,REQUIRED_INITIAL_TEXT,KQ-TENSOR-CLASSIFICATION-v1:gdn,ALWAYS_NEEDED_CANDIDATE,
model.language_model.layers.1.linear_attn.conv1d.weight,model-00003-of-00131.safetensors,BF16,10240x1x4,3,40960,81920,text,gdn,1,,REQUIRED_INITIAL_TEXT,KQ-TENSOR-CLASSIFICATION-v1:gdn,ALWAYS_NEEDED_CANDIDATE,
model.language_model.layers.1.linear_attn.dt_bias,model-00003-of-00131.safetensors,BF16,48,1,48,96,text,gdn,1,,REQUIRED_INITIAL_TEXT,KQ-TENSOR-CLASSIFICATION-v1:gdn,ALWAYS_NEEDED_CANDIDATE,
model.language_model.layers.1.linear_attn.in_proj_a.weight,model-00003-of-00131.safetensors,BF16,48x2560,2,122880,245760,text,gdn,1,,REQUIRED_INITIAL_TEXT,KQ-TENSOR-CLASSIFICATION-v1:gdn,ALWAYS_NEEDED_CANDIDATE,
model.language_model.layers.1.linear_attn.in_proj_b.weight,model-00003-of-00131.safetensors,BF16,48x2560,2,122880,245760,text,gdn,1,,REQUIRED_INITIAL_TEXT,KQ-TENSOR-CLASSIFICATION-v1:gdn,ALWAYS_NEEDED_CANDIDATE,
model.language_model.layers.1.linear_attn.in_proj_qkv.weight,model-00003-of-00131.safetensors,BF16,10240x2560,2,26214400,52428800,text,gdn,1,,REQUIRED_INITIAL_TEXT,KQ-TENSOR-CLASSIFICATION-v1:gdn,ALWAYS_NEEDED_CANDIDATE,
model.language_model.layers.1.linear_attn.in_proj_z.weight,model-00003-of-00131.safetensors,BF16,6144x2560,2,15728640,31457280,text,gdn,1,,REQUIRED_INITIAL_TEXT,KQ-TENSOR-CLASSIFICATION-v1:gdn,ALWAYS_NEEDED_CANDIDATE,
model.language_model.layers.1.linear_attn.norm.weight,model-00003-of-00131.safetensors,BF16,128,1,128,256,text,gdn,1,,REQUIRED_INITIAL_TEXT,KQ-TENSOR-CLASSIFICATION-v1:gdn,ALWAYS_NEEDED_CANDIDATE,
model.language_model.layers.1.linear_attn.out_proj.weight,model-00003-of-00131.safetensors,BF16,2560x6144,2,15728640,31457280,text,gdn,1,,REQUIRED_INITIAL_TEXT,KQ-TENSOR-CLASSIFICATION-v1:gdn,ALWAYS_NEEDED_CANDIDATE,
model.language_model.layers.1.mlp.experts.down_proj,model-00005-of-00131.safetensors,BF16,512x2560x640,3,838860800,1677721600,text,routed_experts,1,STACKED_0_511,REQUIRED_INITIAL_TEXT,KQ-TENSOR-CLASSIFICATION-v1:routed_experts,ROUTED_EXPERT_CACHE_CANDIDATE,canonical tensor stacks all 512 routed experts
model.language_model.layers.1.mlp.experts.gate_up_proj,model-00004-of-00131.safetensors,BF16,512x1280x2560,3,1677721600,3355443200,text,routed_experts,1,STACKED_0_511,REQUIRED_INITIAL_TEXT,KQ-TENSOR-CLASSIFICATION-v1:routed_experts,ROUTED_EXPERT_CACHE_CANDIDATE,canonical tensor stacks all 512 routed experts
model.language_model.layers.1.mlp.gate.weight,model-00005-of-00131.safetensors,BF16,512x2560,2,1310720,2621440,text,router,1,,REQUIRED_INITIAL_TEXT,KQ-TENSOR-CLASSIFICATION-v1:router,ALWAYS_NEEDED_CANDIDATE,
model.language_model.layers.1.mlp.shared_expert.down_proj.weight,model-00005-of-00131.safetensors,BF16,2560x640,2,1638400,3276800,text,shared_expert,1,,REQUIRED_INITIAL_TEXT,KQ-TENSOR-CLASSIFICATION-v1:shared_expert,ALWAYS_NEEDED_CANDIDATE,
model.language_model.layers.1.mlp.shared_expert.gate_proj.weight,model-00005-of-00131.safetensors,BF16,640x2560,2,1638400,3276800,text,shared_expert,1,,REQUIRED_INITIAL_TEXT,KQ-TENSOR-CLASSIFICATION-v1:shared_expert,ALWAYS_NEEDED_CANDIDATE,
model.language_model.layers.1.mlp.shared_expert.up_proj.weight,model-00005-of-00131.safetensors,BF16,640x2560,2,1638400,3276800,text,shared_expert,1,,REQUIRED_INITIAL_TEXT,KQ-TENSOR-CLASSIFICATION-v1:shared_expert,ALWAYS_NEEDED_CANDIDATE,
model.language_model.layers.1.mlp.shared_expert_gate.weight,model-00005-of-00131.safetensors,BF16,1x2560,2,2560,5120,text,shared_expert,1,,REQUIRED_INITIAL_TEXT,KQ-TENSOR-CLASSIFICATION-v1:shared_expert,ALWAYS_NEEDED_CANDIDATE,
model.language_model.layers.1.mlp_hyper_connection.block_inject_weight.weight,model-00005-of-00131.safetensors,BF16,4x10240,2,40960,81920,text,gated_residual,1,,REQUIRED_INITIAL_TEXT,KQ-TENSOR-CLASSIFICATION-v1:gated_residual,ALWAYS_NEEDED_CANDIDATE,
model.language_model.layers.1.mlp_hyper_connection.hc_norm.weight,model-00005-of-00131.safetensors,BF16,10240,1,10240,20480,text,gated_residual,1,,REQUIRED_INITIAL_TEXT,KQ-TENSOR-CLASSIFICATION-v1:gated_residual,ALWAYS_NEEDED_CANDIDATE,
model.language_model.layers.1.mlp_hyper_connection.input_mix_weight_down.weight,model-00005-of-00131.safetensors,BF16,320x10240,2,3276800,6553600,text,gated_residual,1,,REQUIRED_INITIAL_TEXT,KQ-TENSOR-CLASSIFICATION-v1:gated_residual,ALWAYS_NEEDED_CANDIDATE,
model.language_model.layers.1.mlp_hyper_connection.input_mix_weight_up.weight,model-00005-of-00131.safetensors,BF16,10240x320,2,3276800,6553600,text,gated_residual,1,,REQUIRED_INITIAL_TEXT,KQ-TENSOR-CLASSIFICATION-v1:gated_residual,ALWAYS_NEEDED_CANDIDATE,
model.language_model.layers.1.ple.conv1d.weight,model-00037-of-00131.safetensors,BF16,10240x1x4,3,40960,81920,ple_ngram,ple_dense,1,,REQUIRED_INITIAL_TEXT,KQ-TENSOR-CLASSIFICATION-v1:ple_dense,PLE_PREFETCH_CANDIDATE,
model.language_model.layers.1.ple.key_proj.weight,model-00005-of-00131.safetensors,BF16,10240x2560,2,26214400,52428800,ple_ngram,ple_dense,1,,REQUIRED_INITIAL_TEXT,KQ-TENSOR-CLASSIFICATION-v1:ple_dense,PLE_PREFETCH_CANDIDATE,
model.language_model.layers.1.ple.norm_conv.weight,model-00005-of-00131.safetensors,BF16,10240,1,10240,20480,ple_ngram,ple_dense,1,,REQUIRED_INITIAL_TEXT,KQ-TENSOR-CLASSIFICATION-v1:ple_dense,PLE_PREFETCH_CANDIDATE,
model.language_model.layers.1.ple.norm_key.weight,model-00005-of-00131.safetensors,BF16,10240,1,10240,20480,ple_ngram,ple_dense,1,,REQUIRED_INITIAL_TEXT,KQ-TENSOR-CLASSIFICATION-v1:ple_dense,PLE_PREFETCH_CANDIDATE,
model.language_model.layers.1.ple.norm_query.weight,model-00005-of-00131.safetensors,BF16,10240,1,10240,20480,ple_ngram,ple_dense,1,,REQUIRED_INITIAL_TEXT,KQ-TENSOR-CLASSIFICATION-v1:ple_dense,PLE_PREFETCH_CANDIDATE,
model.language_model.layers.1.ple.ple_embedding.layer_multipliers,model-00005-of-00131.safetensors,I64,3,1,3,24,ple_ngram,ple_address_metadata,1,,REQUIRED_INITIAL_TEXT,KQ-TENSOR-CLASSIFICATION-v1:ple_address_metadata,PLE_PREFETCH_CANDIDATE,
model.language_model.layers.1.ple.ple_embedding.ngram_embedding.shard_0.weight,model-00005-of-00131.safetensors,BF16,2500012x160,2,400001920,800003840,ple_ngram,ple_embedding_table,1,,REQUIRED_INITIAL_TEXT,KQ-TENSOR-CLASSIFICATION-v1:ple_embedding_table,PLE_PREFETCH_CANDIDATE,
model.language_model.layers.1.ple.ple_embedding.ngram_embedding.shard_1.weight,model-00005-of-00131.safetensors,BF16,2500012x160,2,400001920,800003840,ple_ngram,ple_embedding_table,1,,REQUIRED_INITIAL_TEXT,KQ-TENSOR-CLASSIFICATION-v1:ple_embedding_table,PLE_PREFETCH_CANDIDATE,
model.language_model.layers.1.ple.ple_embedding.ngram_embedding.shard_10.weight,model-00008-of-00131.safetensors,BF16,2500012x160,2,400001920,800003840,ple_ngram,ple_embedding_table,1,,REQUIRED_INITIAL_TEXT,KQ-TENSOR-CLASSIFICATION-v1:ple_embedding_table,PLE_PREFETCH_CANDIDATE,
model.language_model.layers.1.ple.ple_embedding.ngram_embedding.shard_100.weight,model-00030-of-00131.safetensors,BF16,2500012x160,2,400001920,800003840,ple_ngram,ple_embedding_table,1,,REQUIRED_INITIAL_TEXT,KQ-TENSOR-CLASSIFICATION-v1:ple_embedding_table,PLE_PREFETCH_CANDIDATE,
model.language_model.layers.1.ple.ple_embedding.ngram_embedding.shard_101.weight,model-00030-of-00131.safetensors,BF16,2500012x160,2,400001920,800003840,ple_ngram,ple_embedding_table,1,,REQUIRED_INITIAL_TEXT,KQ-TENSOR-CLASSIFICATION-v1:ple_embedding_table,PLE_PREFETCH_CANDIDATE,
model.language_model.layers.1.ple.ple_embedding.ngram_embedding.shard_102.weight,model-00031-of-00131.safetensors,BF16,2500012x160,2,400001920,800003840,ple_ngram,ple_embedding_table,1,,REQUIRED_INITIAL_TEXT,KQ-TENSOR-CLASSIFICATION-v1:ple_embedding_table,PLE_PREFETCH_CANDIDATE,
model.language_model.layers.1.ple.ple_embedding.ngram_embedding.shard_103.weight,model-00031-of-00131.safetensors,BF16,2500012x160,2,400001920,800003840,ple_ngram,ple_embedding_table,1,,REQUIRED_INITIAL_TEXT,KQ-TENSOR-CLASSIFICATION-v1:ple_embedding_table,PLE_PREFETCH_CANDIDATE,
model.language_model.layers.1.ple.ple_embedding.ngram_embedding.shard_104.weight,model-00031-of-00131.safetensors,BF16,2500012x160,2,400001920,800003840,ple_ngram,ple_embedding_table,1,,REQUIRED_INITIAL_TEXT,KQ-TENSOR-CLASSIFICATION-v1:ple_embedding_table,PLE_PREFETCH_CANDIDATE,
model.language_model.layers.1.ple.ple_embedding.ngram_embedding.shard_105.weight,model-00031-of-00131.safetensors,BF16,2500012x160,2,400001920,800003840,ple_ngram,ple_embedding_table,1,,REQUIRED_INITIAL_TEXT,KQ-TENSOR-CLASSIFICATION-v1:ple_embedding_table,PLE_PREFETCH_CANDIDATE,
model.language_model.layers.1.ple.ple_embedding.ngram_embedding.shard_106.weight,model-00032-of-00131.safetensors,BF16,2500012x160,2,400001920,800003840,ple_ngram,ple_embedding_table,1,,REQUIRED_INITIAL_TEXT,KQ-TENSOR-CLASSIFICATION-v1:ple_embedding_table,PLE_PREFETCH_CANDIDATE,
model.language_model.layers.1.ple.ple_embedding.ngram_embedding.shard_107.weight,model-00032-of-00131.safetensors,BF16,2500012x160,2,400001920,800003840,ple_ngram,ple_embedding_table,1,,REQUIRED_INITIAL_TEXT,KQ-TENSOR-CLASSIFICATION-v1:ple_embedding_table,PLE_PREFETCH_CANDIDATE,
model.language_model.layers.1.ple.ple_embedding.ngram_embedding.shard_108.weight,model-00032-of-00131.safetensors,BF16,2500012x160,2,400001920,800003840,ple_ngram,ple_embedding_table,1,,REQUIRED_INITIAL_TEXT,KQ-TENSOR-CLASSIFICATION-v1:ple_embedding_table,PLE_PREFETCH_CANDIDATE,
model.language_model.layers.1.ple.ple_embedding.ngram_embedding.shard_109.weight,model-00032-of-00131.safetensors,BF16,2500012x160,2,400001920,800003840,ple_ngram,ple_embedding_table,1,,REQUIRED_INITIAL_TEXT,KQ-TENSOR-CLASSIFICATION-v1:ple_embedding_table,PLE_PREFETCH_CANDIDATE,
model.language_model.layers.1.ple.ple_embedding.ngram_embedding.shard_11.weight,model-00008-of-00131.safetensors,BF16,2500012x160,2,400001920,800003840,ple_ngram,ple_embedding_table,1,,REQUIRED_INITIAL_TEXT,KQ-TENSOR-CLASSIFICATION-v1:ple_embedding_table,PLE_PREFETCH_CANDIDATE,
model.language_model.layers.1.ple.ple_embedding.ngram_embedding.shard_110.weight,model-00033-of-00131.safetensors,BF16,2500012x160,2,400001920,800003840,ple_ngram,ple_embedding_table,1,,REQUIRED_INITIAL_TEXT,KQ-TENSOR-CLASSIFICATION-v1:ple_embedding_table,PLE_PREFETCH_CANDIDATE,
model.language_model.layers.1.ple.ple_embedding.ngram_embedding.shard_111.weight,model-00033-of-00131.safetensors,BF16,2500012x160,2,400001920,800003840,ple_ngram,ple_embedding_table,1,,REQUIRED_INITIAL_TEXT,KQ-TENSOR-CLASSIFICATION-v1:ple_embedding_table,PLE_PREFETCH_CANDIDATE,
model.language_model.layers.1.ple.ple_embedding.ngram_embedding.shard_112.weight,model-00033-of-00131.safetensors,BF16,2500012x160,2,400001920,800003840,ple_ngram,ple_embedding_table,1,,REQUIRED_INITIAL_TEXT,KQ-TENSOR-CLASSIFICATION-v1:ple_embedding_table,PLE_PREFETCH_CANDIDATE,
model.language_model.layers.1.ple.ple_embedding.ngram_embedding.shard_113.weight,model-00033-of-00131.safetensors,BF16,2500012x160,2,400001920,800003840,ple_ngram,ple_embedding_table,1,,REQUIRED_INITIAL_TEXT,KQ-TENSOR-CLASSIFICATION-v1:ple_embedding_table,PLE_PREFETCH_CANDIDATE,
model.language_model.layers.1.ple.ple_embedding.ngram_embedding.shard_114.weight,model-00034-of-00131.safetensors,BF16,2500012x160,2,400001920,800003840,ple_ngram,ple_embedding_table,1,,REQUIRED_INITIAL_TEXT,KQ-TENSOR-CLASSIFICATION-v1:ple_embedding_table,PLE_PREFETCH_CANDIDATE,
model.language_model.layers.1.ple.ple_embedding.ngram_embedding.shard_115.weight,model-00034-of-00131.safetensors,BF16,2500012x160,2,400001920,800003840,ple_ngram,ple_embedding_table,1,,REQUIRED_INITIAL_TEXT,KQ-TENSOR-CLASSIFICATION-v1:ple_embedding_table,PLE_PREFETCH_CANDIDATE,
model.language_model.layers.1.ple.ple_embedding.ngram_embedding.shard_116.weight,model-00034-of-00131.safetensors,BF16,2500012x160,2,400001920,800003840,ple_ngram,ple_embedding_table,1,,REQUIRED_INITIAL_TEXT,KQ-TENSOR-CLASSIFICATION-v1:ple_embedding_table,PLE_PREFETCH_CANDIDATE,
model.language_model.layers.1.ple.ple_embedding.ngram_embedding.shard_117.weight,model-00034-of-00131.safetensors,BF16,2500012x160,2,400001920,800003840,ple_ngram,ple_embedding_table,1,,REQUIRED_INITIAL_TEXT,KQ-TENSOR-CLASSIFICATION-v1:ple_embedding_table,PLE_PREFETCH_CANDIDATE,
model.language_model.layers.1.ple.ple_embedding.ngram_embedding.shard_118.weight,model-00035-of-00131.safetensors,BF16,2500012x160,2,400001920,800003840,ple_ngram,ple_embedding_table,1,,REQUIRED_INITIAL_TEXT,KQ-TENSOR-CLASSIFICATION-v1:ple_embedding_table,PLE_PREFETCH_CANDIDATE,
model.language_model.layers.1.ple.ple_embedding.ngram_embedding.shard_119.weight,model-00035-of-00131.safetensors,BF16,2500012x160,2,400001920,800003840,ple_ngram,ple_embedding_table,1,,REQUIRED_INITIAL_TEXT,KQ-TENSOR-CLASSIFICATION-v1:ple_embedding_table,PLE_PREFETCH_CANDIDATE,
model.language_model.layers.1.ple.ple_embedding.ngram_embedding.shard_12.weight,model-00008-of-00131.safetensors,BF16,2500012x160,2,400001920,800003840,ple_ngram,ple_embedding_table,1,,REQUIRED_INITIAL_TEXT,KQ-TENSOR-CLASSIFICATION-v1:ple_embedding_table,PLE_PREFETCH_CANDIDATE,
model.language_model.layers.1.ple.ple_embedding.ngram_embedding.shard_120.weight,model-00035-of-00131.safetensors,BF16,2500012x160,2,400001920,800003840,ple_ngram,ple_embedding_table,1,,REQUIRED_INITIAL_TEXT,KQ-TENSOR-CLASSIFICATION-v1:ple_embedding_table,PLE_PREFETCH_CANDIDATE,
model.language_model.layers.1.ple.ple_embedding.ngram_embedding.shard_121.weight,model-00035-of-00131.safetensors,BF16,2500012x160,2,400001920,800003840,ple_ngram,ple_embedding_table,1,,REQUIRED_INITIAL_TEXT,KQ-TENSOR-CLASSIFICATION-v1:ple_embedding_table,PLE_PREFETCH_CANDIDATE,
model.language_model.layers.1.ple.ple_embedding.ngram_embedding.shard_122.weight,model-00036-of-00131.safetensors,BF16,2500012x160,2,400001920,800003840,ple_ngram,ple_embedding_table,1,,REQUIRED_INITIAL_TEXT,KQ-TENSOR-CLASSIFICATION-v1:ple_embedding_table,PLE_PREFETCH_CANDIDATE,
model.language_model.layers.1.ple.ple_embedding.ngram_embedding.shard_123.weight,model-00036-of-00131.safetensors,BF16,2500012x160,2,400001920,800003840,ple_ngram,ple_embedding_table,1,,REQUIRED_INITIAL_TEXT,KQ-TENSOR-CLASSIFICATION-v1:ple_embedding_table,PLE_PREFETCH_CANDIDATE,
model.language_model.layers.1.ple.ple_embedding.ngram_embedding.shard_124.weight,model-00036-of-00131.safetensors,BF16,2500012x160,2,400001920,800003840,ple_ngram,ple_embedding_table,1,,REQUIRED_INITIAL_TEXT,KQ-TENSOR-CLASSIFICATION-v1:ple_embedding_table,PLE_PREFETCH_CANDIDATE,
model.language_model.layers.1.ple.ple_embedding.ngram_embedding.shard_125.weight,model-00036-of-00131.safetensors,BF16,2500012x160,2,400001920,800003840,ple_ngram,ple_embedding_table,1,,REQUIRED_INITIAL_TEXT,KQ-TENSOR-CLASSIFICATION-v1:ple_embedding_table,PLE_PREFETCH_CANDIDATE,
model.language_model.layers.1.ple.ple_embedding.ngram_embedding.shard_126.weight,model-00037-of-00131.safetensors,BF16,2500012x160,2,400001920,800003840,ple_ngram,ple_embedding_table,1,,REQUIRED_INITIAL_TEXT,KQ-TENSOR-CLASSIFICATION-v1:ple_embedding_table,PLE_PREFETCH_CANDIDATE,
model.language_model.layers.1.ple.ple_embedding.ngram_embedding.shard_127.weight,model-00037-of-00131.safetensors,BF16,2500012x160,2,400001920,800003840,ple_ngram,ple_embedding_table,1,,REQUIRED_INITIAL_TEXT,KQ-TENSOR-CLASSIFICATION-v1:ple_embedding_table,PLE_PREFETCH_CANDIDATE,
model.language_model.layers.1.ple.ple_embedding.ngram_embedding.shard_13.weight,model-00008-of-00131.safetensors,BF16,2500012x160,2,400001920,800003840,ple_ngram,ple_embedding_table,1,,REQUIRED_INITIAL_TEXT,KQ-TENSOR-CLASSIFICATION-v1:ple_embedding_table,PLE_PREFETCH_CANDIDATE,
model.language_model.layers.1.ple.ple_embedding.ngram_embedding.shard_14.weight,model-00009-of-00131.safetensors,BF16,2500012x160,2,400001920,800003840,ple_ngram,ple_embedding_table,1,,REQUIRED_INITIAL_TEXT,KQ-TENSOR-CLASSIFICATION-v1:ple_embedding_table,PLE_PREFETCH_CANDIDATE,
model.language_model.layers.1.ple.ple_embedding.ngram_embedding.shard_15.weight,model-00009-of-00131.safetensors,BF16,2500012x160,2,400001920,800003840,ple_ngram,ple_embedding_table,1,,REQUIRED_INITIAL_TEXT,KQ-TENSOR-CLASSIFICATION-v1:ple_embedding_table,PLE_PREFETCH_CANDIDATE,
model.language_model.layers.1.ple.ple_embedding.ngram_embedding.shard_16.weight,model-00009-of-00131.safetensors,BF16,2500012x160,2,400001920,800003840,ple_ngram,ple_embedding_table,1,,REQUIRED_INITIAL_TEXT,KQ-TENSOR-CLASSIFICATION-v1:ple_embedding_table,PLE_PREFETCH_CANDIDATE,
model.language_model.layers.1.ple.ple_embedding.ngram_embedding.shard_17.weight,model-00009-of-00131.safetensors,BF16,2500012x160,2,400001920,800003840,ple_ngram,ple_embedding_table,1,,REQUIRED_INITIAL_TEXT,KQ-TENSOR-CLASSIFICATION-v1:ple_embedding_table,PLE_PREFETCH_CANDIDATE,
model.language_model.layers.1.ple.ple_embedding.ngram_embedding.shard_18.weight,model-00010-of-00131.safetensors,BF16,2500012x160,2,400001920,800003840,ple_ngram,ple_embedding_table,1,,REQUIRED_INITIAL_TEXT,KQ-TENSOR-CLASSIFICATION-v1:ple_embedding_table,PLE_PREFETCH_CANDIDATE,
model.language_model.layers.1.ple.ple_embedding.ngram_embedding.shard_19.weight,model-00010-of-00131.safetensors,BF16,2500012x160,2,400001920,800003840,ple_ngram,ple_embedding_table,1,,REQUIRED_INITIAL_TEXT,KQ-TENSOR-CLASSIFICATION-v1:ple_embedding_table,PLE_PREFETCH_CANDIDATE,
model.language_model.layers.1.ple.ple_embedding.ngram_embedding.shard_2.weight,model-00006-of-00131.safetensors,BF16,2500012x160,2,400001920,800003840,ple_ngram,ple_embedding_table,1,,REQUIRED_INITIAL_TEXT,KQ-TENSOR-CLASSIFICATION-v1:ple_embedding_table,PLE_PREFETCH_CANDIDATE,
model.language_model.layers.1.ple.ple_embedding.ngram_embedding.shard_20.weight,model-00010-of-00131.safetensors,BF16,2500012x160,2,400001920,800003840,ple_ngram,ple_embedding_table,1,,REQUIRED_INITIAL_TEXT,KQ-TENSOR-CLASSIFICATION-v1:ple_embedding_table,PLE_PREFETCH_CANDIDATE,
model.language_model.layers.1.ple.ple_embedding.ngram_embedding.shard_21.weight,model-00010-of-00131.safetensors,BF16,2500012x160,2,400001920,800003840,ple_ngram,ple_embedding_table,1,,REQUIRED_INITIAL_TEXT,KQ-TENSOR-CLASSIFICATION-v1:ple_embedding_table,PLE_PREFETCH_CANDIDATE,
model.language_model.layers.1.ple.ple_embedding.ngram_embedding.shard_22.weight,model-00011-of-00131.safetensors,BF16,2500012x160,2,400001920,800003840,ple_ngram,ple_embedding_table,1,,REQUIRED_INITIAL_TEXT,KQ-TENSOR-CLASSIFICATION-v1:ple_embedding_table,PLE_PREFETCH_CANDIDATE,
model.language_model.layers.1.ple.ple_embedding.ngram_embedding.shard_23.weight,model-00011-of-00131.safetensors,BF16,2500012x160,2,400001920,800003840,ple_ngram,ple_embedding_table,1,,REQUIRED_INITIAL_TEXT,KQ-TENSOR-CLASSIFICATION-v1:ple_embedding_table,PLE_PREFETCH_CANDIDATE,
model.language_model.layers.1.ple.ple_embedding.ngram_embedding.shard_24.weight,model-00011-of-00131.safetensors,BF16,2500012x160,2,400001920,800003840,ple_ngram,ple_embedding_table,1,,REQUIRED_INITIAL_TEXT,KQ-TENSOR-CLASSIFICATION-v1:ple_embedding_table,PLE_PREFETCH_CANDIDATE,
model.language_model.layers.1.ple.ple_embedding.ngram_embedding.shard_25.weight,model-00011-of-00131.safetensors,BF16,2500012x160,2,400001920,800003840,ple_ngram,ple_embedding_table,1,,REQUIRED_INITIAL_TEXT,KQ-TENSOR-CLASSIFICATION-v1:ple_embedding_table,PLE_PREFETCH_CANDIDATE,
model.language_model.layers.1.ple.ple_embedding.ngram_embedding.shard_26.weight,model-00012-of-00131.safetensors,BF16,2500012x160,2,400001920,800003840,ple_ngram,ple_embedding_table,1,,REQUIRED_INITIAL_TEXT,KQ-TENSOR-CLASSIFICATION-v1:ple_embedding_table,PLE_PREFETCH_CANDIDATE,
model.language_model.layers.1.ple.ple_embedding.ngram_embedding.shard_27.weight,model-00012-of-00131.safetensors,BF16,2500012x160,2,400001920,800003840,ple_ngram,ple_embedding_table,1,,REQUIRED_INITIAL_TEXT,KQ-TENSOR-CLASSIFICATION-v1:ple_embedding_table,PLE_PREFETCH_CANDIDATE,
model.language_model.layers.1.ple.ple_embedding.ngram_embedding.shard_28.weight,model-00012-of-00131.safetensors,BF16,2500012x160,2,400001920,800003840,ple_ngram,ple_embedding_table,1,,REQUIRED_INITIAL_TEXT,KQ-TENSOR-CLASSIFICATION-v1:ple_embedding_table,PLE_PREFETCH_CANDIDATE,
model.language_model.layers.1.ple.ple_embedding.ngram_embedding.shard_29.weight,model-00012-of-00131.safetensors,BF16,2500012x160,2,400001920,800003840,ple_ngram,ple_embedding_table,1,,REQUIRED_INITIAL_TEXT,KQ-TENSOR-CLASSIFICATION-v1:ple_embedding_table,PLE_PREFETCH_CANDIDATE,
model.language_model.layers.1.ple.ple_embedding.ngram_embedding.shard_3.weight,model-00006-of-00131.safetensors,BF16,2500012x160,2,400001920,800003840,ple_ngram,ple_embedding_table,1,,REQUIRED_INITIAL_TEXT,KQ-TENSOR-CLASSIFICATION-v1:ple_embedding_table,PLE_PREFETCH_CANDIDATE,
model.language_model.layers.1.ple.ple_embedding.ngram_embedding.shard_30.weight,model-00013-of-00131.safetensors,BF16,2500012x160,2,400001920,800003840,ple_ngram,ple_embedding_table,1,,REQUIRED_INITIAL_TEXT,KQ-TENSOR-CLASSIFICATION-v1:ple_embedding_table,PLE_PREFETCH_CANDIDATE,
model.language_model.layers.1.ple.ple_embedding.ngram_embedding.shard_31.weight,model-00013-of-00131.safetensors,BF16,2500012x160,2,400001920,800003840,ple_ngram,ple_embedding_table,1,,REQUIRED_INITIAL_TEXT,KQ-TENSOR-CLASSIFICATION-v1:ple_embedding_table,PLE_PREFETCH_CANDIDATE,
model.language_model.layers.1.ple.ple_embedding.ngram_embedding.shard_32.weight,model-00013-of-00131.safetensors,BF16,2500012x160,2,400001920,800003840,ple_ngram,ple_embedding_table,1,,REQUIRED_INITIAL_TEXT,KQ-TENSOR-CLASSIFICATION-v1:ple_embedding_table,PLE_PREFETCH_CANDIDATE,
model.language_model.layers.1.ple.ple_embedding.ngram_embedding.shard_33.weight,model-00013-of-00131.safetensors,BF16,2500012x160,2,400001920,800003840,ple_ngram,ple_embedding_table,1,,REQUIRED_INITIAL_TEXT,KQ-TENSOR-CLASSIFICATION-v1:ple_embedding_table,PLE_PREFETCH_CANDIDATE,
model.language_model.layers.1.ple.ple_embedding.ngram_embedding.shard_34.weight,model-00014-of-00131.safetensors,BF16,2500012x160,2,400001920,800003840,ple_ngram,ple_embedding_table,1,,REQUIRED_INITIAL_TEXT,KQ-TENSOR-CLASSIFICATION-v1:ple_embedding_table,PLE_PREFETCH_CANDIDATE,
model.language_model.layers.1.ple.ple_embedding.ngram_embedding.shard_35.weight,model-00014-of-00131.safetensors,BF16,2500012x160,2,400001920,800003840,ple_ngram,ple_embedding_table,1,,REQUIRED_INITIAL_TEXT,KQ-TENSOR-CLASSIFICATION-v1:ple_embedding_table,PLE_PREFETCH_CANDIDATE,
model.language_model.layers.1.ple.ple_embedding.ngram_embedding.shard_36.weight,model-00014-of-00131.safetensors,BF16,2500012x160,2,400001920,800003840,ple_ngram,ple_embedding_table,1,,REQUIRED_INITIAL_TEXT,KQ-TENSOR-CLASSIFICATION-v1:ple_embedding_table,PLE_PREFETCH_CANDIDATE,
model.language_model.layers.1.ple.ple_embedding.ngram_embedding.shard_37.weight,model-00014-of-00131.safetensors,BF16,2500012x160,2,400001920,800003840,ple_ngram,ple_embedding_table,1,,REQUIRED_INITIAL_TEXT,KQ-TENSOR-CLASSIFICATION-v1:ple_embedding_table,PLE_PREFETCH_CANDIDATE,
model.language_model.layers.1.ple.ple_embedding.ngram_embedding.shard_38.weight,model-00015-of-00131.safetensors,BF16,2500012x160,2,400001920,800003840,ple_ngram,ple_embedding_table,1,,REQUIRED_INITIAL_TEXT,KQ-TENSOR-CLASSIFICATION-v1:ple_embedding_table,PLE_PREFETCH_CANDIDATE,
model.language_model.layers.1.ple.ple_embedding.ngram_embedding.shard_39.weight,model-00015-of-00131.safetensors,BF16,2500012x160,2,400001920,800003840,ple_ngram,ple_embedding_table,1,,REQUIRED_INITIAL_TEXT,KQ-TENSOR-CLASSIFICATION-v1:ple_embedding_table,PLE_PREFETCH_CANDIDATE,
model.language_model.layers.1.ple.ple_embedding.ngram_embedding.shard_4.weight,model-00006-of-00131.safetensors,BF16,2500012x160,2,400001920,800003840,ple_ngram,ple_embedding_table,1,,REQUIRED_INITIAL_TEXT,KQ-TENSOR-CLASSIFICATION-v1:ple_embedding_table,PLE_PREFETCH_CANDIDATE,
model.language_model.layers.1.ple.ple_embedding.ngram_embedding.shard_40.weight,model-00015-of-00131.safetensors,BF16,2500012x160,2,400001920,800003840,ple_ngram,ple_embedding_table,1,,REQUIRED_INITIAL_TEXT,KQ-TENSOR-CLASSIFICATION-v1:ple_embedding_table,PLE_PREFETCH_CANDIDATE,
model.language_model.layers.1.ple.ple_embedding.ngram_embedding.shard_41.weight,model-00015-of-00131.safetensors,BF16,2500012x160,2,400001920,800003840,ple_ngram,ple_embedding_table,1,,REQUIRED_INITIAL_TEXT,KQ-TENSOR-CLASSIFICATION-v1:ple_embedding_table,PLE_PREFETCH_CANDIDATE,
model.language_model.layers.1.ple.ple_embedding.ngram_embedding.shard_42.weight,model-00016-of-00131.safetensors,BF16,2500012x160,2,400001920,800003840,ple_ngram,ple_embedding_table,1,,REQUIRED_INITIAL_TEXT,KQ-TENSOR-CLASSIFICATION-v1:ple_embedding_table,PLE_PREFETCH_CANDIDATE,
model.language_model.layers.1.ple.ple_embedding.ngram_embedding.shard_43.weight,model-00016-of-00131.safetensors,BF16,2500012x160,2,400001920,800003840,ple_ngram,ple_embedding_table,1,,REQUIRED_INITIAL_TEXT,KQ-TENSOR-CLASSIFICATION-v1:ple_embedding_table,PLE_PREFETCH_CANDIDATE,
model.language_model.layers.1.ple.ple_embedding.ngram_embedding.shard_44.weight,model-00016-of-00131.safetensors,BF16,2500012x160,2,400001920,800003840,ple_ngram,ple_embedding_table,1,,REQUIRED_INITIAL_TEXT,KQ-TENSOR-CLASSIFICATION-v1:ple_embedding_table,PLE_PREFETCH_CANDIDATE,
model.language_model.layers.1.ple.ple_embedding.ngram_embedding.shard_45.weight,model-00016-of-00131.safetensors,BF16,2500012x160,2,400001920,800003840,ple_ngram,ple_embedding_table,1,,REQUIRED_INITIAL_TEXT,KQ-TENSOR-CLASSIFICATION-v1:ple_embedding_table,PLE_PREFETCH_CANDIDATE,
model.language_model.layers.1.ple.ple_embedding.ngram_embedding.shard_46.weight,model-00017-of-00131.safetensors,BF16,2500012x160,2,400001920,800003840,ple_ngram,ple_embedding_table,1,,REQUIRED_INITIAL_TEXT,KQ-TENSOR-CLASSIFICATION-v1:ple_embedding_table,PLE_PREFETCH_CANDIDATE,
model.language_model.layers.1.ple.ple_embedding.ngram_embedding.shard_47.weight,model-00017-of-00131.safetensors,BF16,2500012x160,2,400001920,800003840,ple_ngram,ple_embedding_table,1,,REQUIRED_INITIAL_TEXT,KQ-TENSOR-CLASSIFICATION-v1:ple_embedding_table,PLE_PREFETCH_CANDIDATE,
model.language_model.layers.1.ple.ple_embedding.ngram_embedding.shard_48.weight,model-00017-of-00131.safetensors,BF16,2500012x160,2,400001920,800003840,ple_ngram,ple_embedding_table,1,,REQUIRED_INITIAL_TEXT,KQ-TENSOR-CLASSIFICATION-v1:ple_embedding_table,PLE_PREFETCH_CANDIDATE,
model.language_model.layers.1.ple.ple_embedding.ngram_embedding.shard_49.weight,model-00017-of-00131.safetensors,BF16,2500012x160,2,400001920,800003840,ple_ngram,ple_embedding_table,1,,REQUIRED_INITIAL_TEXT,KQ-TENSOR-CLASSIFICATION-v1:ple_embedding_table,PLE_PREFETCH_CANDIDATE,
model.language_model.layers.1.ple.ple_embedding.ngram_embedding.shard_5.weight,model-00006-of-00131.safetensors,BF16,2500012x160,2,400001920,800003840,ple_ngram,ple_embedding_table,1,,REQUIRED_INITIAL_TEXT,KQ-TENSOR-CLASSIFICATION-v1:ple_embedding_table,PLE_PREFETCH_CANDIDATE,
model.language_model.layers.1.ple.ple_embedding.ngram_embedding.shard_50.weight,model-00018-of-00131.safetensors,BF16,2500012x160,2,400001920,800003840,ple_ngram,ple_embedding_table,1,,REQUIRED_INITIAL_TEXT,KQ-TENSOR-CLASSIFICATION-v1:ple_embedding_table,PLE_PREFETCH_CANDIDATE,
model.language_model.layers.1.ple.ple_embedding.ngram_embedding.shard_51.weight,model-00018-of-00131.safetensors,BF16,2500012x160,2,400001920,800003840,ple_ngram,ple_embedding_table,1,,REQUIRED_INITIAL_TEXT,KQ-TENSOR-CLASSIFICATION-v1:ple_embedding_table,PLE_PREFETCH_CANDIDATE,
model.language_model.layers.1.ple.ple_embedding.ngram_embedding.shard_52.weight,model-00018-of-00131.safetensors,BF16,2500012x160,2,400001920,800003840,ple_ngram,ple_embedding_table,1,,REQUIRED_INITIAL_TEXT,KQ-TENSOR-CLASSIFICATION-v1:ple_embedding_table,PLE_PREFETCH_CANDIDATE,
model.language_model.layers.1.ple.ple_embedding.ngram_embedding.shard_53.weight,model-00018-of-00131.safetensors,BF16,2500012x160,2,400001920,800003840,ple_ngram,ple_embedding_table,1,,REQUIRED_INITIAL_TEXT,KQ-TENSOR-CLASSIFICATION-v1:ple_embedding_table,PLE_PREFETCH_CANDIDATE,
model.language_model.layers.1.ple.ple_embedding.ngram_embedding.shard_54.weight,model-00019-of-00131.safetensors,BF16,2500012x160,2,400001920,800003840,ple_ngram,ple_embedding_table,1,,REQUIRED_INITIAL_TEXT,KQ-TENSOR-CLASSIFICATION-v1:ple_embedding_table,PLE_PREFETCH_CANDIDATE,
model.language_model.layers.1.ple.ple_embedding.ngram_embedding.shard_55.weight,model-00019-of-00131.safetensors,BF16,2500012x160,2,400001920,800003840,ple_ngram,ple_embedding_table,1,,REQUIRED_INITIAL_TEXT,KQ-TENSOR-CLASSIFICATION-v1:ple_embedding_table,PLE_PREFETCH_CANDIDATE,
model.language_model.layers.1.ple.ple_embedding.ngram_embedding.shard_56.weight,model-00019-of-00131.safetensors,BF16,2500012x160,2,400001920,800003840,ple_ngram,ple_embedding_table,1,,REQUIRED_INITIAL_TEXT,KQ-TENSOR-CLASSIFICATION-v1:ple_embedding_table,PLE_PREFETCH_CANDIDATE,
model.language_model.layers.1.ple.ple_embedding.ngram_embedding.shard_57.weight,model-00019-of-00131.safetensors,BF16,2500012x160,2,400001920,800003840,ple_ngram,ple_embedding_table,1,,REQUIRED_INITIAL_TEXT,KQ-TENSOR-CLASSIFICATION-v1:ple_embedding_table,PLE_PREFETCH_CANDIDATE,
model.language_model.layers.1.ple.ple_embedding.ngram_embedding.shard_58.weight,model-00020-of-00131.safetensors,BF16,2500012x160,2,400001920,800003840,ple_ngram,ple_embedding_table,1,,REQUIRED_INITIAL_TEXT,KQ-TENSOR-CLASSIFICATION-v1:ple_embedding_table,PLE_PREFETCH_CANDIDATE,
model.language_model.layers.1.ple.ple_embedding.ngram_embedding.shard_59.weight,model-00020-of-00131.safetensors,BF16,2500012x160,2,400001920,800003840,ple_ngram,ple_embedding_table,1,,REQUIRED_INITIAL_TEXT,KQ-TENSOR-CLASSIFICATION-v1:ple_embedding_table,PLE_PREFETCH_CANDIDATE,
model.language_model.layers.1.ple.ple_embedding.ngram_embedding.shard_6.weight,model-00007-of-00131.safetensors,BF16,2500012x160,2,400001920,800003840,ple_ngram,ple_embedding_table,1,,REQUIRED_INITIAL_TEXT,KQ-TENSOR-CLASSIFICATION-v1:ple_embedding_table,PLE_PREFETCH_CANDIDATE,
model.language_model.layers.1.ple.ple_embedding.ngram_embedding.shard_60.weight,model-00020-of-00131.safetensors,BF16,2500012x160,2,400001920,800003840,ple_ngram,ple_embedding_table,1,,REQUIRED_INITIAL_TEXT,KQ-TENSOR-CLASSIFICATION-v1:ple_embedding_table,PLE_PREFETCH_CANDIDATE,
model.language_model.layers.1.ple.ple_embedding.ngram_embedding.shard_61.weight,model-00020-of-00131.safetensors,BF16,2500012x160,2,400001920,800003840,ple_ngram,ple_embedding_table,1,,REQUIRED_INITIAL_TEXT,KQ-TENSOR-CLASSIFICATION-v1:ple_embedding_table,PLE_PREFETCH_CANDIDATE,
model.language_model.layers.1.ple.ple_embedding.ngram_embedding.shard_62.weight,model-00021-of-00131.safetensors,BF16,2500012x160,2,400001920,800003840,ple_ngram,ple_embedding_table,1,,REQUIRED_INITIAL_TEXT,KQ-TENSOR-CLASSIFICATION-v1:ple_embedding_table,PLE_PREFETCH_CANDIDATE,
model.language_model.layers.1.ple.ple_embedding.ngram_embedding.shard_63.weight,model-00021-of-00131.safetensors,BF16,2500012x160,2,400001920,800003840,ple_ngram,ple_embedding_table,1,,REQUIRED_INITIAL_TEXT,KQ-TENSOR-CLASSIFICATION-v1:ple_embedding_table,PLE_PREFETCH_CANDIDATE,
model.language_model.layers.1.ple.ple_embedding.ngram_embedding.shard_64.weight,model-00021-of-00131.safetensors,BF16,2500012x160,2,400001920,800003840,ple_ngram,ple_embedding_table,1,,REQUIRED_INITIAL_TEXT,KQ-TENSOR-CLASSIFICATION-v1:ple_embedding_table,PLE_PREFETCH_CANDIDATE,
model.language_model.layers.1.ple.ple_embedding.ngram_embedding.shard_65.weight,model-00021-of-00131.safetensors,BF16,2500012x160,2,400001920,800003840,ple_ngram,ple_embedding_table,1,,REQUIRED_INITIAL_TEXT,KQ-TENSOR-CLASSIFICATION-v1:ple_embedding_table,PLE_PREFETCH_CANDIDATE,
model.language_model.layers.1.ple.ple_embedding.ngram_embedding.shard_66.weight,model-00022-of-00131.safetensors,BF16,2500012x160,2,400001920,800003840,ple_ngram,ple_embedding_table,1,,REQUIRED_INITIAL_TEXT,KQ-TENSOR-CLASSIFICATION-v1:ple_embedding_table,PLE_PREFETCH_CANDIDATE,
model.language_model.layers.1.ple.ple_embedding.ngram_embedding.shard_67.weight,model-00022-of-00131.safetensors,BF16,2500012x160,2,400001920,800003840,ple_ngram,ple_embedding_table,1,,REQUIRED_INITIAL_TEXT,KQ-TENSOR-CLASSIFICATION-v1:ple_embedding_table,PLE_PREFETCH_CANDIDATE,
model.language_model.layers.1.ple.ple_embedding.ngram_embedding.shard_68.weight,model-00022-of-00131.safetensors,BF16,2500012x160,2,400001920,800003840,ple_ngram,ple_embedding_table,1,,REQUIRED_INITIAL_TEXT,KQ-TENSOR-CLASSIFICATION-v1:ple_embedding_table,PLE_PREFETCH_CANDIDATE,
model.language_model.layers.1.ple.ple_embedding.ngram_embedding.shard_69.weight,model-00022-of-00131.safetensors,BF16,2500012x160,2,400001920,800003840,ple_ngram,ple_embedding_table,1,,REQUIRED_INITIAL_TEXT,KQ-TENSOR-CLASSIFICATION-v1:ple_embedding_table,PLE_PREFETCH_CANDIDATE,
model.language_model.layers.1.ple.ple_embedding.ngram_embedding.shard_7.weight,model-00007-of-00131.safetensors,BF16,2500012x160,2,400001920,800003840,ple_ngram,ple_embedding_table,1,,REQUIRED_INITIAL_TEXT,KQ-TENSOR-CLASSIFICATION-v1:ple_embedding_table,PLE_PREFETCH_CANDIDATE,
model.language_model.layers.1.ple.ple_embedding.ngram_embedding.shard_70.weight,model-00023-of-00131.safetensors,BF16,2500012x160,2,400001920,800003840,ple_ngram,ple_embedding_table,1,,REQUIRED_INITIAL_TEXT,KQ-TENSOR-CLASSIFICATION-v1:ple_embedding_table,PLE_PREFETCH_CANDIDATE,
model.language_model.layers.1.ple.ple_embedding.ngram_embedding.shard_71.weight,model-00023-of-00131.safetensors,BF16,2500012x160,2,400001920,800003840,ple_ngram,ple_embedding_table,1,,REQUIRED_INITIAL_TEXT,KQ-TENSOR-CLASSIFICATION-v1:ple_embedding_table,PLE_PREFETCH_CANDIDATE,
model.language_model.layers.1.ple.ple_embedding.ngram_embedding.shard_72.weight,model-00023-of-00131.safetensors,BF16,2500012x160,2,400001920,800003840,ple_ngram,ple_embedding_table,1,,REQUIRED_INITIAL_TEXT,KQ-TENSOR-CLASSIFICATION-v1:ple_embedding_table,PLE_PREFETCH_CANDIDATE,
model.language_model.layers.1.ple.ple_embedding.ngram_embedding.shard_73.weight,model-00023-of-00131.safetensors,BF16,2500012x160,2,400001920,800003840,ple_ngram,ple_embedding_table,1,,REQUIRED_INITIAL_TEXT,KQ-TENSOR-CLASSIFICATION-v1:ple_embedding_table,PLE_PREFETCH_CANDIDATE,
model.language_model.layers.1.ple.ple_embedding.ngram_embedding.shard_74.weight,model-00024-of-00131.safetensors,BF16,2500012x160,2,400001920,800003840,ple_ngram,ple_embedding_table,1,,REQUIRED_INITIAL_TEXT,KQ-TENSOR-CLASSIFICATION-v1:ple_embedding_table,PLE_PREFETCH_CANDIDATE,
model.language_model.layers.1.ple.ple_embedding.ngram_embedding.shard_75.weight,model-00024-of-00131.safetensors,BF16,2500012x160,2,400001920,800003840,ple_ngram,ple_embedding_table,1,,REQUIRED_INITIAL_TEXT,KQ-TENSOR-CLASSIFICATION-v1:ple_embedding_table,PLE_PREFETCH_CANDIDATE,
model.language_model.layers.1.ple.ple_embedding.ngram_embedding.shard_76.weight,model-00024-of-00131.safetensors,BF16,2500012x160,2,400001920,800003840,ple_ngram,ple_embedding_table,1,,REQUIRED_INITIAL_TEXT,KQ-TENSOR-CLASSIFICATION-v1:ple_embedding_table,PLE_PREFETCH_CANDIDATE,
model.language_model.layers.1.ple.ple_embedding.ngram_embedding.shard_77.weight,model-00024-of-00131.safetensors,BF16,2500012x160,2,400001920,800003840,ple_ngram,ple_embedding_table,1,,REQUIRED_INITIAL_TEXT,KQ-TENSOR-CLASSIFICATION-v1:ple_embedding_table,PLE_PREFETCH_CANDIDATE,
model.language_model.layers.1.ple.ple_embedding.ngram_embedding.shard_78.weight,model-00025-of-00131.safetensors,BF16,2500012x160,2,400001920,800003840,ple_ngram,ple_embedding_table,1,,REQUIRED_INITIAL_TEXT,KQ-TENSOR-CLASSIFICATION-v1:ple_embedding_table,PLE_PREFETCH_CANDIDATE,
model.language_model.layers.1.ple.ple_embedding.ngram_embedding.shard_79.weight,model-00025-of-00131.safetensors,BF16,2500012x160,2,400001920,800003840,ple_ngram,ple_embedding_table,1,,REQUIRED_INITIAL_TEXT,KQ-TENSOR-CLASSIFICATION-v1:ple_embedding_table,PLE_PREFETCH_CANDIDATE,
model.language_model.layers.1.ple.ple_embedding.ngram_embedding.shard_8.weight,model-00007-of-00131.safetensors,BF16,2500012x160,2,400001920,800003840,ple_ngram,ple_embedding_table,1,,REQUIRED_INITIAL_TEXT,KQ-TENSOR-CLASSIFICATION-v1:ple_embedding_table,PLE_PREFETCH_CANDIDATE,
model.language_model.layers.1.ple.ple_embedding.ngram_embedding.shard_80.weight,model-00025-of-00131.safetensors,BF16,2500012x160,2,400001920,800003840,ple_ngram,ple_embedding_table,1,,REQUIRED_INITIAL_TEXT,KQ-TENSOR-CLASSIFICATION-v1:ple_embedding_table,PLE_PREFETCH_CANDIDATE,
model.language_model.layers.1.ple.ple_embedding.ngram_embedding.shard_81.weight,model-00025-of-00131.safetensors,BF16,2500012x160,2,400001920,800003840,ple_ngram,ple_embedding_table,1,,REQUIRED_INITIAL_TEXT,KQ-TENSOR-CLASSIFICATION-v1:ple_embedding_table,PLE_PREFETCH_CANDIDATE,
model.language_model.layers.1.ple.ple_embedding.ngram_embedding.shard_82.weight,model-00026-of-00131.safetensors,BF16,2500012x160,2,400001920,800003840,ple_ngram,ple_embedding_table,1,,REQUIRED_INITIAL_TEXT,KQ-TENSOR-CLASSIFICATION-v1:ple_embedding_table,PLE_PREFETCH_CANDIDATE,
model.language_model.layers.1.ple.ple_embedding.ngram_embedding.shard_83.weight,model-00026-of-00131.safetensors,BF16,2500012x160,2,400001920,800003840,ple_ngram,ple_embedding_table,1,,REQUIRED_INITIAL_TEXT,KQ-TENSOR-CLASSIFICATION-v1:ple_embedding_table,PLE_PREFETCH_CANDIDATE,
model.language_model.layers.1.ple.ple_embedding.ngram_embedding.shard_84.weight,model-00026-of-00131.safetensors,BF16,2500012x160,2,400001920,800003840,ple_ngram,ple_embedding_table,1,,REQUIRED_INITIAL_TEXT,KQ-TENSOR-CLASSIFICATION-v1:ple_embedding_table,PLE_PREFETCH_CANDIDATE,
model.language_model.layers.1.ple.ple_embedding.ngram_embedding.shard_85.weight,model-00026-of-00131.safetensors,BF16,2500012x160,2,400001920,800003840,ple_ngram,ple_embedding_table,1,,REQUIRED_INITIAL_TEXT,KQ-TENSOR-CLASSIFICATION-v1:ple_embedding_table,PLE_PREFETCH_CANDIDATE,
model.language_model.layers.1.ple.ple_embedding.ngram_embedding.shard_86.weight,model-00027-of-00131.safetensors,BF16,2500012x160,2,400001920,800003840,ple_ngram,ple_embedding_table,1,,REQUIRED_INITIAL_TEXT,KQ-TENSOR-CLASSIFICATION-v1:ple_embedding_table,PLE_PREFETCH_CANDIDATE,
model.language_model.layers.1.ple.ple_embedding.ngram_embedding.shard_87.weight,model-00027-of-00131.safetensors,BF16,2500012x160,2,400001920,800003840,ple_ngram,ple_embedding_table,1,,REQUIRED_INITIAL_TEXT,KQ-TENSOR-CLASSIFICATION-v1:ple_embedding_table,PLE_PREFETCH_CANDIDATE,
model.language_model.layers.1.ple.ple_embedding.ngram_embedding.shard_88.weight,model-00027-of-00131.safetensors,BF16,2500012x160,2,400001920,800003840,ple_ngram,ple_embedding_table,1,,REQUIRED_INITIAL_TEXT,KQ-TENSOR-CLASSIFICATION-v1:ple_embedding_table,PLE_PREFETCH_CANDIDATE,
model.language_model.layers.1.ple.ple_embedding.ngram_embedding.shard_89.weight,model-00027-of-00131.safetensors,BF16,2500012x160,2,400001920,800003840,ple_ngram,ple_embedding_table,1,,REQUIRED_INITIAL_TEXT,KQ-TENSOR-CLASSIFICATION-v1:ple_embedding_table,PLE_PREFETCH_CANDIDATE,
model.language_model.layers.1.ple.ple_embedding.ngram_embedding.shard_9.weight,model-00007-of-00131.safetensors,BF16,2500012x160,2,400001920,800003840,ple_ngram,ple_embedding_table,1,,REQUIRED_INITIAL_TEXT,KQ-TENSOR-CLASSIFICATION-v1:ple_embedding_table,PLE_PREFETCH_CANDIDATE,
model.language_model.layers.1.ple.ple_embedding.ngram_embedding.shard_90.weight,model-00028-of-00131.safetensors,BF16,2500012x160,2,400001920,800003840,ple_ngram,ple_embedding_table,1,,REQUIRED_INITIAL_TEXT,KQ-TENSOR-CLASSIFICATION-v1:ple_embedding_table,PLE_PREFETCH_CANDIDATE,
model.language_model.layers.1.ple.ple_embedding.ngram_embedding.shard_91.weight,model-00028-of-00131.safetensors,BF16,2500012x160,2,400001920,800003840,ple_ngram,ple_embedding_table,1,,REQUIRED_INITIAL_TEXT,KQ-TENSOR-CLASSIFICATION-v1:ple_embedding_table,PLE_PREFETCH_CANDIDATE,
model.language_model.layers.1.ple.ple_embedding.ngram_embedding.shard_92.weight,model-00028-of-00131.safetensors,BF16,2500012x160,2,400001920,800003840,ple_ngram,ple_embedding_table,1,,REQUIRED_INITIAL_TEXT,KQ-TENSOR-CLASSIFICATION-v1:ple_embedding_table,PLE_PREFETCH_CANDIDATE,
model.language_model.layers.1.ple.ple_embedding.ngram_embedding.shard_93.weight,model-00028-of-00131.safetensors,BF16,2500012x160,2,400001920,800003840,ple_ngram,ple_embedding_table,1,,REQUIRED_INITIAL_TEXT,KQ-TENSOR-CLASSIFICATION-v1:ple_embedding_table,PLE_PREFETCH_CANDIDATE,
model.language_model.layers.1.ple.ple_embedding.ngram_embedding.shard_94.weight,model-00029-of-00131.safetensors,BF16,2500012x160,2,400001920,800003840,ple_ngram,ple_embedding_table,1,,REQUIRED_INITIAL_TEXT,KQ-TENSOR-CLASSIFICATION-v1:ple_embedding_table,PLE_PREFETCH_CANDIDATE,
model.language_model.layers.1.ple.ple_embedding.ngram_embedding.shard_95.weight,model-00029-of-00131.safetensors,BF16,2500012x160,2,400001920,800003840,ple_ngram,ple_embedding_table,1,,REQUIRED_INITIAL_TEXT,KQ-TENSOR-CLASSIFICATION-v1:ple_embedding_table,PLE_PREFETCH_CANDIDATE,
model.language_model.layers.1.ple.ple_embedding.ngram_embedding.shard_96.weight,model-00029-of-00131.safetensors,BF16,2500012x160,2,400001920,800003840,ple_ngram,ple_embedding_table,1,,REQUIRED_INITIAL_TEXT,KQ-TENSOR-CLASSIFICATION-v1:ple_embedding_table,PLE_PREFETCH_CANDIDATE,
model.language_model.layers.1.ple.ple_embedding.ngram_embedding.shard_97.weight,model-00029-of-00131.safetensors,BF16,2500012x160,2,400001920,800003840,ple_ngram,ple_embedding_table,1,,REQUIRED_INITIAL_TEXT,KQ-TENSOR-CLASSIFICATION-v1:ple_embedding_table,PLE_PREFETCH_CANDIDATE,
model.language_model.layers.1.ple.ple_embedding.ngram_embedding.shard_98.weight,model-00030-of-00131.safetensors,BF16,2500012x160,2,400001920,800003840,ple_ngram,ple_embedding_table,1,,REQUIRED_INITIAL_TEXT,KQ-TENSOR-CLASSIFICATION-v1:ple_embedding_table,PLE_PREFETCH_CANDIDATE,
model.language_model.layers.1.ple.ple_embedding.ngram_embedding.shard_99.weight,model-00030-of-00131.safetensors,BF16,2500012x160,2,400001920,800003840,ple_ngram,ple_embedding_table,1,,REQUIRED_INITIAL_TEXT,KQ-TENSOR-CLASSIFICATION-v1:ple_embedding_table,PLE_PREFETCH_CANDIDATE,
model.language_model.layers.1.ple.ple_embedding.ngram_heads_offsets,model-00037-of-00131.safetensors,I64,16,1,16,128,ple_ngram,ple_address_metadata,1,,REQUIRED_INITIAL_TEXT,KQ-TENSOR-CLASSIFICATION-v1:ple_address_metadata,PLE_PREFETCH_CANDIDATE,
model.language_model.layers.1.ple.ple_embedding.ngram_heads_vocab_sizes,model-00037-of-00131.safetensors,I64,16,1,16,128,ple_ngram,ple_address_metadata,1,,REQUIRED_INITIAL_TEXT,KQ-TENSOR-CLASSIFICATION-v1:ple_address_metadata,PLE_PREFETCH_CANDIDATE,
model.language_model.layers.1.ple.value_proj.weight,model-00037-of-00131.safetensors,BF16,2560x2560,2,6553600,13107200,ple_ngram,ple_dense,1,,REQUIRED_INITIAL_TEXT,KQ-TENSOR-CLASSIFICATION-v1:ple_dense,PLE_PREFETCH_CANDIDATE,
model.language_model.layers.10.attn_hyper_connection.block_inject_weight.weight,model-00037-of-00131.safetensors,BF16,4x10240,2,40960,81920,text,gated_residual,10,,REQUIRED_INITIAL_TEXT,KQ-TENSOR-CLASSIFICATION-v1:gated_residual,ALWAYS_NEEDED_CANDIDATE,
model.language_model.layers.10.attn_hyper_connection.hc_norm.weight,model-00037-of-00131.safetensors,BF16,10240,1,10240,20480,text,gated_residual,10,,REQUIRED_INITIAL_TEXT,KQ-TENSOR-CLASSIFICATION-v1:gated_residual,ALWAYS_NEEDED_CANDIDATE,
model.language_model.layers.10.attn_hyper_connection.input_mix_weight_down.weight,model-00037-of-00131.safetensors,BF16,320x10240,2,3276800,6553600,text,gated_residual,10,,REQUIRED_INITIAL_TEXT,KQ-TENSOR-CLASSIFICATION-v1:gated_residual,ALWAYS_NEEDED_CANDIDATE,
model.language_model.layers.10.attn_hyper_connection.input_mix_weight_up.weight,model-00037-of-00131.safetensors,BF16,10240x320,2,3276800,6553600,text,gated_residual,10,,REQUIRED_INITIAL_TEXT,KQ-TENSOR-CLASSIFICATION-v1:gated_residual,ALWAYS_NEEDED_CANDIDATE,
model.language_model.layers.10.linear_attn.A_log,model-00037-of-00131.safetensors,BF16,48,1,48,96,text,gdn,10,,REQUIRED_INITIAL_TEXT,KQ-TENSOR-CLASSIFICATION-v1:gdn,ALWAYS_NEEDED_CANDIDATE,
model.language_model.layers.10.linear_attn.conv1d.weight,model-00037-of-00131.safetensors,BF16,10240x1x4,3,40960,81920,text,gdn,10,,REQUIRED_INITIAL_TEXT,KQ-TENSOR-CLASSIFICATION-v1:gdn,ALWAYS_NEEDED_CANDIDATE,
model.language_model.layers.10.linear_attn.dt_bias,model-00037-of-00131.safetensors,BF16,48,1,48,96,text,gdn,10,,REQUIRED_INITIAL_TEXT,KQ-TENSOR-CLASSIFICATION-v1:gdn,ALWAYS_NEEDED_CANDIDATE,
model.language_model.layers.10.linear_attn.in_proj_a.weight,model-00037-of-00131.safetensors,BF16,48x2560,2,122880,245760,text,gdn,10,,REQUIRED_INITIAL_TEXT,KQ-TENSOR-CLASSIFICATION-v1:gdn,ALWAYS_NEEDED_CANDIDATE,
model.language_model.layers.10.linear_attn.in_proj_b.weight,model-00037-of-00131.safetensors,BF16,48x2560,2,122880,245760,text,gdn,10,,REQUIRED_INITIAL_TEXT,KQ-TENSOR-CLASSIFICATION-v1:gdn,ALWAYS_NEEDED_CANDIDATE,
model.language_model.layers.10.linear_attn.in_proj_qkv.weight,model-00037-of-00131.safetensors,BF16,10240x2560,2,26214400,52428800,text,gdn,10,,REQUIRED_INITIAL_TEXT,KQ-TENSOR-CLASSIFICATION-v1:gdn,ALWAYS_NEEDED_CANDIDATE,
model.language_model.layers.10.linear_attn.in_proj_z.weight,model-00037-of-00131.safetensors,BF16,6144x2560,2,15728640,31457280,text,gdn,10,,REQUIRED_INITIAL_TEXT,KQ-TENSOR-CLASSIFICATION-v1:gdn,ALWAYS_NEEDED_CANDIDATE,
model.language_model.layers.10.linear_attn.norm.weight,model-00037-of-00131.safetensors,BF16,128,1,128,256,text,gdn,10,,REQUIRED_INITIAL_TEXT,KQ-TENSOR-CLASSIFICATION-v1:gdn,ALWAYS_NEEDED_CANDIDATE,
model.language_model.layers.10.linear_attn.out_proj.weight,model-00037-of-00131.safetensors,BF16,2560x6144,2,15728640,31457280,text,gdn,10,,REQUIRED_INITIAL_TEXT,KQ-TENSOR-CLASSIFICATION-v1:gdn,ALWAYS_NEEDED_CANDIDATE,
model.language_model.layers.10.mlp.experts.down_proj,model-00039-of-00131.safetensors,BF16,512x2560x640,3,838860800,1677721600,text,routed_experts,10,STACKED_0_511,REQUIRED_INITIAL_TEXT,KQ-TENSOR-CLASSIFICATION-v1:routed_experts,ROUTED_EXPERT_CACHE_CANDIDATE,canonical tensor stacks all 512 routed experts
model.language_model.layers.10.mlp.experts.gate_up_proj,model-00038-of-00131.safetensors,BF16,512x1280x2560,3,1677721600,3355443200,text,routed_experts,10,STACKED_0_511,REQUIRED_INITIAL_TEXT,KQ-TENSOR-CLASSIFICATION-v1:routed_experts,ROUTED_EXPERT_CACHE_CANDIDATE,canonical tensor stacks all 512 routed experts
model.language_model.layers.10.mlp.gate.weight,model-00039-of-00131.safetensors,BF16,512x2560,2,1310720,2621440,text,router,10,,REQUIRED_INITIAL_TEXT,KQ-TENSOR-CLASSIFICATION-v1:router,ALWAYS_NEEDED_CANDIDATE,
model.language_model.layers.10.mlp.shared_expert.down_proj.weight,model-00039-of-00131.safetensors,BF16,2560x640,2,1638400,3276800,text,shared_expert,10,,REQUIRED_INITIAL_TEXT,KQ-TENSOR-CLASSIFICATION-v1:shared_expert,ALWAYS_NEEDED_CANDIDATE,
model.language_model.layers.10.mlp.shared_expert.gate_proj.weight,model-00039-of-00131.safetensors,BF16,640x2560,2,1638400,3276800,text,shared_expert,10,,REQUIRED_INITIAL_TEXT,KQ-TENSOR-CLASSIFICATION-v1:shared_expert,ALWAYS_NEEDED_CANDIDATE,
model.language_model.layers.10.mlp.shared_expert.up_proj.weight,model-00039-of-00131.safetensors,BF16,640x2560,2,1638400,3276800,text,shared_expert,10,,REQUIRED_INITIAL_TEXT,KQ-TENSOR-CLASSIFICATION-v1:shared_expert,ALWAYS_NEEDED_CANDIDATE,
model.language_model.layers.10.mlp.shared_expert_gate.weight,model-00039-of-00131.safetensors,BF16,1x2560,2,2560,5120,text,shared_expert,10,,REQUIRED_INITIAL_TEXT,KQ-TENSOR-CLASSIFICATION-v1:shared_expert,ALWAYS_NEEDED_CANDIDATE,
model.language_model.layers.10.mlp_hyper_connection.block_inject_weight.weight,model-00039-of-00131.safetensors,BF16,4x10240,2,40960,81920,text,gated_residual,10,,REQUIRED_INITIAL_TEXT,KQ-TENSOR-CLASSIFICATION-v1:gated_residual,ALWAYS_NEEDED_CANDIDATE,
model.language_model.layers.10.mlp_hyper_connection.hc_norm.weight,model-00039-of-00131.safetensors,BF16,10240,1,10240,20480,text,gated_residual,10,,REQUIRED_INITIAL_TEXT,KQ-TENSOR-CLASSIFICATION-v1:gated_residual,ALWAYS_NEEDED_CANDIDATE,
model.language_model.layers.10.mlp_hyper_connection.input_mix_weight_down.weight,model-00039-of-00131.safetensors,BF16,320x10240,2,3276800,6553600,text,gated_residual,10,,REQUIRED_INITIAL_TEXT,KQ-TENSOR-CLASSIFICATION-v1:gated_residual,ALWAYS_NEEDED_CANDIDATE,
model.language_model.layers.10.mlp_hyper_connection.input_mix_weight_up.weight,model-00039-of-00131.safetensors,BF16,10240x320,2,3276800,6553600,text,gated_residual,10,,REQUIRED_INITIAL_TEXT,KQ-TENSOR-CLASSIFICATION-v1:gated_residual,ALWAYS_NEEDED_CANDIDATE,
model.language_model.layers.11.attn_hyper_connection.block_inject_weight.weight,model-00039-of-00131.safetensors,BF16,4x10240,2,40960,81920,text,gated_residual,11,,REQUIRED_INITIAL_TEXT,KQ-TENSOR-CLASSIFICATION-v1:gated_residual,ALWAYS_NEEDED_CANDIDATE,
model.language_model.layers.11.attn_hyper_connection.hc_norm.weight,model-00039-of-00131.safetensors,BF16,10240,1,10240,20480,text,gated_residual,11,,REQUIRED_INITIAL_TEXT,KQ-TENSOR-CLASSIFICATION-v1:gated_residual,ALWAYS_NEEDED_CANDIDATE,
model.language_model.layers.11.attn_hyper_connection.input_mix_weight_down.weight,model-00039-of-00131.safetensors,BF16,320x10240,2,3276800,6553600,text,gated_residual,11,,REQUIRED_INITIAL_TEXT,KQ-TENSOR-CLASSIFICATION-v1:gated_residual,ALWAYS_NEEDED_CANDIDATE,
model.language_model.layers.11.attn_hyper_connection.input_mix_weight_up.weight,model-00039-of-00131.safetensors,BF16,10240x320,2,3276800,6553600,text,gated_residual,11,,REQUIRED_INITIAL_TEXT,KQ-TENSOR-CLASSIFICATION-v1:gated_residual,ALWAYS_NEEDED_CANDIDATE,
model.language_model.layers.11.mlp.experts.down_proj,model-00041-of-00131.safetensors,BF16,512x2560x640,3,838860800,1677721600,text,routed_experts,11,STACKED_0_511,REQUIRED_INITIAL_TEXT,KQ-TENSOR-CLASSIFICATION-v1:routed_experts,ROUTED_EXPERT_CACHE_CANDIDATE,canonical tensor stacks all 512 routed experts
model.language_model.layers.11.mlp.experts.gate_up_proj,model-00040-of-00131.safetensors,BF16,512x1280x2560,3,1677721600,3355443200,text,routed_experts,11,STACKED_0_511,REQUIRED_INITIAL_TEXT,KQ-TENSOR-CLASSIFICATION-v1:routed_experts,ROUTED_EXPERT_CACHE_CANDIDATE,canonical tensor stacks all 512 routed experts
model.language_model.layers.11.mlp.gate.weight,model-00041-of-00131.safetensors,BF16,512x2560,2,1310720,2621440,text,router,11,,REQUIRED_INITIAL_TEXT,KQ-TENSOR-CLASSIFICATION-v1:router,ALWAYS_NEEDED_CANDIDATE,
model.language_model.layers.11.mlp.shared_expert.down_proj.weight,model-00041-of-00131.safetensors,BF16,2560x640,2,1638400,3276800,text,shared_expert,11,,REQUIRED_INITIAL_TEXT,KQ-TENSOR-CLASSIFICATION-v1:shared_expert,ALWAYS_NEEDED_CANDIDATE,
model.language_model.layers.11.mlp.shared_expert.gate_proj.weight,model-00041-of-00131.safetensors,BF16,640x2560,2,1638400,3276800,text,shared_expert,11,,REQUIRED_INITIAL_TEXT,KQ-TENSOR-CLASSIFICATION-v1:shared_expert,ALWAYS_NEEDED_CANDIDATE,
model.language_model.layers.11.mlp.shared_expert.up_proj.weight,model-00041-of-00131.safetensors,BF16,640x2560,2,1638400,3276800,text,shared_expert,11,,REQUIRED_INITIAL_TEXT,KQ-TENSOR-CLASSIFICATION-v1:shared_expert,ALWAYS_NEEDED_CANDIDATE,
model.language_model.layers.11.mlp.shared_expert_gate.weight,model-00041-of-00131.safetensors,BF16,1x2560,2,2560,5120,text,shared_expert,11,,REQUIRED_INITIAL_TEXT,KQ-TENSOR-CLASSIFICATION-v1:shared_expert,ALWAYS_NEEDED_CANDIDATE,
model.language_model.layers.11.mlp_hyper_connection.block_inject_weight.weight,model-00041-of-00131.safetensors,BF16,4x10240,2,40960,81920,text,gated_residual,11,,REQUIRED_INITIAL_TEXT,KQ-TENSOR-CLASSIFICATION-v1:gated_residual,ALWAYS_NEEDED_CANDIDATE,
model.language_model.layers.11.mlp_hyper_connection.hc_norm.weight,model-00041-of-00131.safetensors,BF16,10240,1,10240,20480,text,gated_residual,11,,REQUIRED_INITIAL_TEXT,KQ-TENSOR-CLASSIFICATION-v1:gated_residual,ALWAYS_NEEDED_CANDIDATE,
model.language_model.layers.11.mlp_hyper_connection.input_mix_weight_down.weight,model-00041-of-00131.safetensors,BF16,320x10240,2,3276800,6553600,text,gated_residual,11,,REQUIRED_INITIAL_TEXT,KQ-TENSOR-CLASSIFICATION-v1:gated_residual,ALWAYS_NEEDED_CANDIDATE,
model.language_model.layers.11.mlp_hyper_connection.input_mix_weight_up.weight,model-00041-of-00131.safetensors,BF16,10240x320,2,3276800,6553600,text,gated_residual,11,,REQUIRED_INITIAL_TEXT,KQ-TENSOR-CLASSIFICATION-v1:gated_residual,ALWAYS_NEEDED_CANDIDATE,
model.language_model.layers.11.self_attn.indexer.index_qk_proj.weight,model-00041-of-00131.safetensors,BF16,640x2560,2,1638400,3276800,text,qsa_indexer,11,,REQUIRED_INITIAL_TEXT,KQ-TENSOR-CLASSIFICATION-v1:qsa_indexer,ALWAYS_NEEDED_CANDIDATE,
model.language_model.layers.11.self_attn.indexer.k_layernorm.weight,model-00041-of-00131.safetensors,BF16,128,1,128,256,text,qsa_indexer,11,,REQUIRED_INITIAL_TEXT,KQ-TENSOR-CLASSIFICATION-v1:qsa_indexer,ALWAYS_NEEDED_CANDIDATE,
model.language_model.layers.11.self_attn.indexer.q_layernorm.weight,model-00041-of-00131.safetensors,BF16,128,1,128,256,text,qsa_indexer,11,,REQUIRED_INITIAL_TEXT,KQ-TENSOR-CLASSIFICATION-v1:qsa_indexer,ALWAYS_NEEDED_CANDIDATE,
model.language_model.layers.11.self_attn.k_norm.weight,model-00041-of-00131.safetensors,BF16,256,1,256,512,text,qsa_attention,11,,REQUIRED_INITIAL_TEXT,KQ-TENSOR-CLASSIFICATION-v1:qsa_attention,ALWAYS_NEEDED_CANDIDATE,
model.language_model.layers.11.self_attn.k_proj.weight,model-00041-of-00131.safetensors,BF16,512x2560,2,1310720,2621440,text,qsa_attention,11,,REQUIRED_INITIAL_TEXT,KQ-TENSOR-CLASSIFICATION-v1:qsa_attention,ALWAYS_NEEDED_CANDIDATE,
model.language_model.layers.11.self_attn.o_proj.weight,model-00041-of-00131.safetensors,BF16,2560x6144,2,15728640,31457280,text,qsa_attention,11,,REQUIRED_INITIAL_TEXT,KQ-TENSOR-CLASSIFICATION-v1:qsa_attention,ALWAYS_NEEDED_CANDIDATE,
model.language_model.layers.11.self_attn.q_norm.weight,model-00041-of-00131.safetensors,BF16,256,1,256,512,text,qsa_attention,11,,REQUIRED_INITIAL_TEXT,KQ-TENSOR-CLASSIFICATION-v1:qsa_attention,ALWAYS_NEEDED_CANDIDATE,
model.language_model.layers.11.self_attn.q_proj.weight,model-00041-of-00131.safetensors,BF16,12288x2560,2,31457280,62914560,text,qsa_attention,11,,REQUIRED_INITIAL_TEXT,KQ-TENSOR-CLASSIFICATION-v1:qsa_attention,ALWAYS_NEEDED_CANDIDATE,
model.language_model.layers.11.self_attn.v_proj.weight,model-00041-of-00131.safetensors,BF16,512x2560,2,1310720,2621440,text,qsa_attention,11,,REQUIRED_INITIAL_TEXT,KQ-TENSOR-CLASSIFICATION-v1:qsa_attention,ALWAYS_NEEDED_CANDIDATE,
model.language_model.layers.12.attn_hyper_connection.block_inject_weight.weight,model-00041-of-00131.safetensors,BF16,4x10240,2,40960,81920,text,gated_residual,12,,REQUIRED_INITIAL_TEXT,KQ-TENSOR-CLASSIFICATION-v1:gated_residual,ALWAYS_NEEDED_CANDIDATE,
model.language_model.layers.12.attn_hyper_connection.hc_norm.weight,model-00041-of-00131.safetensors,BF16,10240,1,10240,20480,text,gated_residual,12,,REQUIRED_INITIAL_TEXT,KQ-TENSOR-CLASSIFICATION-v1:gated_residual,ALWAYS_NEEDED_CANDIDATE,
model.language_model.layers.12.attn_hyper_connection.input_mix_weight_down.weight,model-00041-of-00131.safetensors,BF16,320x10240,2,3276800,6553600,text,gated_residual,12,,REQUIRED_INITIAL_TEXT,KQ-TENSOR-CLASSIFICATION-v1:gated_residual,ALWAYS_NEEDED_CANDIDATE,
model.language_model.layers.12.attn_hyper_connection.input_mix_weight_up.weight,model-00041-of-00131.safetensors,BF16,10240x320,2,3276800,6553600,text,gated_residual,12,,REQUIRED_INITIAL_TEXT,KQ-TENSOR-CLASSIFICATION-v1:gated_residual,ALWAYS_NEEDED_CANDIDATE,
model.language_model.layers.12.linear_attn.A_log,model-00041-of-00131.safetensors,BF16,48,1,48,96,text,gdn,12,,REQUIRED_INITIAL_TEXT,KQ-TENSOR-CLASSIFICATION-v1:gdn,ALWAYS_NEEDED_CANDIDATE,
model.language_model.layers.12.linear_attn.conv1d.weight,model-00041-of-00131.safetensors,BF16,10240x1x4,3,40960,81920,text,gdn,12,,REQUIRED_INITIAL_TEXT,KQ-TENSOR-CLASSIFICATION-v1:gdn,ALWAYS_NEEDED_CANDIDATE,
model.language_model.layers.12.linear_attn.dt_bias,model-00041-of-00131.safetensors,BF16,48,1,48,96,text,gdn,12,,REQUIRED_INITIAL_TEXT,KQ-TENSOR-CLASSIFICATION-v1:gdn,ALWAYS_NEEDED_CANDIDATE,
model.language_model.layers.12.linear_attn.in_proj_a.weight,model-00041-of-00131.safetensors,BF16,48x2560,2,122880,245760,text,gdn,12,,REQUIRED_INITIAL_TEXT,KQ-TENSOR-CLASSIFICATION-v1:gdn,ALWAYS_NEEDED_CANDIDATE,
model.language_model.layers.12.linear_attn.in_proj_b.weight,model-00041-of-00131.safetensors,BF16,48x2560,2,122880,245760,text,gdn,12,,REQUIRED_INITIAL_TEXT,KQ-TENSOR-CLASSIFICATION-v1:gdn,ALWAYS_NEEDED_CANDIDATE,
model.language_model.layers.12.linear_attn.in_proj_qkv.weight,model-00041-of-00131.safetensors,BF16,10240x2560,2,26214400,52428800,text,gdn,12,,REQUIRED_INITIAL_TEXT,KQ-TENSOR-CLASSIFICATION-v1:gdn,ALWAYS_NEEDED_CANDIDATE,
model.language_model.layers.12.linear_attn.in_proj_z.weight,model-00041-of-00131.safetensors,BF16,6144x2560,2,15728640,31457280,text,gdn,12,,REQUIRED_INITIAL_TEXT,KQ-TENSOR-CLASSIFICATION-v1:gdn,ALWAYS_NEEDED_CANDIDATE,
model.language_model.layers.12.linear_attn.norm.weight,model-00041-of-00131.safetensors,BF16,128,1,128,256,text,gdn,12,,REQUIRED_INITIAL_TEXT,KQ-TENSOR-CLASSIFICATION-v1:gdn,ALWAYS_NEEDED_CANDIDATE,
model.language_model.layers.12.linear_attn.out_proj.weight,model-00041-of-00131.safetensors,BF16,2560x6144,2,15728640,31457280,text,gdn,12,,REQUIRED_INITIAL_TEXT,KQ-TENSOR-CLASSIFICATION-v1:gdn,ALWAYS_NEEDED_CANDIDATE,
model.language_model.layers.12.mlp.experts.down_proj,model-00043-of-00131.safetensors,BF16,512x2560x640,3,838860800,1677721600,text,routed_experts,12,STACKED_0_511,REQUIRED_INITIAL_TEXT,KQ-TENSOR-CLASSIFICATION-v1:routed_experts,ROUTED_EXPERT_CACHE_CANDIDATE,canonical tensor stacks all 512 routed experts
model.language_model.layers.12.mlp.experts.gate_up_proj,model-00042-of-00131.safetensors,BF16,512x1280x2560,3,1677721600,3355443200,text,routed_experts,12,STACKED_0_511,REQUIRED_INITIAL_TEXT,KQ-TENSOR-CLASSIFICATION-v1:routed_experts,ROUTED_EXPERT_CACHE_CANDIDATE,canonical tensor stacks all 512 routed experts
model.language_model.layers.12.mlp.gate.weight,model-00043-of-00131.safetensors,BF16,512x2560,2,1310720,2621440,text,router,12,,REQUIRED_INITIAL_TEXT,KQ-TENSOR-CLASSIFICATION-v1:router,ALWAYS_NEEDED_CANDIDATE,
model.language_model.layers.12.mlp.shared_expert.down_proj.weight,model-00043-of-00131.safetensors,BF16,2560x640,2,1638400,3276800,text,shared_expert,12,,REQUIRED_INITIAL_TEXT,KQ-TENSOR-CLASSIFICATION-v1:shared_expert,ALWAYS_NEEDED_CANDIDATE,
model.language_model.layers.12.mlp.shared_expert.gate_proj.weight,model-00043-of-00131.safetensors,BF16,640x2560,2,1638400,3276800,text,shared_expert,12,,REQUIRED_INITIAL_TEXT,KQ-TENSOR-CLASSIFICATION-v1:shared_expert,ALWAYS_NEEDED_CANDIDATE,
model.language_model.layers.12.mlp.shared_expert.up_proj.weight,model-00043-of-00131.safetensors,BF16,640x2560,2,1638400,3276800,text,shared_expert,12,,REQUIRED_INITIAL_TEXT,KQ-TENSOR-CLASSIFICATION-v1:shared_expert,ALWAYS_NEEDED_CANDIDATE,
model.language_model.layers.12.mlp.shared_expert_gate.weight,model-00043-of-00131.safetensors,BF16,1x2560,2,2560,5120,text,shared_expert,12,,REQUIRED_INITIAL_TEXT,KQ-TENSOR-CLASSIFICATION-v1:shared_expert,ALWAYS_NEEDED_CANDIDATE,
model.language_model.layers.12.mlp_hyper_connection.block_inject_weight.weight,model-00043-of-00131.safetensors,BF16,4x10240,2,40960,81920,text,gated_residual,12,,REQUIRED_INITIAL_TEXT,KQ-TENSOR-CLASSIFICATION-v1:gated_residual,ALWAYS_NEEDED_CANDIDATE,
model.language_model.layers.12.mlp_hyper_connection.hc_norm.weight,model-00043-of-00131.safetensors,BF16,10240,1,10240,20480,text,gated_residual,12,,REQUIRED_INITIAL_TEXT,KQ-TENSOR-CLASSIFICATION-v1:gated_residual,ALWAYS_NEEDED_CANDIDATE,
model.language_model.layers.12.mlp_hyper_connection.input_mix_weight_down.weight,model-00043-of-00131.safetensors,BF16,320x10240,2,3276800,6553600,text,gated_residual,12,,REQUIRED_INITIAL_TEXT,KQ-TENSOR-CLASSIFICATION-v1:gated_residual,ALWAYS_NEEDED_CANDIDATE,
model.language_model.layers.12.mlp_hyper_connection.input_mix_weight_up.weight,model-00043-of-00131.safetensors,BF16,10240x320,2,3276800,6553600,text,gated_residual,12,,REQUIRED_INITIAL_TEXT,KQ-TENSOR-CLASSIFICATION-v1:gated_residual,ALWAYS_NEEDED_CANDIDATE,
model.language_model.layers.13.attn_hyper_connection.block_inject_weight.weight,model-00043-of-00131.safetensors,BF16,4x10240,2,40960,81920,text,gated_residual,13,,REQUIRED_INITIAL_TEXT,KQ-TENSOR-CLASSIFICATION-v1:gated_residual,ALWAYS_NEEDED_CANDIDATE,
model.language_model.layers.13.attn_hyper_connection.hc_norm.weight,model-00043-of-00131.safetensors,BF16,10240,1,10240,20480,text,gated_residual,13,,REQUIRED_INITIAL_TEXT,KQ-TENSOR-CLASSIFICATION-v1:gated_residual,ALWAYS_NEEDED_CANDIDATE,
model.language_model.layers.13.attn_hyper_connection.input_mix_weight_down.weight,model-00043-of-00131.safetensors,BF16,320x10240,2,3276800,6553600,text,gated_residual,13,,REQUIRED_INITIAL_TEXT,KQ-TENSOR-CLASSIFICATION-v1:gated_residual,ALWAYS_NEEDED_CANDIDATE,
model.language_model.layers.13.attn_hyper_connection.input_mix_weight_up.weight,model-00043-of-00131.safetensors,BF16,10240x320,2,3276800,6553600,text,gated_residual,13,,REQUIRED_INITIAL_TEXT,KQ-TENSOR-CLASSIFICATION-v1:gated_residual,ALWAYS_NEEDED_CANDIDATE,
model.language_model.layers.13.linear_attn.A_log,model-00043-of-00131.safetensors,BF16,48,1,48,96,text,gdn,13,,REQUIRED_INITIAL_TEXT,KQ-TENSOR-CLASSIFICATION-v1:gdn,ALWAYS_NEEDED_CANDIDATE,
model.language_model.layers.13.linear_attn.conv1d.weight,model-00043-of-00131.safetensors,BF16,10240x1x4,3,40960,81920,text,gdn,13,,REQUIRED_INITIAL_TEXT,KQ-TENSOR-CLASSIFICATION-v1:gdn,ALWAYS_NEEDED_CANDIDATE,
model.language_model.layers.13.linear_attn.dt_bias,model-00043-of-00131.safetensors,BF16,48,1,48,96,text,gdn,13,,REQUIRED_INITIAL_TEXT,KQ-TENSOR-CLASSIFICATION-v1:gdn,ALWAYS_NEEDED_CANDIDATE,
model.language_model.layers.13.linear_attn.in_proj_a.weight,model-00043-of-00131.safetensors,BF16,48x2560,2,122880,245760,text,gdn,13,,REQUIRED_INITIAL_TEXT,KQ-TENSOR-CLASSIFICATION-v1:gdn,ALWAYS_NEEDED_CANDIDATE,
model.language_model.layers.13.linear_attn.in_proj_b.weight,model-00043-of-00131.safetensors,BF16,48x2560,2,122880,245760,text,gdn,13,,REQUIRED_INITIAL_TEXT,KQ-TENSOR-CLASSIFICATION-v1:gdn,ALWAYS_NEEDED_CANDIDATE,
model.language_model.layers.13.linear_attn.in_proj_qkv.weight,model-00043-of-00131.safetensors,BF16,10240x2560,2,26214400,52428800,text,gdn,13,,REQUIRED_INITIAL_TEXT,KQ-TENSOR-CLASSIFICATION-v1:gdn,ALWAYS_NEEDED_CANDIDATE,
model.language_model.layers.13.linear_attn.in_proj_z.weight,model-00043-of-00131.safetensors,BF16,6144x2560,2,15728640,31457280,text,gdn,13,,REQUIRED_INITIAL_TEXT,KQ-TENSOR-CLASSIFICATION-v1:gdn,ALWAYS_NEEDED_CANDIDATE,
model.language_model.layers.13.linear_attn.norm.weight,model-00043-of-00131.safetensors,BF16,128,1,128,256,text,gdn,13,,REQUIRED_INITIAL_TEXT,KQ-TENSOR-CLASSIFICATION-v1:gdn,ALWAYS_NEEDED_CANDIDATE,
model.language_model.layers.13.linear_attn.out_proj.weight,model-00043-of-00131.safetensors,BF16,2560x6144,2,15728640,31457280,text,gdn,13,,REQUIRED_INITIAL_TEXT,KQ-TENSOR-CLASSIFICATION-v1:gdn,ALWAYS_NEEDED_CANDIDATE,
model.language_model.layers.13.mlp.experts.down_proj,model-00045-of-00131.safetensors,BF16,512x2560x640,3,838860800,1677721600,text,routed_experts,13,STACKED_0_511,REQUIRED_INITIAL_TEXT,KQ-TENSOR-CLASSIFICATION-v1:routed_experts,ROUTED_EXPERT_CACHE_CANDIDATE,canonical tensor stacks all 512 routed experts
model.language_model.layers.13.mlp.experts.gate_up_proj,model-00044-of-00131.safetensors,BF16,512x1280x2560,3,1677721600,3355443200,text,routed_experts,13,STACKED_0_511,REQUIRED_INITIAL_TEXT,KQ-TENSOR-CLASSIFICATION-v1:routed_experts,ROUTED_EXPERT_CACHE_CANDIDATE,canonical tensor stacks all 512 routed experts
model.language_model.layers.13.mlp.gate.weight,model-00045-of-00131.safetensors,BF16,512x2560,2,1310720,2621440,text,router,13,,REQUIRED_INITIAL_TEXT,KQ-TENSOR-CLASSIFICATION-v1:router,ALWAYS_NEEDED_CANDIDATE,
model.language_model.layers.13.mlp.shared_expert.down_proj.weight,model-00045-of-00131.safetensors,BF16,2560x640,2,1638400,3276800,text,shared_expert,13,,REQUIRED_INITIAL_TEXT,KQ-TENSOR-CLASSIFICATION-v1:shared_expert,ALWAYS_NEEDED_CANDIDATE,
model.language_model.layers.13.mlp.shared_expert.gate_proj.weight,model-00045-of-00131.safetensors,BF16,640x2560,2,1638400,3276800,text,shared_expert,13,,REQUIRED_INITIAL_TEXT,KQ-TENSOR-CLASSIFICATION-v1:shared_expert,ALWAYS_NEEDED_CANDIDATE,
model.language_model.layers.13.mlp.shared_expert.up_proj.weight,model-00045-of-00131.safetensors,BF16,640x2560,2,1638400,3276800,text,shared_expert,13,,REQUIRED_INITIAL_TEXT,KQ-TENSOR-CLASSIFICATION-v1:shared_expert,ALWAYS_NEEDED_CANDIDATE,
model.language_model.layers.13.mlp.shared_expert_gate.weight,model-00045-of-00131.safetensors,BF16,1x2560,2,2560,5120,text,shared_expert,13,,REQUIRED_INITIAL_TEXT,KQ-TENSOR-CLASSIFICATION-v1:shared_expert,ALWAYS_NEEDED_CANDIDATE,
model.language_model.layers.13.mlp_hyper_connection.block_inject_weight.weight,model-00045-of-00131.safetensors,BF16,4x10240,2,40960,81920,text,gated_residual,13,,REQUIRED_INITIAL_TEXT,KQ-TENSOR-CLASSIFICATION-v1:gated_residual,ALWAYS_NEEDED_CANDIDATE,
model.language_model.layers.13.mlp_hyper_connection.hc_norm.weight,model-00045-of-00131.safetensors,BF16,10240,1,10240,20480,text,gated_residual,13,,REQUIRED_INITIAL_TEXT,KQ-TENSOR-CLASSIFICATION-v1:gated_residual,ALWAYS_NEEDED_CANDIDATE,
model.language_model.layers.13.mlp_hyper_connection.input_mix_weight_down.weight,model-00045-of-00131.safetensors,BF16,320x10240,2,3276800,6553600,text,gated_residual,13,,REQUIRED_INITIAL_TEXT,KQ-TENSOR-CLASSIFICATION-v1:gated_residual,ALWAYS_NEEDED_CANDIDATE,
model.language_model.layers.13.mlp_hyper_connection.input_mix_weight_up.weight,model-00045-of-00131.safetensors,BF16,10240x320,2,3276800,6553600,text,gated_residual,13,,REQUIRED_INITIAL_TEXT,KQ-TENSOR-CLASSIFICATION-v1:gated_residual,ALWAYS_NEEDED_CANDIDATE,
model.language_model.layers.14.attn_hyper_connection.block_inject_weight.weight,model-00045-of-00131.safetensors,BF16,4x10240,2,40960,81920,text,gated_residual,14,,REQUIRED_INITIAL_TEXT,KQ-TENSOR-CLASSIFICATION-v1:gated_residual,ALWAYS_NEEDED_CANDIDATE,
model.language_model.layers.14.attn_hyper_connection.hc_norm.weight,model-00045-of-00131.safetensors,BF16,10240,1,10240,20480,text,gated_residual,14,,REQUIRED_INITIAL_TEXT,KQ-TENSOR-CLASSIFICATION-v1:gated_residual,ALWAYS_NEEDED_CANDIDATE,
model.language_model.layers.14.attn_hyper_connection.input_mix_weight_down.weight,model-00045-of-00131.safetensors,BF16,320x10240,2,3276800,6553600,text,gated_residual,14,,REQUIRED_INITIAL_TEXT,KQ-TENSOR-CLASSIFICATION-v1:gated_residual,ALWAYS_NEEDED_CANDIDATE,
model.language_model.layers.14.attn_hyper_connection.input_mix_weight_up.weight,model-00045-of-00131.safetensors,BF16,10240x320,2,3276800,6553600,text,gated_residual,14,,REQUIRED_INITIAL_TEXT,KQ-TENSOR-CLASSIFICATION-v1:gated_residual,ALWAYS_NEEDED_CANDIDATE,
model.language_model.layers.14.linear_attn.A_log,model-00045-of-00131.safetensors,BF16,48,1,48,96,text,gdn,14,,REQUIRED_INITIAL_TEXT,KQ-TENSOR-CLASSIFICATION-v1:gdn,ALWAYS_NEEDED_CANDIDATE,
model.language_model.layers.14.linear_attn.conv1d.weight,model-00045-of-00131.safetensors,BF16,10240x1x4,3,40960,81920,text,gdn,14,,REQUIRED_INITIAL_TEXT,KQ-TENSOR-CLASSIFICATION-v1:gdn,ALWAYS_NEEDED_CANDIDATE,
model.language_model.layers.14.linear_attn.dt_bias,model-00045-of-00131.safetensors,BF16,48,1,48,96,text,gdn,14,,REQUIRED_INITIAL_TEXT,KQ-TENSOR-CLASSIFICATION-v1:gdn,ALWAYS_NEEDED_CANDIDATE,
model.language_model.layers.14.linear_attn.in_proj_a.weight,model-00045-of-00131.safetensors,BF16,48x2560,2,122880,245760,text,gdn,14,,REQUIRED_INITIAL_TEXT,KQ-TENSOR-CLASSIFICATION-v1:gdn,ALWAYS_NEEDED_CANDIDATE,
model.language_model.layers.14.linear_attn.in_proj_b.weight,model-00045-of-00131.safetensors,BF16,48x2560,2,122880,245760,text,gdn,14,,REQUIRED_INITIAL_TEXT,KQ-TENSOR-CLASSIFICATION-v1:gdn,ALWAYS_NEEDED_CANDIDATE,
model.language_model.layers.14.linear_attn.in_proj_qkv.weight,model-00045-of-00131.safetensors,BF16,10240x2560,2,26214400,52428800,text,gdn,14,,REQUIRED_INITIAL_TEXT,KQ-TENSOR-CLASSIFICATION-v1:gdn,ALWAYS_NEEDED_CANDIDATE,
model.language_model.layers.14.linear_attn.in_proj_z.weight,model-00045-of-00131.safetensors,BF16,6144x2560,2,15728640,31457280,text,gdn,14,,REQUIRED_INITIAL_TEXT,KQ-TENSOR-CLASSIFICATION-v1:gdn,ALWAYS_NEEDED_CANDIDATE,
model.language_model.layers.14.linear_attn.norm.weight,model-00045-of-00131.safetensors,BF16,128,1,128,256,text,gdn,14,,REQUIRED_INITIAL_TEXT,KQ-TENSOR-CLASSIFICATION-v1:gdn,ALWAYS_NEEDED_CANDIDATE,
model.language_model.layers.14.linear_attn.out_proj.weight,model-00045-of-00131.safetensors,BF16,2560x6144,2,15728640,31457280,text,gdn,14,,REQUIRED_INITIAL_TEXT,KQ-TENSOR-CLASSIFICATION-v1:gdn,ALWAYS_NEEDED_CANDIDATE,
model.language_model.layers.14.mlp.experts.down_proj,model-00047-of-00131.safetensors,BF16,512x2560x640,3,838860800,1677721600,text,routed_experts,14,STACKED_0_511,REQUIRED_INITIAL_TEXT,KQ-TENSOR-CLASSIFICATION-v1:routed_experts,ROUTED_EXPERT_CACHE_CANDIDATE,canonical tensor stacks all 512 routed experts
model.language_model.layers.14.mlp.experts.gate_up_proj,model-00046-of-00131.safetensors,BF16,512x1280x2560,3,1677721600,3355443200,text,routed_experts,14,STACKED_0_511,REQUIRED_INITIAL_TEXT,KQ-TENSOR-CLASSIFICATION-v1:routed_experts,ROUTED_EXPERT_CACHE_CANDIDATE,canonical tensor stacks all 512 routed experts
model.language_model.layers.14.mlp.gate.weight,model-00047-of-00131.safetensors,BF16,512x2560,2,1310720,2621440,text,router,14,,REQUIRED_INITIAL_TEXT,KQ-TENSOR-CLASSIFICATION-v1:router,ALWAYS_NEEDED_CANDIDATE,
model.language_model.layers.14.mlp.shared_expert.down_proj.weight,model-00047-of-00131.safetensors,BF16,2560x640,2,1638400,3276800,text,shared_expert,14,,REQUIRED_INITIAL_TEXT,KQ-TENSOR-CLASSIFICATION-v1:shared_expert,ALWAYS_NEEDED_CANDIDATE,
model.language_model.layers.14.mlp.shared_expert.gate_proj.weight,model-00047-of-00131.safetensors,BF16,640x2560,2,1638400,3276800,text,shared_expert,14,,REQUIRED_INITIAL_TEXT,KQ-TENSOR-CLASSIFICATION-v1:shared_expert,ALWAYS_NEEDED_CANDIDATE,
model.language_model.layers.14.mlp.shared_expert.up_proj.weight,model-00047-of-00131.safetensors,BF16,640x2560,2,1638400,3276800,text,shared_expert,14,,REQUIRED_INITIAL_TEXT,KQ-TENSOR-CLASSIFICATION-v1:shared_expert,ALWAYS_NEEDED_CANDIDATE,
model.language_model.layers.14.mlp.shared_expert_gate.weight,model-00047-of-00131.safetensors,BF16,1x2560,2,2560,5120,text,shared_expert,14,,REQUIRED_INITIAL_TEXT,KQ-TENSOR-CLASSIFICATION-v1:shared_expert,ALWAYS_NEEDED_CANDIDATE,
model.language_model.layers.14.mlp_hyper_connection.block_inject_weight.weight,model-00047-of-00131.safetensors,BF16,4x10240,2,40960,81920,text,gated_residual,14,,REQUIRED_INITIAL_TEXT,KQ-TENSOR-CLASSIFICATION-v1:gated_residual,ALWAYS_NEEDED_CANDIDATE,
model.language_model.layers.14.mlp_hyper_connection.hc_norm.weight,model-00047-of-00131.safetensors,BF16,10240,1,10240,20480,text,gated_residual,14,,REQUIRED_INITIAL_TEXT,KQ-TENSOR-CLASSIFICATION-v1:gated_residual,ALWAYS_NEEDED_CANDIDATE,
model.language_model.layers.14.mlp_hyper_connection.input_mix_weight_down.weight,model-00047-of-00131.safetensors,BF16,320x10240,2,3276800,6553600,text,gated_residual,14,,REQUIRED_INITIAL_TEXT,KQ-TENSOR-CLASSIFICATION-v1:gated_residual,ALWAYS_NEEDED_CANDIDATE,
model.language_model.layers.14.mlp_hyper_connection.input_mix_weight_up.weight,model-00047-of-00131.safetensors,BF16,10240x320,2,3276800,6553600,text,gated_residual,14,,REQUIRED_INITIAL_TEXT,KQ-TENSOR-CLASSIFICATION-v1:gated_residual,ALWAYS_NEEDED_CANDIDATE,
model.language_model.layers.15.attn_hyper_connection.block_inject_weight.weight,model-00047-of-00131.safetensors,BF16,4x10240,2,40960,81920,text,gated_residual,15,,REQUIRED_INITIAL_TEXT,KQ-TENSOR-CLASSIFICATION-v1:gated_residual,ALWAYS_NEEDED_CANDIDATE,
model.language_model.layers.15.attn_hyper_connection.hc_norm.weight,model-00047-of-00131.safetensors,BF16,10240,1,10240,20480,text,gated_residual,15,,REQUIRED_INITIAL_TEXT,KQ-TENSOR-CLASSIFICATION-v1:gated_residual,ALWAYS_NEEDED_CANDIDATE,
model.language_model.layers.15.attn_hyper_connection.input_mix_weight_down.weight,model-00047-of-00131.safetensors,BF16,320x10240,2,3276800,6553600,text,gated_residual,15,,REQUIRED_INITIAL_TEXT,KQ-TENSOR-CLASSIFICATION-v1:gated_residual,ALWAYS_NEEDED_CANDIDATE,
model.language_model.layers.15.attn_hyper_connection.input_mix_weight_up.weight,model-00047-of-00131.safetensors,BF16,10240x320,2,3276800,6553600,text,gated_residual,15,,REQUIRED_INITIAL_TEXT,KQ-TENSOR-CLASSIFICATION-v1:gated_residual,ALWAYS_NEEDED_CANDIDATE,
model.language_model.layers.15.mlp.experts.down_proj,model-00049-of-00131.safetensors,BF16,512x2560x640,3,838860800,1677721600,text,routed_experts,15,STACKED_0_511,REQUIRED_INITIAL_TEXT,KQ-TENSOR-CLASSIFICATION-v1:routed_experts,ROUTED_EXPERT_CACHE_CANDIDATE,canonical tensor stacks all 512 routed experts
model.language_model.layers.15.mlp.experts.gate_up_proj,model-00048-of-00131.safetensors,BF16,512x1280x2560,3,1677721600,3355443200,text,routed_experts,15,STACKED_0_511,REQUIRED_INITIAL_TEXT,KQ-TENSOR-CLASSIFICATION-v1:routed_experts,ROUTED_EXPERT_CACHE_CANDIDATE,canonical tensor stacks all 512 routed experts
model.language_model.layers.15.mlp.gate.weight,model-00049-of-00131.safetensors,BF16,512x2560,2,1310720,2621440,text,router,15,,REQUIRED_INITIAL_TEXT,KQ-TENSOR-CLASSIFICATION-v1:router,ALWAYS_NEEDED_CANDIDATE,
model.language_model.layers.15.mlp.shared_expert.down_proj.weight,model-00049-of-00131.safetensors,BF16,2560x640,2,1638400,3276800,text,shared_expert,15,,REQUIRED_INITIAL_TEXT,KQ-TENSOR-CLASSIFICATION-v1:shared_expert,ALWAYS_NEEDED_CANDIDATE,
model.language_model.layers.15.mlp.shared_expert.gate_proj.weight,model-00049-of-00131.safetensors,BF16,640x2560,2,1638400,3276800,text,shared_expert,15,,REQUIRED_INITIAL_TEXT,KQ-TENSOR-CLASSIFICATION-v1:shared_expert,ALWAYS_NEEDED_CANDIDATE,
model.language_model.layers.15.mlp.shared_expert.up_proj.weight,model-00049-of-00131.safetensors,BF16,640x2560,2,1638400,3276800,text,shared_expert,15,,REQUIRED_INITIAL_TEXT,KQ-TENSOR-CLASSIFICATION-v1:shared_expert,ALWAYS_NEEDED_CANDIDATE,
model.language_model.layers.15.mlp.shared_expert_gate.weight,model-00049-of-00131.safetensors,BF16,1x2560,2,2560,5120,text,shared_expert,15,,REQUIRED_INITIAL_TEXT,KQ-TENSOR-CLASSIFICATION-v1:shared_expert,ALWAYS_NEEDED_CANDIDATE,
model.language_model.layers.15.mlp_hyper_connection.block_inject_weight.weight,model-00049-of-00131.safetensors,BF16,4x10240,2,40960,81920,text,gated_residual,15,,REQUIRED_INITIAL_TEXT,KQ-TENSOR-CLASSIFICATION-v1:gated_residual,ALWAYS_NEEDED_CANDIDATE,
model.language_model.layers.15.mlp_hyper_connection.hc_norm.weight,model-00049-of-00131.safetensors,BF16,10240,1,10240,20480,text,gated_residual,15,,REQUIRED_INITIAL_TEXT,KQ-TENSOR-CLASSIFICATION-v1:gated_residual,ALWAYS_NEEDED_CANDIDATE,
model.language_model.layers.15.mlp_hyper_connection.input_mix_weight_down.weight,model-00049-of-00131.safetensors,BF16,320x10240,2,3276800,6553600,text,gated_residual,15,,REQUIRED_INITIAL_TEXT,KQ-TENSOR-CLASSIFICATION-v1:gated_residual,ALWAYS_NEEDED_CANDIDATE,
model.language_model.layers.15.mlp_hyper_connection.input_mix_weight_up.weight,model-00049-of-00131.safetensors,BF16,10240x320,2,3276800,6553600,text,gated_residual,15,,REQUIRED_INITIAL_TEXT,KQ-TENSOR-CLASSIFICATION-v1:gated_residual,ALWAYS_NEEDED_CANDIDATE,
model.language_model.layers.15.self_attn.indexer.index_qk_proj.weight,model-00049-of-00131.safetensors,BF16,640x2560,2,1638400,3276800,text,qsa_indexer,15,,REQUIRED_INITIAL_TEXT,KQ-TENSOR-CLASSIFICATION-v1:qsa_indexer,ALWAYS_NEEDED_CANDIDATE,
model.language_model.layers.15.self_attn.indexer.k_layernorm.weight,model-00049-of-00131.safetensors,BF16,128,1,128,256,text,qsa_indexer,15,,REQUIRED_INITIAL_TEXT,KQ-TENSOR-CLASSIFICATION-v1:qsa_indexer,ALWAYS_NEEDED_CANDIDATE,
model.language_model.layers.15.self_attn.indexer.q_layernorm.weight,model-00049-of-00131.safetensors,BF16,128,1,128,256,text,qsa_indexer,15,,REQUIRED_INITIAL_TEXT,KQ-TENSOR-CLASSIFICATION-v1:qsa_indexer,ALWAYS_NEEDED_CANDIDATE,
model.language_model.layers.15.self_attn.k_norm.weight,model-00049-of-00131.safetensors,BF16,256,1,256,512,text,qsa_attention,15,,REQUIRED_INITIAL_TEXT,KQ-TENSOR-CLASSIFICATION-v1:qsa_attention,ALWAYS_NEEDED_CANDIDATE,
model.language_model.layers.15.self_attn.k_proj.weight,model-00049-of-00131.safetensors,BF16,512x2560,2,1310720,2621440,text,qsa_attention,15,,REQUIRED_INITIAL_TEXT,KQ-TENSOR-CLASSIFICATION-v1:qsa_attention,ALWAYS_NEEDED_CANDIDATE,
model.language_model.layers.15.self_attn.o_proj.weight,model-00049-of-00131.safetensors,BF16,2560x6144,2,15728640,31457280,text,qsa_attention,15,,REQUIRED_INITIAL_TEXT,KQ-TENSOR-CLASSIFICATION-v1:qsa_attention,ALWAYS_NEEDED_CANDIDATE,
model.language_model.layers.15.self_attn.q_norm.weight,model-00049-of-00131.safetensors,BF16,256,1,256,512,text,qsa_attention,15,,REQUIRED_INITIAL_TEXT,KQ-TENSOR-CLASSIFICATION-v1:qsa_attention,ALWAYS_NEEDED_CANDIDATE,
model.language_model.layers.15.self_attn.q_proj.weight,model-00049-of-00131.safetensors,BF16,12288x2560,2,31457280,62914560,text,qsa_attention,15,,REQUIRED_INITIAL_TEXT,KQ-TENSOR-CLASSIFICATION-v1:qsa_attention,ALWAYS_NEEDED_CANDIDATE,
model.language_model.layers.15.self_attn.v_proj.weight,model-00049-of-00131.safetensors,BF16,512x2560,2,1310720,2621440,text,qsa_attention,15,,REQUIRED_INITIAL_TEXT,KQ-TENSOR-CLASSIFICATION-v1:qsa_attention,ALWAYS_NEEDED_CANDIDATE,
model.language_model.layers.16.attn_hyper_connection.block_inject_weight.weight,model-00049-of-00131.safetensors,BF16,4x10240,2,40960,81920,text,gated_residual,16,,REQUIRED_INITIAL_TEXT,KQ-TENSOR-CLASSIFICATION-v1:gated_residual,ALWAYS_NEEDED_CANDIDATE,
model.language_model.layers.16.attn_hyper_connection.hc_norm.weight,model-00049-of-00131.safetensors,BF16,10240,1,10240,20480,text,gated_residual,16,,REQUIRED_INITIAL_TEXT,KQ-TENSOR-CLASSIFICATION-v1:gated_residual,ALWAYS_NEEDED_CANDIDATE,
model.language_model.layers.16.attn_hyper_connection.input_mix_weight_down.weight,model-00049-of-00131.safetensors,BF16,320x10240,2,3276800,6553600,text,gated_residual,16,,REQUIRED_INITIAL_TEXT,KQ-TENSOR-CLASSIFICATION-v1:gated_residual,ALWAYS_NEEDED_CANDIDATE,
model.language_model.layers.16.attn_hyper_connection.input_mix_weight_up.weight,model-00049-of-00131.safetensors,BF16,10240x320,2,3276800,6553600,text,gated_residual,16,,REQUIRED_INITIAL_TEXT,KQ-TENSOR-CLASSIFICATION-v1:gated_residual,ALWAYS_NEEDED_CANDIDATE,
model.language_model.layers.16.linear_attn.A_log,model-00049-of-00131.safetensors,BF16,48,1,48,96,text,gdn,16,,REQUIRED_INITIAL_TEXT,KQ-TENSOR-CLASSIFICATION-v1:gdn,ALWAYS_NEEDED_CANDIDATE,
model.language_model.layers.16.linear_attn.conv1d.weight,model-00049-of-00131.safetensors,BF16,10240x1x4,3,40960,81920,text,gdn,16,,REQUIRED_INITIAL_TEXT,KQ-TENSOR-CLASSIFICATION-v1:gdn,ALWAYS_NEEDED_CANDIDATE,
model.language_model.layers.16.linear_attn.dt_bias,model-00049-of-00131.safetensors,BF16,48,1,48,96,text,gdn,16,,REQUIRED_INITIAL_TEXT,KQ-TENSOR-CLASSIFICATION-v1:gdn,ALWAYS_NEEDED_CANDIDATE,
model.language_model.layers.16.linear_attn.in_proj_a.weight,model-00049-of-00131.safetensors,BF16,48x2560,2,122880,245760,text,gdn,16,,REQUIRED_INITIAL_TEXT,KQ-TENSOR-CLASSIFICATION-v1:gdn,ALWAYS_NEEDED_CANDIDATE,
model.language_model.layers.16.linear_attn.in_proj_b.weight,model-00049-of-00131.safetensors,BF16,48x2560,2,122880,245760,text,gdn,16,,REQUIRED_INITIAL_TEXT,KQ-TENSOR-CLASSIFICATION-v1:gdn,ALWAYS_NEEDED_CANDIDATE,
model.language_model.layers.16.linear_attn.in_proj_qkv.weight,model-00049-of-00131.safetensors,BF16,10240x2560,2,26214400,52428800,text,gdn,16,,REQUIRED_INITIAL_TEXT,KQ-TENSOR-CLASSIFICATION-v1:gdn,ALWAYS_NEEDED_CANDIDATE,
model.language_model.layers.16.linear_attn.in_proj_z.weight,model-00049-of-00131.safetensors,BF16,6144x2560,2,15728640,31457280,text,gdn,16,,REQUIRED_INITIAL_TEXT,KQ-TENSOR-CLASSIFICATION-v1:gdn,ALWAYS_NEEDED_CANDIDATE,
model.language_model.layers.16.linear_attn.norm.weight,model-00049-of-00131.safetensors,BF16,128,1,128,256,text,gdn,16,,REQUIRED_INITIAL_TEXT,KQ-TENSOR-CLASSIFICATION-v1:gdn,ALWAYS_NEEDED_CANDIDATE,
model.language_model.layers.16.linear_attn.out_proj.weight,model-00049-of-00131.safetensors,BF16,2560x6144,2,15728640,31457280,text,gdn,16,,REQUIRED_INITIAL_TEXT,KQ-TENSOR-CLASSIFICATION-v1:gdn,ALWAYS_NEEDED_CANDIDATE,
model.language_model.layers.16.mlp.experts.down_proj,model-00051-of-00131.safetensors,BF16,512x2560x640,3,838860800,1677721600,text,routed_experts,16,STACKED_0_511,REQUIRED_INITIAL_TEXT,KQ-TENSOR-CLASSIFICATION-v1:routed_experts,ROUTED_EXPERT_CACHE_CANDIDATE,canonical tensor stacks all 512 routed experts
model.language_model.layers.16.mlp.experts.gate_up_proj,model-00050-of-00131.safetensors,BF16,512x1280x2560,3,1677721600,3355443200,text,routed_experts,16,STACKED_0_511,REQUIRED_INITIAL_TEXT,KQ-TENSOR-CLASSIFICATION-v1:routed_experts,ROUTED_EXPERT_CACHE_CANDIDATE,canonical tensor stacks all 512 routed experts
model.language_model.layers.16.mlp.gate.weight,model-00051-of-00131.safetensors,BF16,512x2560,2,1310720,2621440,text,router,16,,REQUIRED_INITIAL_TEXT,KQ-TENSOR-CLASSIFICATION-v1:router,ALWAYS_NEEDED_CANDIDATE,
model.language_model.layers.16.mlp.shared_expert.down_proj.weight,model-00051-of-00131.safetensors,BF16,2560x640,2,1638400,3276800,text,shared_expert,16,,REQUIRED_INITIAL_TEXT,KQ-TENSOR-CLASSIFICATION-v1:shared_expert,ALWAYS_NEEDED_CANDIDATE,
model.language_model.layers.16.mlp.shared_expert.gate_proj.weight,model-00051-of-00131.safetensors,BF16,640x2560,2,1638400,3276800,text,shared_expert,16,,REQUIRED_INITIAL_TEXT,KQ-TENSOR-CLASSIFICATION-v1:shared_expert,ALWAYS_NEEDED_CANDIDATE,
model.language_model.layers.16.mlp.shared_expert.up_proj.weight,model-00051-of-00131.safetensors,BF16,640x2560,2,1638400,3276800,text,shared_expert,16,,REQUIRED_INITIAL_TEXT,KQ-TENSOR-CLASSIFICATION-v1:shared_expert,ALWAYS_NEEDED_CANDIDATE,
model.language_model.layers.16.mlp.shared_expert_gate.weight,model-00051-of-00131.safetensors,BF16,1x2560,2,2560,5120,text,shared_expert,16,,REQUIRED_INITIAL_TEXT,KQ-TENSOR-CLASSIFICATION-v1:shared_expert,ALWAYS_NEEDED_CANDIDATE,
model.language_model.layers.16.mlp_hyper_connection.block_inject_weight.weight,model-00051-of-00131.safetensors,BF16,4x10240,2,40960,81920,text,gated_residual,16,,REQUIRED_INITIAL_TEXT,KQ-TENSOR-CLASSIFICATION-v1:gated_residual,ALWAYS_NEEDED_CANDIDATE,
model.language_model.layers.16.mlp_hyper_connection.hc_norm.weight,model-00051-of-00131.safetensors,BF16,10240,1,10240,20480,text,gated_residual,16,,REQUIRED_INITIAL_TEXT,KQ-TENSOR-CLASSIFICATION-v1:gated_residual,ALWAYS_NEEDED_CANDIDATE,
model.language_model.layers.16.mlp_hyper_connection.input_mix_weight_down.weight,model-00051-of-00131.safetensors,BF16,320x10240,2,3276800,6553600,text,gated_residual,16,,REQUIRED_INITIAL_TEXT,KQ-TENSOR-CLASSIFICATION-v1:gated_residual,ALWAYS_NEEDED_CANDIDATE,
model.language_model.layers.16.mlp_hyper_connection.input_mix_weight_up.weight,model-00051-of-00131.safetensors,BF16,10240x320,2,3276800,6553600,text,gated_residual,16,,REQUIRED_INITIAL_TEXT,KQ-TENSOR-CLASSIFICATION-v1:gated_residual,ALWAYS_NEEDED_CANDIDATE,
model.language_model.layers.17.attn_hyper_connection.block_inject_weight.weight,model-00051-of-00131.safetensors,BF16,4x10240,2,40960,81920,text,gated_residual,17,,REQUIRED_INITIAL_TEXT,KQ-TENSOR-CLASSIFICATION-v1:gated_residual,ALWAYS_NEEDED_CANDIDATE,
model.language_model.layers.17.attn_hyper_connection.hc_norm.weight,model-00051-of-00131.safetensors,BF16,10240,1,10240,20480,text,gated_residual,17,,REQUIRED_INITIAL_TEXT,KQ-TENSOR-CLASSIFICATION-v1:gated_residual,ALWAYS_NEEDED_CANDIDATE,
model.language_model.layers.17.attn_hyper_connection.input_mix_weight_down.weight,model-00051-of-00131.safetensors,BF16,320x10240,2,3276800,6553600,text,gated_residual,17,,REQUIRED_INITIAL_TEXT,KQ-TENSOR-CLASSIFICATION-v1:gated_residual,ALWAYS_NEEDED_CANDIDATE,
model.language_model.layers.17.attn_hyper_connection.input_mix_weight_up.weight,model-00051-of-00131.safetensors,BF16,10240x320,2,3276800,6553600,text,gated_residual,17,,REQUIRED_INITIAL_TEXT,KQ-TENSOR-CLASSIFICATION-v1:gated_residual,ALWAYS_NEEDED_CANDIDATE,
model.language_model.layers.17.linear_attn.A_log,model-00051-of-00131.safetensors,BF16,48,1,48,96,text,gdn,17,,REQUIRED_INITIAL_TEXT,KQ-TENSOR-CLASSIFICATION-v1:gdn,ALWAYS_NEEDED_CANDIDATE,
model.language_model.layers.17.linear_attn.conv1d.weight,model-00051-of-00131.safetensors,BF16,10240x1x4,3,40960,81920,text,gdn,17,,REQUIRED_INITIAL_TEXT,KQ-TENSOR-CLASSIFICATION-v1:gdn,ALWAYS_NEEDED_CANDIDATE,
model.language_model.layers.17.linear_attn.dt_bias,model-00051-of-00131.safetensors,BF16,48,1,48,96,text,gdn,17,,REQUIRED_INITIAL_TEXT,KQ-TENSOR-CLASSIFICATION-v1:gdn,ALWAYS_NEEDED_CANDIDATE,
model.language_model.layers.17.linear_attn.in_proj_a.weight,model-00051-of-00131.safetensors,BF16,48x2560,2,122880,245760,text,gdn,17,,REQUIRED_INITIAL_TEXT,KQ-TENSOR-CLASSIFICATION-v1:gdn,ALWAYS_NEEDED_CANDIDATE,
model.language_model.layers.17.linear_attn.in_proj_b.weight,model-00051-of-00131.safetensors,BF16,48x2560,2,122880,245760,text,gdn,17,,REQUIRED_INITIAL_TEXT,KQ-TENSOR-CLASSIFICATION-v1:gdn,ALWAYS_NEEDED_CANDIDATE,
model.language_model.layers.17.linear_attn.in_proj_qkv.weight,model-00051-of-00131.safetensors,BF16,10240x2560,2,26214400,52428800,text,gdn,17,,REQUIRED_INITIAL_TEXT,KQ-TENSOR-CLASSIFICATION-v1:gdn,ALWAYS_NEEDED_CANDIDATE,
model.language_model.layers.17.linear_attn.in_proj_z.weight,model-00051-of-00131.safetensors,BF16,6144x2560,2,15728640,31457280,text,gdn,17,,REQUIRED_INITIAL_TEXT,KQ-TENSOR-CLASSIFICATION-v1:gdn,ALWAYS_NEEDED_CANDIDATE,
model.language_model.layers.17.linear_attn.norm.weight,model-00051-of-00131.safetensors,BF16,128,1,128,256,text,gdn,17,,REQUIRED_INITIAL_TEXT,KQ-TENSOR-CLASSIFICATION-v1:gdn,ALWAYS_NEEDED_CANDIDATE,
model.language_model.layers.17.linear_attn.out_proj.weight,model-00051-of-00131.safetensors,BF16,2560x6144,2,15728640,31457280,text,gdn,17,,REQUIRED_INITIAL_TEXT,KQ-TENSOR-CLASSIFICATION-v1:gdn,ALWAYS_NEEDED_CANDIDATE,
model.language_model.layers.17.mlp.experts.down_proj,model-00053-of-00131.safetensors,BF16,512x2560x640,3,838860800,1677721600,text,routed_experts,17,STACKED_0_511,REQUIRED_INITIAL_TEXT,KQ-TENSOR-CLASSIFICATION-v1:routed_experts,ROUTED_EXPERT_CACHE_CANDIDATE,canonical tensor stacks all 512 routed experts
model.language_model.layers.17.mlp.experts.gate_up_proj,model-00052-of-00131.safetensors,BF16,512x1280x2560,3,1677721600,3355443200,text,routed_experts,17,STACKED_0_511,REQUIRED_INITIAL_TEXT,KQ-TENSOR-CLASSIFICATION-v1:routed_experts,ROUTED_EXPERT_CACHE_CANDIDATE,canonical tensor stacks all 512 routed experts
model.language_model.layers.17.mlp.gate.weight,model-00053-of-00131.safetensors,BF16,512x2560,2,1310720,2621440,text,router,17,,REQUIRED_INITIAL_TEXT,KQ-TENSOR-CLASSIFICATION-v1:router,ALWAYS_NEEDED_CANDIDATE,
model.language_model.layers.17.mlp.shared_expert.down_proj.weight,model-00053-of-00131.safetensors,BF16,2560x640,2,1638400,3276800,text,shared_expert,17,,REQUIRED_INITIAL_TEXT,KQ-TENSOR-CLASSIFICATION-v1:shared_expert,ALWAYS_NEEDED_CANDIDATE,
model.language_model.layers.17.mlp.shared_expert.gate_proj.weight,model-00053-of-00131.safetensors,BF16,640x2560,2,1638400,3276800,text,shared_expert,17,,REQUIRED_INITIAL_TEXT,KQ-TENSOR-CLASSIFICATION-v1:shared_expert,ALWAYS_NEEDED_CANDIDATE,
model.language_model.layers.17.mlp.shared_expert.up_proj.weight,model-00053-of-00131.safetensors,BF16,640x2560,2,1638400,3276800,text,shared_expert,17,,REQUIRED_INITIAL_TEXT,KQ-TENSOR-CLASSIFICATION-v1:shared_expert,ALWAYS_NEEDED_CANDIDATE,
model.language_model.layers.17.mlp.shared_expert_gate.weight,model-00053-of-00131.safetensors,BF16,1x2560,2,2560,5120,text,shared_expert,17,,REQUIRED_INITIAL_TEXT,KQ-TENSOR-CLASSIFICATION-v1:shared_expert,ALWAYS_NEEDED_CANDIDATE,
model.language_model.layers.17.mlp_hyper_connection.block_inject_weight.weight,model-00053-of-00131.safetensors,BF16,4x10240,2,40960,81920,text,gated_residual,17,,REQUIRED_INITIAL_TEXT,KQ-TENSOR-CLASSIFICATION-v1:gated_residual,ALWAYS_NEEDED_CANDIDATE,
model.language_model.layers.17.mlp_hyper_connection.hc_norm.weight,model-00053-of-00131.safetensors,BF16,10240,1,10240,20480,text,gated_residual,17,,REQUIRED_INITIAL_TEXT,KQ-TENSOR-CLASSIFICATION-v1:gated_residual,ALWAYS_NEEDED_CANDIDATE,
model.language_model.layers.17.mlp_hyper_connection.input_mix_weight_down.weight,model-00053-of-00131.safetensors,BF16,320x10240,2,3276800,6553600,text,gated_residual,17,,REQUIRED_INITIAL_TEXT,KQ-TENSOR-CLASSIFICATION-v1:gated_residual,ALWAYS_NEEDED_CANDIDATE,
model.language_model.layers.17.mlp_hyper_connection.input_mix_weight_up.weight,model-00053-of-00131.safetensors,BF16,10240x320,2,3276800,6553600,text,gated_residual,17,,REQUIRED_INITIAL_TEXT,KQ-TENSOR-CLASSIFICATION-v1:gated_residual,ALWAYS_NEEDED_CANDIDATE,
model.language_model.layers.18.attn_hyper_connection.block_inject_weight.weight,model-00053-of-00131.safetensors,BF16,4x10240,2,40960,81920,text,gated_residual,18,,REQUIRED_INITIAL_TEXT,KQ-TENSOR-CLASSIFICATION-v1:gated_residual,ALWAYS_NEEDED_CANDIDATE,
model.language_model.layers.18.attn_hyper_connection.hc_norm.weight,model-00053-of-00131.safetensors,BF16,10240,1,10240,20480,text,gated_residual,18,,REQUIRED_INITIAL_TEXT,KQ-TENSOR-CLASSIFICATION-v1:gated_residual,ALWAYS_NEEDED_CANDIDATE,
model.language_model.layers.18.attn_hyper_connection.input_mix_weight_down.weight,model-00053-of-00131.safetensors,BF16,320x10240,2,3276800,6553600,text,gated_residual,18,,REQUIRED_INITIAL_TEXT,KQ-TENSOR-CLASSIFICATION-v1:gated_residual,ALWAYS_NEEDED_CANDIDATE,
model.language_model.layers.18.attn_hyper_connection.input_mix_weight_up.weight,model-00053-of-00131.safetensors,BF16,10240x320,2,3276800,6553600,text,gated_residual,18,,REQUIRED_INITIAL_TEXT,KQ-TENSOR-CLASSIFICATION-v1:gated_residual,ALWAYS_NEEDED_CANDIDATE,
model.language_model.layers.18.linear_attn.A_log,model-00053-of-00131.safetensors,BF16,48,1,48,96,text,gdn,18,,REQUIRED_INITIAL_TEXT,KQ-TENSOR-CLASSIFICATION-v1:gdn,ALWAYS_NEEDED_CANDIDATE,
model.language_model.layers.18.linear_attn.conv1d.weight,model-00053-of-00131.safetensors,BF16,10240x1x4,3,40960,81920,text,gdn,18,,REQUIRED_INITIAL_TEXT,KQ-TENSOR-CLASSIFICATION-v1:gdn,ALWAYS_NEEDED_CANDIDATE,
model.language_model.layers.18.linear_attn.dt_bias,model-00053-of-00131.safetensors,BF16,48,1,48,96,text,gdn,18,,REQUIRED_INITIAL_TEXT,KQ-TENSOR-CLASSIFICATION-v1:gdn,ALWAYS_NEEDED_CANDIDATE,
model.language_model.layers.18.linear_attn.in_proj_a.weight,model-00053-of-00131.safetensors,BF16,48x2560,2,122880,245760,text,gdn,18,,REQUIRED_INITIAL_TEXT,KQ-TENSOR-CLASSIFICATION-v1:gdn,ALWAYS_NEEDED_CANDIDATE,
model.language_model.layers.18.linear_attn.in_proj_b.weight,model-00053-of-00131.safetensors,BF16,48x2560,2,122880,245760,text,gdn,18,,REQUIRED_INITIAL_TEXT,KQ-TENSOR-CLASSIFICATION-v1:gdn,ALWAYS_NEEDED_CANDIDATE,
model.language_model.layers.18.linear_attn.in_proj_qkv.weight,model-00053-of-00131.safetensors,BF16,10240x2560,2,26214400,52428800,text,gdn,18,,REQUIRED_INITIAL_TEXT,KQ-TENSOR-CLASSIFICATION-v1:gdn,ALWAYS_NEEDED_CANDIDATE,
model.language_model.layers.18.linear_attn.in_proj_z.weight,model-00053-of-00131.safetensors,BF16,6144x2560,2,15728640,31457280,text,gdn,18,,REQUIRED_INITIAL_TEXT,KQ-TENSOR-CLASSIFICATION-v1:gdn,ALWAYS_NEEDED_CANDIDATE,
model.language_model.layers.18.linear_attn.norm.weight,model-00053-of-00131.safetensors,BF16,128,1,128,256,text,gdn,18,,REQUIRED_INITIAL_TEXT,KQ-TENSOR-CLASSIFICATION-v1:gdn,ALWAYS_NEEDED_CANDIDATE,
model.language_model.layers.18.linear_attn.out_proj.weight,model-00053-of-00131.safetensors,BF16,2560x6144,2,15728640,31457280,text,gdn,18,,REQUIRED_INITIAL_TEXT,KQ-TENSOR-CLASSIFICATION-v1:gdn,ALWAYS_NEEDED_CANDIDATE,
model.language_model.layers.18.mlp.experts.down_proj,model-00055-of-00131.safetensors,BF16,512x2560x640,3,838860800,1677721600,text,routed_experts,18,STACKED_0_511,REQUIRED_INITIAL_TEXT,KQ-TENSOR-CLASSIFICATION-v1:routed_experts,ROUTED_EXPERT_CACHE_CANDIDATE,canonical tensor stacks all 512 routed experts
model.language_model.layers.18.mlp.experts.gate_up_proj,model-00054-of-00131.safetensors,BF16,512x1280x2560,3,1677721600,3355443200,text,routed_experts,18,STACKED_0_511,REQUIRED_INITIAL_TEXT,KQ-TENSOR-CLASSIFICATION-v1:routed_experts,ROUTED_EXPERT_CACHE_CANDIDATE,canonical tensor stacks all 512 routed experts
model.language_model.layers.18.mlp.gate.weight,model-00055-of-00131.safetensors,BF16,512x2560,2,1310720,2621440,text,router,18,,REQUIRED_INITIAL_TEXT,KQ-TENSOR-CLASSIFICATION-v1:router,ALWAYS_NEEDED_CANDIDATE,
model.language_model.layers.18.mlp.shared_expert.down_proj.weight,model-00055-of-00131.safetensors,BF16,2560x640,2,1638400,3276800,text,shared_expert,18,,REQUIRED_INITIAL_TEXT,KQ-TENSOR-CLASSIFICATION-v1:shared_expert,ALWAYS_NEEDED_CANDIDATE,
model.language_model.layers.18.mlp.shared_expert.gate_proj.weight,model-00055-of-00131.safetensors,BF16,640x2560,2,1638400,3276800,text,shared_expert,18,,REQUIRED_INITIAL_TEXT,KQ-TENSOR-CLASSIFICATION-v1:shared_expert,ALWAYS_NEEDED_CANDIDATE,
model.language_model.layers.18.mlp.shared_expert.up_proj.weight,model-00055-of-00131.safetensors,BF16,640x2560,2,1638400,3276800,text,shared_expert,18,,REQUIRED_INITIAL_TEXT,KQ-TENSOR-CLASSIFICATION-v1:shared_expert,ALWAYS_NEEDED_CANDIDATE,
model.language_model.layers.18.mlp.shared_expert_gate.weight,model-00055-of-00131.safetensors,BF16,1x2560,2,2560,5120,text,shared_expert,18,,REQUIRED_INITIAL_TEXT,KQ-TENSOR-CLASSIFICATION-v1:shared_expert,ALWAYS_NEEDED_CANDIDATE,
model.language_model.layers.18.mlp_hyper_connection.block_inject_weight.weight,model-00055-of-00131.safetensors,BF16,4x10240,2,40960,81920,text,gated_residual,18,,REQUIRED_INITIAL_TEXT,KQ-TENSOR-CLASSIFICATION-v1:gated_residual,ALWAYS_NEEDED_CANDIDATE,
model.language_model.layers.18.mlp_hyper_connection.hc_norm.weight,model-00055-of-00131.safetensors,BF16,10240,1,10240,20480,text,gated_residual,18,,REQUIRED_INITIAL_TEXT,KQ-TENSOR-CLASSIFICATION-v1:gated_residual,ALWAYS_NEEDED_CANDIDATE,
model.language_model.layers.18.mlp_hyper_connection.input_mix_weight_down.weight,model-00055-of-00131.safetensors,BF16,320x10240,2,3276800,6553600,text,gated_residual,18,,REQUIRED_INITIAL_TEXT,KQ-TENSOR-CLASSIFICATION-v1:gated_residual,ALWAYS_NEEDED_CANDIDATE,
model.language_model.layers.18.mlp_hyper_connection.input_mix_weight_up.weight,model-00055-of-00131.safetensors,BF16,10240x320,2,3276800,6553600,text,gated_residual,18,,REQUIRED_INITIAL_TEXT,KQ-TENSOR-CLASSIFICATION-v1:gated_residual,ALWAYS_NEEDED_CANDIDATE,
model.language_model.layers.19.attn_hyper_connection.block_inject_weight.weight,model-00055-of-00131.safetensors,BF16,4x10240,2,40960,81920,text,gated_residual,19,,REQUIRED_INITIAL_TEXT,KQ-TENSOR-CLASSIFICATION-v1:gated_residual,ALWAYS_NEEDED_CANDIDATE,
model.language_model.layers.19.attn_hyper_connection.hc_norm.weight,model-00055-of-00131.safetensors,BF16,10240,1,10240,20480,text,gated_residual,19,,REQUIRED_INITIAL_TEXT,KQ-TENSOR-CLASSIFICATION-v1:gated_residual,ALWAYS_NEEDED_CANDIDATE,
model.language_model.layers.19.attn_hyper_connection.input_mix_weight_down.weight,model-00055-of-00131.safetensors,BF16,320x10240,2,3276800,6553600,text,gated_residual,19,,REQUIRED_INITIAL_TEXT,KQ-TENSOR-CLASSIFICATION-v1:gated_residual,ALWAYS_NEEDED_CANDIDATE,
model.language_model.layers.19.attn_hyper_connection.input_mix_weight_up.weight,model-00055-of-00131.safetensors,BF16,10240x320,2,3276800,6553600,text,gated_residual,19,,REQUIRED_INITIAL_TEXT,KQ-TENSOR-CLASSIFICATION-v1:gated_residual,ALWAYS_NEEDED_CANDIDATE,
model.language_model.layers.19.mlp.experts.down_proj,model-00057-of-00131.safetensors,BF16,512x2560x640,3,838860800,1677721600,text,routed_experts,19,STACKED_0_511,REQUIRED_INITIAL_TEXT,KQ-TENSOR-CLASSIFICATION-v1:routed_experts,ROUTED_EXPERT_CACHE_CANDIDATE,canonical tensor stacks all 512 routed experts
model.language_model.layers.19.mlp.experts.gate_up_proj,model-00056-of-00131.safetensors,BF16,512x1280x2560,3,1677721600,3355443200,text,routed_experts,19,STACKED_0_511,REQUIRED_INITIAL_TEXT,KQ-TENSOR-CLASSIFICATION-v1:routed_experts,ROUTED_EXPERT_CACHE_CANDIDATE,canonical tensor stacks all 512 routed experts
model.language_model.layers.19.mlp.gate.weight,model-00057-of-00131.safetensors,BF16,512x2560,2,1310720,2621440,text,router,19,,REQUIRED_INITIAL_TEXT,KQ-TENSOR-CLASSIFICATION-v1:router,ALWAYS_NEEDED_CANDIDATE,
model.language_model.layers.19.mlp.shared_expert.down_proj.weight,model-00057-of-00131.safetensors,BF16,2560x640,2,1638400,3276800,text,shared_expert,19,,REQUIRED_INITIAL_TEXT,KQ-TENSOR-CLASSIFICATION-v1:shared_expert,ALWAYS_NEEDED_CANDIDATE,
model.language_model.layers.19.mlp.shared_expert.gate_proj.weight,model-00057-of-00131.safetensors,BF16,640x2560,2,1638400,3276800,text,shared_expert,19,,REQUIRED_INITIAL_TEXT,KQ-TENSOR-CLASSIFICATION-v1:shared_expert,ALWAYS_NEEDED_CANDIDATE,
model.language_model.layers.19.mlp.shared_expert.up_proj.weight,model-00057-of-00131.safetensors,BF16,640x2560,2,1638400,3276800,text,shared_expert,19,,REQUIRED_INITIAL_TEXT,KQ-TENSOR-CLASSIFICATION-v1:shared_expert,ALWAYS_NEEDED_CANDIDATE,
model.language_model.layers.19.mlp.shared_expert_gate.weight,model-00057-of-00131.safetensors,BF16,1x2560,2,2560,5120,text,shared_expert,19,,REQUIRED_INITIAL_TEXT,KQ-TENSOR-CLASSIFICATION-v1:shared_expert,ALWAYS_NEEDED_CANDIDATE,
model.language_model.layers.19.mlp_hyper_connection.block_inject_weight.weight,model-00057-of-00131.safetensors,BF16,4x10240,2,40960,81920,text,gated_residual,19,,REQUIRED_INITIAL_TEXT,KQ-TENSOR-CLASSIFICATION-v1:gated_residual,ALWAYS_NEEDED_CANDIDATE,
model.language_model.layers.19.mlp_hyper_connection.hc_norm.weight,model-00057-of-00131.safetensors,BF16,10240,1,10240,20480,text,gated_residual,19,,REQUIRED_INITIAL_TEXT,KQ-TENSOR-CLASSIFICATION-v1:gated_residual,ALWAYS_NEEDED_CANDIDATE,
model.language_model.layers.19.mlp_hyper_connection.input_mix_weight_down.weight,model-00057-of-00131.safetensors,BF16,320x10240,2,3276800,6553600,text,gated_residual,19,,REQUIRED_INITIAL_TEXT,KQ-TENSOR-CLASSIFICATION-v1:gated_residual,ALWAYS_NEEDED_CANDIDATE,
model.language_model.layers.19.mlp_hyper_connection.input_mix_weight_up.weight,model-00057-of-00131.safetensors,BF16,10240x320,2,3276800,6553600,text,gated_residual,19,,REQUIRED_INITIAL_TEXT,KQ-TENSOR-CLASSIFICATION-v1:gated_residual,ALWAYS_NEEDED_CANDIDATE,
model.language_model.layers.19.self_attn.indexer.index_qk_proj.weight,model-00057-of-00131.safetensors,BF16,640x2560,2,1638400,3276800,text,qsa_indexer,19,,REQUIRED_INITIAL_TEXT,KQ-TENSOR-CLASSIFICATION-v1:qsa_indexer,ALWAYS_NEEDED_CANDIDATE,
model.language_model.layers.19.self_attn.indexer.k_layernorm.weight,model-00057-of-00131.safetensors,BF16,128,1,128,256,text,qsa_indexer,19,,REQUIRED_INITIAL_TEXT,KQ-TENSOR-CLASSIFICATION-v1:qsa_indexer,ALWAYS_NEEDED_CANDIDATE,
model.language_model.layers.19.self_attn.indexer.q_layernorm.weight,model-00057-of-00131.safetensors,BF16,128,1,128,256,text,qsa_indexer,19,,REQUIRED_INITIAL_TEXT,KQ-TENSOR-CLASSIFICATION-v1:qsa_indexer,ALWAYS_NEEDED_CANDIDATE,
model.language_model.layers.19.self_attn.k_norm.weight,model-00057-of-00131.safetensors,BF16,256,1,256,512,text,qsa_attention,19,,REQUIRED_INITIAL_TEXT,KQ-TENSOR-CLASSIFICATION-v1:qsa_attention,ALWAYS_NEEDED_CANDIDATE,
model.language_model.layers.19.self_attn.k_proj.weight,model-00057-of-00131.safetensors,BF16,512x2560,2,1310720,2621440,text,qsa_attention,19,,REQUIRED_INITIAL_TEXT,KQ-TENSOR-CLASSIFICATION-v1:qsa_attention,ALWAYS_NEEDED_CANDIDATE,
model.language_model.layers.19.self_attn.o_proj.weight,model-00057-of-00131.safetensors,BF16,2560x6144,2,15728640,31457280,text,qsa_attention,19,,REQUIRED_INITIAL_TEXT,KQ-TENSOR-CLASSIFICATION-v1:qsa_attention,ALWAYS_NEEDED_CANDIDATE,
model.language_model.layers.19.self_attn.q_norm.weight,model-00057-of-00131.safetensors,BF16,256,1,256,512,text,qsa_attention,19,,REQUIRED_INITIAL_TEXT,KQ-TENSOR-CLASSIFICATION-v1:qsa_attention,ALWAYS_NEEDED_CANDIDATE,
model.language_model.layers.19.self_attn.q_proj.weight,model-00057-of-00131.safetensors,BF16,12288x2560,2,31457280,62914560,text,qsa_attention,19,,REQUIRED_INITIAL_TEXT,KQ-TENSOR-CLASSIFICATION-v1:qsa_attention,ALWAYS_NEEDED_CANDIDATE,
model.language_model.layers.19.self_attn.v_proj.weight,model-00057-of-00131.safetensors,BF16,512x2560,2,1310720,2621440,text,qsa_attention,19,,REQUIRED_INITIAL_TEXT,KQ-TENSOR-CLASSIFICATION-v1:qsa_attention,ALWAYS_NEEDED_CANDIDATE,
model.language_model.layers.2.attn_hyper_connection.block_inject_weight.weight,model-00057-of-00131.safetensors,BF16,4x10240,2,40960,81920,text,gated_residual,2,,REQUIRED_INITIAL_TEXT,KQ-TENSOR-CLASSIFICATION-v1:gated_residual,ALWAYS_NEEDED_CANDIDATE,
model.language_model.layers.2.attn_hyper_connection.hc_norm.weight,model-00057-of-00131.safetensors,BF16,10240,1,10240,20480,text,gated_residual,2,,REQUIRED_INITIAL_TEXT,KQ-TENSOR-CLASSIFICATION-v1:gated_residual,ALWAYS_NEEDED_CANDIDATE,
model.language_model.layers.2.attn_hyper_connection.input_mix_weight_down.weight,model-00057-of-00131.safetensors,BF16,320x10240,2,3276800,6553600,text,gated_residual,2,,REQUIRED_INITIAL_TEXT,KQ-TENSOR-CLASSIFICATION-v1:gated_residual,ALWAYS_NEEDED_CANDIDATE,
model.language_model.layers.2.attn_hyper_connection.input_mix_weight_up.weight,model-00057-of-00131.safetensors,BF16,10240x320,2,3276800,6553600,text,gated_residual,2,,REQUIRED_INITIAL_TEXT,KQ-TENSOR-CLASSIFICATION-v1:gated_residual,ALWAYS_NEEDED_CANDIDATE,
model.language_model.layers.2.linear_attn.A_log,model-00057-of-00131.safetensors,BF16,48,1,48,96,text,gdn,2,,REQUIRED_INITIAL_TEXT,KQ-TENSOR-CLASSIFICATION-v1:gdn,ALWAYS_NEEDED_CANDIDATE,
model.language_model.layers.2.linear_attn.conv1d.weight,model-00057-of-00131.safetensors,BF16,10240x1x4,3,40960,81920,text,gdn,2,,REQUIRED_INITIAL_TEXT,KQ-TENSOR-CLASSIFICATION-v1:gdn,ALWAYS_NEEDED_CANDIDATE,
model.language_model.layers.2.linear_attn.dt_bias,model-00057-of-00131.safetensors,BF16,48,1,48,96,text,gdn,2,,REQUIRED_INITIAL_TEXT,KQ-TENSOR-CLASSIFICATION-v1:gdn,ALWAYS_NEEDED_CANDIDATE,
model.language_model.layers.2.linear_attn.in_proj_a.weight,model-00057-of-00131.safetensors,BF16,48x2560,2,122880,245760,text,gdn,2,,REQUIRED_INITIAL_TEXT,KQ-TENSOR-CLASSIFICATION-v1:gdn,ALWAYS_NEEDED_CANDIDATE,
model.language_model.layers.2.linear_attn.in_proj_b.weight,model-00057-of-00131.safetensors,BF16,48x2560,2,122880,245760,text,gdn,2,,REQUIRED_INITIAL_TEXT,KQ-TENSOR-CLASSIFICATION-v1:gdn,ALWAYS_NEEDED_CANDIDATE,
model.language_model.layers.2.linear_attn.in_proj_qkv.weight,model-00057-of-00131.safetensors,BF16,10240x2560,2,26214400,52428800,text,gdn,2,,REQUIRED_INITIAL_TEXT,KQ-TENSOR-CLASSIFICATION-v1:gdn,ALWAYS_NEEDED_CANDIDATE,
model.language_model.layers.2.linear_attn.in_proj_z.weight,model-00057-of-00131.safetensors,BF16,6144x2560,2,15728640,31457280,text,gdn,2,,REQUIRED_INITIAL_TEXT,KQ-TENSOR-CLASSIFICATION-v1:gdn,ALWAYS_NEEDED_CANDIDATE,
model.language_model.layers.2.linear_attn.norm.weight,model-00057-of-00131.safetensors,BF16,128,1,128,256,text,gdn,2,,REQUIRED_INITIAL_TEXT,KQ-TENSOR-CLASSIFICATION-v1:gdn,ALWAYS_NEEDED_CANDIDATE,
model.language_model.layers.2.linear_attn.out_proj.weight,model-00057-of-00131.safetensors,BF16,2560x6144,2,15728640,31457280,text,gdn,2,,REQUIRED_INITIAL_TEXT,KQ-TENSOR-CLASSIFICATION-v1:gdn,ALWAYS_NEEDED_CANDIDATE,
model.language_model.layers.2.mlp.experts.down_proj,model-00059-of-00131.safetensors,BF16,512x2560x640,3,838860800,1677721600,text,routed_experts,2,STACKED_0_511,REQUIRED_INITIAL_TEXT,KQ-TENSOR-CLASSIFICATION-v1:routed_experts,ROUTED_EXPERT_CACHE_CANDIDATE,canonical tensor stacks all 512 routed experts
model.language_model.layers.2.mlp.experts.gate_up_proj,model-00058-of-00131.safetensors,BF16,512x1280x2560,3,1677721600,3355443200,text,routed_experts,2,STACKED_0_511,REQUIRED_INITIAL_TEXT,KQ-TENSOR-CLASSIFICATION-v1:routed_experts,ROUTED_EXPERT_CACHE_CANDIDATE,canonical tensor stacks all 512 routed experts
model.language_model.layers.2.mlp.gate.weight,model-00059-of-00131.safetensors,BF16,512x2560,2,1310720,2621440,text,router,2,,REQUIRED_INITIAL_TEXT,KQ-TENSOR-CLASSIFICATION-v1:router,ALWAYS_NEEDED_CANDIDATE,
model.language_model.layers.2.mlp.shared_expert.down_proj.weight,model-00059-of-00131.safetensors,BF16,2560x640,2,1638400,3276800,text,shared_expert,2,,REQUIRED_INITIAL_TEXT,KQ-TENSOR-CLASSIFICATION-v1:shared_expert,ALWAYS_NEEDED_CANDIDATE,
model.language_model.layers.2.mlp.shared_expert.gate_proj.weight,model-00059-of-00131.safetensors,BF16,640x2560,2,1638400,3276800,text,shared_expert,2,,REQUIRED_INITIAL_TEXT,KQ-TENSOR-CLASSIFICATION-v1:shared_expert,ALWAYS_NEEDED_CANDIDATE,
model.language_model.layers.2.mlp.shared_expert.up_proj.weight,model-00059-of-00131.safetensors,BF16,640x2560,2,1638400,3276800,text,shared_expert,2,,REQUIRED_INITIAL_TEXT,KQ-TENSOR-CLASSIFICATION-v1:shared_expert,ALWAYS_NEEDED_CANDIDATE,
model.language_model.layers.2.mlp.shared_expert_gate.weight,model-00059-of-00131.safetensors,BF16,1x2560,2,2560,5120,text,shared_expert,2,,REQUIRED_INITIAL_TEXT,KQ-TENSOR-CLASSIFICATION-v1:shared_expert,ALWAYS_NEEDED_CANDIDATE,
model.language_model.layers.2.mlp_hyper_connection.block_inject_weight.weight,model-00059-of-00131.safetensors,BF16,4x10240,2,40960,81920,text,gated_residual,2,,REQUIRED_INITIAL_TEXT,KQ-TENSOR-CLASSIFICATION-v1:gated_residual,ALWAYS_NEEDED_CANDIDATE,
model.language_model.layers.2.mlp_hyper_connection.hc_norm.weight,model-00059-of-00131.safetensors,BF16,10240,1,10240,20480,text,gated_residual,2,,REQUIRED_INITIAL_TEXT,KQ-TENSOR-CLASSIFICATION-v1:gated_residual,ALWAYS_NEEDED_CANDIDATE,
model.language_model.layers.2.mlp_hyper_connection.input_mix_weight_down.weight,model-00059-of-00131.safetensors,BF16,320x10240,2,3276800,6553600,text,gated_residual,2,,REQUIRED_INITIAL_TEXT,KQ-TENSOR-CLASSIFICATION-v1:gated_residual,ALWAYS_NEEDED_CANDIDATE,
model.language_model.layers.2.mlp_hyper_connection.input_mix_weight_up.weight,model-00059-of-00131.safetensors,BF16,10240x320,2,3276800,6553600,text,gated_residual,2,,REQUIRED_INITIAL_TEXT,KQ-TENSOR-CLASSIFICATION-v1:gated_residual,ALWAYS_NEEDED_CANDIDATE,
model.language_model.layers.20.attn_hyper_connection.block_inject_weight.weight,model-00059-of-00131.safetensors,BF16,4x10240,2,40960,81920,text,gated_residual,20,,REQUIRED_INITIAL_TEXT,KQ-TENSOR-CLASSIFICATION-v1:gated_residual,ALWAYS_NEEDED_CANDIDATE,
model.language_model.layers.20.attn_hyper_connection.hc_norm.weight,model-00059-of-00131.safetensors,BF16,10240,1,10240,20480,text,gated_residual,20,,REQUIRED_INITIAL_TEXT,KQ-TENSOR-CLASSIFICATION-v1:gated_residual,ALWAYS_NEEDED_CANDIDATE,
model.language_model.layers.20.attn_hyper_connection.input_mix_weight_down.weight,model-00059-of-00131.safetensors,BF16,320x10240,2,3276800,6553600,text,gated_residual,20,,REQUIRED_INITIAL_TEXT,KQ-TENSOR-CLASSIFICATION-v1:gated_residual,ALWAYS_NEEDED_CANDIDATE,
model.language_model.layers.20.attn_hyper_connection.input_mix_weight_up.weight,model-00059-of-00131.safetensors,BF16,10240x320,2,3276800,6553600,text,gated_residual,20,,REQUIRED_INITIAL_TEXT,KQ-TENSOR-CLASSIFICATION-v1:gated_residual,ALWAYS_NEEDED_CANDIDATE,
model.language_model.layers.20.linear_attn.A_log,model-00059-of-00131.safetensors,BF16,48,1,48,96,text,gdn,20,,REQUIRED_INITIAL_TEXT,KQ-TENSOR-CLASSIFICATION-v1:gdn,ALWAYS_NEEDED_CANDIDATE,
model.language_model.layers.20.linear_attn.conv1d.weight,model-00060-of-00131.safetensors,BF16,10240x1x4,3,40960,81920,text,gdn,20,,REQUIRED_INITIAL_TEXT,KQ-TENSOR-CLASSIFICATION-v1:gdn,ALWAYS_NEEDED_CANDIDATE,
model.language_model.layers.20.linear_attn.dt_bias,model-00060-of-00131.safetensors,BF16,48,1,48,96,text,gdn,20,,REQUIRED_INITIAL_TEXT,KQ-TENSOR-CLASSIFICATION-v1:gdn,ALWAYS_NEEDED_CANDIDATE,
model.language_model.layers.20.linear_attn.in_proj_a.weight,model-00060-of-00131.safetensors,BF16,48x2560,2,122880,245760,text,gdn,20,,REQUIRED_INITIAL_TEXT,KQ-TENSOR-CLASSIFICATION-v1:gdn,ALWAYS_NEEDED_CANDIDATE,
model.language_model.layers.20.linear_attn.in_proj_b.weight,model-00060-of-00131.safetensors,BF16,48x2560,2,122880,245760,text,gdn,20,,REQUIRED_INITIAL_TEXT,KQ-TENSOR-CLASSIFICATION-v1:gdn,ALWAYS_NEEDED_CANDIDATE,
model.language_model.layers.20.linear_attn.in_proj_qkv.weight,model-00060-of-00131.safetensors,BF16,10240x2560,2,26214400,52428800,text,gdn,20,,REQUIRED_INITIAL_TEXT,KQ-TENSOR-CLASSIFICATION-v1:gdn,ALWAYS_NEEDED_CANDIDATE,
model.language_model.layers.20.linear_attn.in_proj_z.weight,model-00060-of-00131.safetensors,BF16,6144x2560,2,15728640,31457280,text,gdn,20,,REQUIRED_INITIAL_TEXT,KQ-TENSOR-CLASSIFICATION-v1:gdn,ALWAYS_NEEDED_CANDIDATE,
model.language_model.layers.20.linear_attn.norm.weight,model-00060-of-00131.safetensors,BF16,128,1,128,256,text,gdn,20,,REQUIRED_INITIAL_TEXT,KQ-TENSOR-CLASSIFICATION-v1:gdn,ALWAYS_NEEDED_CANDIDATE,
model.language_model.layers.20.linear_attn.out_proj.weight,model-00060-of-00131.safetensors,BF16,2560x6144,2,15728640,31457280,text,gdn,20,,REQUIRED_INITIAL_TEXT,KQ-TENSOR-CLASSIFICATION-v1:gdn,ALWAYS_NEEDED_CANDIDATE,
model.language_model.layers.20.mlp.experts.down_proj,model-00062-of-00131.safetensors,BF16,512x2560x640,3,838860800,1677721600,text,routed_experts,20,STACKED_0_511,REQUIRED_INITIAL_TEXT,KQ-TENSOR-CLASSIFICATION-v1:routed_experts,ROUTED_EXPERT_CACHE_CANDIDATE,canonical tensor stacks all 512 routed experts
model.language_model.layers.20.mlp.experts.gate_up_proj,model-00061-of-00131.safetensors,BF16,512x1280x2560,3,1677721600,3355443200,text,routed_experts,20,STACKED_0_511,REQUIRED_INITIAL_TEXT,KQ-TENSOR-CLASSIFICATION-v1:routed_experts,ROUTED_EXPERT_CACHE_CANDIDATE,canonical tensor stacks all 512 routed experts
model.language_model.layers.20.mlp.gate.weight,model-00062-of-00131.safetensors,BF16,512x2560,2,1310720,2621440,text,router,20,,REQUIRED_INITIAL_TEXT,KQ-TENSOR-CLASSIFICATION-v1:router,ALWAYS_NEEDED_CANDIDATE,
model.language_model.layers.20.mlp.shared_expert.down_proj.weight,model-00062-of-00131.safetensors,BF16,2560x640,2,1638400,3276800,text,shared_expert,20,,REQUIRED_INITIAL_TEXT,KQ-TENSOR-CLASSIFICATION-v1:shared_expert,ALWAYS_NEEDED_CANDIDATE,
model.language_model.layers.20.mlp.shared_expert.gate_proj.weight,model-00062-of-00131.safetensors,BF16,640x2560,2,1638400,3276800,text,shared_expert,20,,REQUIRED_INITIAL_TEXT,KQ-TENSOR-CLASSIFICATION-v1:shared_expert,ALWAYS_NEEDED_CANDIDATE,
model.language_model.layers.20.mlp.shared_expert.up_proj.weight,model-00062-of-00131.safetensors,BF16,640x2560,2,1638400,3276800,text,shared_expert,20,,REQUIRED_INITIAL_TEXT,KQ-TENSOR-CLASSIFICATION-v1:shared_expert,ALWAYS_NEEDED_CANDIDATE,
model.language_model.layers.20.mlp.shared_expert_gate.weight,model-00062-of-00131.safetensors,BF16,1x2560,2,2560,5120,text,shared_expert,20,,REQUIRED_INITIAL_TEXT,KQ-TENSOR-CLASSIFICATION-v1:shared_expert,ALWAYS_NEEDED_CANDIDATE,
model.language_model.layers.20.mlp_hyper_connection.block_inject_weight.weight,model-00062-of-00131.safetensors,BF16,4x10240,2,40960,81920,text,gated_residual,20,,REQUIRED_INITIAL_TEXT,KQ-TENSOR-CLASSIFICATION-v1:gated_residual,ALWAYS_NEEDED_CANDIDATE,
model.language_model.layers.20.mlp_hyper_connection.hc_norm.weight,model-00062-of-00131.safetensors,BF16,10240,1,10240,20480,text,gated_residual,20,,REQUIRED_INITIAL_TEXT,KQ-TENSOR-CLASSIFICATION-v1:gated_residual,ALWAYS_NEEDED_CANDIDATE,
model.language_model.layers.20.mlp_hyper_connection.input_mix_weight_down.weight,model-00062-of-00131.safetensors,BF16,320x10240,2,3276800,6553600,text,gated_residual,20,,REQUIRED_INITIAL_TEXT,KQ-TENSOR-CLASSIFICATION-v1:gated_residual,ALWAYS_NEEDED_CANDIDATE,
model.language_model.layers.20.mlp_hyper_connection.input_mix_weight_up.weight,model-00062-of-00131.safetensors,BF16,10240x320,2,3276800,6553600,text,gated_residual,20,,REQUIRED_INITIAL_TEXT,KQ-TENSOR-CLASSIFICATION-v1:gated_residual,ALWAYS_NEEDED_CANDIDATE,
model.language_model.layers.21.attn_hyper_connection.block_inject_weight.weight,model-00062-of-00131.safetensors,BF16,4x10240,2,40960,81920,text,gated_residual,21,,REQUIRED_INITIAL_TEXT,KQ-TENSOR-CLASSIFICATION-v1:gated_residual,ALWAYS_NEEDED_CANDIDATE,
model.language_model.layers.21.attn_hyper_connection.hc_norm.weight,model-00062-of-00131.safetensors,BF16,10240,1,10240,20480,text,gated_residual,21,,REQUIRED_INITIAL_TEXT,KQ-TENSOR-CLASSIFICATION-v1:gated_residual,ALWAYS_NEEDED_CANDIDATE,
model.language_model.layers.21.attn_hyper_connection.input_mix_weight_down.weight,model-00062-of-00131.safetensors,BF16,320x10240,2,3276800,6553600,text,gated_residual,21,,REQUIRED_INITIAL_TEXT,KQ-TENSOR-CLASSIFICATION-v1:gated_residual,ALWAYS_NEEDED_CANDIDATE,
model.language_model.layers.21.attn_hyper_connection.input_mix_weight_up.weight,model-00062-of-00131.safetensors,BF16,10240x320,2,3276800,6553600,text,gated_residual,21,,REQUIRED_INITIAL_TEXT,KQ-TENSOR-CLASSIFICATION-v1:gated_residual,ALWAYS_NEEDED_CANDIDATE,
model.language_model.layers.21.linear_attn.A_log,model-00062-of-00131.safetensors,BF16,48,1,48,96,text,gdn,21,,REQUIRED_INITIAL_TEXT,KQ-TENSOR-CLASSIFICATION-v1:gdn,ALWAYS_NEEDED_CANDIDATE,
model.language_model.layers.21.linear_attn.conv1d.weight,model-00062-of-00131.safetensors,BF16,10240x1x4,3,40960,81920,text,gdn,21,,REQUIRED_INITIAL_TEXT,KQ-TENSOR-CLASSIFICATION-v1:gdn,ALWAYS_NEEDED_CANDIDATE,
model.language_model.layers.21.linear_attn.dt_bias,model-00062-of-00131.safetensors,BF16,48,1,48,96,text,gdn,21,,REQUIRED_INITIAL_TEXT,KQ-TENSOR-CLASSIFICATION-v1:gdn,ALWAYS_NEEDED_CANDIDATE,
model.language_model.layers.21.linear_attn.in_proj_a.weight,model-00062-of-00131.safetensors,BF16,48x2560,2,122880,245760,text,gdn,21,,REQUIRED_INITIAL_TEXT,KQ-TENSOR-CLASSIFICATION-v1:gdn,ALWAYS_NEEDED_CANDIDATE,
model.language_model.layers.21.linear_attn.in_proj_b.weight,model-00062-of-00131.safetensors,BF16,48x2560,2,122880,245760,text,gdn,21,,REQUIRED_INITIAL_TEXT,KQ-TENSOR-CLASSIFICATION-v1:gdn,ALWAYS_NEEDED_CANDIDATE,
model.language_model.layers.21.linear_attn.in_proj_qkv.weight,model-00062-of-00131.safetensors,BF16,10240x2560,2,26214400,52428800,text,gdn,21,,REQUIRED_INITIAL_TEXT,KQ-TENSOR-CLASSIFICATION-v1:gdn,ALWAYS_NEEDED_CANDIDATE,
model.language_model.layers.21.linear_attn.in_proj_z.weight,model-00062-of-00131.safetensors,BF16,6144x2560,2,15728640,31457280,text,gdn,21,,REQUIRED_INITIAL_TEXT,KQ-TENSOR-CLASSIFICATION-v1:gdn,ALWAYS_NEEDED_CANDIDATE,
model.language_model.layers.21.linear_attn.norm.weight,model-00062-of-00131.safetensors,BF16,128,1,128,256,text,gdn,21,,REQUIRED_INITIAL_TEXT,KQ-TENSOR-CLASSIFICATION-v1:gdn,ALWAYS_NEEDED_CANDIDATE,
model.language_model.layers.21.linear_attn.out_proj.weight,model-00062-of-00131.safetensors,BF16,2560x6144,2,15728640,31457280,text,gdn,21,,REQUIRED_INITIAL_TEXT,KQ-TENSOR-CLASSIFICATION-v1:gdn,ALWAYS_NEEDED_CANDIDATE,
model.language_model.layers.21.mlp.experts.down_proj,model-00064-of-00131.safetensors,BF16,512x2560x640,3,838860800,1677721600,text,routed_experts,21,STACKED_0_511,REQUIRED_INITIAL_TEXT,KQ-TENSOR-CLASSIFICATION-v1:routed_experts,ROUTED_EXPERT_CACHE_CANDIDATE,canonical tensor stacks all 512 routed experts
model.language_model.layers.21.mlp.experts.gate_up_proj,model-00063-of-00131.safetensors,BF16,512x1280x2560,3,1677721600,3355443200,text,routed_experts,21,STACKED_0_511,REQUIRED_INITIAL_TEXT,KQ-TENSOR-CLASSIFICATION-v1:routed_experts,ROUTED_EXPERT_CACHE_CANDIDATE,canonical tensor stacks all 512 routed experts
model.language_model.layers.21.mlp.gate.weight,model-00064-of-00131.safetensors,BF16,512x2560,2,1310720,2621440,text,router,21,,REQUIRED_INITIAL_TEXT,KQ-TENSOR-CLASSIFICATION-v1:router,ALWAYS_NEEDED_CANDIDATE,
model.language_model.layers.21.mlp.shared_expert.down_proj.weight,model-00064-of-00131.safetensors,BF16,2560x640,2,1638400,3276800,text,shared_expert,21,,REQUIRED_INITIAL_TEXT,KQ-TENSOR-CLASSIFICATION-v1:shared_expert,ALWAYS_NEEDED_CANDIDATE,
model.language_model.layers.21.mlp.shared_expert.gate_proj.weight,model-00064-of-00131.safetensors,BF16,640x2560,2,1638400,3276800,text,shared_expert,21,,REQUIRED_INITIAL_TEXT,KQ-TENSOR-CLASSIFICATION-v1:shared_expert,ALWAYS_NEEDED_CANDIDATE,
model.language_model.layers.21.mlp.shared_expert.up_proj.weight,model-00064-of-00131.safetensors,BF16,640x2560,2,1638400,3276800,text,shared_expert,21,,REQUIRED_INITIAL_TEXT,KQ-TENSOR-CLASSIFICATION-v1:shared_expert,ALWAYS_NEEDED_CANDIDATE,
model.language_model.layers.21.mlp.shared_expert_gate.weight,model-00064-of-00131.safetensors,BF16,1x2560,2,2560,5120,text,shared_expert,21,,REQUIRED_INITIAL_TEXT,KQ-TENSOR-CLASSIFICATION-v1:shared_expert,ALWAYS_NEEDED_CANDIDATE,
model.language_model.layers.21.mlp_hyper_connection.block_inject_weight.weight,model-00064-of-00131.safetensors,BF16,4x10240,2,40960,81920,text,gated_residual,21,,REQUIRED_INITIAL_TEXT,KQ-TENSOR-CLASSIFICATION-v1:gated_residual,ALWAYS_NEEDED_CANDIDATE,
model.language_model.layers.21.mlp_hyper_connection.hc_norm.weight,model-00064-of-00131.safetensors,BF16,10240,1,10240,20480,text,gated_residual,21,,REQUIRED_INITIAL_TEXT,KQ-TENSOR-CLASSIFICATION-v1:gated_residual,ALWAYS_NEEDED_CANDIDATE,
model.language_model.layers.21.mlp_hyper_connection.input_mix_weight_down.weight,model-00064-of-00131.safetensors,BF16,320x10240,2,3276800,6553600,text,gated_residual,21,,REQUIRED_INITIAL_TEXT,KQ-TENSOR-CLASSIFICATION-v1:gated_residual,ALWAYS_NEEDED_CANDIDATE,
model.language_model.layers.21.mlp_hyper_connection.input_mix_weight_up.weight,model-00064-of-00131.safetensors,BF16,10240x320,2,3276800,6553600,text,gated_residual,21,,REQUIRED_INITIAL_TEXT,KQ-TENSOR-CLASSIFICATION-v1:gated_residual,ALWAYS_NEEDED_CANDIDATE,
model.language_model.layers.22.attn_hyper_connection.block_inject_weight.weight,model-00064-of-00131.safetensors,BF16,4x10240,2,40960,81920,text,gated_residual,22,,REQUIRED_INITIAL_TEXT,KQ-TENSOR-CLASSIFICATION-v1:gated_residual,ALWAYS_NEEDED_CANDIDATE,
model.language_model.layers.22.attn_hyper_connection.hc_norm.weight,model-00064-of-00131.safetensors,BF16,10240,1,10240,20480,text,gated_residual,22,,REQUIRED_INITIAL_TEXT,KQ-TENSOR-CLASSIFICATION-v1:gated_residual,ALWAYS_NEEDED_CANDIDATE,
model.language_model.layers.22.attn_hyper_connection.input_mix_weight_down.weight,model-00064-of-00131.safetensors,BF16,320x10240,2,3276800,6553600,text,gated_residual,22,,REQUIRED_INITIAL_TEXT,KQ-TENSOR-CLASSIFICATION-v1:gated_residual,ALWAYS_NEEDED_CANDIDATE,
model.language_model.layers.22.attn_hyper_connection.input_mix_weight_up.weight,model-00064-of-00131.safetensors,BF16,10240x320,2,3276800,6553600,text,gated_residual,22,,REQUIRED_INITIAL_TEXT,KQ-TENSOR-CLASSIFICATION-v1:gated_residual,ALWAYS_NEEDED_CANDIDATE,
model.language_model.layers.22.linear_attn.A_log,model-00064-of-00131.safetensors,BF16,48,1,48,96,text,gdn,22,,REQUIRED_INITIAL_TEXT,KQ-TENSOR-CLASSIFICATION-v1:gdn,ALWAYS_NEEDED_CANDIDATE,
model.language_model.layers.22.linear_attn.conv1d.weight,model-00064-of-00131.safetensors,BF16,10240x1x4,3,40960,81920,text,gdn,22,,REQUIRED_INITIAL_TEXT,KQ-TENSOR-CLASSIFICATION-v1:gdn,ALWAYS_NEEDED_CANDIDATE,
model.language_model.layers.22.linear_attn.dt_bias,model-00064-of-00131.safetensors,BF16,48,1,48,96,text,gdn,22,,REQUIRED_INITIAL_TEXT,KQ-TENSOR-CLASSIFICATION-v1:gdn,ALWAYS_NEEDED_CANDIDATE,
model.language_model.layers.22.linear_attn.in_proj_a.weight,model-00064-of-00131.safetensors,BF16,48x2560,2,122880,245760,text,gdn,22,,REQUIRED_INITIAL_TEXT,KQ-TENSOR-CLASSIFICATION-v1:gdn,ALWAYS_NEEDED_CANDIDATE,
model.language_model.layers.22.linear_attn.in_proj_b.weight,model-00064-of-00131.safetensors,BF16,48x2560,2,122880,245760,text,gdn,22,,REQUIRED_INITIAL_TEXT,KQ-TENSOR-CLASSIFICATION-v1:gdn,ALWAYS_NEEDED_CANDIDATE,
model.language_model.layers.22.linear_attn.in_proj_qkv.weight,model-00064-of-00131.safetensors,BF16,10240x2560,2,26214400,52428800,text,gdn,22,,REQUIRED_INITIAL_TEXT,KQ-TENSOR-CLASSIFICATION-v1:gdn,ALWAYS_NEEDED_CANDIDATE,
model.language_model.layers.22.linear_attn.in_proj_z.weight,model-00064-of-00131.safetensors,BF16,6144x2560,2,15728640,31457280,text,gdn,22,,REQUIRED_INITIAL_TEXT,KQ-TENSOR-CLASSIFICATION-v1:gdn,ALWAYS_NEEDED_CANDIDATE,
model.language_model.layers.22.linear_attn.norm.weight,model-00064-of-00131.safetensors,BF16,128,1,128,256,text,gdn,22,,REQUIRED_INITIAL_TEXT,KQ-TENSOR-CLASSIFICATION-v1:gdn,ALWAYS_NEEDED_CANDIDATE,
model.language_model.layers.22.linear_attn.out_proj.weight,model-00064-of-00131.safetensors,BF16,2560x6144,2,15728640,31457280,text,gdn,22,,REQUIRED_INITIAL_TEXT,KQ-TENSOR-CLASSIFICATION-v1:gdn,ALWAYS_NEEDED_CANDIDATE,
model.language_model.layers.22.mlp.experts.down_proj,model-00066-of-00131.safetensors,BF16,512x2560x640,3,838860800,1677721600,text,routed_experts,22,STACKED_0_511,REQUIRED_INITIAL_TEXT,KQ-TENSOR-CLASSIFICATION-v1:routed_experts,ROUTED_EXPERT_CACHE_CANDIDATE,canonical tensor stacks all 512 routed experts
model.language_model.layers.22.mlp.experts.gate_up_proj,model-00065-of-00131.safetensors,BF16,512x1280x2560,3,1677721600,3355443200,text,routed_experts,22,STACKED_0_511,REQUIRED_INITIAL_TEXT,KQ-TENSOR-CLASSIFICATION-v1:routed_experts,ROUTED_EXPERT_CACHE_CANDIDATE,canonical tensor stacks all 512 routed experts
model.language_model.layers.22.mlp.gate.weight,model-00066-of-00131.safetensors,BF16,512x2560,2,1310720,2621440,text,router,22,,REQUIRED_INITIAL_TEXT,KQ-TENSOR-CLASSIFICATION-v1:router,ALWAYS_NEEDED_CANDIDATE,
model.language_model.layers.22.mlp.shared_expert.down_proj.weight,model-00066-of-00131.safetensors,BF16,2560x640,2,1638400,3276800,text,shared_expert,22,,REQUIRED_INITIAL_TEXT,KQ-TENSOR-CLASSIFICATION-v1:shared_expert,ALWAYS_NEEDED_CANDIDATE,
model.language_model.layers.22.mlp.shared_expert.gate_proj.weight,model-00066-of-00131.safetensors,BF16,640x2560,2,1638400,3276800,text,shared_expert,22,,REQUIRED_INITIAL_TEXT,KQ-TENSOR-CLASSIFICATION-v1:shared_expert,ALWAYS_NEEDED_CANDIDATE,
model.language_model.layers.22.mlp.shared_expert.up_proj.weight,model-00066-of-00131.safetensors,BF16,640x2560,2,1638400,3276800,text,shared_expert,22,,REQUIRED_INITIAL_TEXT,KQ-TENSOR-CLASSIFICATION-v1:shared_expert,ALWAYS_NEEDED_CANDIDATE,
model.language_model.layers.22.mlp.shared_expert_gate.weight,model-00066-of-00131.safetensors,BF16,1x2560,2,2560,5120,text,shared_expert,22,,REQUIRED_INITIAL_TEXT,KQ-TENSOR-CLASSIFICATION-v1:shared_expert,ALWAYS_NEEDED_CANDIDATE,
model.language_model.layers.22.mlp_hyper_connection.block_inject_weight.weight,model-00066-of-00131.safetensors,BF16,4x10240,2,40960,81920,text,gated_residual,22,,REQUIRED_INITIAL_TEXT,KQ-TENSOR-CLASSIFICATION-v1:gated_residual,ALWAYS_NEEDED_CANDIDATE,
model.language_model.layers.22.mlp_hyper_connection.hc_norm.weight,model-00066-of-00131.safetensors,BF16,10240,1,10240,20480,text,gated_residual,22,,REQUIRED_INITIAL_TEXT,KQ-TENSOR-CLASSIFICATION-v1:gated_residual,ALWAYS_NEEDED_CANDIDATE,
model.language_model.layers.22.mlp_hyper_connection.input_mix_weight_down.weight,model-00066-of-00131.safetensors,BF16,320x10240,2,3276800,6553600,text,gated_residual,22,,REQUIRED_INITIAL_TEXT,KQ-TENSOR-CLASSIFICATION-v1:gated_residual,ALWAYS_NEEDED_CANDIDATE,
model.language_model.layers.22.mlp_hyper_connection.input_mix_weight_up.weight,model-00066-of-00131.safetensors,BF16,10240x320,2,3276800,6553600,text,gated_residual,22,,REQUIRED_INITIAL_TEXT,KQ-TENSOR-CLASSIFICATION-v1:gated_residual,ALWAYS_NEEDED_CANDIDATE,
model.language_model.layers.23.attn_hyper_connection.block_inject_weight.weight,model-00066-of-00131.safetensors,BF16,4x10240,2,40960,81920,text,gated_residual,23,,REQUIRED_INITIAL_TEXT,KQ-TENSOR-CLASSIFICATION-v1:gated_residual,ALWAYS_NEEDED_CANDIDATE,
model.language_model.layers.23.attn_hyper_connection.hc_norm.weight,model-00066-of-00131.safetensors,BF16,10240,1,10240,20480,text,gated_residual,23,,REQUIRED_INITIAL_TEXT,KQ-TENSOR-CLASSIFICATION-v1:gated_residual,ALWAYS_NEEDED_CANDIDATE,
model.language_model.layers.23.attn_hyper_connection.input_mix_weight_down.weight,model-00066-of-00131.safetensors,BF16,320x10240,2,3276800,6553600,text,gated_residual,23,,REQUIRED_INITIAL_TEXT,KQ-TENSOR-CLASSIFICATION-v1:gated_residual,ALWAYS_NEEDED_CANDIDATE,
model.language_model.layers.23.attn_hyper_connection.input_mix_weight_up.weight,model-00066-of-00131.safetensors,BF16,10240x320,2,3276800,6553600,text,gated_residual,23,,REQUIRED_INITIAL_TEXT,KQ-TENSOR-CLASSIFICATION-v1:gated_residual,ALWAYS_NEEDED_CANDIDATE,
model.language_model.layers.23.mlp.experts.down_proj,model-00068-of-00131.safetensors,BF16,512x2560x640,3,838860800,1677721600,text,routed_experts,23,STACKED_0_511,REQUIRED_INITIAL_TEXT,KQ-TENSOR-CLASSIFICATION-v1:routed_experts,ROUTED_EXPERT_CACHE_CANDIDATE,canonical tensor stacks all 512 routed experts
model.language_model.layers.23.mlp.experts.gate_up_proj,model-00067-of-00131.safetensors,BF16,512x1280x2560,3,1677721600,3355443200,text,routed_experts,23,STACKED_0_511,REQUIRED_INITIAL_TEXT,KQ-TENSOR-CLASSIFICATION-v1:routed_experts,ROUTED_EXPERT_CACHE_CANDIDATE,canonical tensor stacks all 512 routed experts
model.language_model.layers.23.mlp.gate.weight,model-00068-of-00131.safetensors,BF16,512x2560,2,1310720,2621440,text,router,23,,REQUIRED_INITIAL_TEXT,KQ-TENSOR-CLASSIFICATION-v1:router,ALWAYS_NEEDED_CANDIDATE,
model.language_model.layers.23.mlp.shared_expert.down_proj.weight,model-00068-of-00131.safetensors,BF16,2560x640,2,1638400,3276800,text,shared_expert,23,,REQUIRED_INITIAL_TEXT,KQ-TENSOR-CLASSIFICATION-v1:shared_expert,ALWAYS_NEEDED_CANDIDATE,
model.language_model.layers.23.mlp.shared_expert.gate_proj.weight,model-00068-of-00131.safetensors,BF16,640x2560,2,1638400,3276800,text,shared_expert,23,,REQUIRED_INITIAL_TEXT,KQ-TENSOR-CLASSIFICATION-v1:shared_expert,ALWAYS_NEEDED_CANDIDATE,
model.language_model.layers.23.mlp.shared_expert.up_proj.weight,model-00068-of-00131.safetensors,BF16,640x2560,2,1638400,3276800,text,shared_expert,23,,REQUIRED_INITIAL_TEXT,KQ-TENSOR-CLASSIFICATION-v1:shared_expert,ALWAYS_NEEDED_CANDIDATE,
model.language_model.layers.23.mlp.shared_expert_gate.weight,model-00068-of-00131.safetensors,BF16,1x2560,2,2560,5120,text,shared_expert,23,,REQUIRED_INITIAL_TEXT,KQ-TENSOR-CLASSIFICATION-v1:shared_expert,ALWAYS_NEEDED_CANDIDATE,
model.language_model.layers.23.mlp_hyper_connection.block_inject_weight.weight,model-00068-of-00131.safetensors,BF16,4x10240,2,40960,81920,text,gated_residual,23,,REQUIRED_INITIAL_TEXT,KQ-TENSOR-CLASSIFICATION-v1:gated_residual,ALWAYS_NEEDED_CANDIDATE,
model.language_model.layers.23.mlp_hyper_connection.hc_norm.weight,model-00068-of-00131.safetensors,BF16,10240,1,10240,20480,text,gated_residual,23,,REQUIRED_INITIAL_TEXT,KQ-TENSOR-CLASSIFICATION-v1:gated_residual,ALWAYS_NEEDED_CANDIDATE,
model.language_model.layers.23.mlp_hyper_connection.input_mix_weight_down.weight,model-00068-of-00131.safetensors,BF16,320x10240,2,3276800,6553600,text,gated_residual,23,,REQUIRED_INITIAL_TEXT,KQ-TENSOR-CLASSIFICATION-v1:gated_residual,ALWAYS_NEEDED_CANDIDATE,
model.language_model.layers.23.mlp_hyper_connection.input_mix_weight_up.weight,model-00068-of-00131.safetensors,BF16,10240x320,2,3276800,6553600,text,gated_residual,23,,REQUIRED_INITIAL_TEXT,KQ-TENSOR-CLASSIFICATION-v1:gated_residual,ALWAYS_NEEDED_CANDIDATE,
model.language_model.layers.23.self_attn.indexer.index_qk_proj.weight,model-00068-of-00131.safetensors,BF16,640x2560,2,1638400,3276800,text,qsa_indexer,23,,REQUIRED_INITIAL_TEXT,KQ-TENSOR-CLASSIFICATION-v1:qsa_indexer,ALWAYS_NEEDED_CANDIDATE,
model.language_model.layers.23.self_attn.indexer.k_layernorm.weight,model-00068-of-00131.safetensors,BF16,128,1,128,256,text,qsa_indexer,23,,REQUIRED_INITIAL_TEXT,KQ-TENSOR-CLASSIFICATION-v1:qsa_indexer,ALWAYS_NEEDED_CANDIDATE,
model.language_model.layers.23.self_attn.indexer.q_layernorm.weight,model-00068-of-00131.safetensors,BF16,128,1,128,256,text,qsa_indexer,23,,REQUIRED_INITIAL_TEXT,KQ-TENSOR-CLASSIFICATION-v1:qsa_indexer,ALWAYS_NEEDED_CANDIDATE,
model.language_model.layers.23.self_attn.k_norm.weight,model-00068-of-00131.safetensors,BF16,256,1,256,512,text,qsa_attention,23,,REQUIRED_INITIAL_TEXT,KQ-TENSOR-CLASSIFICATION-v1:qsa_attention,ALWAYS_NEEDED_CANDIDATE,
model.language_model.layers.23.self_attn.k_proj.weight,model-00068-of-00131.safetensors,BF16,512x2560,2,1310720,2621440,text,qsa_attention,23,,REQUIRED_INITIAL_TEXT,KQ-TENSOR-CLASSIFICATION-v1:qsa_attention,ALWAYS_NEEDED_CANDIDATE,
model.language_model.layers.23.self_attn.o_proj.weight,model-00068-of-00131.safetensors,BF16,2560x6144,2,15728640,31457280,text,qsa_attention,23,,REQUIRED_INITIAL_TEXT,KQ-TENSOR-CLASSIFICATION-v1:qsa_attention,ALWAYS_NEEDED_CANDIDATE,
model.language_model.layers.23.self_attn.q_norm.weight,model-00068-of-00131.safetensors,BF16,256,1,256,512,text,qsa_attention,23,,REQUIRED_INITIAL_TEXT,KQ-TENSOR-CLASSIFICATION-v1:qsa_attention,ALWAYS_NEEDED_CANDIDATE,
model.language_model.layers.23.self_attn.q_proj.weight,model-00068-of-00131.safetensors,BF16,12288x2560,2,31457280,62914560,text,qsa_attention,23,,REQUIRED_INITIAL_TEXT,KQ-TENSOR-CLASSIFICATION-v1:qsa_attention,ALWAYS_NEEDED_CANDIDATE,
model.language_model.layers.23.self_attn.v_proj.weight,model-00068-of-00131.safetensors,BF16,512x2560,2,1310720,2621440,text,qsa_attention,23,,REQUIRED_INITIAL_TEXT,KQ-TENSOR-CLASSIFICATION-v1:qsa_attention,ALWAYS_NEEDED_CANDIDATE,
model.language_model.layers.24.attn_hyper_connection.block_inject_weight.weight,model-00068-of-00131.safetensors,BF16,4x10240,2,40960,81920,text,gated_residual,24,,REQUIRED_INITIAL_TEXT,KQ-TENSOR-CLASSIFICATION-v1:gated_residual,ALWAYS_NEEDED_CANDIDATE,
model.language_model.layers.24.attn_hyper_connection.hc_norm.weight,model-00068-of-00131.safetensors,BF16,10240,1,10240,20480,text,gated_residual,24,,REQUIRED_INITIAL_TEXT,KQ-TENSOR-CLASSIFICATION-v1:gated_residual,ALWAYS_NEEDED_CANDIDATE,
model.language_model.layers.24.attn_hyper_connection.input_mix_weight_down.weight,model-00068-of-00131.safetensors,BF16,320x10240,2,3276800,6553600,text,gated_residual,24,,REQUIRED_INITIAL_TEXT,KQ-TENSOR-CLASSIFICATION-v1:gated_residual,ALWAYS_NEEDED_CANDIDATE,
model.language_model.layers.24.attn_hyper_connection.input_mix_weight_up.weight,model-00068-of-00131.safetensors,BF16,10240x320,2,3276800,6553600,text,gated_residual,24,,REQUIRED_INITIAL_TEXT,KQ-TENSOR-CLASSIFICATION-v1:gated_residual,ALWAYS_NEEDED_CANDIDATE,
model.language_model.layers.24.linear_attn.A_log,model-00068-of-00131.safetensors,BF16,48,1,48,96,text,gdn,24,,REQUIRED_INITIAL_TEXT,KQ-TENSOR-CLASSIFICATION-v1:gdn,ALWAYS_NEEDED_CANDIDATE,
model.language_model.layers.24.linear_attn.conv1d.weight,model-00068-of-00131.safetensors,BF16,10240x1x4,3,40960,81920,text,gdn,24,,REQUIRED_INITIAL_TEXT,KQ-TENSOR-CLASSIFICATION-v1:gdn,ALWAYS_NEEDED_CANDIDATE,
model.language_model.layers.24.linear_attn.dt_bias,model-00068-of-00131.safetensors,BF16,48,1,48,96,text,gdn,24,,REQUIRED_INITIAL_TEXT,KQ-TENSOR-CLASSIFICATION-v1:gdn,ALWAYS_NEEDED_CANDIDATE,
model.language_model.layers.24.linear_attn.in_proj_a.weight,model-00068-of-00131.safetensors,BF16,48x2560,2,122880,245760,text,gdn,24,,REQUIRED_INITIAL_TEXT,KQ-TENSOR-CLASSIFICATION-v1:gdn,ALWAYS_NEEDED_CANDIDATE,
model.language_model.layers.24.linear_attn.in_proj_b.weight,model-00068-of-00131.safetensors,BF16,48x2560,2,122880,245760,text,gdn,24,,REQUIRED_INITIAL_TEXT,KQ-TENSOR-CLASSIFICATION-v1:gdn,ALWAYS_NEEDED_CANDIDATE,
model.language_model.layers.24.linear_attn.in_proj_qkv.weight,model-00068-of-00131.safetensors,BF16,10240x2560,2,26214400,52428800,text,gdn,24,,REQUIRED_INITIAL_TEXT,KQ-TENSOR-CLASSIFICATION-v1:gdn,ALWAYS_NEEDED_CANDIDATE,
model.language_model.layers.24.linear_attn.in_proj_z.weight,model-00068-of-00131.safetensors,BF16,6144x2560,2,15728640,31457280,text,gdn,24,,REQUIRED_INITIAL_TEXT,KQ-TENSOR-CLASSIFICATION-v1:gdn,ALWAYS_NEEDED_CANDIDATE,
model.language_model.layers.24.linear_attn.norm.weight,model-00068-of-00131.safetensors,BF16,128,1,128,256,text,gdn,24,,REQUIRED_INITIAL_TEXT,KQ-TENSOR-CLASSIFICATION-v1:gdn,ALWAYS_NEEDED_CANDIDATE,
model.language_model.layers.24.linear_attn.out_proj.weight,model-00068-of-00131.safetensors,BF16,2560x6144,2,15728640,31457280,text,gdn,24,,REQUIRED_INITIAL_TEXT,KQ-TENSOR-CLASSIFICATION-v1:gdn,ALWAYS_NEEDED_CANDIDATE,
model.language_model.layers.24.mlp.experts.down_proj,model-00070-of-00131.safetensors,BF16,512x2560x640,3,838860800,1677721600,text,routed_experts,24,STACKED_0_511,REQUIRED_INITIAL_TEXT,KQ-TENSOR-CLASSIFICATION-v1:routed_experts,ROUTED_EXPERT_CACHE_CANDIDATE,canonical tensor stacks all 512 routed experts
model.language_model.layers.24.mlp.experts.gate_up_proj,model-00069-of-00131.safetensors,BF16,512x1280x2560,3,1677721600,3355443200,text,routed_experts,24,STACKED_0_511,REQUIRED_INITIAL_TEXT,KQ-TENSOR-CLASSIFICATION-v1:routed_experts,ROUTED_EXPERT_CACHE_CANDIDATE,canonical tensor stacks all 512 routed experts
model.language_model.layers.24.mlp.gate.weight,model-00070-of-00131.safetensors,BF16,512x2560,2,1310720,2621440,text,router,24,,REQUIRED_INITIAL_TEXT,KQ-TENSOR-CLASSIFICATION-v1:router,ALWAYS_NEEDED_CANDIDATE,
model.language_model.layers.24.mlp.shared_expert.down_proj.weight,model-00070-of-00131.safetensors,BF16,2560x640,2,1638400,3276800,text,shared_expert,24,,REQUIRED_INITIAL_TEXT,KQ-TENSOR-CLASSIFICATION-v1:shared_expert,ALWAYS_NEEDED_CANDIDATE,
model.language_model.layers.24.mlp.shared_expert.gate_proj.weight,model-00070-of-00131.safetensors,BF16,640x2560,2,1638400,3276800,text,shared_expert,24,,REQUIRED_INITIAL_TEXT,KQ-TENSOR-CLASSIFICATION-v1:shared_expert,ALWAYS_NEEDED_CANDIDATE,
model.language_model.layers.24.mlp.shared_expert.up_proj.weight,model-00070-of-00131.safetensors,BF16,640x2560,2,1638400,3276800,text,shared_expert,24,,REQUIRED_INITIAL_TEXT,KQ-TENSOR-CLASSIFICATION-v1:shared_expert,ALWAYS_NEEDED_CANDIDATE,
model.language_model.layers.24.mlp.shared_expert_gate.weight,model-00070-of-00131.safetensors,BF16,1x2560,2,2560,5120,text,shared_expert,24,,REQUIRED_INITIAL_TEXT,KQ-TENSOR-CLASSIFICATION-v1:shared_expert,ALWAYS_NEEDED_CANDIDATE,
model.language_model.layers.24.mlp_hyper_connection.block_inject_weight.weight,model-00070-of-00131.safetensors,BF16,4x10240,2,40960,81920,text,gated_residual,24,,REQUIRED_INITIAL_TEXT,KQ-TENSOR-CLASSIFICATION-v1:gated_residual,ALWAYS_NEEDED_CANDIDATE,
model.language_model.layers.24.mlp_hyper_connection.hc_norm.weight,model-00070-of-00131.safetensors,BF16,10240,1,10240,20480,text,gated_residual,24,,REQUIRED_INITIAL_TEXT,KQ-TENSOR-CLASSIFICATION-v1:gated_residual,ALWAYS_NEEDED_CANDIDATE,
model.language_model.layers.24.mlp_hyper_connection.input_mix_weight_down.weight,model-00070-of-00131.safetensors,BF16,320x10240,2,3276800,6553600,text,gated_residual,24,,REQUIRED_INITIAL_TEXT,KQ-TENSOR-CLASSIFICATION-v1:gated_residual,ALWAYS_NEEDED_CANDIDATE,
model.language_model.layers.24.mlp_hyper_connection.input_mix_weight_up.weight,model-00070-of-00131.safetensors,BF16,10240x320,2,3276800,6553600,text,gated_residual,24,,REQUIRED_INITIAL_TEXT,KQ-TENSOR-CLASSIFICATION-v1:gated_residual,ALWAYS_NEEDED_CANDIDATE,
model.language_model.layers.25.attn_hyper_connection.block_inject_weight.weight,model-00070-of-00131.safetensors,BF16,4x10240,2,40960,81920,text,gated_residual,25,,REQUIRED_INITIAL_TEXT,KQ-TENSOR-CLASSIFICATION-v1:gated_residual,ALWAYS_NEEDED_CANDIDATE,
model.language_model.layers.25.attn_hyper_connection.hc_norm.weight,model-00070-of-00131.safetensors,BF16,10240,1,10240,20480,text,gated_residual,25,,REQUIRED_INITIAL_TEXT,KQ-TENSOR-CLASSIFICATION-v1:gated_residual,ALWAYS_NEEDED_CANDIDATE,
model.language_model.layers.25.attn_hyper_connection.input_mix_weight_down.weight,model-00070-of-00131.safetensors,BF16,320x10240,2,3276800,6553600,text,gated_residual,25,,REQUIRED_INITIAL_TEXT,KQ-TENSOR-CLASSIFICATION-v1:gated_residual,ALWAYS_NEEDED_CANDIDATE,
model.language_model.layers.25.attn_hyper_connection.input_mix_weight_up.weight,model-00070-of-00131.safetensors,BF16,10240x320,2,3276800,6553600,text,gated_residual,25,,REQUIRED_INITIAL_TEXT,KQ-TENSOR-CLASSIFICATION-v1:gated_residual,ALWAYS_NEEDED_CANDIDATE,
model.language_model.layers.25.linear_attn.A_log,model-00070-of-00131.safetensors,BF16,48,1,48,96,text,gdn,25,,REQUIRED_INITIAL_TEXT,KQ-TENSOR-CLASSIFICATION-v1:gdn,ALWAYS_NEEDED_CANDIDATE,
model.language_model.layers.25.linear_attn.conv1d.weight,model-00070-of-00131.safetensors,BF16,10240x1x4,3,40960,81920,text,gdn,25,,REQUIRED_INITIAL_TEXT,KQ-TENSOR-CLASSIFICATION-v1:gdn,ALWAYS_NEEDED_CANDIDATE,
model.language_model.layers.25.linear_attn.dt_bias,model-00070-of-00131.safetensors,BF16,48,1,48,96,text,gdn,25,,REQUIRED_INITIAL_TEXT,KQ-TENSOR-CLASSIFICATION-v1:gdn,ALWAYS_NEEDED_CANDIDATE,
model.language_model.layers.25.linear_attn.in_proj_a.weight,model-00070-of-00131.safetensors,BF16,48x2560,2,122880,245760,text,gdn,25,,REQUIRED_INITIAL_TEXT,KQ-TENSOR-CLASSIFICATION-v1:gdn,ALWAYS_NEEDED_CANDIDATE,
model.language_model.layers.25.linear_attn.in_proj_b.weight,model-00070-of-00131.safetensors,BF16,48x2560,2,122880,245760,text,gdn,25,,REQUIRED_INITIAL_TEXT,KQ-TENSOR-CLASSIFICATION-v1:gdn,ALWAYS_NEEDED_CANDIDATE,
model.language_model.layers.25.linear_attn.in_proj_qkv.weight,model-00070-of-00131.safetensors,BF16,10240x2560,2,26214400,52428800,text,gdn,25,,REQUIRED_INITIAL_TEXT,KQ-TENSOR-CLASSIFICATION-v1:gdn,ALWAYS_NEEDED_CANDIDATE,
model.language_model.layers.25.linear_attn.in_proj_z.weight,model-00070-of-00131.safetensors,BF16,6144x2560,2,15728640,31457280,text,gdn,25,,REQUIRED_INITIAL_TEXT,KQ-TENSOR-CLASSIFICATION-v1:gdn,ALWAYS_NEEDED_CANDIDATE,
model.language_model.layers.25.linear_attn.norm.weight,model-00070-of-00131.safetensors,BF16,128,1,128,256,text,gdn,25,,REQUIRED_INITIAL_TEXT,KQ-TENSOR-CLASSIFICATION-v1:gdn,ALWAYS_NEEDED_CANDIDATE,
model.language_model.layers.25.linear_attn.out_proj.weight,model-00070-of-00131.safetensors,BF16,2560x6144,2,15728640,31457280,text,gdn,25,,REQUIRED_INITIAL_TEXT,KQ-TENSOR-CLASSIFICATION-v1:gdn,ALWAYS_NEEDED_CANDIDATE,
model.language_model.layers.25.mlp.experts.down_proj,model-00072-of-00131.safetensors,BF16,512x2560x640,3,838860800,1677721600,text,routed_experts,25,STACKED_0_511,REQUIRED_INITIAL_TEXT,KQ-TENSOR-CLASSIFICATION-v1:routed_experts,ROUTED_EXPERT_CACHE_CANDIDATE,canonical tensor stacks all 512 routed experts
model.language_model.layers.25.mlp.experts.gate_up_proj,model-00071-of-00131.safetensors,BF16,512x1280x2560,3,1677721600,3355443200,text,routed_experts,25,STACKED_0_511,REQUIRED_INITIAL_TEXT,KQ-TENSOR-CLASSIFICATION-v1:routed_experts,ROUTED_EXPERT_CACHE_CANDIDATE,canonical tensor stacks all 512 routed experts
model.language_model.layers.25.mlp.gate.weight,model-00072-of-00131.safetensors,BF16,512x2560,2,1310720,2621440,text,router,25,,REQUIRED_INITIAL_TEXT,KQ-TENSOR-CLASSIFICATION-v1:router,ALWAYS_NEEDED_CANDIDATE,
model.language_model.layers.25.mlp.shared_expert.down_proj.weight,model-00072-of-00131.safetensors,BF16,2560x640,2,1638400,3276800,text,shared_expert,25,,REQUIRED_INITIAL_TEXT,KQ-TENSOR-CLASSIFICATION-v1:shared_expert,ALWAYS_NEEDED_CANDIDATE,
model.language_model.layers.25.mlp.shared_expert.gate_proj.weight,model-00072-of-00131.safetensors,BF16,640x2560,2,1638400,3276800,text,shared_expert,25,,REQUIRED_INITIAL_TEXT,KQ-TENSOR-CLASSIFICATION-v1:shared_expert,ALWAYS_NEEDED_CANDIDATE,
model.language_model.layers.25.mlp.shared_expert.up_proj.weight,model-00072-of-00131.safetensors,BF16,640x2560,2,1638400,3276800,text,shared_expert,25,,REQUIRED_INITIAL_TEXT,KQ-TENSOR-CLASSIFICATION-v1:shared_expert,ALWAYS_NEEDED_CANDIDATE,
model.language_model.layers.25.mlp.shared_expert_gate.weight,model-00072-of-00131.safetensors,BF16,1x2560,2,2560,5120,text,shared_expert,25,,REQUIRED_INITIAL_TEXT,KQ-TENSOR-CLASSIFICATION-v1:shared_expert,ALWAYS_NEEDED_CANDIDATE,
model.language_model.layers.25.mlp_hyper_connection.block_inject_weight.weight,model-00072-of-00131.safetensors,BF16,4x10240,2,40960,81920,text,gated_residual,25,,REQUIRED_INITIAL_TEXT,KQ-TENSOR-CLASSIFICATION-v1:gated_residual,ALWAYS_NEEDED_CANDIDATE,
model.language_model.layers.25.mlp_hyper_connection.hc_norm.weight,model-00072-of-00131.safetensors,BF16,10240,1,10240,20480,text,gated_residual,25,,REQUIRED_INITIAL_TEXT,KQ-TENSOR-CLASSIFICATION-v1:gated_residual,ALWAYS_NEEDED_CANDIDATE,
model.language_model.layers.25.mlp_hyper_connection.input_mix_weight_down.weight,model-00072-of-00131.safetensors,BF16,320x10240,2,3276800,6553600,text,gated_residual,25,,REQUIRED_INITIAL_TEXT,KQ-TENSOR-CLASSIFICATION-v1:gated_residual,ALWAYS_NEEDED_CANDIDATE,
model.language_model.layers.25.mlp_hyper_connection.input_mix_weight_up.weight,model-00072-of-00131.safetensors,BF16,10240x320,2,3276800,6553600,text,gated_residual,25,,REQUIRED_INITIAL_TEXT,KQ-TENSOR-CLASSIFICATION-v1:gated_residual,ALWAYS_NEEDED_CANDIDATE,
model.language_model.layers.26.attn_hyper_connection.block_inject_weight.weight,model-00072-of-00131.safetensors,BF16,4x10240,2,40960,81920,text,gated_residual,26,,REQUIRED_INITIAL_TEXT,KQ-TENSOR-CLASSIFICATION-v1:gated_residual,ALWAYS_NEEDED_CANDIDATE,
model.language_model.layers.26.attn_hyper_connection.hc_norm.weight,model-00072-of-00131.safetensors,BF16,10240,1,10240,20480,text,gated_residual,26,,REQUIRED_INITIAL_TEXT,KQ-TENSOR-CLASSIFICATION-v1:gated_residual,ALWAYS_NEEDED_CANDIDATE,
model.language_model.layers.26.attn_hyper_connection.input_mix_weight_down.weight,model-00072-of-00131.safetensors,BF16,320x10240,2,3276800,6553600,text,gated_residual,26,,REQUIRED_INITIAL_TEXT,KQ-TENSOR-CLASSIFICATION-v1:gated_residual,ALWAYS_NEEDED_CANDIDATE,
model.language_model.layers.26.attn_hyper_connection.input_mix_weight_up.weight,model-00072-of-00131.safetensors,BF16,10240x320,2,3276800,6553600,text,gated_residual,26,,REQUIRED_INITIAL_TEXT,KQ-TENSOR-CLASSIFICATION-v1:gated_residual,ALWAYS_NEEDED_CANDIDATE,
model.language_model.layers.26.linear_attn.A_log,model-00072-of-00131.safetensors,BF16,48,1,48,96,text,gdn,26,,REQUIRED_INITIAL_TEXT,KQ-TENSOR-CLASSIFICATION-v1:gdn,ALWAYS_NEEDED_CANDIDATE,
model.language_model.layers.26.linear_attn.conv1d.weight,model-00072-of-00131.safetensors,BF16,10240x1x4,3,40960,81920,text,gdn,26,,REQUIRED_INITIAL_TEXT,KQ-TENSOR-CLASSIFICATION-v1:gdn,ALWAYS_NEEDED_CANDIDATE,
model.language_model.layers.26.linear_attn.dt_bias,model-00072-of-00131.safetensors,BF16,48,1,48,96,text,gdn,26,,REQUIRED_INITIAL_TEXT,KQ-TENSOR-CLASSIFICATION-v1:gdn,ALWAYS_NEEDED_CANDIDATE,
model.language_model.layers.26.linear_attn.in_proj_a.weight,model-00072-of-00131.safetensors,BF16,48x2560,2,122880,245760,text,gdn,26,,REQUIRED_INITIAL_TEXT,KQ-TENSOR-CLASSIFICATION-v1:gdn,ALWAYS_NEEDED_CANDIDATE,
model.language_model.layers.26.linear_attn.in_proj_b.weight,model-00072-of-00131.safetensors,BF16,48x2560,2,122880,245760,text,gdn,26,,REQUIRED_INITIAL_TEXT,KQ-TENSOR-CLASSIFICATION-v1:gdn,ALWAYS_NEEDED_CANDIDATE,
model.language_model.layers.26.linear_attn.in_proj_qkv.weight,model-00072-of-00131.safetensors,BF16,10240x2560,2,26214400,52428800,text,gdn,26,,REQUIRED_INITIAL_TEXT,KQ-TENSOR-CLASSIFICATION-v1:gdn,ALWAYS_NEEDED_CANDIDATE,
model.language_model.layers.26.linear_attn.in_proj_z.weight,model-00072-of-00131.safetensors,BF16,6144x2560,2,15728640,31457280,text,gdn,26,,REQUIRED_INITIAL_TEXT,KQ-TENSOR-CLASSIFICATION-v1:gdn,ALWAYS_NEEDED_CANDIDATE,
model.language_model.layers.26.linear_attn.norm.weight,model-00072-of-00131.safetensors,BF16,128,1,128,256,text,gdn,26,,REQUIRED_INITIAL_TEXT,KQ-TENSOR-CLASSIFICATION-v1:gdn,ALWAYS_NEEDED_CANDIDATE,
model.language_model.layers.26.linear_attn.out_proj.weight,model-00072-of-00131.safetensors,BF16,2560x6144,2,15728640,31457280,text,gdn,26,,REQUIRED_INITIAL_TEXT,KQ-TENSOR-CLASSIFICATION-v1:gdn,ALWAYS_NEEDED_CANDIDATE,
model.language_model.layers.26.mlp.experts.down_proj,model-00074-of-00131.safetensors,BF16,512x2560x640,3,838860800,1677721600,text,routed_experts,26,STACKED_0_511,REQUIRED_INITIAL_TEXT,KQ-TENSOR-CLASSIFICATION-v1:routed_experts,ROUTED_EXPERT_CACHE_CANDIDATE,canonical tensor stacks all 512 routed experts
model.language_model.layers.26.mlp.experts.gate_up_proj,model-00073-of-00131.safetensors,BF16,512x1280x2560,3,1677721600,3355443200,text,routed_experts,26,STACKED_0_511,REQUIRED_INITIAL_TEXT,KQ-TENSOR-CLASSIFICATION-v1:routed_experts,ROUTED_EXPERT_CACHE_CANDIDATE,canonical tensor stacks all 512 routed experts
model.language_model.layers.26.mlp.gate.weight,model-00074-of-00131.safetensors,BF16,512x2560,2,1310720,2621440,text,router,26,,REQUIRED_INITIAL_TEXT,KQ-TENSOR-CLASSIFICATION-v1:router,ALWAYS_NEEDED_CANDIDATE,
model.language_model.layers.26.mlp.shared_expert.down_proj.weight,model-00074-of-00131.safetensors,BF16,2560x640,2,1638400,3276800,text,shared_expert,26,,REQUIRED_INITIAL_TEXT,KQ-TENSOR-CLASSIFICATION-v1:shared_expert,ALWAYS_NEEDED_CANDIDATE,
model.language_model.layers.26.mlp.shared_expert.gate_proj.weight,model-00074-of-00131.safetensors,BF16,640x2560,2,1638400,3276800,text,shared_expert,26,,REQUIRED_INITIAL_TEXT,KQ-TENSOR-CLASSIFICATION-v1:shared_expert,ALWAYS_NEEDED_CANDIDATE,
model.language_model.layers.26.mlp.shared_expert.up_proj.weight,model-00074-of-00131.safetensors,BF16,640x2560,2,1638400,3276800,text,shared_expert,26,,REQUIRED_INITIAL_TEXT,KQ-TENSOR-CLASSIFICATION-v1:shared_expert,ALWAYS_NEEDED_CANDIDATE,
model.language_model.layers.26.mlp.shared_expert_gate.weight,model-00074-of-00131.safetensors,BF16,1x2560,2,2560,5120,text,shared_expert,26,,REQUIRED_INITIAL_TEXT,KQ-TENSOR-CLASSIFICATION-v1:shared_expert,ALWAYS_NEEDED_CANDIDATE,
model.language_model.layers.26.mlp_hyper_connection.block_inject_weight.weight,model-00074-of-00131.safetensors,BF16,4x10240,2,40960,81920,text,gated_residual,26,,REQUIRED_INITIAL_TEXT,KQ-TENSOR-CLASSIFICATION-v1:gated_residual,ALWAYS_NEEDED_CANDIDATE,
model.language_model.layers.26.mlp_hyper_connection.hc_norm.weight,model-00074-of-00131.safetensors,BF16,10240,1,10240,20480,text,gated_residual,26,,REQUIRED_INITIAL_TEXT,KQ-TENSOR-CLASSIFICATION-v1:gated_residual,ALWAYS_NEEDED_CANDIDATE,
model.language_model.layers.26.mlp_hyper_connection.input_mix_weight_down.weight,model-00074-of-00131.safetensors,BF16,320x10240,2,3276800,6553600,text,gated_residual,26,,REQUIRED_INITIAL_TEXT,KQ-TENSOR-CLASSIFICATION-v1:gated_residual,ALWAYS_NEEDED_CANDIDATE,
model.language_model.layers.26.mlp_hyper_connection.input_mix_weight_up.weight,model-00074-of-00131.safetensors,BF16,10240x320,2,3276800,6553600,text,gated_residual,26,,REQUIRED_INITIAL_TEXT,KQ-TENSOR-CLASSIFICATION-v1:gated_residual,ALWAYS_NEEDED_CANDIDATE,
model.language_model.layers.27.attn_hyper_connection.block_inject_weight.weight,model-00074-of-00131.safetensors,BF16,4x10240,2,40960,81920,text,gated_residual,27,,REQUIRED_INITIAL_TEXT,KQ-TENSOR-CLASSIFICATION-v1:gated_residual,ALWAYS_NEEDED_CANDIDATE,
model.language_model.layers.27.attn_hyper_connection.hc_norm.weight,model-00074-of-00131.safetensors,BF16,10240,1,10240,20480,text,gated_residual,27,,REQUIRED_INITIAL_TEXT,KQ-TENSOR-CLASSIFICATION-v1:gated_residual,ALWAYS_NEEDED_CANDIDATE,
model.language_model.layers.27.attn_hyper_connection.input_mix_weight_down.weight,model-00074-of-00131.safetensors,BF16,320x10240,2,3276800,6553600,text,gated_residual,27,,REQUIRED_INITIAL_TEXT,KQ-TENSOR-CLASSIFICATION-v1:gated_residual,ALWAYS_NEEDED_CANDIDATE,
model.language_model.layers.27.attn_hyper_connection.input_mix_weight_up.weight,model-00074-of-00131.safetensors,BF16,10240x320,2,3276800,6553600,text,gated_residual,27,,REQUIRED_INITIAL_TEXT,KQ-TENSOR-CLASSIFICATION-v1:gated_residual,ALWAYS_NEEDED_CANDIDATE,
model.language_model.layers.27.mlp.experts.down_proj,model-00076-of-00131.safetensors,BF16,512x2560x640,3,838860800,1677721600,text,routed_experts,27,STACKED_0_511,REQUIRED_INITIAL_TEXT,KQ-TENSOR-CLASSIFICATION-v1:routed_experts,ROUTED_EXPERT_CACHE_CANDIDATE,canonical tensor stacks all 512 routed experts
model.language_model.layers.27.mlp.experts.gate_up_proj,model-00075-of-00131.safetensors,BF16,512x1280x2560,3,1677721600,3355443200,text,routed_experts,27,STACKED_0_511,REQUIRED_INITIAL_TEXT,KQ-TENSOR-CLASSIFICATION-v1:routed_experts,ROUTED_EXPERT_CACHE_CANDIDATE,canonical tensor stacks all 512 routed experts
model.language_model.layers.27.mlp.gate.weight,model-00076-of-00131.safetensors,BF16,512x2560,2,1310720,2621440,text,router,27,,REQUIRED_INITIAL_TEXT,KQ-TENSOR-CLASSIFICATION-v1:router,ALWAYS_NEEDED_CANDIDATE,
model.language_model.layers.27.mlp.shared_expert.down_proj.weight,model-00076-of-00131.safetensors,BF16,2560x640,2,1638400,3276800,text,shared_expert,27,,REQUIRED_INITIAL_TEXT,KQ-TENSOR-CLASSIFICATION-v1:shared_expert,ALWAYS_NEEDED_CANDIDATE,
model.language_model.layers.27.mlp.shared_expert.gate_proj.weight,model-00076-of-00131.safetensors,BF16,640x2560,2,1638400,3276800,text,shared_expert,27,,REQUIRED_INITIAL_TEXT,KQ-TENSOR-CLASSIFICATION-v1:shared_expert,ALWAYS_NEEDED_CANDIDATE,
model.language_model.layers.27.mlp.shared_expert.up_proj.weight,model-00076-of-00131.safetensors,BF16,640x2560,2,1638400,3276800,text,shared_expert,27,,REQUIRED_INITIAL_TEXT,KQ-TENSOR-CLASSIFICATION-v1:shared_expert,ALWAYS_NEEDED_CANDIDATE,
model.language_model.layers.27.mlp.shared_expert_gate.weight,model-00076-of-00131.safetensors,BF16,1x2560,2,2560,5120,text,shared_expert,27,,REQUIRED_INITIAL_TEXT,KQ-TENSOR-CLASSIFICATION-v1:shared_expert,ALWAYS_NEEDED_CANDIDATE,
model.language_model.layers.27.mlp_hyper_connection.block_inject_weight.weight,model-00076-of-00131.safetensors,BF16,4x10240,2,40960,81920,text,gated_residual,27,,REQUIRED_INITIAL_TEXT,KQ-TENSOR-CLASSIFICATION-v1:gated_residual,ALWAYS_NEEDED_CANDIDATE,
model.language_model.layers.27.mlp_hyper_connection.hc_norm.weight,model-00076-of-00131.safetensors,BF16,10240,1,10240,20480,text,gated_residual,27,,REQUIRED_INITIAL_TEXT,KQ-TENSOR-CLASSIFICATION-v1:gated_residual,ALWAYS_NEEDED_CANDIDATE,
model.language_model.layers.27.mlp_hyper_connection.input_mix_weight_down.weight,model-00076-of-00131.safetensors,BF16,320x10240,2,3276800,6553600,text,gated_residual,27,,REQUIRED_INITIAL_TEXT,KQ-TENSOR-CLASSIFICATION-v1:gated_residual,ALWAYS_NEEDED_CANDIDATE,
model.language_model.layers.27.mlp_hyper_connection.input_mix_weight_up.weight,model-00076-of-00131.safetensors,BF16,10240x320,2,3276800,6553600,text,gated_residual,27,,REQUIRED_INITIAL_TEXT,KQ-TENSOR-CLASSIFICATION-v1:gated_residual,ALWAYS_NEEDED_CANDIDATE,
model.language_model.layers.27.self_attn.indexer.index_qk_proj.weight,model-00076-of-00131.safetensors,BF16,640x2560,2,1638400,3276800,text,qsa_indexer,27,,REQUIRED_INITIAL_TEXT,KQ-TENSOR-CLASSIFICATION-v1:qsa_indexer,ALWAYS_NEEDED_CANDIDATE,
model.language_model.layers.27.self_attn.indexer.k_layernorm.weight,model-00076-of-00131.safetensors,BF16,128,1,128,256,text,qsa_indexer,27,,REQUIRED_INITIAL_TEXT,KQ-TENSOR-CLASSIFICATION-v1:qsa_indexer,ALWAYS_NEEDED_CANDIDATE,
model.language_model.layers.27.self_attn.indexer.q_layernorm.weight,model-00076-of-00131.safetensors,BF16,128,1,128,256,text,qsa_indexer,27,,REQUIRED_INITIAL_TEXT,KQ-TENSOR-CLASSIFICATION-v1:qsa_indexer,ALWAYS_NEEDED_CANDIDATE,
model.language_model.layers.27.self_attn.k_norm.weight,model-00076-of-00131.safetensors,BF16,256,1,256,512,text,qsa_attention,27,,REQUIRED_INITIAL_TEXT,KQ-TENSOR-CLASSIFICATION-v1:qsa_attention,ALWAYS_NEEDED_CANDIDATE,
model.language_model.layers.27.self_attn.k_proj.weight,model-00076-of-00131.safetensors,BF16,512x2560,2,1310720,2621440,text,qsa_attention,27,,REQUIRED_INITIAL_TEXT,KQ-TENSOR-CLASSIFICATION-v1:qsa_attention,ALWAYS_NEEDED_CANDIDATE,
model.language_model.layers.27.self_attn.o_proj.weight,model-00076-of-00131.safetensors,BF16,2560x6144,2,15728640,31457280,text,qsa_attention,27,,REQUIRED_INITIAL_TEXT,KQ-TENSOR-CLASSIFICATION-v1:qsa_attention,ALWAYS_NEEDED_CANDIDATE,
model.language_model.layers.27.self_attn.q_norm.weight,model-00076-of-00131.safetensors,BF16,256,1,256,512,text,qsa_attention,27,,REQUIRED_INITIAL_TEXT,KQ-TENSOR-CLASSIFICATION-v1:qsa_attention,ALWAYS_NEEDED_CANDIDATE,
model.language_model.layers.27.self_attn.q_proj.weight,model-00076-of-00131.safetensors,BF16,12288x2560,2,31457280,62914560,text,qsa_attention,27,,REQUIRED_INITIAL_TEXT,KQ-TENSOR-CLASSIFICATION-v1:qsa_attention,ALWAYS_NEEDED_CANDIDATE,
model.language_model.layers.27.self_attn.v_proj.weight,model-00076-of-00131.safetensors,BF16,512x2560,2,1310720,2621440,text,qsa_attention,27,,REQUIRED_INITIAL_TEXT,KQ-TENSOR-CLASSIFICATION-v1:qsa_attention,ALWAYS_NEEDED_CANDIDATE,
model.language_model.layers.28.attn_hyper_connection.block_inject_weight.weight,model-00076-of-00131.safetensors,BF16,4x10240,2,40960,81920,text,gated_residual,28,,REQUIRED_INITIAL_TEXT,KQ-TENSOR-CLASSIFICATION-v1:gated_residual,ALWAYS_NEEDED_CANDIDATE,
model.language_model.layers.28.attn_hyper_connection.hc_norm.weight,model-00076-of-00131.safetensors,BF16,10240,1,10240,20480,text,gated_residual,28,,REQUIRED_INITIAL_TEXT,KQ-TENSOR-CLASSIFICATION-v1:gated_residual,ALWAYS_NEEDED_CANDIDATE,
model.language_model.layers.28.attn_hyper_connection.input_mix_weight_down.weight,model-00076-of-00131.safetensors,BF16,320x10240,2,3276800,6553600,text,gated_residual,28,,REQUIRED_INITIAL_TEXT,KQ-TENSOR-CLASSIFICATION-v1:gated_residual,ALWAYS_NEEDED_CANDIDATE,
model.language_model.layers.28.attn_hyper_connection.input_mix_weight_up.weight,model-00076-of-00131.safetensors,BF16,10240x320,2,3276800,6553600,text,gated_residual,28,,REQUIRED_INITIAL_TEXT,KQ-TENSOR-CLASSIFICATION-v1:gated_residual,ALWAYS_NEEDED_CANDIDATE,
model.language_model.layers.28.linear_attn.A_log,model-00076-of-00131.safetensors,BF16,48,1,48,96,text,gdn,28,,REQUIRED_INITIAL_TEXT,KQ-TENSOR-CLASSIFICATION-v1:gdn,ALWAYS_NEEDED_CANDIDATE,
model.language_model.layers.28.linear_attn.conv1d.weight,model-00076-of-00131.safetensors,BF16,10240x1x4,3,40960,81920,text,gdn,28,,REQUIRED_INITIAL_TEXT,KQ-TENSOR-CLASSIFICATION-v1:gdn,ALWAYS_NEEDED_CANDIDATE,
model.language_model.layers.28.linear_attn.dt_bias,model-00076-of-00131.safetensors,BF16,48,1,48,96,text,gdn,28,,REQUIRED_INITIAL_TEXT,KQ-TENSOR-CLASSIFICATION-v1:gdn,ALWAYS_NEEDED_CANDIDATE,
model.language_model.layers.28.linear_attn.in_proj_a.weight,model-00076-of-00131.safetensors,BF16,48x2560,2,122880,245760,text,gdn,28,,REQUIRED_INITIAL_TEXT,KQ-TENSOR-CLASSIFICATION-v1:gdn,ALWAYS_NEEDED_CANDIDATE,
model.language_model.layers.28.linear_attn.in_proj_b.weight,model-00076-of-00131.safetensors,BF16,48x2560,2,122880,245760,text,gdn,28,,REQUIRED_INITIAL_TEXT,KQ-TENSOR-CLASSIFICATION-v1:gdn,ALWAYS_NEEDED_CANDIDATE,
model.language_model.layers.28.linear_attn.in_proj_qkv.weight,model-00076-of-00131.safetensors,BF16,10240x2560,2,26214400,52428800,text,gdn,28,,REQUIRED_INITIAL_TEXT,KQ-TENSOR-CLASSIFICATION-v1:gdn,ALWAYS_NEEDED_CANDIDATE,
model.language_model.layers.28.linear_attn.in_proj_z.weight,model-00076-of-00131.safetensors,BF16,6144x2560,2,15728640,31457280,text,gdn,28,,REQUIRED_INITIAL_TEXT,KQ-TENSOR-CLASSIFICATION-v1:gdn,ALWAYS_NEEDED_CANDIDATE,
model.language_model.layers.28.linear_attn.norm.weight,model-00076-of-00131.safetensors,BF16,128,1,128,256,text,gdn,28,,REQUIRED_INITIAL_TEXT,KQ-TENSOR-CLASSIFICATION-v1:gdn,ALWAYS_NEEDED_CANDIDATE,
model.language_model.layers.28.linear_attn.out_proj.weight,model-00076-of-00131.safetensors,BF16,2560x6144,2,15728640,31457280,text,gdn,28,,REQUIRED_INITIAL_TEXT,KQ-TENSOR-CLASSIFICATION-v1:gdn,ALWAYS_NEEDED_CANDIDATE,
model.language_model.layers.28.mlp.experts.down_proj,model-00078-of-00131.safetensors,BF16,512x2560x640,3,838860800,1677721600,text,routed_experts,28,STACKED_0_511,REQUIRED_INITIAL_TEXT,KQ-TENSOR-CLASSIFICATION-v1:routed_experts,ROUTED_EXPERT_CACHE_CANDIDATE,canonical tensor stacks all 512 routed experts
model.language_model.layers.28.mlp.experts.gate_up_proj,model-00077-of-00131.safetensors,BF16,512x1280x2560,3,1677721600,3355443200,text,routed_experts,28,STACKED_0_511,REQUIRED_INITIAL_TEXT,KQ-TENSOR-CLASSIFICATION-v1:routed_experts,ROUTED_EXPERT_CACHE_CANDIDATE,canonical tensor stacks all 512 routed experts
model.language_model.layers.28.mlp.gate.weight,model-00078-of-00131.safetensors,BF16,512x2560,2,1310720,2621440,text,router,28,,REQUIRED_INITIAL_TEXT,KQ-TENSOR-CLASSIFICATION-v1:router,ALWAYS_NEEDED_CANDIDATE,
model.language_model.layers.28.mlp.shared_expert.down_proj.weight,model-00078-of-00131.safetensors,BF16,2560x640,2,1638400,3276800,text,shared_expert,28,,REQUIRED_INITIAL_TEXT,KQ-TENSOR-CLASSIFICATION-v1:shared_expert,ALWAYS_NEEDED_CANDIDATE,
model.language_model.layers.28.mlp.shared_expert.gate_proj.weight,model-00078-of-00131.safetensors,BF16,640x2560,2,1638400,3276800,text,shared_expert,28,,REQUIRED_INITIAL_TEXT,KQ-TENSOR-CLASSIFICATION-v1:shared_expert,ALWAYS_NEEDED_CANDIDATE,
model.language_model.layers.28.mlp.shared_expert.up_proj.weight,model-00078-of-00131.safetensors,BF16,640x2560,2,1638400,3276800,text,shared_expert,28,,REQUIRED_INITIAL_TEXT,KQ-TENSOR-CLASSIFICATION-v1:shared_expert,ALWAYS_NEEDED_CANDIDATE,
model.language_model.layers.28.mlp.shared_expert_gate.weight,model-00078-of-00131.safetensors,BF16,1x2560,2,2560,5120,text,shared_expert,28,,REQUIRED_INITIAL_TEXT,KQ-TENSOR-CLASSIFICATION-v1:shared_expert,ALWAYS_NEEDED_CANDIDATE,
model.language_model.layers.28.mlp_hyper_connection.block_inject_weight.weight,model-00078-of-00131.safetensors,BF16,4x10240,2,40960,81920,text,gated_residual,28,,REQUIRED_INITIAL_TEXT,KQ-TENSOR-CLASSIFICATION-v1:gated_residual,ALWAYS_NEEDED_CANDIDATE,
model.language_model.layers.28.mlp_hyper_connection.hc_norm.weight,model-00078-of-00131.safetensors,BF16,10240,1,10240,20480,text,gated_residual,28,,REQUIRED_INITIAL_TEXT,KQ-TENSOR-CLASSIFICATION-v1:gated_residual,ALWAYS_NEEDED_CANDIDATE,
model.language_model.layers.28.mlp_hyper_connection.input_mix_weight_down.weight,model-00078-of-00131.safetensors,BF16,320x10240,2,3276800,6553600,text,gated_residual,28,,REQUIRED_INITIAL_TEXT,KQ-TENSOR-CLASSIFICATION-v1:gated_residual,ALWAYS_NEEDED_CANDIDATE,
model.language_model.layers.28.mlp_hyper_connection.input_mix_weight_up.weight,model-00078-of-00131.safetensors,BF16,10240x320,2,3276800,6553600,text,gated_residual,28,,REQUIRED_INITIAL_TEXT,KQ-TENSOR-CLASSIFICATION-v1:gated_residual,ALWAYS_NEEDED_CANDIDATE,
model.language_model.layers.29.attn_hyper_connection.block_inject_weight.weight,model-00078-of-00131.safetensors,BF16,4x10240,2,40960,81920,text,gated_residual,29,,REQUIRED_INITIAL_TEXT,KQ-TENSOR-CLASSIFICATION-v1:gated_residual,ALWAYS_NEEDED_CANDIDATE,
model.language_model.layers.29.attn_hyper_connection.hc_norm.weight,model-00078-of-00131.safetensors,BF16,10240,1,10240,20480,text,gated_residual,29,,REQUIRED_INITIAL_TEXT,KQ-TENSOR-CLASSIFICATION-v1:gated_residual,ALWAYS_NEEDED_CANDIDATE,
model.language_model.layers.29.attn_hyper_connection.input_mix_weight_down.weight,model-00078-of-00131.safetensors,BF16,320x10240,2,3276800,6553600,text,gated_residual,29,,REQUIRED_INITIAL_TEXT,KQ-TENSOR-CLASSIFICATION-v1:gated_residual,ALWAYS_NEEDED_CANDIDATE,
model.language_model.layers.29.attn_hyper_connection.input_mix_weight_up.weight,model-00078-of-00131.safetensors,BF16,10240x320,2,3276800,6553600,text,gated_residual,29,,REQUIRED_INITIAL_TEXT,KQ-TENSOR-CLASSIFICATION-v1:gated_residual,ALWAYS_NEEDED_CANDIDATE,
model.language_model.layers.29.linear_attn.A_log,model-00078-of-00131.safetensors,BF16,48,1,48,96,text,gdn,29,,REQUIRED_INITIAL_TEXT,KQ-TENSOR-CLASSIFICATION-v1:gdn,ALWAYS_NEEDED_CANDIDATE,
model.language_model.layers.29.linear_attn.conv1d.weight,model-00078-of-00131.safetensors,BF16,10240x1x4,3,40960,81920,text,gdn,29,,REQUIRED_INITIAL_TEXT,KQ-TENSOR-CLASSIFICATION-v1:gdn,ALWAYS_NEEDED_CANDIDATE,
model.language_model.layers.29.linear_attn.dt_bias,model-00078-of-00131.safetensors,BF16,48,1,48,96,text,gdn,29,,REQUIRED_INITIAL_TEXT,KQ-TENSOR-CLASSIFICATION-v1:gdn,ALWAYS_NEEDED_CANDIDATE,
model.language_model.layers.29.linear_attn.in_proj_a.weight,model-00078-of-00131.safetensors,BF16,48x2560,2,122880,245760,text,gdn,29,,REQUIRED_INITIAL_TEXT,KQ-TENSOR-CLASSIFICATION-v1:gdn,ALWAYS_NEEDED_CANDIDATE,
model.language_model.layers.29.linear_attn.in_proj_b.weight,model-00078-of-00131.safetensors,BF16,48x2560,2,122880,245760,text,gdn,29,,REQUIRED_INITIAL_TEXT,KQ-TENSOR-CLASSIFICATION-v1:gdn,ALWAYS_NEEDED_CANDIDATE,
model.language_model.layers.29.linear_attn.in_proj_qkv.weight,model-00078-of-00131.safetensors,BF16,10240x2560,2,26214400,52428800,text,gdn,29,,REQUIRED_INITIAL_TEXT,KQ-TENSOR-CLASSIFICATION-v1:gdn,ALWAYS_NEEDED_CANDIDATE,
model.language_model.layers.29.linear_attn.in_proj_z.weight,model-00078-of-00131.safetensors,BF16,6144x2560,2,15728640,31457280,text,gdn,29,,REQUIRED_INITIAL_TEXT,KQ-TENSOR-CLASSIFICATION-v1:gdn,ALWAYS_NEEDED_CANDIDATE,
model.language_model.layers.29.linear_attn.norm.weight,model-00078-of-00131.safetensors,BF16,128,1,128,256,text,gdn,29,,REQUIRED_INITIAL_TEXT,KQ-TENSOR-CLASSIFICATION-v1:gdn,ALWAYS_NEEDED_CANDIDATE,
model.language_model.layers.29.linear_attn.out_proj.weight,model-00078-of-00131.safetensors,BF16,2560x6144,2,15728640,31457280,text,gdn,29,,REQUIRED_INITIAL_TEXT,KQ-TENSOR-CLASSIFICATION-v1:gdn,ALWAYS_NEEDED_CANDIDATE,
model.language_model.layers.29.mlp.experts.down_proj,model-00080-of-00131.safetensors,BF16,512x2560x640,3,838860800,1677721600,text,routed_experts,29,STACKED_0_511,REQUIRED_INITIAL_TEXT,KQ-TENSOR-CLASSIFICATION-v1:routed_experts,ROUTED_EXPERT_CACHE_CANDIDATE,canonical tensor stacks all 512 routed experts
model.language_model.layers.29.mlp.experts.gate_up_proj,model-00079-of-00131.safetensors,BF16,512x1280x2560,3,1677721600,3355443200,text,routed_experts,29,STACKED_0_511,REQUIRED_INITIAL_TEXT,KQ-TENSOR-CLASSIFICATION-v1:routed_experts,ROUTED_EXPERT_CACHE_CANDIDATE,canonical tensor stacks all 512 routed experts
model.language_model.layers.29.mlp.gate.weight,model-00080-of-00131.safetensors,BF16,512x2560,2,1310720,2621440,text,router,29,,REQUIRED_INITIAL_TEXT,KQ-TENSOR-CLASSIFICATION-v1:router,ALWAYS_NEEDED_CANDIDATE,
model.language_model.layers.29.mlp.shared_expert.down_proj.weight,model-00080-of-00131.safetensors,BF16,2560x640,2,1638400,3276800,text,shared_expert,29,,REQUIRED_INITIAL_TEXT,KQ-TENSOR-CLASSIFICATION-v1:shared_expert,ALWAYS_NEEDED_CANDIDATE,
model.language_model.layers.29.mlp.shared_expert.gate_proj.weight,model-00080-of-00131.safetensors,BF16,640x2560,2,1638400,3276800,text,shared_expert,29,,REQUIRED_INITIAL_TEXT,KQ-TENSOR-CLASSIFICATION-v1:shared_expert,ALWAYS_NEEDED_CANDIDATE,
model.language_model.layers.29.mlp.shared_expert.up_proj.weight,model-00080-of-00131.safetensors,BF16,640x2560,2,1638400,3276800,text,shared_expert,29,,REQUIRED_INITIAL_TEXT,KQ-TENSOR-CLASSIFICATION-v1:shared_expert,ALWAYS_NEEDED_CANDIDATE,
model.language_model.layers.29.mlp.shared_expert_gate.weight,model-00080-of-00131.safetensors,BF16,1x2560,2,2560,5120,text,shared_expert,29,,REQUIRED_INITIAL_TEXT,KQ-TENSOR-CLASSIFICATION-v1:shared_expert,ALWAYS_NEEDED_CANDIDATE,
model.language_model.layers.29.mlp_hyper_connection.block_inject_weight.weight,model-00080-of-00131.safetensors,BF16,4x10240,2,40960,81920,text,gated_residual,29,,REQUIRED_INITIAL_TEXT,KQ-TENSOR-CLASSIFICATION-v1:gated_residual,ALWAYS_NEEDED_CANDIDATE,
model.language_model.layers.29.mlp_hyper_connection.hc_norm.weight,model-00080-of-00131.safetensors,BF16,10240,1,10240,20480,text,gated_residual,29,,REQUIRED_INITIAL_TEXT,KQ-TENSOR-CLASSIFICATION-v1:gated_residual,ALWAYS_NEEDED_CANDIDATE,
model.language_model.layers.29.mlp_hyper_connection.input_mix_weight_down.weight,model-00080-of-00131.safetensors,BF16,320x10240,2,3276800,6553600,text,gated_residual,29,,REQUIRED_INITIAL_TEXT,KQ-TENSOR-CLASSIFICATION-v1:gated_residual,ALWAYS_NEEDED_CANDIDATE,
model.language_model.layers.29.mlp_hyper_connection.input_mix_weight_up.weight,model-00080-of-00131.safetensors,BF16,10240x320,2,3276800,6553600,text,gated_residual,29,,REQUIRED_INITIAL_TEXT,KQ-TENSOR-CLASSIFICATION-v1:gated_residual,ALWAYS_NEEDED_CANDIDATE,
model.language_model.layers.3.attn_hyper_connection.block_inject_weight.weight,model-00080-of-00131.safetensors,BF16,4x10240,2,40960,81920,text,gated_residual,3,,REQUIRED_INITIAL_TEXT,KQ-TENSOR-CLASSIFICATION-v1:gated_residual,ALWAYS_NEEDED_CANDIDATE,
model.language_model.layers.3.attn_hyper_connection.hc_norm.weight,model-00080-of-00131.safetensors,BF16,10240,1,10240,20480,text,gated_residual,3,,REQUIRED_INITIAL_TEXT,KQ-TENSOR-CLASSIFICATION-v1:gated_residual,ALWAYS_NEEDED_CANDIDATE,
model.language_model.layers.3.attn_hyper_connection.input_mix_weight_down.weight,model-00080-of-00131.safetensors,BF16,320x10240,2,3276800,6553600,text,gated_residual,3,,REQUIRED_INITIAL_TEXT,KQ-TENSOR-CLASSIFICATION-v1:gated_residual,ALWAYS_NEEDED_CANDIDATE,
model.language_model.layers.3.attn_hyper_connection.input_mix_weight_up.weight,model-00080-of-00131.safetensors,BF16,10240x320,2,3276800,6553600,text,gated_residual,3,,REQUIRED_INITIAL_TEXT,KQ-TENSOR-CLASSIFICATION-v1:gated_residual,ALWAYS_NEEDED_CANDIDATE,
model.language_model.layers.3.mlp.experts.down_proj,model-00082-of-00131.safetensors,BF16,512x2560x640,3,838860800,1677721600,text,routed_experts,3,STACKED_0_511,REQUIRED_INITIAL_TEXT,KQ-TENSOR-CLASSIFICATION-v1:routed_experts,ROUTED_EXPERT_CACHE_CANDIDATE,canonical tensor stacks all 512 routed experts
model.language_model.layers.3.mlp.experts.gate_up_proj,model-00081-of-00131.safetensors,BF16,512x1280x2560,3,1677721600,3355443200,text,routed_experts,3,STACKED_0_511,REQUIRED_INITIAL_TEXT,KQ-TENSOR-CLASSIFICATION-v1:routed_experts,ROUTED_EXPERT_CACHE_CANDIDATE,canonical tensor stacks all 512 routed experts
model.language_model.layers.3.mlp.gate.weight,model-00082-of-00131.safetensors,BF16,512x2560,2,1310720,2621440,text,router,3,,REQUIRED_INITIAL_TEXT,KQ-TENSOR-CLASSIFICATION-v1:router,ALWAYS_NEEDED_CANDIDATE,
model.language_model.layers.3.mlp.shared_expert.down_proj.weight,model-00082-of-00131.safetensors,BF16,2560x640,2,1638400,3276800,text,shared_expert,3,,REQUIRED_INITIAL_TEXT,KQ-TENSOR-CLASSIFICATION-v1:shared_expert,ALWAYS_NEEDED_CANDIDATE,
model.language_model.layers.3.mlp.shared_expert.gate_proj.weight,model-00082-of-00131.safetensors,BF16,640x2560,2,1638400,3276800,text,shared_expert,3,,REQUIRED_INITIAL_TEXT,KQ-TENSOR-CLASSIFICATION-v1:shared_expert,ALWAYS_NEEDED_CANDIDATE,
model.language_model.layers.3.mlp.shared_expert.up_proj.weight,model-00082-of-00131.safetensors,BF16,640x2560,2,1638400,3276800,text,shared_expert,3,,REQUIRED_INITIAL_TEXT,KQ-TENSOR-CLASSIFICATION-v1:shared_expert,ALWAYS_NEEDED_CANDIDATE,
model.language_model.layers.3.mlp.shared_expert_gate.weight,model-00082-of-00131.safetensors,BF16,1x2560,2,2560,5120,text,shared_expert,3,,REQUIRED_INITIAL_TEXT,KQ-TENSOR-CLASSIFICATION-v1:shared_expert,ALWAYS_NEEDED_CANDIDATE,
model.language_model.layers.3.mlp_hyper_connection.block_inject_weight.weight,model-00082-of-00131.safetensors,BF16,4x10240,2,40960,81920,text,gated_residual,3,,REQUIRED_INITIAL_TEXT,KQ-TENSOR-CLASSIFICATION-v1:gated_residual,ALWAYS_NEEDED_CANDIDATE,
model.language_model.layers.3.mlp_hyper_connection.hc_norm.weight,model-00082-of-00131.safetensors,BF16,10240,1,10240,20480,text,gated_residual,3,,REQUIRED_INITIAL_TEXT,KQ-TENSOR-CLASSIFICATION-v1:gated_residual,ALWAYS_NEEDED_CANDIDATE,
model.language_model.layers.3.mlp_hyper_connection.input_mix_weight_down.weight,model-00082-of-00131.safetensors,BF16,320x10240,2,3276800,6553600,text,gated_residual,3,,REQUIRED_INITIAL_TEXT,KQ-TENSOR-CLASSIFICATION-v1:gated_residual,ALWAYS_NEEDED_CANDIDATE,
model.language_model.layers.3.mlp_hyper_connection.input_mix_weight_up.weight,model-00082-of-00131.safetensors,BF16,10240x320,2,3276800,6553600,text,gated_residual,3,,REQUIRED_INITIAL_TEXT,KQ-TENSOR-CLASSIFICATION-v1:gated_residual,ALWAYS_NEEDED_CANDIDATE,
model.language_model.layers.3.self_attn.indexer.index_qk_proj.weight,model-00082-of-00131.safetensors,BF16,640x2560,2,1638400,3276800,text,qsa_indexer,3,,REQUIRED_INITIAL_TEXT,KQ-TENSOR-CLASSIFICATION-v1:qsa_indexer,ALWAYS_NEEDED_CANDIDATE,
model.language_model.layers.3.self_attn.indexer.k_layernorm.weight,model-00082-of-00131.safetensors,BF16,128,1,128,256,text,qsa_indexer,3,,REQUIRED_INITIAL_TEXT,KQ-TENSOR-CLASSIFICATION-v1:qsa_indexer,ALWAYS_NEEDED_CANDIDATE,
model.language_model.layers.3.self_attn.indexer.q_layernorm.weight,model-00082-of-00131.safetensors,BF16,128,1,128,256,text,qsa_indexer,3,,REQUIRED_INITIAL_TEXT,KQ-TENSOR-CLASSIFICATION-v1:qsa_indexer,ALWAYS_NEEDED_CANDIDATE,
model.language_model.layers.3.self_attn.k_norm.weight,model-00082-of-00131.safetensors,BF16,256,1,256,512,text,qsa_attention,3,,REQUIRED_INITIAL_TEXT,KQ-TENSOR-CLASSIFICATION-v1:qsa_attention,ALWAYS_NEEDED_CANDIDATE,
model.language_model.layers.3.self_attn.k_proj.weight,model-00082-of-00131.safetensors,BF16,512x2560,2,1310720,2621440,text,qsa_attention,3,,REQUIRED_INITIAL_TEXT,KQ-TENSOR-CLASSIFICATION-v1:qsa_attention,ALWAYS_NEEDED_CANDIDATE,
model.language_model.layers.3.self_attn.o_proj.weight,model-00082-of-00131.safetensors,BF16,2560x6144,2,15728640,31457280,text,qsa_attention,3,,REQUIRED_INITIAL_TEXT,KQ-TENSOR-CLASSIFICATION-v1:qsa_attention,ALWAYS_NEEDED_CANDIDATE,
model.language_model.layers.3.self_attn.q_norm.weight,model-00082-of-00131.safetensors,BF16,256,1,256,512,text,qsa_attention,3,,REQUIRED_INITIAL_TEXT,KQ-TENSOR-CLASSIFICATION-v1:qsa_attention,ALWAYS_NEEDED_CANDIDATE,
model.language_model.layers.3.self_attn.q_proj.weight,model-00082-of-00131.safetensors,BF16,12288x2560,2,31457280,62914560,text,qsa_attention,3,,REQUIRED_INITIAL_TEXT,KQ-TENSOR-CLASSIFICATION-v1:qsa_attention,ALWAYS_NEEDED_CANDIDATE,
model.language_model.layers.3.self_attn.v_proj.weight,model-00082-of-00131.safetensors,BF16,512x2560,2,1310720,2621440,text,qsa_attention,3,,REQUIRED_INITIAL_TEXT,KQ-TENSOR-CLASSIFICATION-v1:qsa_attention,ALWAYS_NEEDED_CANDIDATE,
model.language_model.layers.30.attn_hyper_connection.block_inject_weight.weight,model-00082-of-00131.safetensors,BF16,4x10240,2,40960,81920,text,gated_residual,30,,REQUIRED_INITIAL_TEXT,KQ-TENSOR-CLASSIFICATION-v1:gated_residual,ALWAYS_NEEDED_CANDIDATE,
model.language_model.layers.30.attn_hyper_connection.hc_norm.weight,model-00082-of-00131.safetensors,BF16,10240,1,10240,20480,text,gated_residual,30,,REQUIRED_INITIAL_TEXT,KQ-TENSOR-CLASSIFICATION-v1:gated_residual,ALWAYS_NEEDED_CANDIDATE,
model.language_model.layers.30.attn_hyper_connection.input_mix_weight_down.weight,model-00082-of-00131.safetensors,BF16,320x10240,2,3276800,6553600,text,gated_residual,30,,REQUIRED_INITIAL_TEXT,KQ-TENSOR-CLASSIFICATION-v1:gated_residual,ALWAYS_NEEDED_CANDIDATE,
model.language_model.layers.30.attn_hyper_connection.input_mix_weight_up.weight,model-00082-of-00131.safetensors,BF16,10240x320,2,3276800,6553600,text,gated_residual,30,,REQUIRED_INITIAL_TEXT,KQ-TENSOR-CLASSIFICATION-v1:gated_residual,ALWAYS_NEEDED_CANDIDATE,
model.language_model.layers.30.linear_attn.A_log,model-00082-of-00131.safetensors,BF16,48,1,48,96,text,gdn,30,,REQUIRED_INITIAL_TEXT,KQ-TENSOR-CLASSIFICATION-v1:gdn,ALWAYS_NEEDED_CANDIDATE,
model.language_model.layers.30.linear_attn.conv1d.weight,model-00082-of-00131.safetensors,BF16,10240x1x4,3,40960,81920,text,gdn,30,,REQUIRED_INITIAL_TEXT,KQ-TENSOR-CLASSIFICATION-v1:gdn,ALWAYS_NEEDED_CANDIDATE,
model.language_model.layers.30.linear_attn.dt_bias,model-00082-of-00131.safetensors,BF16,48,1,48,96,text,gdn,30,,REQUIRED_INITIAL_TEXT,KQ-TENSOR-CLASSIFICATION-v1:gdn,ALWAYS_NEEDED_CANDIDATE,
model.language_model.layers.30.linear_attn.in_proj_a.weight,model-00082-of-00131.safetensors,BF16,48x2560,2,122880,245760,text,gdn,30,,REQUIRED_INITIAL_TEXT,KQ-TENSOR-CLASSIFICATION-v1:gdn,ALWAYS_NEEDED_CANDIDATE,
model.language_model.layers.30.linear_attn.in_proj_b.weight,model-00082-of-00131.safetensors,BF16,48x2560,2,122880,245760,text,gdn,30,,REQUIRED_INITIAL_TEXT,KQ-TENSOR-CLASSIFICATION-v1:gdn,ALWAYS_NEEDED_CANDIDATE,
model.language_model.layers.30.linear_attn.in_proj_qkv.weight,model-00082-of-00131.safetensors,BF16,10240x2560,2,26214400,52428800,text,gdn,30,,REQUIRED_INITIAL_TEXT,KQ-TENSOR-CLASSIFICATION-v1:gdn,ALWAYS_NEEDED_CANDIDATE,
model.language_model.layers.30.linear_attn.in_proj_z.weight,model-00082-of-00131.safetensors,BF16,6144x2560,2,15728640,31457280,text,gdn,30,,REQUIRED_INITIAL_TEXT,KQ-TENSOR-CLASSIFICATION-v1:gdn,ALWAYS_NEEDED_CANDIDATE,
model.language_model.layers.30.linear_attn.norm.weight,model-00082-of-00131.safetensors,BF16,128,1,128,256,text,gdn,30,,REQUIRED_INITIAL_TEXT,KQ-TENSOR-CLASSIFICATION-v1:gdn,ALWAYS_NEEDED_CANDIDATE,
model.language_model.layers.30.linear_attn.out_proj.weight,model-00082-of-00131.safetensors,BF16,2560x6144,2,15728640,31457280,text,gdn,30,,REQUIRED_INITIAL_TEXT,KQ-TENSOR-CLASSIFICATION-v1:gdn,ALWAYS_NEEDED_CANDIDATE,
model.language_model.layers.30.mlp.experts.down_proj,model-00084-of-00131.safetensors,BF16,512x2560x640,3,838860800,1677721600,text,routed_experts,30,STACKED_0_511,REQUIRED_INITIAL_TEXT,KQ-TENSOR-CLASSIFICATION-v1:routed_experts,ROUTED_EXPERT_CACHE_CANDIDATE,canonical tensor stacks all 512 routed experts
model.language_model.layers.30.mlp.experts.gate_up_proj,model-00083-of-00131.safetensors,BF16,512x1280x2560,3,1677721600,3355443200,text,routed_experts,30,STACKED_0_511,REQUIRED_INITIAL_TEXT,KQ-TENSOR-CLASSIFICATION-v1:routed_experts,ROUTED_EXPERT_CACHE_CANDIDATE,canonical tensor stacks all 512 routed experts
model.language_model.layers.30.mlp.gate.weight,model-00084-of-00131.safetensors,BF16,512x2560,2,1310720,2621440,text,router,30,,REQUIRED_INITIAL_TEXT,KQ-TENSOR-CLASSIFICATION-v1:router,ALWAYS_NEEDED_CANDIDATE,
model.language_model.layers.30.mlp.shared_expert.down_proj.weight,model-00084-of-00131.safetensors,BF16,2560x640,2,1638400,3276800,text,shared_expert,30,,REQUIRED_INITIAL_TEXT,KQ-TENSOR-CLASSIFICATION-v1:shared_expert,ALWAYS_NEEDED_CANDIDATE,
model.language_model.layers.30.mlp.shared_expert.gate_proj.weight,model-00084-of-00131.safetensors,BF16,640x2560,2,1638400,3276800,text,shared_expert,30,,REQUIRED_INITIAL_TEXT,KQ-TENSOR-CLASSIFICATION-v1:shared_expert,ALWAYS_NEEDED_CANDIDATE,
model.language_model.layers.30.mlp.shared_expert.up_proj.weight,model-00084-of-00131.safetensors,BF16,640x2560,2,1638400,3276800,text,shared_expert,30,,REQUIRED_INITIAL_TEXT,KQ-TENSOR-CLASSIFICATION-v1:shared_expert,ALWAYS_NEEDED_CANDIDATE,
model.language_model.layers.30.mlp.shared_expert_gate.weight,model-00084-of-00131.safetensors,BF16,1x2560,2,2560,5120,text,shared_expert,30,,REQUIRED_INITIAL_TEXT,KQ-TENSOR-CLASSIFICATION-v1:shared_expert,ALWAYS_NEEDED_CANDIDATE,
model.language_model.layers.30.mlp_hyper_connection.block_inject_weight.weight,model-00084-of-00131.safetensors,BF16,4x10240,2,40960,81920,text,gated_residual,30,,REQUIRED_INITIAL_TEXT,KQ-TENSOR-CLASSIFICATION-v1:gated_residual,ALWAYS_NEEDED_CANDIDATE,
model.language_model.layers.30.mlp_hyper_connection.hc_norm.weight,model-00084-of-00131.safetensors,BF16,10240,1,10240,20480,text,gated_residual,30,,REQUIRED_INITIAL_TEXT,KQ-TENSOR-CLASSIFICATION-v1:gated_residual,ALWAYS_NEEDED_CANDIDATE,
model.language_model.layers.30.mlp_hyper_connection.input_mix_weight_down.weight,model-00084-of-00131.safetensors,BF16,320x10240,2,3276800,6553600,text,gated_residual,30,,REQUIRED_INITIAL_TEXT,KQ-TENSOR-CLASSIFICATION-v1:gated_residual,ALWAYS_NEEDED_CANDIDATE,
model.language_model.layers.30.mlp_hyper_connection.input_mix_weight_up.weight,model-00084-of-00131.safetensors,BF16,10240x320,2,3276800,6553600,text,gated_residual,30,,REQUIRED_INITIAL_TEXT,KQ-TENSOR-CLASSIFICATION-v1:gated_residual,ALWAYS_NEEDED_CANDIDATE,
model.language_model.layers.31.attn_hyper_connection.block_inject_weight.weight,model-00084-of-00131.safetensors,BF16,4x10240,2,40960,81920,text,gated_residual,31,,REQUIRED_INITIAL_TEXT,KQ-TENSOR-CLASSIFICATION-v1:gated_residual,ALWAYS_NEEDED_CANDIDATE,
model.language_model.layers.31.attn_hyper_connection.hc_norm.weight,model-00084-of-00131.safetensors,BF16,10240,1,10240,20480,text,gated_residual,31,,REQUIRED_INITIAL_TEXT,KQ-TENSOR-CLASSIFICATION-v1:gated_residual,ALWAYS_NEEDED_CANDIDATE,
model.language_model.layers.31.attn_hyper_connection.input_mix_weight_down.weight,model-00084-of-00131.safetensors,BF16,320x10240,2,3276800,6553600,text,gated_residual,31,,REQUIRED_INITIAL_TEXT,KQ-TENSOR-CLASSIFICATION-v1:gated_residual,ALWAYS_NEEDED_CANDIDATE,
model.language_model.layers.31.attn_hyper_connection.input_mix_weight_up.weight,model-00084-of-00131.safetensors,BF16,10240x320,2,3276800,6553600,text,gated_residual,31,,REQUIRED_INITIAL_TEXT,KQ-TENSOR-CLASSIFICATION-v1:gated_residual,ALWAYS_NEEDED_CANDIDATE,
model.language_model.layers.31.mlp.experts.down_proj,model-00086-of-00131.safetensors,BF16,512x2560x640,3,838860800,1677721600,text,routed_experts,31,STACKED_0_511,REQUIRED_INITIAL_TEXT,KQ-TENSOR-CLASSIFICATION-v1:routed_experts,ROUTED_EXPERT_CACHE_CANDIDATE,canonical tensor stacks all 512 routed experts
model.language_model.layers.31.mlp.experts.gate_up_proj,model-00085-of-00131.safetensors,BF16,512x1280x2560,3,1677721600,3355443200,text,routed_experts,31,STACKED_0_511,REQUIRED_INITIAL_TEXT,KQ-TENSOR-CLASSIFICATION-v1:routed_experts,ROUTED_EXPERT_CACHE_CANDIDATE,canonical tensor stacks all 512 routed experts
model.language_model.layers.31.mlp.gate.weight,model-00086-of-00131.safetensors,BF16,512x2560,2,1310720,2621440,text,router,31,,REQUIRED_INITIAL_TEXT,KQ-TENSOR-CLASSIFICATION-v1:router,ALWAYS_NEEDED_CANDIDATE,
model.language_model.layers.31.mlp.shared_expert.down_proj.weight,model-00086-of-00131.safetensors,BF16,2560x640,2,1638400,3276800,text,shared_expert,31,,REQUIRED_INITIAL_TEXT,KQ-TENSOR-CLASSIFICATION-v1:shared_expert,ALWAYS_NEEDED_CANDIDATE,
model.language_model.layers.31.mlp.shared_expert.gate_proj.weight,model-00086-of-00131.safetensors,BF16,640x2560,2,1638400,3276800,text,shared_expert,31,,REQUIRED_INITIAL_TEXT,KQ-TENSOR-CLASSIFICATION-v1:shared_expert,ALWAYS_NEEDED_CANDIDATE,
model.language_model.layers.31.mlp.shared_expert.up_proj.weight,model-00086-of-00131.safetensors,BF16,640x2560,2,1638400,3276800,text,shared_expert,31,,REQUIRED_INITIAL_TEXT,KQ-TENSOR-CLASSIFICATION-v1:shared_expert,ALWAYS_NEEDED_CANDIDATE,
model.language_model.layers.31.mlp.shared_expert_gate.weight,model-00086-of-00131.safetensors,BF16,1x2560,2,2560,5120,text,shared_expert,31,,REQUIRED_INITIAL_TEXT,KQ-TENSOR-CLASSIFICATION-v1:shared_expert,ALWAYS_NEEDED_CANDIDATE,
model.language_model.layers.31.mlp_hyper_connection.block_inject_weight.weight,model-00086-of-00131.safetensors,BF16,4x10240,2,40960,81920,text,gated_residual,31,,REQUIRED_INITIAL_TEXT,KQ-TENSOR-CLASSIFICATION-v1:gated_residual,ALWAYS_NEEDED_CANDIDATE,
model.language_model.layers.31.mlp_hyper_connection.hc_norm.weight,model-00086-of-00131.safetensors,BF16,10240,1,10240,20480,text,gated_residual,31,,REQUIRED_INITIAL_TEXT,KQ-TENSOR-CLASSIFICATION-v1:gated_residual,ALWAYS_NEEDED_CANDIDATE,
model.language_model.layers.31.mlp_hyper_connection.input_mix_weight_down.weight,model-00086-of-00131.safetensors,BF16,320x10240,2,3276800,6553600,text,gated_residual,31,,REQUIRED_INITIAL_TEXT,KQ-TENSOR-CLASSIFICATION-v1:gated_residual,ALWAYS_NEEDED_CANDIDATE,
model.language_model.layers.31.mlp_hyper_connection.input_mix_weight_up.weight,model-00086-of-00131.safetensors,BF16,10240x320,2,3276800,6553600,text,gated_residual,31,,REQUIRED_INITIAL_TEXT,KQ-TENSOR-CLASSIFICATION-v1:gated_residual,ALWAYS_NEEDED_CANDIDATE,
model.language_model.layers.31.self_attn.indexer.index_qk_proj.weight,model-00086-of-00131.safetensors,BF16,640x2560,2,1638400,3276800,text,qsa_indexer,31,,REQUIRED_INITIAL_TEXT,KQ-TENSOR-CLASSIFICATION-v1:qsa_indexer,ALWAYS_NEEDED_CANDIDATE,
model.language_model.layers.31.self_attn.indexer.k_layernorm.weight,model-00086-of-00131.safetensors,BF16,128,1,128,256,text,qsa_indexer,31,,REQUIRED_INITIAL_TEXT,KQ-TENSOR-CLASSIFICATION-v1:qsa_indexer,ALWAYS_NEEDED_CANDIDATE,
model.language_model.layers.31.self_attn.indexer.q_layernorm.weight,model-00086-of-00131.safetensors,BF16,128,1,128,256,text,qsa_indexer,31,,REQUIRED_INITIAL_TEXT,KQ-TENSOR-CLASSIFICATION-v1:qsa_indexer,ALWAYS_NEEDED_CANDIDATE,
model.language_model.layers.31.self_attn.k_norm.weight,model-00086-of-00131.safetensors,BF16,256,1,256,512,text,qsa_attention,31,,REQUIRED_INITIAL_TEXT,KQ-TENSOR-CLASSIFICATION-v1:qsa_attention,ALWAYS_NEEDED_CANDIDATE,
model.language_model.layers.31.self_attn.k_proj.weight,model-00086-of-00131.safetensors,BF16,512x2560,2,1310720,2621440,text,qsa_attention,31,,REQUIRED_INITIAL_TEXT,KQ-TENSOR-CLASSIFICATION-v1:qsa_attention,ALWAYS_NEEDED_CANDIDATE,
model.language_model.layers.31.self_attn.o_proj.weight,model-00086-of-00131.safetensors,BF16,2560x6144,2,15728640,31457280,text,qsa_attention,31,,REQUIRED_INITIAL_TEXT,KQ-TENSOR-CLASSIFICATION-v1:qsa_attention,ALWAYS_NEEDED_CANDIDATE,
model.language_model.layers.31.self_attn.q_norm.weight,model-00086-of-00131.safetensors,BF16,256,1,256,512,text,qsa_attention,31,,REQUIRED_INITIAL_TEXT,KQ-TENSOR-CLASSIFICATION-v1:qsa_attention,ALWAYS_NEEDED_CANDIDATE,
model.language_model.layers.31.self_attn.q_proj.weight,model-00086-of-00131.safetensors,BF16,12288x2560,2,31457280,62914560,text,qsa_attention,31,,REQUIRED_INITIAL_TEXT,KQ-TENSOR-CLASSIFICATION-v1:qsa_attention,ALWAYS_NEEDED_CANDIDATE,
model.language_model.layers.31.self_attn.v_proj.weight,model-00086-of-00131.safetensors,BF16,512x2560,2,1310720,2621440,text,qsa_attention,31,,REQUIRED_INITIAL_TEXT,KQ-TENSOR-CLASSIFICATION-v1:qsa_attention,ALWAYS_NEEDED_CANDIDATE,
model.language_model.layers.32.attn_hyper_connection.block_inject_weight.weight,model-00086-of-00131.safetensors,BF16,4x10240,2,40960,81920,text,gated_residual,32,,REQUIRED_INITIAL_TEXT,KQ-TENSOR-CLASSIFICATION-v1:gated_residual,ALWAYS_NEEDED_CANDIDATE,
model.language_model.layers.32.attn_hyper_connection.hc_norm.weight,model-00086-of-00131.safetensors,BF16,10240,1,10240,20480,text,gated_residual,32,,REQUIRED_INITIAL_TEXT,KQ-TENSOR-CLASSIFICATION-v1:gated_residual,ALWAYS_NEEDED_CANDIDATE,
model.language_model.layers.32.attn_hyper_connection.input_mix_weight_down.weight,model-00086-of-00131.safetensors,BF16,320x10240,2,3276800,6553600,text,gated_residual,32,,REQUIRED_INITIAL_TEXT,KQ-TENSOR-CLASSIFICATION-v1:gated_residual,ALWAYS_NEEDED_CANDIDATE,
model.language_model.layers.32.attn_hyper_connection.input_mix_weight_up.weight,model-00086-of-00131.safetensors,BF16,10240x320,2,3276800,6553600,text,gated_residual,32,,REQUIRED_INITIAL_TEXT,KQ-TENSOR-CLASSIFICATION-v1:gated_residual,ALWAYS_NEEDED_CANDIDATE,
model.language_model.layers.32.linear_attn.A_log,model-00086-of-00131.safetensors,BF16,48,1,48,96,text,gdn,32,,REQUIRED_INITIAL_TEXT,KQ-TENSOR-CLASSIFICATION-v1:gdn,ALWAYS_NEEDED_CANDIDATE,
model.language_model.layers.32.linear_attn.conv1d.weight,model-00086-of-00131.safetensors,BF16,10240x1x4,3,40960,81920,text,gdn,32,,REQUIRED_INITIAL_TEXT,KQ-TENSOR-CLASSIFICATION-v1:gdn,ALWAYS_NEEDED_CANDIDATE,
model.language_model.layers.32.linear_attn.dt_bias,model-00086-of-00131.safetensors,BF16,48,1,48,96,text,gdn,32,,REQUIRED_INITIAL_TEXT,KQ-TENSOR-CLASSIFICATION-v1:gdn,ALWAYS_NEEDED_CANDIDATE,
model.language_model.layers.32.linear_attn.in_proj_a.weight,model-00086-of-00131.safetensors,BF16,48x2560,2,122880,245760,text,gdn,32,,REQUIRED_INITIAL_TEXT,KQ-TENSOR-CLASSIFICATION-v1:gdn,ALWAYS_NEEDED_CANDIDATE,
model.language_model.layers.32.linear_attn.in_proj_b.weight,model-00086-of-00131.safetensors,BF16,48x2560,2,122880,245760,text,gdn,32,,REQUIRED_INITIAL_TEXT,KQ-TENSOR-CLASSIFICATION-v1:gdn,ALWAYS_NEEDED_CANDIDATE,
model.language_model.layers.32.linear_attn.in_proj_qkv.weight,model-00086-of-00131.safetensors,BF16,10240x2560,2,26214400,52428800,text,gdn,32,,REQUIRED_INITIAL_TEXT,KQ-TENSOR-CLASSIFICATION-v1:gdn,ALWAYS_NEEDED_CANDIDATE,
model.language_model.layers.32.linear_attn.in_proj_z.weight,model-00086-of-00131.safetensors,BF16,6144x2560,2,15728640,31457280,text,gdn,32,,REQUIRED_INITIAL_TEXT,KQ-TENSOR-CLASSIFICATION-v1:gdn,ALWAYS_NEEDED_CANDIDATE,
model.language_model.layers.32.linear_attn.norm.weight,model-00086-of-00131.safetensors,BF16,128,1,128,256,text,gdn,32,,REQUIRED_INITIAL_TEXT,KQ-TENSOR-CLASSIFICATION-v1:gdn,ALWAYS_NEEDED_CANDIDATE,
model.language_model.layers.32.linear_attn.out_proj.weight,model-00086-of-00131.safetensors,BF16,2560x6144,2,15728640,31457280,text,gdn,32,,REQUIRED_INITIAL_TEXT,KQ-TENSOR-CLASSIFICATION-v1:gdn,ALWAYS_NEEDED_CANDIDATE,
model.language_model.layers.32.mlp.experts.down_proj,model-00088-of-00131.safetensors,BF16,512x2560x640,3,838860800,1677721600,text,routed_experts,32,STACKED_0_511,REQUIRED_INITIAL_TEXT,KQ-TENSOR-CLASSIFICATION-v1:routed_experts,ROUTED_EXPERT_CACHE_CANDIDATE,canonical tensor stacks all 512 routed experts
model.language_model.layers.32.mlp.experts.gate_up_proj,model-00087-of-00131.safetensors,BF16,512x1280x2560,3,1677721600,3355443200,text,routed_experts,32,STACKED_0_511,REQUIRED_INITIAL_TEXT,KQ-TENSOR-CLASSIFICATION-v1:routed_experts,ROUTED_EXPERT_CACHE_CANDIDATE,canonical tensor stacks all 512 routed experts
model.language_model.layers.32.mlp.gate.weight,model-00088-of-00131.safetensors,BF16,512x2560,2,1310720,2621440,text,router,32,,REQUIRED_INITIAL_TEXT,KQ-TENSOR-CLASSIFICATION-v1:router,ALWAYS_NEEDED_CANDIDATE,
model.language_model.layers.32.mlp.shared_expert.down_proj.weight,model-00088-of-00131.safetensors,BF16,2560x640,2,1638400,3276800,text,shared_expert,32,,REQUIRED_INITIAL_TEXT,KQ-TENSOR-CLASSIFICATION-v1:shared_expert,ALWAYS_NEEDED_CANDIDATE,
model.language_model.layers.32.mlp.shared_expert.gate_proj.weight,model-00088-of-00131.safetensors,BF16,640x2560,2,1638400,3276800,text,shared_expert,32,,REQUIRED_INITIAL_TEXT,KQ-TENSOR-CLASSIFICATION-v1:shared_expert,ALWAYS_NEEDED_CANDIDATE,
model.language_model.layers.32.mlp.shared_expert.up_proj.weight,model-00088-of-00131.safetensors,BF16,640x2560,2,1638400,3276800,text,shared_expert,32,,REQUIRED_INITIAL_TEXT,KQ-TENSOR-CLASSIFICATION-v1:shared_expert,ALWAYS_NEEDED_CANDIDATE,
model.language_model.layers.32.mlp.shared_expert_gate.weight,model-00088-of-00131.safetensors,BF16,1x2560,2,2560,5120,text,shared_expert,32,,REQUIRED_INITIAL_TEXT,KQ-TENSOR-CLASSIFICATION-v1:shared_expert,ALWAYS_NEEDED_CANDIDATE,
model.language_model.layers.32.mlp_hyper_connection.block_inject_weight.weight,model-00088-of-00131.safetensors,BF16,4x10240,2,40960,81920,text,gated_residual,32,,REQUIRED_INITIAL_TEXT,KQ-TENSOR-CLASSIFICATION-v1:gated_residual,ALWAYS_NEEDED_CANDIDATE,
model.language_model.layers.32.mlp_hyper_connection.hc_norm.weight,model-00088-of-00131.safetensors,BF16,10240,1,10240,20480,text,gated_residual,32,,REQUIRED_INITIAL_TEXT,KQ-TENSOR-CLASSIFICATION-v1:gated_residual,ALWAYS_NEEDED_CANDIDATE,
model.language_model.layers.32.mlp_hyper_connection.input_mix_weight_down.weight,model-00088-of-00131.safetensors,BF16,320x10240,2,3276800,6553600,text,gated_residual,32,,REQUIRED_INITIAL_TEXT,KQ-TENSOR-CLASSIFICATION-v1:gated_residual,ALWAYS_NEEDED_CANDIDATE,
model.language_model.layers.32.mlp_hyper_connection.input_mix_weight_up.weight,model-00088-of-00131.safetensors,BF16,10240x320,2,3276800,6553600,text,gated_residual,32,,REQUIRED_INITIAL_TEXT,KQ-TENSOR-CLASSIFICATION-v1:gated_residual,ALWAYS_NEEDED_CANDIDATE,
model.language_model.layers.33.attn_hyper_connection.block_inject_weight.weight,model-00088-of-00131.safetensors,BF16,4x10240,2,40960,81920,text,gated_residual,33,,REQUIRED_INITIAL_TEXT,KQ-TENSOR-CLASSIFICATION-v1:gated_residual,ALWAYS_NEEDED_CANDIDATE,
model.language_model.layers.33.attn_hyper_connection.hc_norm.weight,model-00088-of-00131.safetensors,BF16,10240,1,10240,20480,text,gated_residual,33,,REQUIRED_INITIAL_TEXT,KQ-TENSOR-CLASSIFICATION-v1:gated_residual,ALWAYS_NEEDED_CANDIDATE,
model.language_model.layers.33.attn_hyper_connection.input_mix_weight_down.weight,model-00088-of-00131.safetensors,BF16,320x10240,2,3276800,6553600,text,gated_residual,33,,REQUIRED_INITIAL_TEXT,KQ-TENSOR-CLASSIFICATION-v1:gated_residual,ALWAYS_NEEDED_CANDIDATE,
model.language_model.layers.33.attn_hyper_connection.input_mix_weight_up.weight,model-00088-of-00131.safetensors,BF16,10240x320,2,3276800,6553600,text,gated_residual,33,,REQUIRED_INITIAL_TEXT,KQ-TENSOR-CLASSIFICATION-v1:gated_residual,ALWAYS_NEEDED_CANDIDATE,
model.language_model.layers.33.linear_attn.A_log,model-00088-of-00131.safetensors,BF16,48,1,48,96,text,gdn,33,,REQUIRED_INITIAL_TEXT,KQ-TENSOR-CLASSIFICATION-v1:gdn,ALWAYS_NEEDED_CANDIDATE,
model.language_model.layers.33.linear_attn.conv1d.weight,model-00088-of-00131.safetensors,BF16,10240x1x4,3,40960,81920,text,gdn,33,,REQUIRED_INITIAL_TEXT,KQ-TENSOR-CLASSIFICATION-v1:gdn,ALWAYS_NEEDED_CANDIDATE,
model.language_model.layers.33.linear_attn.dt_bias,model-00088-of-00131.safetensors,BF16,48,1,48,96,text,gdn,33,,REQUIRED_INITIAL_TEXT,KQ-TENSOR-CLASSIFICATION-v1:gdn,ALWAYS_NEEDED_CANDIDATE,
model.language_model.layers.33.linear_attn.in_proj_a.weight,model-00088-of-00131.safetensors,BF16,48x2560,2,122880,245760,text,gdn,33,,REQUIRED_INITIAL_TEXT,KQ-TENSOR-CLASSIFICATION-v1:gdn,ALWAYS_NEEDED_CANDIDATE,
model.language_model.layers.33.linear_attn.in_proj_b.weight,model-00088-of-00131.safetensors,BF16,48x2560,2,122880,245760,text,gdn,33,,REQUIRED_INITIAL_TEXT,KQ-TENSOR-CLASSIFICATION-v1:gdn,ALWAYS_NEEDED_CANDIDATE,
model.language_model.layers.33.linear_attn.in_proj_qkv.weight,model-00088-of-00131.safetensors,BF16,10240x2560,2,26214400,52428800,text,gdn,33,,REQUIRED_INITIAL_TEXT,KQ-TENSOR-CLASSIFICATION-v1:gdn,ALWAYS_NEEDED_CANDIDATE,
model.language_model.layers.33.linear_attn.in_proj_z.weight,model-00088-of-00131.safetensors,BF16,6144x2560,2,15728640,31457280,text,gdn,33,,REQUIRED_INITIAL_TEXT,KQ-TENSOR-CLASSIFICATION-v1:gdn,ALWAYS_NEEDED_CANDIDATE,
model.language_model.layers.33.linear_attn.norm.weight,model-00088-of-00131.safetensors,BF16,128,1,128,256,text,gdn,33,,REQUIRED_INITIAL_TEXT,KQ-TENSOR-CLASSIFICATION-v1:gdn,ALWAYS_NEEDED_CANDIDATE,
model.language_model.layers.33.linear_attn.out_proj.weight,model-00088-of-00131.safetensors,BF16,2560x6144,2,15728640,31457280,text,gdn,33,,REQUIRED_INITIAL_TEXT,KQ-TENSOR-CLASSIFICATION-v1:gdn,ALWAYS_NEEDED_CANDIDATE,
model.language_model.layers.33.mlp.experts.down_proj,model-00090-of-00131.safetensors,BF16,512x2560x640,3,838860800,1677721600,text,routed_experts,33,STACKED_0_511,REQUIRED_INITIAL_TEXT,KQ-TENSOR-CLASSIFICATION-v1:routed_experts,ROUTED_EXPERT_CACHE_CANDIDATE,canonical tensor stacks all 512 routed experts
model.language_model.layers.33.mlp.experts.gate_up_proj,model-00089-of-00131.safetensors,BF16,512x1280x2560,3,1677721600,3355443200,text,routed_experts,33,STACKED_0_511,REQUIRED_INITIAL_TEXT,KQ-TENSOR-CLASSIFICATION-v1:routed_experts,ROUTED_EXPERT_CACHE_CANDIDATE,canonical tensor stacks all 512 routed experts
model.language_model.layers.33.mlp.gate.weight,model-00090-of-00131.safetensors,BF16,512x2560,2,1310720,2621440,text,router,33,,REQUIRED_INITIAL_TEXT,KQ-TENSOR-CLASSIFICATION-v1:router,ALWAYS_NEEDED_CANDIDATE,
model.language_model.layers.33.mlp.shared_expert.down_proj.weight,model-00090-of-00131.safetensors,BF16,2560x640,2,1638400,3276800,text,shared_expert,33,,REQUIRED_INITIAL_TEXT,KQ-TENSOR-CLASSIFICATION-v1:shared_expert,ALWAYS_NEEDED_CANDIDATE,
model.language_model.layers.33.mlp.shared_expert.gate_proj.weight,model-00090-of-00131.safetensors,BF16,640x2560,2,1638400,3276800,text,shared_expert,33,,REQUIRED_INITIAL_TEXT,KQ-TENSOR-CLASSIFICATION-v1:shared_expert,ALWAYS_NEEDED_CANDIDATE,
model.language_model.layers.33.mlp.shared_expert.up_proj.weight,model-00090-of-00131.safetensors,BF16,640x2560,2,1638400,3276800,text,shared_expert,33,,REQUIRED_INITIAL_TEXT,KQ-TENSOR-CLASSIFICATION-v1:shared_expert,ALWAYS_NEEDED_CANDIDATE,
model.language_model.layers.33.mlp.shared_expert_gate.weight,model-00090-of-00131.safetensors,BF16,1x2560,2,2560,5120,text,shared_expert,33,,REQUIRED_INITIAL_TEXT,KQ-TENSOR-CLASSIFICATION-v1:shared_expert,ALWAYS_NEEDED_CANDIDATE,
model.language_model.layers.33.mlp_hyper_connection.block_inject_weight.weight,model-00090-of-00131.safetensors,BF16,4x10240,2,40960,81920,text,gated_residual,33,,REQUIRED_INITIAL_TEXT,KQ-TENSOR-CLASSIFICATION-v1:gated_residual,ALWAYS_NEEDED_CANDIDATE,
model.language_model.layers.33.mlp_hyper_connection.hc_norm.weight,model-00090-of-00131.safetensors,BF16,10240,1,10240,20480,text,gated_residual,33,,REQUIRED_INITIAL_TEXT,KQ-TENSOR-CLASSIFICATION-v1:gated_residual,ALWAYS_NEEDED_CANDIDATE,
model.language_model.layers.33.mlp_hyper_connection.input_mix_weight_down.weight,model-00090-of-00131.safetensors,BF16,320x10240,2,3276800,6553600,text,gated_residual,33,,REQUIRED_INITIAL_TEXT,KQ-TENSOR-CLASSIFICATION-v1:gated_residual,ALWAYS_NEEDED_CANDIDATE,
model.language_model.layers.33.mlp_hyper_connection.input_mix_weight_up.weight,model-00090-of-00131.safetensors,BF16,10240x320,2,3276800,6553600,text,gated_residual,33,,REQUIRED_INITIAL_TEXT,KQ-TENSOR-CLASSIFICATION-v1:gated_residual,ALWAYS_NEEDED_CANDIDATE,
model.language_model.layers.34.attn_hyper_connection.block_inject_weight.weight,model-00090-of-00131.safetensors,BF16,4x10240,2,40960,81920,text,gated_residual,34,,REQUIRED_INITIAL_TEXT,KQ-TENSOR-CLASSIFICATION-v1:gated_residual,ALWAYS_NEEDED_CANDIDATE,
model.language_model.layers.34.attn_hyper_connection.hc_norm.weight,model-00090-of-00131.safetensors,BF16,10240,1,10240,20480,text,gated_residual,34,,REQUIRED_INITIAL_TEXT,KQ-TENSOR-CLASSIFICATION-v1:gated_residual,ALWAYS_NEEDED_CANDIDATE,
model.language_model.layers.34.attn_hyper_connection.input_mix_weight_down.weight,model-00090-of-00131.safetensors,BF16,320x10240,2,3276800,6553600,text,gated_residual,34,,REQUIRED_INITIAL_TEXT,KQ-TENSOR-CLASSIFICATION-v1:gated_residual,ALWAYS_NEEDED_CANDIDATE,
model.language_model.layers.34.attn_hyper_connection.input_mix_weight_up.weight,model-00090-of-00131.safetensors,BF16,10240x320,2,3276800,6553600,text,gated_residual,34,,REQUIRED_INITIAL_TEXT,KQ-TENSOR-CLASSIFICATION-v1:gated_residual,ALWAYS_NEEDED_CANDIDATE,
model.language_model.layers.34.linear_attn.A_log,model-00090-of-00131.safetensors,BF16,48,1,48,96,text,gdn,34,,REQUIRED_INITIAL_TEXT,KQ-TENSOR-CLASSIFICATION-v1:gdn,ALWAYS_NEEDED_CANDIDATE,
model.language_model.layers.34.linear_attn.conv1d.weight,model-00090-of-00131.safetensors,BF16,10240x1x4,3,40960,81920,text,gdn,34,,REQUIRED_INITIAL_TEXT,KQ-TENSOR-CLASSIFICATION-v1:gdn,ALWAYS_NEEDED_CANDIDATE,
model.language_model.layers.34.linear_attn.dt_bias,model-00090-of-00131.safetensors,BF16,48,1,48,96,text,gdn,34,,REQUIRED_INITIAL_TEXT,KQ-TENSOR-CLASSIFICATION-v1:gdn,ALWAYS_NEEDED_CANDIDATE,
model.language_model.layers.34.linear_attn.in_proj_a.weight,model-00090-of-00131.safetensors,BF16,48x2560,2,122880,245760,text,gdn,34,,REQUIRED_INITIAL_TEXT,KQ-TENSOR-CLASSIFICATION-v1:gdn,ALWAYS_NEEDED_CANDIDATE,
model.language_model.layers.34.linear_attn.in_proj_b.weight,model-00090-of-00131.safetensors,BF16,48x2560,2,122880,245760,text,gdn,34,,REQUIRED_INITIAL_TEXT,KQ-TENSOR-CLASSIFICATION-v1:gdn,ALWAYS_NEEDED_CANDIDATE,
model.language_model.layers.34.linear_attn.in_proj_qkv.weight,model-00090-of-00131.safetensors,BF16,10240x2560,2,26214400,52428800,text,gdn,34,,REQUIRED_INITIAL_TEXT,KQ-TENSOR-CLASSIFICATION-v1:gdn,ALWAYS_NEEDED_CANDIDATE,
model.language_model.layers.34.linear_attn.in_proj_z.weight,model-00090-of-00131.safetensors,BF16,6144x2560,2,15728640,31457280,text,gdn,34,,REQUIRED_INITIAL_TEXT,KQ-TENSOR-CLASSIFICATION-v1:gdn,ALWAYS_NEEDED_CANDIDATE,
model.language_model.layers.34.linear_attn.norm.weight,model-00090-of-00131.safetensors,BF16,128,1,128,256,text,gdn,34,,REQUIRED_INITIAL_TEXT,KQ-TENSOR-CLASSIFICATION-v1:gdn,ALWAYS_NEEDED_CANDIDATE,
model.language_model.layers.34.linear_attn.out_proj.weight,model-00090-of-00131.safetensors,BF16,2560x6144,2,15728640,31457280,text,gdn,34,,REQUIRED_INITIAL_TEXT,KQ-TENSOR-CLASSIFICATION-v1:gdn,ALWAYS_NEEDED_CANDIDATE,
model.language_model.layers.34.mlp.experts.down_proj,model-00092-of-00131.safetensors,BF16,512x2560x640,3,838860800,1677721600,text,routed_experts,34,STACKED_0_511,REQUIRED_INITIAL_TEXT,KQ-TENSOR-CLASSIFICATION-v1:routed_experts,ROUTED_EXPERT_CACHE_CANDIDATE,canonical tensor stacks all 512 routed experts
model.language_model.layers.34.mlp.experts.gate_up_proj,model-00091-of-00131.safetensors,BF16,512x1280x2560,3,1677721600,3355443200,text,routed_experts,34,STACKED_0_511,REQUIRED_INITIAL_TEXT,KQ-TENSOR-CLASSIFICATION-v1:routed_experts,ROUTED_EXPERT_CACHE_CANDIDATE,canonical tensor stacks all 512 routed experts
model.language_model.layers.34.mlp.gate.weight,model-00092-of-00131.safetensors,BF16,512x2560,2,1310720,2621440,text,router,34,,REQUIRED_INITIAL_TEXT,KQ-TENSOR-CLASSIFICATION-v1:router,ALWAYS_NEEDED_CANDIDATE,
model.language_model.layers.34.mlp.shared_expert.down_proj.weight,model-00092-of-00131.safetensors,BF16,2560x640,2,1638400,3276800,text,shared_expert,34,,REQUIRED_INITIAL_TEXT,KQ-TENSOR-CLASSIFICATION-v1:shared_expert,ALWAYS_NEEDED_CANDIDATE,
model.language_model.layers.34.mlp.shared_expert.gate_proj.weight,model-00092-of-00131.safetensors,BF16,640x2560,2,1638400,3276800,text,shared_expert,34,,REQUIRED_INITIAL_TEXT,KQ-TENSOR-CLASSIFICATION-v1:shared_expert,ALWAYS_NEEDED_CANDIDATE,
model.language_model.layers.34.mlp.shared_expert.up_proj.weight,model-00092-of-00131.safetensors,BF16,640x2560,2,1638400,3276800,text,shared_expert,34,,REQUIRED_INITIAL_TEXT,KQ-TENSOR-CLASSIFICATION-v1:shared_expert,ALWAYS_NEEDED_CANDIDATE,
model.language_model.layers.34.mlp.shared_expert_gate.weight,model-00092-of-00131.safetensors,BF16,1x2560,2,2560,5120,text,shared_expert,34,,REQUIRED_INITIAL_TEXT,KQ-TENSOR-CLASSIFICATION-v1:shared_expert,ALWAYS_NEEDED_CANDIDATE,
model.language_model.layers.34.mlp_hyper_connection.block_inject_weight.weight,model-00092-of-00131.safetensors,BF16,4x10240,2,40960,81920,text,gated_residual,34,,REQUIRED_INITIAL_TEXT,KQ-TENSOR-CLASSIFICATION-v1:gated_residual,ALWAYS_NEEDED_CANDIDATE,
model.language_model.layers.34.mlp_hyper_connection.hc_norm.weight,model-00092-of-00131.safetensors,BF16,10240,1,10240,20480,text,gated_residual,34,,REQUIRED_INITIAL_TEXT,KQ-TENSOR-CLASSIFICATION-v1:gated_residual,ALWAYS_NEEDED_CANDIDATE,
model.language_model.layers.34.mlp_hyper_connection.input_mix_weight_down.weight,model-00092-of-00131.safetensors,BF16,320x10240,2,3276800,6553600,text,gated_residual,34,,REQUIRED_INITIAL_TEXT,KQ-TENSOR-CLASSIFICATION-v1:gated_residual,ALWAYS_NEEDED_CANDIDATE,
model.language_model.layers.34.mlp_hyper_connection.input_mix_weight_up.weight,model-00092-of-00131.safetensors,BF16,10240x320,2,3276800,6553600,text,gated_residual,34,,REQUIRED_INITIAL_TEXT,KQ-TENSOR-CLASSIFICATION-v1:gated_residual,ALWAYS_NEEDED_CANDIDATE,
model.language_model.layers.35.attn_hyper_connection.block_inject_weight.weight,model-00092-of-00131.safetensors,BF16,4x10240,2,40960,81920,text,gated_residual,35,,REQUIRED_INITIAL_TEXT,KQ-TENSOR-CLASSIFICATION-v1:gated_residual,ALWAYS_NEEDED_CANDIDATE,
model.language_model.layers.35.attn_hyper_connection.hc_norm.weight,model-00092-of-00131.safetensors,BF16,10240,1,10240,20480,text,gated_residual,35,,REQUIRED_INITIAL_TEXT,KQ-TENSOR-CLASSIFICATION-v1:gated_residual,ALWAYS_NEEDED_CANDIDATE,
model.language_model.layers.35.attn_hyper_connection.input_mix_weight_down.weight,model-00092-of-00131.safetensors,BF16,320x10240,2,3276800,6553600,text,gated_residual,35,,REQUIRED_INITIAL_TEXT,KQ-TENSOR-CLASSIFICATION-v1:gated_residual,ALWAYS_NEEDED_CANDIDATE,
model.language_model.layers.35.attn_hyper_connection.input_mix_weight_up.weight,model-00092-of-00131.safetensors,BF16,10240x320,2,3276800,6553600,text,gated_residual,35,,REQUIRED_INITIAL_TEXT,KQ-TENSOR-CLASSIFICATION-v1:gated_residual,ALWAYS_NEEDED_CANDIDATE,
model.language_model.layers.35.mlp.experts.down_proj,model-00094-of-00131.safetensors,BF16,512x2560x640,3,838860800,1677721600,text,routed_experts,35,STACKED_0_511,REQUIRED_INITIAL_TEXT,KQ-TENSOR-CLASSIFICATION-v1:routed_experts,ROUTED_EXPERT_CACHE_CANDIDATE,canonical tensor stacks all 512 routed experts
model.language_model.layers.35.mlp.experts.gate_up_proj,model-00093-of-00131.safetensors,BF16,512x1280x2560,3,1677721600,3355443200,text,routed_experts,35,STACKED_0_511,REQUIRED_INITIAL_TEXT,KQ-TENSOR-CLASSIFICATION-v1:routed_experts,ROUTED_EXPERT_CACHE_CANDIDATE,canonical tensor stacks all 512 routed experts
model.language_model.layers.35.mlp.gate.weight,model-00094-of-00131.safetensors,BF16,512x2560,2,1310720,2621440,text,router,35,,REQUIRED_INITIAL_TEXT,KQ-TENSOR-CLASSIFICATION-v1:router,ALWAYS_NEEDED_CANDIDATE,
model.language_model.layers.35.mlp.shared_expert.down_proj.weight,model-00094-of-00131.safetensors,BF16,2560x640,2,1638400,3276800,text,shared_expert,35,,REQUIRED_INITIAL_TEXT,KQ-TENSOR-CLASSIFICATION-v1:shared_expert,ALWAYS_NEEDED_CANDIDATE,
model.language_model.layers.35.mlp.shared_expert.gate_proj.weight,model-00094-of-00131.safetensors,BF16,640x2560,2,1638400,3276800,text,shared_expert,35,,REQUIRED_INITIAL_TEXT,KQ-TENSOR-CLASSIFICATION-v1:shared_expert,ALWAYS_NEEDED_CANDIDATE,
model.language_model.layers.35.mlp.shared_expert.up_proj.weight,model-00094-of-00131.safetensors,BF16,640x2560,2,1638400,3276800,text,shared_expert,35,,REQUIRED_INITIAL_TEXT,KQ-TENSOR-CLASSIFICATION-v1:shared_expert,ALWAYS_NEEDED_CANDIDATE,
model.language_model.layers.35.mlp.shared_expert_gate.weight,model-00094-of-00131.safetensors,BF16,1x2560,2,2560,5120,text,shared_expert,35,,REQUIRED_INITIAL_TEXT,KQ-TENSOR-CLASSIFICATION-v1:shared_expert,ALWAYS_NEEDED_CANDIDATE,
model.language_model.layers.35.mlp_hyper_connection.block_inject_weight.weight,model-00094-of-00131.safetensors,BF16,4x10240,2,40960,81920,text,gated_residual,35,,REQUIRED_INITIAL_TEXT,KQ-TENSOR-CLASSIFICATION-v1:gated_residual,ALWAYS_NEEDED_CANDIDATE,
model.language_model.layers.35.mlp_hyper_connection.hc_norm.weight,model-00094-of-00131.safetensors,BF16,10240,1,10240,20480,text,gated_residual,35,,REQUIRED_INITIAL_TEXT,KQ-TENSOR-CLASSIFICATION-v1:gated_residual,ALWAYS_NEEDED_CANDIDATE,
model.language_model.layers.35.mlp_hyper_connection.input_mix_weight_down.weight,model-00094-of-00131.safetensors,BF16,320x10240,2,3276800,6553600,text,gated_residual,35,,REQUIRED_INITIAL_TEXT,KQ-TENSOR-CLASSIFICATION-v1:gated_residual,ALWAYS_NEEDED_CANDIDATE,
model.language_model.layers.35.mlp_hyper_connection.input_mix_weight_up.weight,model-00094-of-00131.safetensors,BF16,10240x320,2,3276800,6553600,text,gated_residual,35,,REQUIRED_INITIAL_TEXT,KQ-TENSOR-CLASSIFICATION-v1:gated_residual,ALWAYS_NEEDED_CANDIDATE,
model.language_model.layers.35.self_attn.indexer.index_qk_proj.weight,model-00094-of-00131.safetensors,BF16,640x2560,2,1638400,3276800,text,qsa_indexer,35,,REQUIRED_INITIAL_TEXT,KQ-TENSOR-CLASSIFICATION-v1:qsa_indexer,ALWAYS_NEEDED_CANDIDATE,
model.language_model.layers.35.self_attn.indexer.k_layernorm.weight,model-00094-of-00131.safetensors,BF16,128,1,128,256,text,qsa_indexer,35,,REQUIRED_INITIAL_TEXT,KQ-TENSOR-CLASSIFICATION-v1:qsa_indexer,ALWAYS_NEEDED_CANDIDATE,
model.language_model.layers.35.self_attn.indexer.q_layernorm.weight,model-00094-of-00131.safetensors,BF16,128,1,128,256,text,qsa_indexer,35,,REQUIRED_INITIAL_TEXT,KQ-TENSOR-CLASSIFICATION-v1:qsa_indexer,ALWAYS_NEEDED_CANDIDATE,
model.language_model.layers.35.self_attn.k_norm.weight,model-00094-of-00131.safetensors,BF16,256,1,256,512,text,qsa_attention,35,,REQUIRED_INITIAL_TEXT,KQ-TENSOR-CLASSIFICATION-v1:qsa_attention,ALWAYS_NEEDED_CANDIDATE,
model.language_model.layers.35.self_attn.k_proj.weight,model-00094-of-00131.safetensors,BF16,512x2560,2,1310720,2621440,text,qsa_attention,35,,REQUIRED_INITIAL_TEXT,KQ-TENSOR-CLASSIFICATION-v1:qsa_attention,ALWAYS_NEEDED_CANDIDATE,
model.language_model.layers.35.self_attn.o_proj.weight,model-00094-of-00131.safetensors,BF16,2560x6144,2,15728640,31457280,text,qsa_attention,35,,REQUIRED_INITIAL_TEXT,KQ-TENSOR-CLASSIFICATION-v1:qsa_attention,ALWAYS_NEEDED_CANDIDATE,
model.language_model.layers.35.self_attn.q_norm.weight,model-00094-of-00131.safetensors,BF16,256,1,256,512,text,qsa_attention,35,,REQUIRED_INITIAL_TEXT,KQ-TENSOR-CLASSIFICATION-v1:qsa_attention,ALWAYS_NEEDED_CANDIDATE,
model.language_model.layers.35.self_attn.q_proj.weight,model-00094-of-00131.safetensors,BF16,12288x2560,2,31457280,62914560,text,qsa_attention,35,,REQUIRED_INITIAL_TEXT,KQ-TENSOR-CLASSIFICATION-v1:qsa_attention,ALWAYS_NEEDED_CANDIDATE,
model.language_model.layers.35.self_attn.v_proj.weight,model-00094-of-00131.safetensors,BF16,512x2560,2,1310720,2621440,text,qsa_attention,35,,REQUIRED_INITIAL_TEXT,KQ-TENSOR-CLASSIFICATION-v1:qsa_attention,ALWAYS_NEEDED_CANDIDATE,
model.language_model.layers.36.attn_hyper_connection.block_inject_weight.weight,model-00094-of-00131.safetensors,BF16,4x10240,2,40960,81920,text,gated_residual,36,,REQUIRED_INITIAL_TEXT,KQ-TENSOR-CLASSIFICATION-v1:gated_residual,ALWAYS_NEEDED_CANDIDATE,
model.language_model.layers.36.attn_hyper_connection.hc_norm.weight,model-00094-of-00131.safetensors,BF16,10240,1,10240,20480,text,gated_residual,36,,REQUIRED_INITIAL_TEXT,KQ-TENSOR-CLASSIFICATION-v1:gated_residual,ALWAYS_NEEDED_CANDIDATE,
model.language_model.layers.36.attn_hyper_connection.input_mix_weight_down.weight,model-00094-of-00131.safetensors,BF16,320x10240,2,3276800,6553600,text,gated_residual,36,,REQUIRED_INITIAL_TEXT,KQ-TENSOR-CLASSIFICATION-v1:gated_residual,ALWAYS_NEEDED_CANDIDATE,
model.language_model.layers.36.attn_hyper_connection.input_mix_weight_up.weight,model-00094-of-00131.safetensors,BF16,10240x320,2,3276800,6553600,text,gated_residual,36,,REQUIRED_INITIAL_TEXT,KQ-TENSOR-CLASSIFICATION-v1:gated_residual,ALWAYS_NEEDED_CANDIDATE,
model.language_model.layers.36.linear_attn.A_log,model-00094-of-00131.safetensors,BF16,48,1,48,96,text,gdn,36,,REQUIRED_INITIAL_TEXT,KQ-TENSOR-CLASSIFICATION-v1:gdn,ALWAYS_NEEDED_CANDIDATE,
model.language_model.layers.36.linear_attn.conv1d.weight,model-00094-of-00131.safetensors,BF16,10240x1x4,3,40960,81920,text,gdn,36,,REQUIRED_INITIAL_TEXT,KQ-TENSOR-CLASSIFICATION-v1:gdn,ALWAYS_NEEDED_CANDIDATE,
model.language_model.layers.36.linear_attn.dt_bias,model-00094-of-00131.safetensors,BF16,48,1,48,96,text,gdn,36,,REQUIRED_INITIAL_TEXT,KQ-TENSOR-CLASSIFICATION-v1:gdn,ALWAYS_NEEDED_CANDIDATE,
model.language_model.layers.36.linear_attn.in_proj_a.weight,model-00094-of-00131.safetensors,BF16,48x2560,2,122880,245760,text,gdn,36,,REQUIRED_INITIAL_TEXT,KQ-TENSOR-CLASSIFICATION-v1:gdn,ALWAYS_NEEDED_CANDIDATE,
model.language_model.layers.36.linear_attn.in_proj_b.weight,model-00094-of-00131.safetensors,BF16,48x2560,2,122880,245760,text,gdn,36,,REQUIRED_INITIAL_TEXT,KQ-TENSOR-CLASSIFICATION-v1:gdn,ALWAYS_NEEDED_CANDIDATE,
model.language_model.layers.36.linear_attn.in_proj_qkv.weight,model-00094-of-00131.safetensors,BF16,10240x2560,2,26214400,52428800,text,gdn,36,,REQUIRED_INITIAL_TEXT,KQ-TENSOR-CLASSIFICATION-v1:gdn,ALWAYS_NEEDED_CANDIDATE,
model.language_model.layers.36.linear_attn.in_proj_z.weight,model-00094-of-00131.safetensors,BF16,6144x2560,2,15728640,31457280,text,gdn,36,,REQUIRED_INITIAL_TEXT,KQ-TENSOR-CLASSIFICATION-v1:gdn,ALWAYS_NEEDED_CANDIDATE,
model.language_model.layers.36.linear_attn.norm.weight,model-00094-of-00131.safetensors,BF16,128,1,128,256,text,gdn,36,,REQUIRED_INITIAL_TEXT,KQ-TENSOR-CLASSIFICATION-v1:gdn,ALWAYS_NEEDED_CANDIDATE,
model.language_model.layers.36.linear_attn.out_proj.weight,model-00094-of-00131.safetensors,BF16,2560x6144,2,15728640,31457280,text,gdn,36,,REQUIRED_INITIAL_TEXT,KQ-TENSOR-CLASSIFICATION-v1:gdn,ALWAYS_NEEDED_CANDIDATE,
model.language_model.layers.36.mlp.experts.down_proj,model-00096-of-00131.safetensors,BF16,512x2560x640,3,838860800,1677721600,text,routed_experts,36,STACKED_0_511,REQUIRED_INITIAL_TEXT,KQ-TENSOR-CLASSIFICATION-v1:routed_experts,ROUTED_EXPERT_CACHE_CANDIDATE,canonical tensor stacks all 512 routed experts
model.language_model.layers.36.mlp.experts.gate_up_proj,model-00095-of-00131.safetensors,BF16,512x1280x2560,3,1677721600,3355443200,text,routed_experts,36,STACKED_0_511,REQUIRED_INITIAL_TEXT,KQ-TENSOR-CLASSIFICATION-v1:routed_experts,ROUTED_EXPERT_CACHE_CANDIDATE,canonical tensor stacks all 512 routed experts
model.language_model.layers.36.mlp.gate.weight,model-00096-of-00131.safetensors,BF16,512x2560,2,1310720,2621440,text,router,36,,REQUIRED_INITIAL_TEXT,KQ-TENSOR-CLASSIFICATION-v1:router,ALWAYS_NEEDED_CANDIDATE,
model.language_model.layers.36.mlp.shared_expert.down_proj.weight,model-00096-of-00131.safetensors,BF16,2560x640,2,1638400,3276800,text,shared_expert,36,,REQUIRED_INITIAL_TEXT,KQ-TENSOR-CLASSIFICATION-v1:shared_expert,ALWAYS_NEEDED_CANDIDATE,
model.language_model.layers.36.mlp.shared_expert.gate_proj.weight,model-00096-of-00131.safetensors,BF16,640x2560,2,1638400,3276800,text,shared_expert,36,,REQUIRED_INITIAL_TEXT,KQ-TENSOR-CLASSIFICATION-v1:shared_expert,ALWAYS_NEEDED_CANDIDATE,
model.language_model.layers.36.mlp.shared_expert.up_proj.weight,model-00096-of-00131.safetensors,BF16,640x2560,2,1638400,3276800,text,shared_expert,36,,REQUIRED_INITIAL_TEXT,KQ-TENSOR-CLASSIFICATION-v1:shared_expert,ALWAYS_NEEDED_CANDIDATE,
model.language_model.layers.36.mlp.shared_expert_gate.weight,model-00096-of-00131.safetensors,BF16,1x2560,2,2560,5120,text,shared_expert,36,,REQUIRED_INITIAL_TEXT,KQ-TENSOR-CLASSIFICATION-v1:shared_expert,ALWAYS_NEEDED_CANDIDATE,
model.language_model.layers.36.mlp_hyper_connection.block_inject_weight.weight,model-00096-of-00131.safetensors,BF16,4x10240,2,40960,81920,text,gated_residual,36,,REQUIRED_INITIAL_TEXT,KQ-TENSOR-CLASSIFICATION-v1:gated_residual,ALWAYS_NEEDED_CANDIDATE,
model.language_model.layers.36.mlp_hyper_connection.hc_norm.weight,model-00096-of-00131.safetensors,BF16,10240,1,10240,20480,text,gated_residual,36,,REQUIRED_INITIAL_TEXT,KQ-TENSOR-CLASSIFICATION-v1:gated_residual,ALWAYS_NEEDED_CANDIDATE,
model.language_model.layers.36.mlp_hyper_connection.input_mix_weight_down.weight,model-00096-of-00131.safetensors,BF16,320x10240,2,3276800,6553600,text,gated_residual,36,,REQUIRED_INITIAL_TEXT,KQ-TENSOR-CLASSIFICATION-v1:gated_residual,ALWAYS_NEEDED_CANDIDATE,
model.language_model.layers.36.mlp_hyper_connection.input_mix_weight_up.weight,model-00096-of-00131.safetensors,BF16,10240x320,2,3276800,6553600,text,gated_residual,36,,REQUIRED_INITIAL_TEXT,KQ-TENSOR-CLASSIFICATION-v1:gated_residual,ALWAYS_NEEDED_CANDIDATE,
model.language_model.layers.37.attn_hyper_connection.block_inject_weight.weight,model-00096-of-00131.safetensors,BF16,4x10240,2,40960,81920,text,gated_residual,37,,REQUIRED_INITIAL_TEXT,KQ-TENSOR-CLASSIFICATION-v1:gated_residual,ALWAYS_NEEDED_CANDIDATE,
model.language_model.layers.37.attn_hyper_connection.hc_norm.weight,model-00096-of-00131.safetensors,BF16,10240,1,10240,20480,text,gated_residual,37,,REQUIRED_INITIAL_TEXT,KQ-TENSOR-CLASSIFICATION-v1:gated_residual,ALWAYS_NEEDED_CANDIDATE,
model.language_model.layers.37.attn_hyper_connection.input_mix_weight_down.weight,model-00096-of-00131.safetensors,BF16,320x10240,2,3276800,6553600,text,gated_residual,37,,REQUIRED_INITIAL_TEXT,KQ-TENSOR-CLASSIFICATION-v1:gated_residual,ALWAYS_NEEDED_CANDIDATE,
model.language_model.layers.37.attn_hyper_connection.input_mix_weight_up.weight,model-00096-of-00131.safetensors,BF16,10240x320,2,3276800,6553600,text,gated_residual,37,,REQUIRED_INITIAL_TEXT,KQ-TENSOR-CLASSIFICATION-v1:gated_residual,ALWAYS_NEEDED_CANDIDATE,
model.language_model.layers.37.linear_attn.A_log,model-00096-of-00131.safetensors,BF16,48,1,48,96,text,gdn,37,,REQUIRED_INITIAL_TEXT,KQ-TENSOR-CLASSIFICATION-v1:gdn,ALWAYS_NEEDED_CANDIDATE,
model.language_model.layers.37.linear_attn.conv1d.weight,model-00096-of-00131.safetensors,BF16,10240x1x4,3,40960,81920,text,gdn,37,,REQUIRED_INITIAL_TEXT,KQ-TENSOR-CLASSIFICATION-v1:gdn,ALWAYS_NEEDED_CANDIDATE,
model.language_model.layers.37.linear_attn.dt_bias,model-00096-of-00131.safetensors,BF16,48,1,48,96,text,gdn,37,,REQUIRED_INITIAL_TEXT,KQ-TENSOR-CLASSIFICATION-v1:gdn,ALWAYS_NEEDED_CANDIDATE,
model.language_model.layers.37.linear_attn.in_proj_a.weight,model-00096-of-00131.safetensors,BF16,48x2560,2,122880,245760,text,gdn,37,,REQUIRED_INITIAL_TEXT,KQ-TENSOR-CLASSIFICATION-v1:gdn,ALWAYS_NEEDED_CANDIDATE,
model.language_model.layers.37.linear_attn.in_proj_b.weight,model-00096-of-00131.safetensors,BF16,48x2560,2,122880,245760,text,gdn,37,,REQUIRED_INITIAL_TEXT,KQ-TENSOR-CLASSIFICATION-v1:gdn,ALWAYS_NEEDED_CANDIDATE,
model.language_model.layers.37.linear_attn.in_proj_qkv.weight,model-00096-of-00131.safetensors,BF16,10240x2560,2,26214400,52428800,text,gdn,37,,REQUIRED_INITIAL_TEXT,KQ-TENSOR-CLASSIFICATION-v1:gdn,ALWAYS_NEEDED_CANDIDATE,
model.language_model.layers.37.linear_attn.in_proj_z.weight,model-00096-of-00131.safetensors,BF16,6144x2560,2,15728640,31457280,text,gdn,37,,REQUIRED_INITIAL_TEXT,KQ-TENSOR-CLASSIFICATION-v1:gdn,ALWAYS_NEEDED_CANDIDATE,
model.language_model.layers.37.linear_attn.norm.weight,model-00096-of-00131.safetensors,BF16,128,1,128,256,text,gdn,37,,REQUIRED_INITIAL_TEXT,KQ-TENSOR-CLASSIFICATION-v1:gdn,ALWAYS_NEEDED_CANDIDATE,
model.language_model.layers.37.linear_attn.out_proj.weight,model-00096-of-00131.safetensors,BF16,2560x6144,2,15728640,31457280,text,gdn,37,,REQUIRED_INITIAL_TEXT,KQ-TENSOR-CLASSIFICATION-v1:gdn,ALWAYS_NEEDED_CANDIDATE,
model.language_model.layers.37.mlp.experts.down_proj,model-00098-of-00131.safetensors,BF16,512x2560x640,3,838860800,1677721600,text,routed_experts,37,STACKED_0_511,REQUIRED_INITIAL_TEXT,KQ-TENSOR-CLASSIFICATION-v1:routed_experts,ROUTED_EXPERT_CACHE_CANDIDATE,canonical tensor stacks all 512 routed experts
model.language_model.layers.37.mlp.experts.gate_up_proj,model-00097-of-00131.safetensors,BF16,512x1280x2560,3,1677721600,3355443200,text,routed_experts,37,STACKED_0_511,REQUIRED_INITIAL_TEXT,KQ-TENSOR-CLASSIFICATION-v1:routed_experts,ROUTED_EXPERT_CACHE_CANDIDATE,canonical tensor stacks all 512 routed experts
model.language_model.layers.37.mlp.gate.weight,model-00098-of-00131.safetensors,BF16,512x2560,2,1310720,2621440,text,router,37,,REQUIRED_INITIAL_TEXT,KQ-TENSOR-CLASSIFICATION-v1:router,ALWAYS_NEEDED_CANDIDATE,
model.language_model.layers.37.mlp.shared_expert.down_proj.weight,model-00098-of-00131.safetensors,BF16,2560x640,2,1638400,3276800,text,shared_expert,37,,REQUIRED_INITIAL_TEXT,KQ-TENSOR-CLASSIFICATION-v1:shared_expert,ALWAYS_NEEDED_CANDIDATE,
model.language_model.layers.37.mlp.shared_expert.gate_proj.weight,model-00098-of-00131.safetensors,BF16,640x2560,2,1638400,3276800,text,shared_expert,37,,REQUIRED_INITIAL_TEXT,KQ-TENSOR-CLASSIFICATION-v1:shared_expert,ALWAYS_NEEDED_CANDIDATE,
model.language_model.layers.37.mlp.shared_expert.up_proj.weight,model-00098-of-00131.safetensors,BF16,640x2560,2,1638400,3276800,text,shared_expert,37,,REQUIRED_INITIAL_TEXT,KQ-TENSOR-CLASSIFICATION-v1:shared_expert,ALWAYS_NEEDED_CANDIDATE,
model.language_model.layers.37.mlp.shared_expert_gate.weight,model-00098-of-00131.safetensors,BF16,1x2560,2,2560,5120,text,shared_expert,37,,REQUIRED_INITIAL_TEXT,KQ-TENSOR-CLASSIFICATION-v1:shared_expert,ALWAYS_NEEDED_CANDIDATE,
model.language_model.layers.37.mlp_hyper_connection.block_inject_weight.weight,model-00098-of-00131.safetensors,BF16,4x10240,2,40960,81920,text,gated_residual,37,,REQUIRED_INITIAL_TEXT,KQ-TENSOR-CLASSIFICATION-v1:gated_residual,ALWAYS_NEEDED_CANDIDATE,
model.language_model.layers.37.mlp_hyper_connection.hc_norm.weight,model-00098-of-00131.safetensors,BF16,10240,1,10240,20480,text,gated_residual,37,,REQUIRED_INITIAL_TEXT,KQ-TENSOR-CLASSIFICATION-v1:gated_residual,ALWAYS_NEEDED_CANDIDATE,
model.language_model.layers.37.mlp_hyper_connection.input_mix_weight_down.weight,model-00098-of-00131.safetensors,BF16,320x10240,2,3276800,6553600,text,gated_residual,37,,REQUIRED_INITIAL_TEXT,KQ-TENSOR-CLASSIFICATION-v1:gated_residual,ALWAYS_NEEDED_CANDIDATE,
model.language_model.layers.37.mlp_hyper_connection.input_mix_weight_up.weight,model-00098-of-00131.safetensors,BF16,10240x320,2,3276800,6553600,text,gated_residual,37,,REQUIRED_INITIAL_TEXT,KQ-TENSOR-CLASSIFICATION-v1:gated_residual,ALWAYS_NEEDED_CANDIDATE,
model.language_model.layers.38.attn_hyper_connection.block_inject_weight.weight,model-00098-of-00131.safetensors,BF16,4x10240,2,40960,81920,text,gated_residual,38,,REQUIRED_INITIAL_TEXT,KQ-TENSOR-CLASSIFICATION-v1:gated_residual,ALWAYS_NEEDED_CANDIDATE,
model.language_model.layers.38.attn_hyper_connection.hc_norm.weight,model-00098-of-00131.safetensors,BF16,10240,1,10240,20480,text,gated_residual,38,,REQUIRED_INITIAL_TEXT,KQ-TENSOR-CLASSIFICATION-v1:gated_residual,ALWAYS_NEEDED_CANDIDATE,
model.language_model.layers.38.attn_hyper_connection.input_mix_weight_down.weight,model-00098-of-00131.safetensors,BF16,320x10240,2,3276800,6553600,text,gated_residual,38,,REQUIRED_INITIAL_TEXT,KQ-TENSOR-CLASSIFICATION-v1:gated_residual,ALWAYS_NEEDED_CANDIDATE,
model.language_model.layers.38.attn_hyper_connection.input_mix_weight_up.weight,model-00098-of-00131.safetensors,BF16,10240x320,2,3276800,6553600,text,gated_residual,38,,REQUIRED_INITIAL_TEXT,KQ-TENSOR-CLASSIFICATION-v1:gated_residual,ALWAYS_NEEDED_CANDIDATE,
model.language_model.layers.38.linear_attn.A_log,model-00098-of-00131.safetensors,BF16,48,1,48,96,text,gdn,38,,REQUIRED_INITIAL_TEXT,KQ-TENSOR-CLASSIFICATION-v1:gdn,ALWAYS_NEEDED_CANDIDATE,
model.language_model.layers.38.linear_attn.conv1d.weight,model-00098-of-00131.safetensors,BF16,10240x1x4,3,40960,81920,text,gdn,38,,REQUIRED_INITIAL_TEXT,KQ-TENSOR-CLASSIFICATION-v1:gdn,ALWAYS_NEEDED_CANDIDATE,
model.language_model.layers.38.linear_attn.dt_bias,model-00098-of-00131.safetensors,BF16,48,1,48,96,text,gdn,38,,REQUIRED_INITIAL_TEXT,KQ-TENSOR-CLASSIFICATION-v1:gdn,ALWAYS_NEEDED_CANDIDATE,
model.language_model.layers.38.linear_attn.in_proj_a.weight,model-00098-of-00131.safetensors,BF16,48x2560,2,122880,245760,text,gdn,38,,REQUIRED_INITIAL_TEXT,KQ-TENSOR-CLASSIFICATION-v1:gdn,ALWAYS_NEEDED_CANDIDATE,
model.language_model.layers.38.linear_attn.in_proj_b.weight,model-00098-of-00131.safetensors,BF16,48x2560,2,122880,245760,text,gdn,38,,REQUIRED_INITIAL_TEXT,KQ-TENSOR-CLASSIFICATION-v1:gdn,ALWAYS_NEEDED_CANDIDATE,
model.language_model.layers.38.linear_attn.in_proj_qkv.weight,model-00098-of-00131.safetensors,BF16,10240x2560,2,26214400,52428800,text,gdn,38,,REQUIRED_INITIAL_TEXT,KQ-TENSOR-CLASSIFICATION-v1:gdn,ALWAYS_NEEDED_CANDIDATE,
model.language_model.layers.38.linear_attn.in_proj_z.weight,model-00098-of-00131.safetensors,BF16,6144x2560,2,15728640,31457280,text,gdn,38,,REQUIRED_INITIAL_TEXT,KQ-TENSOR-CLASSIFICATION-v1:gdn,ALWAYS_NEEDED_CANDIDATE,
model.language_model.layers.38.linear_attn.norm.weight,model-00098-of-00131.safetensors,BF16,128,1,128,256,text,gdn,38,,REQUIRED_INITIAL_TEXT,KQ-TENSOR-CLASSIFICATION-v1:gdn,ALWAYS_NEEDED_CANDIDATE,
model.language_model.layers.38.linear_attn.out_proj.weight,model-00098-of-00131.safetensors,BF16,2560x6144,2,15728640,31457280,text,gdn,38,,REQUIRED_INITIAL_TEXT,KQ-TENSOR-CLASSIFICATION-v1:gdn,ALWAYS_NEEDED_CANDIDATE,
model.language_model.layers.38.mlp.experts.down_proj,model-00100-of-00131.safetensors,BF16,512x2560x640,3,838860800,1677721600,text,routed_experts,38,STACKED_0_511,REQUIRED_INITIAL_TEXT,KQ-TENSOR-CLASSIFICATION-v1:routed_experts,ROUTED_EXPERT_CACHE_CANDIDATE,canonical tensor stacks all 512 routed experts
model.language_model.layers.38.mlp.experts.gate_up_proj,model-00099-of-00131.safetensors,BF16,512x1280x2560,3,1677721600,3355443200,text,routed_experts,38,STACKED_0_511,REQUIRED_INITIAL_TEXT,KQ-TENSOR-CLASSIFICATION-v1:routed_experts,ROUTED_EXPERT_CACHE_CANDIDATE,canonical tensor stacks all 512 routed experts
model.language_model.layers.38.mlp.gate.weight,model-00100-of-00131.safetensors,BF16,512x2560,2,1310720,2621440,text,router,38,,REQUIRED_INITIAL_TEXT,KQ-TENSOR-CLASSIFICATION-v1:router,ALWAYS_NEEDED_CANDIDATE,
model.language_model.layers.38.mlp.shared_expert.down_proj.weight,model-00100-of-00131.safetensors,BF16,2560x640,2,1638400,3276800,text,shared_expert,38,,REQUIRED_INITIAL_TEXT,KQ-TENSOR-CLASSIFICATION-v1:shared_expert,ALWAYS_NEEDED_CANDIDATE,
model.language_model.layers.38.mlp.shared_expert.gate_proj.weight,model-00100-of-00131.safetensors,BF16,640x2560,2,1638400,3276800,text,shared_expert,38,,REQUIRED_INITIAL_TEXT,KQ-TENSOR-CLASSIFICATION-v1:shared_expert,ALWAYS_NEEDED_CANDIDATE,
model.language_model.layers.38.mlp.shared_expert.up_proj.weight,model-00100-of-00131.safetensors,BF16,640x2560,2,1638400,3276800,text,shared_expert,38,,REQUIRED_INITIAL_TEXT,KQ-TENSOR-CLASSIFICATION-v1:shared_expert,ALWAYS_NEEDED_CANDIDATE,
model.language_model.layers.38.mlp.shared_expert_gate.weight,model-00100-of-00131.safetensors,BF16,1x2560,2,2560,5120,text,shared_expert,38,,REQUIRED_INITIAL_TEXT,KQ-TENSOR-CLASSIFICATION-v1:shared_expert,ALWAYS_NEEDED_CANDIDATE,
model.language_model.layers.38.mlp_hyper_connection.block_inject_weight.weight,model-00100-of-00131.safetensors,BF16,4x10240,2,40960,81920,text,gated_residual,38,,REQUIRED_INITIAL_TEXT,KQ-TENSOR-CLASSIFICATION-v1:gated_residual,ALWAYS_NEEDED_CANDIDATE,
model.language_model.layers.38.mlp_hyper_connection.hc_norm.weight,model-00100-of-00131.safetensors,BF16,10240,1,10240,20480,text,gated_residual,38,,REQUIRED_INITIAL_TEXT,KQ-TENSOR-CLASSIFICATION-v1:gated_residual,ALWAYS_NEEDED_CANDIDATE,
model.language_model.layers.38.mlp_hyper_connection.input_mix_weight_down.weight,model-00100-of-00131.safetensors,BF16,320x10240,2,3276800,6553600,text,gated_residual,38,,REQUIRED_INITIAL_TEXT,KQ-TENSOR-CLASSIFICATION-v1:gated_residual,ALWAYS_NEEDED_CANDIDATE,
model.language_model.layers.38.mlp_hyper_connection.input_mix_weight_up.weight,model-00100-of-00131.safetensors,BF16,10240x320,2,3276800,6553600,text,gated_residual,38,,REQUIRED_INITIAL_TEXT,KQ-TENSOR-CLASSIFICATION-v1:gated_residual,ALWAYS_NEEDED_CANDIDATE,
model.language_model.layers.39.attn_hyper_connection.block_inject_weight.weight,model-00100-of-00131.safetensors,BF16,4x10240,2,40960,81920,text,gated_residual,39,,REQUIRED_INITIAL_TEXT,KQ-TENSOR-CLASSIFICATION-v1:gated_residual,ALWAYS_NEEDED_CANDIDATE,
model.language_model.layers.39.attn_hyper_connection.hc_norm.weight,model-00100-of-00131.safetensors,BF16,10240,1,10240,20480,text,gated_residual,39,,REQUIRED_INITIAL_TEXT,KQ-TENSOR-CLASSIFICATION-v1:gated_residual,ALWAYS_NEEDED_CANDIDATE,
model.language_model.layers.39.attn_hyper_connection.input_mix_weight_down.weight,model-00100-of-00131.safetensors,BF16,320x10240,2,3276800,6553600,text,gated_residual,39,,REQUIRED_INITIAL_TEXT,KQ-TENSOR-CLASSIFICATION-v1:gated_residual,ALWAYS_NEEDED_CANDIDATE,
model.language_model.layers.39.attn_hyper_connection.input_mix_weight_up.weight,model-00100-of-00131.safetensors,BF16,10240x320,2,3276800,6553600,text,gated_residual,39,,REQUIRED_INITIAL_TEXT,KQ-TENSOR-CLASSIFICATION-v1:gated_residual,ALWAYS_NEEDED_CANDIDATE,
model.language_model.layers.39.mlp.experts.down_proj,model-00102-of-00131.safetensors,BF16,512x2560x640,3,838860800,1677721600,text,routed_experts,39,STACKED_0_511,REQUIRED_INITIAL_TEXT,KQ-TENSOR-CLASSIFICATION-v1:routed_experts,ROUTED_EXPERT_CACHE_CANDIDATE,canonical tensor stacks all 512 routed experts
model.language_model.layers.39.mlp.experts.gate_up_proj,model-00101-of-00131.safetensors,BF16,512x1280x2560,3,1677721600,3355443200,text,routed_experts,39,STACKED_0_511,REQUIRED_INITIAL_TEXT,KQ-TENSOR-CLASSIFICATION-v1:routed_experts,ROUTED_EXPERT_CACHE_CANDIDATE,canonical tensor stacks all 512 routed experts
model.language_model.layers.39.mlp.gate.weight,model-00102-of-00131.safetensors,BF16,512x2560,2,1310720,2621440,text,router,39,,REQUIRED_INITIAL_TEXT,KQ-TENSOR-CLASSIFICATION-v1:router,ALWAYS_NEEDED_CANDIDATE,
model.language_model.layers.39.mlp.shared_expert.down_proj.weight,model-00102-of-00131.safetensors,BF16,2560x640,2,1638400,3276800,text,shared_expert,39,,REQUIRED_INITIAL_TEXT,KQ-TENSOR-CLASSIFICATION-v1:shared_expert,ALWAYS_NEEDED_CANDIDATE,
model.language_model.layers.39.mlp.shared_expert.gate_proj.weight,model-00102-of-00131.safetensors,BF16,640x2560,2,1638400,3276800,text,shared_expert,39,,REQUIRED_INITIAL_TEXT,KQ-TENSOR-CLASSIFICATION-v1:shared_expert,ALWAYS_NEEDED_CANDIDATE,
model.language_model.layers.39.mlp.shared_expert.up_proj.weight,model-00102-of-00131.safetensors,BF16,640x2560,2,1638400,3276800,text,shared_expert,39,,REQUIRED_INITIAL_TEXT,KQ-TENSOR-CLASSIFICATION-v1:shared_expert,ALWAYS_NEEDED_CANDIDATE,
model.language_model.layers.39.mlp.shared_expert_gate.weight,model-00102-of-00131.safetensors,BF16,1x2560,2,2560,5120,text,shared_expert,39,,REQUIRED_INITIAL_TEXT,KQ-TENSOR-CLASSIFICATION-v1:shared_expert,ALWAYS_NEEDED_CANDIDATE,
model.language_model.layers.39.mlp_hyper_connection.block_inject_weight.weight,model-00102-of-00131.safetensors,BF16,4x10240,2,40960,81920,text,gated_residual,39,,REQUIRED_INITIAL_TEXT,KQ-TENSOR-CLASSIFICATION-v1:gated_residual,ALWAYS_NEEDED_CANDIDATE,
model.language_model.layers.39.mlp_hyper_connection.hc_norm.weight,model-00102-of-00131.safetensors,BF16,10240,1,10240,20480,text,gated_residual,39,,REQUIRED_INITIAL_TEXT,KQ-TENSOR-CLASSIFICATION-v1:gated_residual,ALWAYS_NEEDED_CANDIDATE,
model.language_model.layers.39.mlp_hyper_connection.input_mix_weight_down.weight,model-00102-of-00131.safetensors,BF16,320x10240,2,3276800,6553600,text,gated_residual,39,,REQUIRED_INITIAL_TEXT,KQ-TENSOR-CLASSIFICATION-v1:gated_residual,ALWAYS_NEEDED_CANDIDATE,
model.language_model.layers.39.mlp_hyper_connection.input_mix_weight_up.weight,model-00102-of-00131.safetensors,BF16,10240x320,2,3276800,6553600,text,gated_residual,39,,REQUIRED_INITIAL_TEXT,KQ-TENSOR-CLASSIFICATION-v1:gated_residual,ALWAYS_NEEDED_CANDIDATE,
model.language_model.layers.39.self_attn.indexer.index_qk_proj.weight,model-00102-of-00131.safetensors,BF16,640x2560,2,1638400,3276800,text,qsa_indexer,39,,REQUIRED_INITIAL_TEXT,KQ-TENSOR-CLASSIFICATION-v1:qsa_indexer,ALWAYS_NEEDED_CANDIDATE,
model.language_model.layers.39.self_attn.indexer.k_layernorm.weight,model-00102-of-00131.safetensors,BF16,128,1,128,256,text,qsa_indexer,39,,REQUIRED_INITIAL_TEXT,KQ-TENSOR-CLASSIFICATION-v1:qsa_indexer,ALWAYS_NEEDED_CANDIDATE,
model.language_model.layers.39.self_attn.indexer.q_layernorm.weight,model-00102-of-00131.safetensors,BF16,128,1,128,256,text,qsa_indexer,39,,REQUIRED_INITIAL_TEXT,KQ-TENSOR-CLASSIFICATION-v1:qsa_indexer,ALWAYS_NEEDED_CANDIDATE,
model.language_model.layers.39.self_attn.k_norm.weight,model-00102-of-00131.safetensors,BF16,256,1,256,512,text,qsa_attention,39,,REQUIRED_INITIAL_TEXT,KQ-TENSOR-CLASSIFICATION-v1:qsa_attention,ALWAYS_NEEDED_CANDIDATE,
model.language_model.layers.39.self_attn.k_proj.weight,model-00102-of-00131.safetensors,BF16,512x2560,2,1310720,2621440,text,qsa_attention,39,,REQUIRED_INITIAL_TEXT,KQ-TENSOR-CLASSIFICATION-v1:qsa_attention,ALWAYS_NEEDED_CANDIDATE,
model.language_model.layers.39.self_attn.o_proj.weight,model-00102-of-00131.safetensors,BF16,2560x6144,2,15728640,31457280,text,qsa_attention,39,,REQUIRED_INITIAL_TEXT,KQ-TENSOR-CLASSIFICATION-v1:qsa_attention,ALWAYS_NEEDED_CANDIDATE,
model.language_model.layers.39.self_attn.q_norm.weight,model-00102-of-00131.safetensors,BF16,256,1,256,512,text,qsa_attention,39,,REQUIRED_INITIAL_TEXT,KQ-TENSOR-CLASSIFICATION-v1:qsa_attention,ALWAYS_NEEDED_CANDIDATE,
model.language_model.layers.39.self_attn.q_proj.weight,model-00102-of-00131.safetensors,BF16,12288x2560,2,31457280,62914560,text,qsa_attention,39,,REQUIRED_INITIAL_TEXT,KQ-TENSOR-CLASSIFICATION-v1:qsa_attention,ALWAYS_NEEDED_CANDIDATE,
model.language_model.layers.39.self_attn.v_proj.weight,model-00102-of-00131.safetensors,BF16,512x2560,2,1310720,2621440,text,qsa_attention,39,,REQUIRED_INITIAL_TEXT,KQ-TENSOR-CLASSIFICATION-v1:qsa_attention,ALWAYS_NEEDED_CANDIDATE,
model.language_model.layers.4.attn_hyper_connection.block_inject_weight.weight,model-00102-of-00131.safetensors,BF16,4x10240,2,40960,81920,text,gated_residual,4,,REQUIRED_INITIAL_TEXT,KQ-TENSOR-CLASSIFICATION-v1:gated_residual,ALWAYS_NEEDED_CANDIDATE,
model.language_model.layers.4.attn_hyper_connection.hc_norm.weight,model-00102-of-00131.safetensors,BF16,10240,1,10240,20480,text,gated_residual,4,,REQUIRED_INITIAL_TEXT,KQ-TENSOR-CLASSIFICATION-v1:gated_residual,ALWAYS_NEEDED_CANDIDATE,
model.language_model.layers.4.attn_hyper_connection.input_mix_weight_down.weight,model-00102-of-00131.safetensors,BF16,320x10240,2,3276800,6553600,text,gated_residual,4,,REQUIRED_INITIAL_TEXT,KQ-TENSOR-CLASSIFICATION-v1:gated_residual,ALWAYS_NEEDED_CANDIDATE,
model.language_model.layers.4.attn_hyper_connection.input_mix_weight_up.weight,model-00102-of-00131.safetensors,BF16,10240x320,2,3276800,6553600,text,gated_residual,4,,REQUIRED_INITIAL_TEXT,KQ-TENSOR-CLASSIFICATION-v1:gated_residual,ALWAYS_NEEDED_CANDIDATE,
model.language_model.layers.4.linear_attn.A_log,model-00102-of-00131.safetensors,BF16,48,1,48,96,text,gdn,4,,REQUIRED_INITIAL_TEXT,KQ-TENSOR-CLASSIFICATION-v1:gdn,ALWAYS_NEEDED_CANDIDATE,
model.language_model.layers.4.linear_attn.conv1d.weight,model-00102-of-00131.safetensors,BF16,10240x1x4,3,40960,81920,text,gdn,4,,REQUIRED_INITIAL_TEXT,KQ-TENSOR-CLASSIFICATION-v1:gdn,ALWAYS_NEEDED_CANDIDATE,
model.language_model.layers.4.linear_attn.dt_bias,model-00102-of-00131.safetensors,BF16,48,1,48,96,text,gdn,4,,REQUIRED_INITIAL_TEXT,KQ-TENSOR-CLASSIFICATION-v1:gdn,ALWAYS_NEEDED_CANDIDATE,
model.language_model.layers.4.linear_attn.in_proj_a.weight,model-00102-of-00131.safetensors,BF16,48x2560,2,122880,245760,text,gdn,4,,REQUIRED_INITIAL_TEXT,KQ-TENSOR-CLASSIFICATION-v1:gdn,ALWAYS_NEEDED_CANDIDATE,
model.language_model.layers.4.linear_attn.in_proj_b.weight,model-00102-of-00131.safetensors,BF16,48x2560,2,122880,245760,text,gdn,4,,REQUIRED_INITIAL_TEXT,KQ-TENSOR-CLASSIFICATION-v1:gdn,ALWAYS_NEEDED_CANDIDATE,
model.language_model.layers.4.linear_attn.in_proj_qkv.weight,model-00102-of-00131.safetensors,BF16,10240x2560,2,26214400,52428800,text,gdn,4,,REQUIRED_INITIAL_TEXT,KQ-TENSOR-CLASSIFICATION-v1:gdn,ALWAYS_NEEDED_CANDIDATE,
model.language_model.layers.4.linear_attn.in_proj_z.weight,model-00102-of-00131.safetensors,BF16,6144x2560,2,15728640,31457280,text,gdn,4,,REQUIRED_INITIAL_TEXT,KQ-TENSOR-CLASSIFICATION-v1:gdn,ALWAYS_NEEDED_CANDIDATE,
model.language_model.layers.4.linear_attn.norm.weight,model-00102-of-00131.safetensors,BF16,128,1,128,256,text,gdn,4,,REQUIRED_INITIAL_TEXT,KQ-TENSOR-CLASSIFICATION-v1:gdn,ALWAYS_NEEDED_CANDIDATE,
model.language_model.layers.4.linear_attn.out_proj.weight,model-00102-of-00131.safetensors,BF16,2560x6144,2,15728640,31457280,text,gdn,4,,REQUIRED_INITIAL_TEXT,KQ-TENSOR-CLASSIFICATION-v1:gdn,ALWAYS_NEEDED_CANDIDATE,
model.language_model.layers.4.mlp.experts.down_proj,model-00104-of-00131.safetensors,BF16,512x2560x640,3,838860800,1677721600,text,routed_experts,4,STACKED_0_511,REQUIRED_INITIAL_TEXT,KQ-TENSOR-CLASSIFICATION-v1:routed_experts,ROUTED_EXPERT_CACHE_CANDIDATE,canonical tensor stacks all 512 routed experts
model.language_model.layers.4.mlp.experts.gate_up_proj,model-00103-of-00131.safetensors,BF16,512x1280x2560,3,1677721600,3355443200,text,routed_experts,4,STACKED_0_511,REQUIRED_INITIAL_TEXT,KQ-TENSOR-CLASSIFICATION-v1:routed_experts,ROUTED_EXPERT_CACHE_CANDIDATE,canonical tensor stacks all 512 routed experts
model.language_model.layers.4.mlp.gate.weight,model-00104-of-00131.safetensors,BF16,512x2560,2,1310720,2621440,text,router,4,,REQUIRED_INITIAL_TEXT,KQ-TENSOR-CLASSIFICATION-v1:router,ALWAYS_NEEDED_CANDIDATE,
model.language_model.layers.4.mlp.shared_expert.down_proj.weight,model-00104-of-00131.safetensors,BF16,2560x640,2,1638400,3276800,text,shared_expert,4,,REQUIRED_INITIAL_TEXT,KQ-TENSOR-CLASSIFICATION-v1:shared_expert,ALWAYS_NEEDED_CANDIDATE,
model.language_model.layers.4.mlp.shared_expert.gate_proj.weight,model-00104-of-00131.safetensors,BF16,640x2560,2,1638400,3276800,text,shared_expert,4,,REQUIRED_INITIAL_TEXT,KQ-TENSOR-CLASSIFICATION-v1:shared_expert,ALWAYS_NEEDED_CANDIDATE,
model.language_model.layers.4.mlp.shared_expert.up_proj.weight,model-00104-of-00131.safetensors,BF16,640x2560,2,1638400,3276800,text,shared_expert,4,,REQUIRED_INITIAL_TEXT,KQ-TENSOR-CLASSIFICATION-v1:shared_expert,ALWAYS_NEEDED_CANDIDATE,
model.language_model.layers.4.mlp.shared_expert_gate.weight,model-00104-of-00131.safetensors,BF16,1x2560,2,2560,5120,text,shared_expert,4,,REQUIRED_INITIAL_TEXT,KQ-TENSOR-CLASSIFICATION-v1:shared_expert,ALWAYS_NEEDED_CANDIDATE,
model.language_model.layers.4.mlp_hyper_connection.block_inject_weight.weight,model-00104-of-00131.safetensors,BF16,4x10240,2,40960,81920,text,gated_residual,4,,REQUIRED_INITIAL_TEXT,KQ-TENSOR-CLASSIFICATION-v1:gated_residual,ALWAYS_NEEDED_CANDIDATE,
model.language_model.layers.4.mlp_hyper_connection.hc_norm.weight,model-00104-of-00131.safetensors,BF16,10240,1,10240,20480,text,gated_residual,4,,REQUIRED_INITIAL_TEXT,KQ-TENSOR-CLASSIFICATION-v1:gated_residual,ALWAYS_NEEDED_CANDIDATE,
model.language_model.layers.4.mlp_hyper_connection.input_mix_weight_down.weight,model-00104-of-00131.safetensors,BF16,320x10240,2,3276800,6553600,text,gated_residual,4,,REQUIRED_INITIAL_TEXT,KQ-TENSOR-CLASSIFICATION-v1:gated_residual,ALWAYS_NEEDED_CANDIDATE,
model.language_model.layers.4.mlp_hyper_connection.input_mix_weight_up.weight,model-00104-of-00131.safetensors,BF16,10240x320,2,3276800,6553600,text,gated_residual,4,,REQUIRED_INITIAL_TEXT,KQ-TENSOR-CLASSIFICATION-v1:gated_residual,ALWAYS_NEEDED_CANDIDATE,
model.language_model.layers.40.attn_hyper_connection.block_inject_weight.weight,model-00104-of-00131.safetensors,BF16,4x10240,2,40960,81920,text,gated_residual,40,,REQUIRED_INITIAL_TEXT,KQ-TENSOR-CLASSIFICATION-v1:gated_residual,ALWAYS_NEEDED_CANDIDATE,
model.language_model.layers.40.attn_hyper_connection.hc_norm.weight,model-00104-of-00131.safetensors,BF16,10240,1,10240,20480,text,gated_residual,40,,REQUIRED_INITIAL_TEXT,KQ-TENSOR-CLASSIFICATION-v1:gated_residual,ALWAYS_NEEDED_CANDIDATE,
model.language_model.layers.40.attn_hyper_connection.input_mix_weight_down.weight,model-00104-of-00131.safetensors,BF16,320x10240,2,3276800,6553600,text,gated_residual,40,,REQUIRED_INITIAL_TEXT,KQ-TENSOR-CLASSIFICATION-v1:gated_residual,ALWAYS_NEEDED_CANDIDATE,
model.language_model.layers.40.attn_hyper_connection.input_mix_weight_up.weight,model-00104-of-00131.safetensors,BF16,10240x320,2,3276800,6553600,text,gated_residual,40,,REQUIRED_INITIAL_TEXT,KQ-TENSOR-CLASSIFICATION-v1:gated_residual,ALWAYS_NEEDED_CANDIDATE,
model.language_model.layers.40.linear_attn.A_log,model-00104-of-00131.safetensors,BF16,48,1,48,96,text,gdn,40,,REQUIRED_INITIAL_TEXT,KQ-TENSOR-CLASSIFICATION-v1:gdn,ALWAYS_NEEDED_CANDIDATE,
model.language_model.layers.40.linear_attn.conv1d.weight,model-00104-of-00131.safetensors,BF16,10240x1x4,3,40960,81920,text,gdn,40,,REQUIRED_INITIAL_TEXT,KQ-TENSOR-CLASSIFICATION-v1:gdn,ALWAYS_NEEDED_CANDIDATE,
model.language_model.layers.40.linear_attn.dt_bias,model-00104-of-00131.safetensors,BF16,48,1,48,96,text,gdn,40,,REQUIRED_INITIAL_TEXT,KQ-TENSOR-CLASSIFICATION-v1:gdn,ALWAYS_NEEDED_CANDIDATE,
model.language_model.layers.40.linear_attn.in_proj_a.weight,model-00104-of-00131.safetensors,BF16,48x2560,2,122880,245760,text,gdn,40,,REQUIRED_INITIAL_TEXT,KQ-TENSOR-CLASSIFICATION-v1:gdn,ALWAYS_NEEDED_CANDIDATE,
model.language_model.layers.40.linear_attn.in_proj_b.weight,model-00104-of-00131.safetensors,BF16,48x2560,2,122880,245760,text,gdn,40,,REQUIRED_INITIAL_TEXT,KQ-TENSOR-CLASSIFICATION-v1:gdn,ALWAYS_NEEDED_CANDIDATE,
model.language_model.layers.40.linear_attn.in_proj_qkv.weight,model-00104-of-00131.safetensors,BF16,10240x2560,2,26214400,52428800,text,gdn,40,,REQUIRED_INITIAL_TEXT,KQ-TENSOR-CLASSIFICATION-v1:gdn,ALWAYS_NEEDED_CANDIDATE,
model.language_model.layers.40.linear_attn.in_proj_z.weight,model-00104-of-00131.safetensors,BF16,6144x2560,2,15728640,31457280,text,gdn,40,,REQUIRED_INITIAL_TEXT,KQ-TENSOR-CLASSIFICATION-v1:gdn,ALWAYS_NEEDED_CANDIDATE,
model.language_model.layers.40.linear_attn.norm.weight,model-00104-of-00131.safetensors,BF16,128,1,128,256,text,gdn,40,,REQUIRED_INITIAL_TEXT,KQ-TENSOR-CLASSIFICATION-v1:gdn,ALWAYS_NEEDED_CANDIDATE,
model.language_model.layers.40.linear_attn.out_proj.weight,model-00104-of-00131.safetensors,BF16,2560x6144,2,15728640,31457280,text,gdn,40,,REQUIRED_INITIAL_TEXT,KQ-TENSOR-CLASSIFICATION-v1:gdn,ALWAYS_NEEDED_CANDIDATE,
model.language_model.layers.40.mlp.experts.down_proj,model-00106-of-00131.safetensors,BF16,512x2560x640,3,838860800,1677721600,text,routed_experts,40,STACKED_0_511,REQUIRED_INITIAL_TEXT,KQ-TENSOR-CLASSIFICATION-v1:routed_experts,ROUTED_EXPERT_CACHE_CANDIDATE,canonical tensor stacks all 512 routed experts
model.language_model.layers.40.mlp.experts.gate_up_proj,model-00105-of-00131.safetensors,BF16,512x1280x2560,3,1677721600,3355443200,text,routed_experts,40,STACKED_0_511,REQUIRED_INITIAL_TEXT,KQ-TENSOR-CLASSIFICATION-v1:routed_experts,ROUTED_EXPERT_CACHE_CANDIDATE,canonical tensor stacks all 512 routed experts
model.language_model.layers.40.mlp.gate.weight,model-00106-of-00131.safetensors,BF16,512x2560,2,1310720,2621440,text,router,40,,REQUIRED_INITIAL_TEXT,KQ-TENSOR-CLASSIFICATION-v1:router,ALWAYS_NEEDED_CANDIDATE,
model.language_model.layers.40.mlp.shared_expert.down_proj.weight,model-00106-of-00131.safetensors,BF16,2560x640,2,1638400,3276800,text,shared_expert,40,,REQUIRED_INITIAL_TEXT,KQ-TENSOR-CLASSIFICATION-v1:shared_expert,ALWAYS_NEEDED_CANDIDATE,
model.language_model.layers.40.mlp.shared_expert.gate_proj.weight,model-00106-of-00131.safetensors,BF16,640x2560,2,1638400,3276800,text,shared_expert,40,,REQUIRED_INITIAL_TEXT,KQ-TENSOR-CLASSIFICATION-v1:shared_expert,ALWAYS_NEEDED_CANDIDATE,
model.language_model.layers.40.mlp.shared_expert.up_proj.weight,model-00106-of-00131.safetensors,BF16,640x2560,2,1638400,3276800,text,shared_expert,40,,REQUIRED_INITIAL_TEXT,KQ-TENSOR-CLASSIFICATION-v1:shared_expert,ALWAYS_NEEDED_CANDIDATE,
model.language_model.layers.40.mlp.shared_expert_gate.weight,model-00106-of-00131.safetensors,BF16,1x2560,2,2560,5120,text,shared_expert,40,,REQUIRED_INITIAL_TEXT,KQ-TENSOR-CLASSIFICATION-v1:shared_expert,ALWAYS_NEEDED_CANDIDATE,
model.language_model.layers.40.mlp_hyper_connection.block_inject_weight.weight,model-00106-of-00131.safetensors,BF16,4x10240,2,40960,81920,text,gated_residual,40,,REQUIRED_INITIAL_TEXT,KQ-TENSOR-CLASSIFICATION-v1:gated_residual,ALWAYS_NEEDED_CANDIDATE,
model.language_model.layers.40.mlp_hyper_connection.hc_norm.weight,model-00106-of-00131.safetensors,BF16,10240,1,10240,20480,text,gated_residual,40,,REQUIRED_INITIAL_TEXT,KQ-TENSOR-CLASSIFICATION-v1:gated_residual,ALWAYS_NEEDED_CANDIDATE,
model.language_model.layers.40.mlp_hyper_connection.input_mix_weight_down.weight,model-00106-of-00131.safetensors,BF16,320x10240,2,3276800,6553600,text,gated_residual,40,,REQUIRED_INITIAL_TEXT,KQ-TENSOR-CLASSIFICATION-v1:gated_residual,ALWAYS_NEEDED_CANDIDATE,
model.language_model.layers.40.mlp_hyper_connection.input_mix_weight_up.weight,model-00106-of-00131.safetensors,BF16,10240x320,2,3276800,6553600,text,gated_residual,40,,REQUIRED_INITIAL_TEXT,KQ-TENSOR-CLASSIFICATION-v1:gated_residual,ALWAYS_NEEDED_CANDIDATE,
model.language_model.layers.41.attn_hyper_connection.block_inject_weight.weight,model-00106-of-00131.safetensors,BF16,4x10240,2,40960,81920,text,gated_residual,41,,REQUIRED_INITIAL_TEXT,KQ-TENSOR-CLASSIFICATION-v1:gated_residual,ALWAYS_NEEDED_CANDIDATE,
model.language_model.layers.41.attn_hyper_connection.hc_norm.weight,model-00106-of-00131.safetensors,BF16,10240,1,10240,20480,text,gated_residual,41,,REQUIRED_INITIAL_TEXT,KQ-TENSOR-CLASSIFICATION-v1:gated_residual,ALWAYS_NEEDED_CANDIDATE,
model.language_model.layers.41.attn_hyper_connection.input_mix_weight_down.weight,model-00106-of-00131.safetensors,BF16,320x10240,2,3276800,6553600,text,gated_residual,41,,REQUIRED_INITIAL_TEXT,KQ-TENSOR-CLASSIFICATION-v1:gated_residual,ALWAYS_NEEDED_CANDIDATE,
model.language_model.layers.41.attn_hyper_connection.input_mix_weight_up.weight,model-00106-of-00131.safetensors,BF16,10240x320,2,3276800,6553600,text,gated_residual,41,,REQUIRED_INITIAL_TEXT,KQ-TENSOR-CLASSIFICATION-v1:gated_residual,ALWAYS_NEEDED_CANDIDATE,
model.language_model.layers.41.linear_attn.A_log,model-00106-of-00131.safetensors,BF16,48,1,48,96,text,gdn,41,,REQUIRED_INITIAL_TEXT,KQ-TENSOR-CLASSIFICATION-v1:gdn,ALWAYS_NEEDED_CANDIDATE,
model.language_model.layers.41.linear_attn.conv1d.weight,model-00106-of-00131.safetensors,BF16,10240x1x4,3,40960,81920,text,gdn,41,,REQUIRED_INITIAL_TEXT,KQ-TENSOR-CLASSIFICATION-v1:gdn,ALWAYS_NEEDED_CANDIDATE,
model.language_model.layers.41.linear_attn.dt_bias,model-00106-of-00131.safetensors,BF16,48,1,48,96,text,gdn,41,,REQUIRED_INITIAL_TEXT,KQ-TENSOR-CLASSIFICATION-v1:gdn,ALWAYS_NEEDED_CANDIDATE,
model.language_model.layers.41.linear_attn.in_proj_a.weight,model-00106-of-00131.safetensors,BF16,48x2560,2,122880,245760,text,gdn,41,,REQUIRED_INITIAL_TEXT,KQ-TENSOR-CLASSIFICATION-v1:gdn,ALWAYS_NEEDED_CANDIDATE,
model.language_model.layers.41.linear_attn.in_proj_b.weight,model-00106-of-00131.safetensors,BF16,48x2560,2,122880,245760,text,gdn,41,,REQUIRED_INITIAL_TEXT,KQ-TENSOR-CLASSIFICATION-v1:gdn,ALWAYS_NEEDED_CANDIDATE,
model.language_model.layers.41.linear_attn.in_proj_qkv.weight,model-00106-of-00131.safetensors,BF16,10240x2560,2,26214400,52428800,text,gdn,41,,REQUIRED_INITIAL_TEXT,KQ-TENSOR-CLASSIFICATION-v1:gdn,ALWAYS_NEEDED_CANDIDATE,
model.language_model.layers.41.linear_attn.in_proj_z.weight,model-00106-of-00131.safetensors,BF16,6144x2560,2,15728640,31457280,text,gdn,41,,REQUIRED_INITIAL_TEXT,KQ-TENSOR-CLASSIFICATION-v1:gdn,ALWAYS_NEEDED_CANDIDATE,
model.language_model.layers.41.linear_attn.norm.weight,model-00106-of-00131.safetensors,BF16,128,1,128,256,text,gdn,41,,REQUIRED_INITIAL_TEXT,KQ-TENSOR-CLASSIFICATION-v1:gdn,ALWAYS_NEEDED_CANDIDATE,
model.language_model.layers.41.linear_attn.out_proj.weight,model-00106-of-00131.safetensors,BF16,2560x6144,2,15728640,31457280,text,gdn,41,,REQUIRED_INITIAL_TEXT,KQ-TENSOR-CLASSIFICATION-v1:gdn,ALWAYS_NEEDED_CANDIDATE,
model.language_model.layers.41.mlp.experts.down_proj,model-00108-of-00131.safetensors,BF16,512x2560x640,3,838860800,1677721600,text,routed_experts,41,STACKED_0_511,REQUIRED_INITIAL_TEXT,KQ-TENSOR-CLASSIFICATION-v1:routed_experts,ROUTED_EXPERT_CACHE_CANDIDATE,canonical tensor stacks all 512 routed experts
model.language_model.layers.41.mlp.experts.gate_up_proj,model-00107-of-00131.safetensors,BF16,512x1280x2560,3,1677721600,3355443200,text,routed_experts,41,STACKED_0_511,REQUIRED_INITIAL_TEXT,KQ-TENSOR-CLASSIFICATION-v1:routed_experts,ROUTED_EXPERT_CACHE_CANDIDATE,canonical tensor stacks all 512 routed experts
model.language_model.layers.41.mlp.gate.weight,model-00108-of-00131.safetensors,BF16,512x2560,2,1310720,2621440,text,router,41,,REQUIRED_INITIAL_TEXT,KQ-TENSOR-CLASSIFICATION-v1:router,ALWAYS_NEEDED_CANDIDATE,
model.language_model.layers.41.mlp.shared_expert.down_proj.weight,model-00108-of-00131.safetensors,BF16,2560x640,2,1638400,3276800,text,shared_expert,41,,REQUIRED_INITIAL_TEXT,KQ-TENSOR-CLASSIFICATION-v1:shared_expert,ALWAYS_NEEDED_CANDIDATE,
model.language_model.layers.41.mlp.shared_expert.gate_proj.weight,model-00108-of-00131.safetensors,BF16,640x2560,2,1638400,3276800,text,shared_expert,41,,REQUIRED_INITIAL_TEXT,KQ-TENSOR-CLASSIFICATION-v1:shared_expert,ALWAYS_NEEDED_CANDIDATE,
model.language_model.layers.41.mlp.shared_expert.up_proj.weight,model-00108-of-00131.safetensors,BF16,640x2560,2,1638400,3276800,text,shared_expert,41,,REQUIRED_INITIAL_TEXT,KQ-TENSOR-CLASSIFICATION-v1:shared_expert,ALWAYS_NEEDED_CANDIDATE,
model.language_model.layers.41.mlp.shared_expert_gate.weight,model-00108-of-00131.safetensors,BF16,1x2560,2,2560,5120,text,shared_expert,41,,REQUIRED_INITIAL_TEXT,KQ-TENSOR-CLASSIFICATION-v1:shared_expert,ALWAYS_NEEDED_CANDIDATE,
model.language_model.layers.41.mlp_hyper_connection.block_inject_weight.weight,model-00108-of-00131.safetensors,BF16,4x10240,2,40960,81920,text,gated_residual,41,,REQUIRED_INITIAL_TEXT,KQ-TENSOR-CLASSIFICATION-v1:gated_residual,ALWAYS_NEEDED_CANDIDATE,
model.language_model.layers.41.mlp_hyper_connection.hc_norm.weight,model-00108-of-00131.safetensors,BF16,10240,1,10240,20480,text,gated_residual,41,,REQUIRED_INITIAL_TEXT,KQ-TENSOR-CLASSIFICATION-v1:gated_residual,ALWAYS_NEEDED_CANDIDATE,
model.language_model.layers.41.mlp_hyper_connection.input_mix_weight_down.weight,model-00108-of-00131.safetensors,BF16,320x10240,2,3276800,6553600,text,gated_residual,41,,REQUIRED_INITIAL_TEXT,KQ-TENSOR-CLASSIFICATION-v1:gated_residual,ALWAYS_NEEDED_CANDIDATE,
model.language_model.layers.41.mlp_hyper_connection.input_mix_weight_up.weight,model-00108-of-00131.safetensors,BF16,10240x320,2,3276800,6553600,text,gated_residual,41,,REQUIRED_INITIAL_TEXT,KQ-TENSOR-CLASSIFICATION-v1:gated_residual,ALWAYS_NEEDED_CANDIDATE,
model.language_model.layers.42.attn_hyper_connection.block_inject_weight.weight,model-00108-of-00131.safetensors,BF16,4x10240,2,40960,81920,text,gated_residual,42,,REQUIRED_INITIAL_TEXT,KQ-TENSOR-CLASSIFICATION-v1:gated_residual,ALWAYS_NEEDED_CANDIDATE,
model.language_model.layers.42.attn_hyper_connection.hc_norm.weight,model-00108-of-00131.safetensors,BF16,10240,1,10240,20480,text,gated_residual,42,,REQUIRED_INITIAL_TEXT,KQ-TENSOR-CLASSIFICATION-v1:gated_residual,ALWAYS_NEEDED_CANDIDATE,
model.language_model.layers.42.attn_hyper_connection.input_mix_weight_down.weight,model-00108-of-00131.safetensors,BF16,320x10240,2,3276800,6553600,text,gated_residual,42,,REQUIRED_INITIAL_TEXT,KQ-TENSOR-CLASSIFICATION-v1:gated_residual,ALWAYS_NEEDED_CANDIDATE,
model.language_model.layers.42.attn_hyper_connection.input_mix_weight_up.weight,model-00108-of-00131.safetensors,BF16,10240x320,2,3276800,6553600,text,gated_residual,42,,REQUIRED_INITIAL_TEXT,KQ-TENSOR-CLASSIFICATION-v1:gated_residual,ALWAYS_NEEDED_CANDIDATE,
model.language_model.layers.42.linear_attn.A_log,model-00108-of-00131.safetensors,BF16,48,1,48,96,text,gdn,42,,REQUIRED_INITIAL_TEXT,KQ-TENSOR-CLASSIFICATION-v1:gdn,ALWAYS_NEEDED_CANDIDATE,
model.language_model.layers.42.linear_attn.conv1d.weight,model-00108-of-00131.safetensors,BF16,10240x1x4,3,40960,81920,text,gdn,42,,REQUIRED_INITIAL_TEXT,KQ-TENSOR-CLASSIFICATION-v1:gdn,ALWAYS_NEEDED_CANDIDATE,
model.language_model.layers.42.linear_attn.dt_bias,model-00108-of-00131.safetensors,BF16,48,1,48,96,text,gdn,42,,REQUIRED_INITIAL_TEXT,KQ-TENSOR-CLASSIFICATION-v1:gdn,ALWAYS_NEEDED_CANDIDATE,
model.language_model.layers.42.linear_attn.in_proj_a.weight,model-00108-of-00131.safetensors,BF16,48x2560,2,122880,245760,text,gdn,42,,REQUIRED_INITIAL_TEXT,KQ-TENSOR-CLASSIFICATION-v1:gdn,ALWAYS_NEEDED_CANDIDATE,
model.language_model.layers.42.linear_attn.in_proj_b.weight,model-00108-of-00131.safetensors,BF16,48x2560,2,122880,245760,text,gdn,42,,REQUIRED_INITIAL_TEXT,KQ-TENSOR-CLASSIFICATION-v1:gdn,ALWAYS_NEEDED_CANDIDATE,
model.language_model.layers.42.linear_attn.in_proj_qkv.weight,model-00108-of-00131.safetensors,BF16,10240x2560,2,26214400,52428800,text,gdn,42,,REQUIRED_INITIAL_TEXT,KQ-TENSOR-CLASSIFICATION-v1:gdn,ALWAYS_NEEDED_CANDIDATE,
model.language_model.layers.42.linear_attn.in_proj_z.weight,model-00108-of-00131.safetensors,BF16,6144x2560,2,15728640,31457280,text,gdn,42,,REQUIRED_INITIAL_TEXT,KQ-TENSOR-CLASSIFICATION-v1:gdn,ALWAYS_NEEDED_CANDIDATE,
model.language_model.layers.42.linear_attn.norm.weight,model-00108-of-00131.safetensors,BF16,128,1,128,256,text,gdn,42,,REQUIRED_INITIAL_TEXT,KQ-TENSOR-CLASSIFICATION-v1:gdn,ALWAYS_NEEDED_CANDIDATE,
model.language_model.layers.42.linear_attn.out_proj.weight,model-00108-of-00131.safetensors,BF16,2560x6144,2,15728640,31457280,text,gdn,42,,REQUIRED_INITIAL_TEXT,KQ-TENSOR-CLASSIFICATION-v1:gdn,ALWAYS_NEEDED_CANDIDATE,
model.language_model.layers.42.mlp.experts.down_proj,model-00110-of-00131.safetensors,BF16,512x2560x640,3,838860800,1677721600,text,routed_experts,42,STACKED_0_511,REQUIRED_INITIAL_TEXT,KQ-TENSOR-CLASSIFICATION-v1:routed_experts,ROUTED_EXPERT_CACHE_CANDIDATE,canonical tensor stacks all 512 routed experts
model.language_model.layers.42.mlp.experts.gate_up_proj,model-00109-of-00131.safetensors,BF16,512x1280x2560,3,1677721600,3355443200,text,routed_experts,42,STACKED_0_511,REQUIRED_INITIAL_TEXT,KQ-TENSOR-CLASSIFICATION-v1:routed_experts,ROUTED_EXPERT_CACHE_CANDIDATE,canonical tensor stacks all 512 routed experts
model.language_model.layers.42.mlp.gate.weight,model-00110-of-00131.safetensors,BF16,512x2560,2,1310720,2621440,text,router,42,,REQUIRED_INITIAL_TEXT,KQ-TENSOR-CLASSIFICATION-v1:router,ALWAYS_NEEDED_CANDIDATE,
model.language_model.layers.42.mlp.shared_expert.down_proj.weight,model-00110-of-00131.safetensors,BF16,2560x640,2,1638400,3276800,text,shared_expert,42,,REQUIRED_INITIAL_TEXT,KQ-TENSOR-CLASSIFICATION-v1:shared_expert,ALWAYS_NEEDED_CANDIDATE,
model.language_model.layers.42.mlp.shared_expert.gate_proj.weight,model-00110-of-00131.safetensors,BF16,640x2560,2,1638400,3276800,text,shared_expert,42,,REQUIRED_INITIAL_TEXT,KQ-TENSOR-CLASSIFICATION-v1:shared_expert,ALWAYS_NEEDED_CANDIDATE,
model.language_model.layers.42.mlp.shared_expert.up_proj.weight,model-00110-of-00131.safetensors,BF16,640x2560,2,1638400,3276800,text,shared_expert,42,,REQUIRED_INITIAL_TEXT,KQ-TENSOR-CLASSIFICATION-v1:shared_expert,ALWAYS_NEEDED_CANDIDATE,
model.language_model.layers.42.mlp.shared_expert_gate.weight,model-00110-of-00131.safetensors,BF16,1x2560,2,2560,5120,text,shared_expert,42,,REQUIRED_INITIAL_TEXT,KQ-TENSOR-CLASSIFICATION-v1:shared_expert,ALWAYS_NEEDED_CANDIDATE,
model.language_model.layers.42.mlp_hyper_connection.block_inject_weight.weight,model-00110-of-00131.safetensors,BF16,4x10240,2,40960,81920,text,gated_residual,42,,REQUIRED_INITIAL_TEXT,KQ-TENSOR-CLASSIFICATION-v1:gated_residual,ALWAYS_NEEDED_CANDIDATE,
model.language_model.layers.42.mlp_hyper_connection.hc_norm.weight,model-00110-of-00131.safetensors,BF16,10240,1,10240,20480,text,gated_residual,42,,REQUIRED_INITIAL_TEXT,KQ-TENSOR-CLASSIFICATION-v1:gated_residual,ALWAYS_NEEDED_CANDIDATE,
model.language_model.layers.42.mlp_hyper_connection.input_mix_weight_down.weight,model-00110-of-00131.safetensors,BF16,320x10240,2,3276800,6553600,text,gated_residual,42,,REQUIRED_INITIAL_TEXT,KQ-TENSOR-CLASSIFICATION-v1:gated_residual,ALWAYS_NEEDED_CANDIDATE,
model.language_model.layers.42.mlp_hyper_connection.input_mix_weight_up.weight,model-00110-of-00131.safetensors,BF16,10240x320,2,3276800,6553600,text,gated_residual,42,,REQUIRED_INITIAL_TEXT,KQ-TENSOR-CLASSIFICATION-v1:gated_residual,ALWAYS_NEEDED_CANDIDATE,
model.language_model.layers.43.attn_hyper_connection.block_inject_weight.weight,model-00110-of-00131.safetensors,BF16,4x10240,2,40960,81920,text,gated_residual,43,,REQUIRED_INITIAL_TEXT,KQ-TENSOR-CLASSIFICATION-v1:gated_residual,ALWAYS_NEEDED_CANDIDATE,
model.language_model.layers.43.attn_hyper_connection.hc_norm.weight,model-00110-of-00131.safetensors,BF16,10240,1,10240,20480,text,gated_residual,43,,REQUIRED_INITIAL_TEXT,KQ-TENSOR-CLASSIFICATION-v1:gated_residual,ALWAYS_NEEDED_CANDIDATE,
model.language_model.layers.43.attn_hyper_connection.input_mix_weight_down.weight,model-00110-of-00131.safetensors,BF16,320x10240,2,3276800,6553600,text,gated_residual,43,,REQUIRED_INITIAL_TEXT,KQ-TENSOR-CLASSIFICATION-v1:gated_residual,ALWAYS_NEEDED_CANDIDATE,
model.language_model.layers.43.attn_hyper_connection.input_mix_weight_up.weight,model-00110-of-00131.safetensors,BF16,10240x320,2,3276800,6553600,text,gated_residual,43,,REQUIRED_INITIAL_TEXT,KQ-TENSOR-CLASSIFICATION-v1:gated_residual,ALWAYS_NEEDED_CANDIDATE,
model.language_model.layers.43.mlp.experts.down_proj,model-00112-of-00131.safetensors,BF16,512x2560x640,3,838860800,1677721600,text,routed_experts,43,STACKED_0_511,REQUIRED_INITIAL_TEXT,KQ-TENSOR-CLASSIFICATION-v1:routed_experts,ROUTED_EXPERT_CACHE_CANDIDATE,canonical tensor stacks all 512 routed experts
model.language_model.layers.43.mlp.experts.gate_up_proj,model-00111-of-00131.safetensors,BF16,512x1280x2560,3,1677721600,3355443200,text,routed_experts,43,STACKED_0_511,REQUIRED_INITIAL_TEXT,KQ-TENSOR-CLASSIFICATION-v1:routed_experts,ROUTED_EXPERT_CACHE_CANDIDATE,canonical tensor stacks all 512 routed experts
model.language_model.layers.43.mlp.gate.weight,model-00112-of-00131.safetensors,BF16,512x2560,2,1310720,2621440,text,router,43,,REQUIRED_INITIAL_TEXT,KQ-TENSOR-CLASSIFICATION-v1:router,ALWAYS_NEEDED_CANDIDATE,
model.language_model.layers.43.mlp.shared_expert.down_proj.weight,model-00112-of-00131.safetensors,BF16,2560x640,2,1638400,3276800,text,shared_expert,43,,REQUIRED_INITIAL_TEXT,KQ-TENSOR-CLASSIFICATION-v1:shared_expert,ALWAYS_NEEDED_CANDIDATE,
model.language_model.layers.43.mlp.shared_expert.gate_proj.weight,model-00112-of-00131.safetensors,BF16,640x2560,2,1638400,3276800,text,shared_expert,43,,REQUIRED_INITIAL_TEXT,KQ-TENSOR-CLASSIFICATION-v1:shared_expert,ALWAYS_NEEDED_CANDIDATE,
model.language_model.layers.43.mlp.shared_expert.up_proj.weight,model-00112-of-00131.safetensors,BF16,640x2560,2,1638400,3276800,text,shared_expert,43,,REQUIRED_INITIAL_TEXT,KQ-TENSOR-CLASSIFICATION-v1:shared_expert,ALWAYS_NEEDED_CANDIDATE,
model.language_model.layers.43.mlp.shared_expert_gate.weight,model-00112-of-00131.safetensors,BF16,1x2560,2,2560,5120,text,shared_expert,43,,REQUIRED_INITIAL_TEXT,KQ-TENSOR-CLASSIFICATION-v1:shared_expert,ALWAYS_NEEDED_CANDIDATE,
model.language_model.layers.43.mlp_hyper_connection.block_inject_weight.weight,model-00112-of-00131.safetensors,BF16,4x10240,2,40960,81920,text,gated_residual,43,,REQUIRED_INITIAL_TEXT,KQ-TENSOR-CLASSIFICATION-v1:gated_residual,ALWAYS_NEEDED_CANDIDATE,
model.language_model.layers.43.mlp_hyper_connection.hc_norm.weight,model-00112-of-00131.safetensors,BF16,10240,1,10240,20480,text,gated_residual,43,,REQUIRED_INITIAL_TEXT,KQ-TENSOR-CLASSIFICATION-v1:gated_residual,ALWAYS_NEEDED_CANDIDATE,
model.language_model.layers.43.mlp_hyper_connection.input_mix_weight_down.weight,model-00112-of-00131.safetensors,BF16,320x10240,2,3276800,6553600,text,gated_residual,43,,REQUIRED_INITIAL_TEXT,KQ-TENSOR-CLASSIFICATION-v1:gated_residual,ALWAYS_NEEDED_CANDIDATE,
model.language_model.layers.43.mlp_hyper_connection.input_mix_weight_up.weight,model-00112-of-00131.safetensors,BF16,10240x320,2,3276800,6553600,text,gated_residual,43,,REQUIRED_INITIAL_TEXT,KQ-TENSOR-CLASSIFICATION-v1:gated_residual,ALWAYS_NEEDED_CANDIDATE,
model.language_model.layers.43.self_attn.indexer.index_qk_proj.weight,model-00112-of-00131.safetensors,BF16,640x2560,2,1638400,3276800,text,qsa_indexer,43,,REQUIRED_INITIAL_TEXT,KQ-TENSOR-CLASSIFICATION-v1:qsa_indexer,ALWAYS_NEEDED_CANDIDATE,
model.language_model.layers.43.self_attn.indexer.k_layernorm.weight,model-00112-of-00131.safetensors,BF16,128,1,128,256,text,qsa_indexer,43,,REQUIRED_INITIAL_TEXT,KQ-TENSOR-CLASSIFICATION-v1:qsa_indexer,ALWAYS_NEEDED_CANDIDATE,
model.language_model.layers.43.self_attn.indexer.q_layernorm.weight,model-00112-of-00131.safetensors,BF16,128,1,128,256,text,qsa_indexer,43,,REQUIRED_INITIAL_TEXT,KQ-TENSOR-CLASSIFICATION-v1:qsa_indexer,ALWAYS_NEEDED_CANDIDATE,
model.language_model.layers.43.self_attn.k_norm.weight,model-00112-of-00131.safetensors,BF16,256,1,256,512,text,qsa_attention,43,,REQUIRED_INITIAL_TEXT,KQ-TENSOR-CLASSIFICATION-v1:qsa_attention,ALWAYS_NEEDED_CANDIDATE,
model.language_model.layers.43.self_attn.k_proj.weight,model-00112-of-00131.safetensors,BF16,512x2560,2,1310720,2621440,text,qsa_attention,43,,REQUIRED_INITIAL_TEXT,KQ-TENSOR-CLASSIFICATION-v1:qsa_attention,ALWAYS_NEEDED_CANDIDATE,
model.language_model.layers.43.self_attn.o_proj.weight,model-00112-of-00131.safetensors,BF16,2560x6144,2,15728640,31457280,text,qsa_attention,43,,REQUIRED_INITIAL_TEXT,KQ-TENSOR-CLASSIFICATION-v1:qsa_attention,ALWAYS_NEEDED_CANDIDATE,
model.language_model.layers.43.self_attn.q_norm.weight,model-00112-of-00131.safetensors,BF16,256,1,256,512,text,qsa_attention,43,,REQUIRED_INITIAL_TEXT,KQ-TENSOR-CLASSIFICATION-v1:qsa_attention,ALWAYS_NEEDED_CANDIDATE,
model.language_model.layers.43.self_attn.q_proj.weight,model-00112-of-00131.safetensors,BF16,12288x2560,2,31457280,62914560,text,qsa_attention,43,,REQUIRED_INITIAL_TEXT,KQ-TENSOR-CLASSIFICATION-v1:qsa_attention,ALWAYS_NEEDED_CANDIDATE,
model.language_model.layers.43.self_attn.v_proj.weight,model-00112-of-00131.safetensors,BF16,512x2560,2,1310720,2621440,text,qsa_attention,43,,REQUIRED_INITIAL_TEXT,KQ-TENSOR-CLASSIFICATION-v1:qsa_attention,ALWAYS_NEEDED_CANDIDATE,
model.language_model.layers.44.attn_hyper_connection.block_inject_weight.weight,model-00112-of-00131.safetensors,BF16,4x10240,2,40960,81920,text,gated_residual,44,,REQUIRED_INITIAL_TEXT,KQ-TENSOR-CLASSIFICATION-v1:gated_residual,ALWAYS_NEEDED_CANDIDATE,
model.language_model.layers.44.attn_hyper_connection.hc_norm.weight,model-00112-of-00131.safetensors,BF16,10240,1,10240,20480,text,gated_residual,44,,REQUIRED_INITIAL_TEXT,KQ-TENSOR-CLASSIFICATION-v1:gated_residual,ALWAYS_NEEDED_CANDIDATE,
model.language_model.layers.44.attn_hyper_connection.input_mix_weight_down.weight,model-00112-of-00131.safetensors,BF16,320x10240,2,3276800,6553600,text,gated_residual,44,,REQUIRED_INITIAL_TEXT,KQ-TENSOR-CLASSIFICATION-v1:gated_residual,ALWAYS_NEEDED_CANDIDATE,
model.language_model.layers.44.attn_hyper_connection.input_mix_weight_up.weight,model-00112-of-00131.safetensors,BF16,10240x320,2,3276800,6553600,text,gated_residual,44,,REQUIRED_INITIAL_TEXT,KQ-TENSOR-CLASSIFICATION-v1:gated_residual,ALWAYS_NEEDED_CANDIDATE,
model.language_model.layers.44.linear_attn.A_log,model-00112-of-00131.safetensors,BF16,48,1,48,96,text,gdn,44,,REQUIRED_INITIAL_TEXT,KQ-TENSOR-CLASSIFICATION-v1:gdn,ALWAYS_NEEDED_CANDIDATE,
model.language_model.layers.44.linear_attn.conv1d.weight,model-00112-of-00131.safetensors,BF16,10240x1x4,3,40960,81920,text,gdn,44,,REQUIRED_INITIAL_TEXT,KQ-TENSOR-CLASSIFICATION-v1:gdn,ALWAYS_NEEDED_CANDIDATE,
model.language_model.layers.44.linear_attn.dt_bias,model-00112-of-00131.safetensors,BF16,48,1,48,96,text,gdn,44,,REQUIRED_INITIAL_TEXT,KQ-TENSOR-CLASSIFICATION-v1:gdn,ALWAYS_NEEDED_CANDIDATE,
model.language_model.layers.44.linear_attn.in_proj_a.weight,model-00112-of-00131.safetensors,BF16,48x2560,2,122880,245760,text,gdn,44,,REQUIRED_INITIAL_TEXT,KQ-TENSOR-CLASSIFICATION-v1:gdn,ALWAYS_NEEDED_CANDIDATE,
model.language_model.layers.44.linear_attn.in_proj_b.weight,model-00112-of-00131.safetensors,BF16,48x2560,2,122880,245760,text,gdn,44,,REQUIRED_INITIAL_TEXT,KQ-TENSOR-CLASSIFICATION-v1:gdn,ALWAYS_NEEDED_CANDIDATE,
model.language_model.layers.44.linear_attn.in_proj_qkv.weight,model-00112-of-00131.safetensors,BF16,10240x2560,2,26214400,52428800,text,gdn,44,,REQUIRED_INITIAL_TEXT,KQ-TENSOR-CLASSIFICATION-v1:gdn,ALWAYS_NEEDED_CANDIDATE,
model.language_model.layers.44.linear_attn.in_proj_z.weight,model-00112-of-00131.safetensors,BF16,6144x2560,2,15728640,31457280,text,gdn,44,,REQUIRED_INITIAL_TEXT,KQ-TENSOR-CLASSIFICATION-v1:gdn,ALWAYS_NEEDED_CANDIDATE,
model.language_model.layers.44.linear_attn.norm.weight,model-00112-of-00131.safetensors,BF16,128,1,128,256,text,gdn,44,,REQUIRED_INITIAL_TEXT,KQ-TENSOR-CLASSIFICATION-v1:gdn,ALWAYS_NEEDED_CANDIDATE,
model.language_model.layers.44.linear_attn.out_proj.weight,model-00112-of-00131.safetensors,BF16,2560x6144,2,15728640,31457280,text,gdn,44,,REQUIRED_INITIAL_TEXT,KQ-TENSOR-CLASSIFICATION-v1:gdn,ALWAYS_NEEDED_CANDIDATE,
model.language_model.layers.44.mlp.experts.down_proj,model-00114-of-00131.safetensors,BF16,512x2560x640,3,838860800,1677721600,text,routed_experts,44,STACKED_0_511,REQUIRED_INITIAL_TEXT,KQ-TENSOR-CLASSIFICATION-v1:routed_experts,ROUTED_EXPERT_CACHE_CANDIDATE,canonical tensor stacks all 512 routed experts
model.language_model.layers.44.mlp.experts.gate_up_proj,model-00113-of-00131.safetensors,BF16,512x1280x2560,3,1677721600,3355443200,text,routed_experts,44,STACKED_0_511,REQUIRED_INITIAL_TEXT,KQ-TENSOR-CLASSIFICATION-v1:routed_experts,ROUTED_EXPERT_CACHE_CANDIDATE,canonical tensor stacks all 512 routed experts
model.language_model.layers.44.mlp.gate.weight,model-00114-of-00131.safetensors,BF16,512x2560,2,1310720,2621440,text,router,44,,REQUIRED_INITIAL_TEXT,KQ-TENSOR-CLASSIFICATION-v1:router,ALWAYS_NEEDED_CANDIDATE,
model.language_model.layers.44.mlp.shared_expert.down_proj.weight,model-00114-of-00131.safetensors,BF16,2560x640,2,1638400,3276800,text,shared_expert,44,,REQUIRED_INITIAL_TEXT,KQ-TENSOR-CLASSIFICATION-v1:shared_expert,ALWAYS_NEEDED_CANDIDATE,
model.language_model.layers.44.mlp.shared_expert.gate_proj.weight,model-00114-of-00131.safetensors,BF16,640x2560,2,1638400,3276800,text,shared_expert,44,,REQUIRED_INITIAL_TEXT,KQ-TENSOR-CLASSIFICATION-v1:shared_expert,ALWAYS_NEEDED_CANDIDATE,
model.language_model.layers.44.mlp.shared_expert.up_proj.weight,model-00114-of-00131.safetensors,BF16,640x2560,2,1638400,3276800,text,shared_expert,44,,REQUIRED_INITIAL_TEXT,KQ-TENSOR-CLASSIFICATION-v1:shared_expert,ALWAYS_NEEDED_CANDIDATE,
model.language_model.layers.44.mlp.shared_expert_gate.weight,model-00114-of-00131.safetensors,BF16,1x2560,2,2560,5120,text,shared_expert,44,,REQUIRED_INITIAL_TEXT,KQ-TENSOR-CLASSIFICATION-v1:shared_expert,ALWAYS_NEEDED_CANDIDATE,
model.language_model.layers.44.mlp_hyper_connection.block_inject_weight.weight,model-00114-of-00131.safetensors,BF16,4x10240,2,40960,81920,text,gated_residual,44,,REQUIRED_INITIAL_TEXT,KQ-TENSOR-CLASSIFICATION-v1:gated_residual,ALWAYS_NEEDED_CANDIDATE,
model.language_model.layers.44.mlp_hyper_connection.hc_norm.weight,model-00114-of-00131.safetensors,BF16,10240,1,10240,20480,text,gated_residual,44,,REQUIRED_INITIAL_TEXT,KQ-TENSOR-CLASSIFICATION-v1:gated_residual,ALWAYS_NEEDED_CANDIDATE,
model.language_model.layers.44.mlp_hyper_connection.input_mix_weight_down.weight,model-00114-of-00131.safetensors,BF16,320x10240,2,3276800,6553600,text,gated_residual,44,,REQUIRED_INITIAL_TEXT,KQ-TENSOR-CLASSIFICATION-v1:gated_residual,ALWAYS_NEEDED_CANDIDATE,
model.language_model.layers.44.mlp_hyper_connection.input_mix_weight_up.weight,model-00114-of-00131.safetensors,BF16,10240x320,2,3276800,6553600,text,gated_residual,44,,REQUIRED_INITIAL_TEXT,KQ-TENSOR-CLASSIFICATION-v1:gated_residual,ALWAYS_NEEDED_CANDIDATE,
model.language_model.layers.45.attn_hyper_connection.block_inject_weight.weight,model-00114-of-00131.safetensors,BF16,4x10240,2,40960,81920,text,gated_residual,45,,REQUIRED_INITIAL_TEXT,KQ-TENSOR-CLASSIFICATION-v1:gated_residual,ALWAYS_NEEDED_CANDIDATE,
model.language_model.layers.45.attn_hyper_connection.hc_norm.weight,model-00114-of-00131.safetensors,BF16,10240,1,10240,20480,text,gated_residual,45,,REQUIRED_INITIAL_TEXT,KQ-TENSOR-CLASSIFICATION-v1:gated_residual,ALWAYS_NEEDED_CANDIDATE,
model.language_model.layers.45.attn_hyper_connection.input_mix_weight_down.weight,model-00114-of-00131.safetensors,BF16,320x10240,2,3276800,6553600,text,gated_residual,45,,REQUIRED_INITIAL_TEXT,KQ-TENSOR-CLASSIFICATION-v1:gated_residual,ALWAYS_NEEDED_CANDIDATE,
model.language_model.layers.45.attn_hyper_connection.input_mix_weight_up.weight,model-00114-of-00131.safetensors,BF16,10240x320,2,3276800,6553600,text,gated_residual,45,,REQUIRED_INITIAL_TEXT,KQ-TENSOR-CLASSIFICATION-v1:gated_residual,ALWAYS_NEEDED_CANDIDATE,
model.language_model.layers.45.linear_attn.A_log,model-00114-of-00131.safetensors,BF16,48,1,48,96,text,gdn,45,,REQUIRED_INITIAL_TEXT,KQ-TENSOR-CLASSIFICATION-v1:gdn,ALWAYS_NEEDED_CANDIDATE,
model.language_model.layers.45.linear_attn.conv1d.weight,model-00114-of-00131.safetensors,BF16,10240x1x4,3,40960,81920,text,gdn,45,,REQUIRED_INITIAL_TEXT,KQ-TENSOR-CLASSIFICATION-v1:gdn,ALWAYS_NEEDED_CANDIDATE,
model.language_model.layers.45.linear_attn.dt_bias,model-00114-of-00131.safetensors,BF16,48,1,48,96,text,gdn,45,,REQUIRED_INITIAL_TEXT,KQ-TENSOR-CLASSIFICATION-v1:gdn,ALWAYS_NEEDED_CANDIDATE,
model.language_model.layers.45.linear_attn.in_proj_a.weight,model-00114-of-00131.safetensors,BF16,48x2560,2,122880,245760,text,gdn,45,,REQUIRED_INITIAL_TEXT,KQ-TENSOR-CLASSIFICATION-v1:gdn,ALWAYS_NEEDED_CANDIDATE,
model.language_model.layers.45.linear_attn.in_proj_b.weight,model-00114-of-00131.safetensors,BF16,48x2560,2,122880,245760,text,gdn,45,,REQUIRED_INITIAL_TEXT,KQ-TENSOR-CLASSIFICATION-v1:gdn,ALWAYS_NEEDED_CANDIDATE,
model.language_model.layers.45.linear_attn.in_proj_qkv.weight,model-00114-of-00131.safetensors,BF16,10240x2560,2,26214400,52428800,text,gdn,45,,REQUIRED_INITIAL_TEXT,KQ-TENSOR-CLASSIFICATION-v1:gdn,ALWAYS_NEEDED_CANDIDATE,
model.language_model.layers.45.linear_attn.in_proj_z.weight,model-00114-of-00131.safetensors,BF16,6144x2560,2,15728640,31457280,text,gdn,45,,REQUIRED_INITIAL_TEXT,KQ-TENSOR-CLASSIFICATION-v1:gdn,ALWAYS_NEEDED_CANDIDATE,
model.language_model.layers.45.linear_attn.norm.weight,model-00114-of-00131.safetensors,BF16,128,1,128,256,text,gdn,45,,REQUIRED_INITIAL_TEXT,KQ-TENSOR-CLASSIFICATION-v1:gdn,ALWAYS_NEEDED_CANDIDATE,
model.language_model.layers.45.linear_attn.out_proj.weight,model-00114-of-00131.safetensors,BF16,2560x6144,2,15728640,31457280,text,gdn,45,,REQUIRED_INITIAL_TEXT,KQ-TENSOR-CLASSIFICATION-v1:gdn,ALWAYS_NEEDED_CANDIDATE,
model.language_model.layers.45.mlp.experts.down_proj,model-00116-of-00131.safetensors,BF16,512x2560x640,3,838860800,1677721600,text,routed_experts,45,STACKED_0_511,REQUIRED_INITIAL_TEXT,KQ-TENSOR-CLASSIFICATION-v1:routed_experts,ROUTED_EXPERT_CACHE_CANDIDATE,canonical tensor stacks all 512 routed experts
model.language_model.layers.45.mlp.experts.gate_up_proj,model-00115-of-00131.safetensors,BF16,512x1280x2560,3,1677721600,3355443200,text,routed_experts,45,STACKED_0_511,REQUIRED_INITIAL_TEXT,KQ-TENSOR-CLASSIFICATION-v1:routed_experts,ROUTED_EXPERT_CACHE_CANDIDATE,canonical tensor stacks all 512 routed experts
model.language_model.layers.45.mlp.gate.weight,model-00116-of-00131.safetensors,BF16,512x2560,2,1310720,2621440,text,router,45,,REQUIRED_INITIAL_TEXT,KQ-TENSOR-CLASSIFICATION-v1:router,ALWAYS_NEEDED_CANDIDATE,
model.language_model.layers.45.mlp.shared_expert.down_proj.weight,model-00116-of-00131.safetensors,BF16,2560x640,2,1638400,3276800,text,shared_expert,45,,REQUIRED_INITIAL_TEXT,KQ-TENSOR-CLASSIFICATION-v1:shared_expert,ALWAYS_NEEDED_CANDIDATE,
model.language_model.layers.45.mlp.shared_expert.gate_proj.weight,model-00116-of-00131.safetensors,BF16,640x2560,2,1638400,3276800,text,shared_expert,45,,REQUIRED_INITIAL_TEXT,KQ-TENSOR-CLASSIFICATION-v1:shared_expert,ALWAYS_NEEDED_CANDIDATE,
model.language_model.layers.45.mlp.shared_expert.up_proj.weight,model-00116-of-00131.safetensors,BF16,640x2560,2,1638400,3276800,text,shared_expert,45,,REQUIRED_INITIAL_TEXT,KQ-TENSOR-CLASSIFICATION-v1:shared_expert,ALWAYS_NEEDED_CANDIDATE,
model.language_model.layers.45.mlp.shared_expert_gate.weight,model-00116-of-00131.safetensors,BF16,1x2560,2,2560,5120,text,shared_expert,45,,REQUIRED_INITIAL_TEXT,KQ-TENSOR-CLASSIFICATION-v1:shared_expert,ALWAYS_NEEDED_CANDIDATE,
model.language_model.layers.45.mlp_hyper_connection.block_inject_weight.weight,model-00116-of-00131.safetensors,BF16,4x10240,2,40960,81920,text,gated_residual,45,,REQUIRED_INITIAL_TEXT,KQ-TENSOR-CLASSIFICATION-v1:gated_residual,ALWAYS_NEEDED_CANDIDATE,
model.language_model.layers.45.mlp_hyper_connection.hc_norm.weight,model-00116-of-00131.safetensors,BF16,10240,1,10240,20480,text,gated_residual,45,,REQUIRED_INITIAL_TEXT,KQ-TENSOR-CLASSIFICATION-v1:gated_residual,ALWAYS_NEEDED_CANDIDATE,
model.language_model.layers.45.mlp_hyper_connection.input_mix_weight_down.weight,model-00116-of-00131.safetensors,BF16,320x10240,2,3276800,6553600,text,gated_residual,45,,REQUIRED_INITIAL_TEXT,KQ-TENSOR-CLASSIFICATION-v1:gated_residual,ALWAYS_NEEDED_CANDIDATE,
model.language_model.layers.45.mlp_hyper_connection.input_mix_weight_up.weight,model-00116-of-00131.safetensors,BF16,10240x320,2,3276800,6553600,text,gated_residual,45,,REQUIRED_INITIAL_TEXT,KQ-TENSOR-CLASSIFICATION-v1:gated_residual,ALWAYS_NEEDED_CANDIDATE,
model.language_model.layers.46.attn_hyper_connection.block_inject_weight.weight,model-00116-of-00131.safetensors,BF16,4x10240,2,40960,81920,text,gated_residual,46,,REQUIRED_INITIAL_TEXT,KQ-TENSOR-CLASSIFICATION-v1:gated_residual,ALWAYS_NEEDED_CANDIDATE,
model.language_model.layers.46.attn_hyper_connection.hc_norm.weight,model-00116-of-00131.safetensors,BF16,10240,1,10240,20480,text,gated_residual,46,,REQUIRED_INITIAL_TEXT,KQ-TENSOR-CLASSIFICATION-v1:gated_residual,ALWAYS_NEEDED_CANDIDATE,
model.language_model.layers.46.attn_hyper_connection.input_mix_weight_down.weight,model-00116-of-00131.safetensors,BF16,320x10240,2,3276800,6553600,text,gated_residual,46,,REQUIRED_INITIAL_TEXT,KQ-TENSOR-CLASSIFICATION-v1:gated_residual,ALWAYS_NEEDED_CANDIDATE,
model.language_model.layers.46.attn_hyper_connection.input_mix_weight_up.weight,model-00116-of-00131.safetensors,BF16,10240x320,2,3276800,6553600,text,gated_residual,46,,REQUIRED_INITIAL_TEXT,KQ-TENSOR-CLASSIFICATION-v1:gated_residual,ALWAYS_NEEDED_CANDIDATE,
model.language_model.layers.46.linear_attn.A_log,model-00116-of-00131.safetensors,BF16,48,1,48,96,text,gdn,46,,REQUIRED_INITIAL_TEXT,KQ-TENSOR-CLASSIFICATION-v1:gdn,ALWAYS_NEEDED_CANDIDATE,
model.language_model.layers.46.linear_attn.conv1d.weight,model-00116-of-00131.safetensors,BF16,10240x1x4,3,40960,81920,text,gdn,46,,REQUIRED_INITIAL_TEXT,KQ-TENSOR-CLASSIFICATION-v1:gdn,ALWAYS_NEEDED_CANDIDATE,
model.language_model.layers.46.linear_attn.dt_bias,model-00116-of-00131.safetensors,BF16,48,1,48,96,text,gdn,46,,REQUIRED_INITIAL_TEXT,KQ-TENSOR-CLASSIFICATION-v1:gdn,ALWAYS_NEEDED_CANDIDATE,
model.language_model.layers.46.linear_attn.in_proj_a.weight,model-00116-of-00131.safetensors,BF16,48x2560,2,122880,245760,text,gdn,46,,REQUIRED_INITIAL_TEXT,KQ-TENSOR-CLASSIFICATION-v1:gdn,ALWAYS_NEEDED_CANDIDATE,
model.language_model.layers.46.linear_attn.in_proj_b.weight,model-00116-of-00131.safetensors,BF16,48x2560,2,122880,245760,text,gdn,46,,REQUIRED_INITIAL_TEXT,KQ-TENSOR-CLASSIFICATION-v1:gdn,ALWAYS_NEEDED_CANDIDATE,
model.language_model.layers.46.linear_attn.in_proj_qkv.weight,model-00116-of-00131.safetensors,BF16,10240x2560,2,26214400,52428800,text,gdn,46,,REQUIRED_INITIAL_TEXT,KQ-TENSOR-CLASSIFICATION-v1:gdn,ALWAYS_NEEDED_CANDIDATE,
model.language_model.layers.46.linear_attn.in_proj_z.weight,model-00116-of-00131.safetensors,BF16,6144x2560,2,15728640,31457280,text,gdn,46,,REQUIRED_INITIAL_TEXT,KQ-TENSOR-CLASSIFICATION-v1:gdn,ALWAYS_NEEDED_CANDIDATE,
model.language_model.layers.46.linear_attn.norm.weight,model-00116-of-00131.safetensors,BF16,128,1,128,256,text,gdn,46,,REQUIRED_INITIAL_TEXT,KQ-TENSOR-CLASSIFICATION-v1:gdn,ALWAYS_NEEDED_CANDIDATE,
model.language_model.layers.46.linear_attn.out_proj.weight,model-00116-of-00131.safetensors,BF16,2560x6144,2,15728640,31457280,text,gdn,46,,REQUIRED_INITIAL_TEXT,KQ-TENSOR-CLASSIFICATION-v1:gdn,ALWAYS_NEEDED_CANDIDATE,
model.language_model.layers.46.mlp.experts.down_proj,model-00118-of-00131.safetensors,BF16,512x2560x640,3,838860800,1677721600,text,routed_experts,46,STACKED_0_511,REQUIRED_INITIAL_TEXT,KQ-TENSOR-CLASSIFICATION-v1:routed_experts,ROUTED_EXPERT_CACHE_CANDIDATE,canonical tensor stacks all 512 routed experts
model.language_model.layers.46.mlp.experts.gate_up_proj,model-00117-of-00131.safetensors,BF16,512x1280x2560,3,1677721600,3355443200,text,routed_experts,46,STACKED_0_511,REQUIRED_INITIAL_TEXT,KQ-TENSOR-CLASSIFICATION-v1:routed_experts,ROUTED_EXPERT_CACHE_CANDIDATE,canonical tensor stacks all 512 routed experts
model.language_model.layers.46.mlp.gate.weight,model-00118-of-00131.safetensors,BF16,512x2560,2,1310720,2621440,text,router,46,,REQUIRED_INITIAL_TEXT,KQ-TENSOR-CLASSIFICATION-v1:router,ALWAYS_NEEDED_CANDIDATE,
model.language_model.layers.46.mlp.shared_expert.down_proj.weight,model-00118-of-00131.safetensors,BF16,2560x640,2,1638400,3276800,text,shared_expert,46,,REQUIRED_INITIAL_TEXT,KQ-TENSOR-CLASSIFICATION-v1:shared_expert,ALWAYS_NEEDED_CANDIDATE,
model.language_model.layers.46.mlp.shared_expert.gate_proj.weight,model-00118-of-00131.safetensors,BF16,640x2560,2,1638400,3276800,text,shared_expert,46,,REQUIRED_INITIAL_TEXT,KQ-TENSOR-CLASSIFICATION-v1:shared_expert,ALWAYS_NEEDED_CANDIDATE,
model.language_model.layers.46.mlp.shared_expert.up_proj.weight,model-00118-of-00131.safetensors,BF16,640x2560,2,1638400,3276800,text,shared_expert,46,,REQUIRED_INITIAL_TEXT,KQ-TENSOR-CLASSIFICATION-v1:shared_expert,ALWAYS_NEEDED_CANDIDATE,
model.language_model.layers.46.mlp.shared_expert_gate.weight,model-00118-of-00131.safetensors,BF16,1x2560,2,2560,5120,text,shared_expert,46,,REQUIRED_INITIAL_TEXT,KQ-TENSOR-CLASSIFICATION-v1:shared_expert,ALWAYS_NEEDED_CANDIDATE,
model.language_model.layers.46.mlp_hyper_connection.block_inject_weight.weight,model-00118-of-00131.safetensors,BF16,4x10240,2,40960,81920,text,gated_residual,46,,REQUIRED_INITIAL_TEXT,KQ-TENSOR-CLASSIFICATION-v1:gated_residual,ALWAYS_NEEDED_CANDIDATE,
model.language_model.layers.46.mlp_hyper_connection.hc_norm.weight,model-00118-of-00131.safetensors,BF16,10240,1,10240,20480,text,gated_residual,46,,REQUIRED_INITIAL_TEXT,KQ-TENSOR-CLASSIFICATION-v1:gated_residual,ALWAYS_NEEDED_CANDIDATE,
model.language_model.layers.46.mlp_hyper_connection.input_mix_weight_down.weight,model-00118-of-00131.safetensors,BF16,320x10240,2,3276800,6553600,text,gated_residual,46,,REQUIRED_INITIAL_TEXT,KQ-TENSOR-CLASSIFICATION-v1:gated_residual,ALWAYS_NEEDED_CANDIDATE,
model.language_model.layers.46.mlp_hyper_connection.input_mix_weight_up.weight,model-00118-of-00131.safetensors,BF16,10240x320,2,3276800,6553600,text,gated_residual,46,,REQUIRED_INITIAL_TEXT,KQ-TENSOR-CLASSIFICATION-v1:gated_residual,ALWAYS_NEEDED_CANDIDATE,
model.language_model.layers.47.attn_hyper_connection.block_inject_weight.weight,model-00118-of-00131.safetensors,BF16,4x10240,2,40960,81920,text,gated_residual,47,,REQUIRED_INITIAL_TEXT,KQ-TENSOR-CLASSIFICATION-v1:gated_residual,ALWAYS_NEEDED_CANDIDATE,
model.language_model.layers.47.attn_hyper_connection.hc_norm.weight,model-00118-of-00131.safetensors,BF16,10240,1,10240,20480,text,gated_residual,47,,REQUIRED_INITIAL_TEXT,KQ-TENSOR-CLASSIFICATION-v1:gated_residual,ALWAYS_NEEDED_CANDIDATE,
model.language_model.layers.47.attn_hyper_connection.input_mix_weight_down.weight,model-00118-of-00131.safetensors,BF16,320x10240,2,3276800,6553600,text,gated_residual,47,,REQUIRED_INITIAL_TEXT,KQ-TENSOR-CLASSIFICATION-v1:gated_residual,ALWAYS_NEEDED_CANDIDATE,
model.language_model.layers.47.attn_hyper_connection.input_mix_weight_up.weight,model-00118-of-00131.safetensors,BF16,10240x320,2,3276800,6553600,text,gated_residual,47,,REQUIRED_INITIAL_TEXT,KQ-TENSOR-CLASSIFICATION-v1:gated_residual,ALWAYS_NEEDED_CANDIDATE,
model.language_model.layers.47.mlp.experts.down_proj,model-00120-of-00131.safetensors,BF16,512x2560x640,3,838860800,1677721600,text,routed_experts,47,STACKED_0_511,REQUIRED_INITIAL_TEXT,KQ-TENSOR-CLASSIFICATION-v1:routed_experts,ROUTED_EXPERT_CACHE_CANDIDATE,canonical tensor stacks all 512 routed experts
model.language_model.layers.47.mlp.experts.gate_up_proj,model-00119-of-00131.safetensors,BF16,512x1280x2560,3,1677721600,3355443200,text,routed_experts,47,STACKED_0_511,REQUIRED_INITIAL_TEXT,KQ-TENSOR-CLASSIFICATION-v1:routed_experts,ROUTED_EXPERT_CACHE_CANDIDATE,canonical tensor stacks all 512 routed experts
model.language_model.layers.47.mlp.gate.weight,model-00120-of-00131.safetensors,BF16,512x2560,2,1310720,2621440,text,router,47,,REQUIRED_INITIAL_TEXT,KQ-TENSOR-CLASSIFICATION-v1:router,ALWAYS_NEEDED_CANDIDATE,
model.language_model.layers.47.mlp.shared_expert.down_proj.weight,model-00120-of-00131.safetensors,BF16,2560x640,2,1638400,3276800,text,shared_expert,47,,REQUIRED_INITIAL_TEXT,KQ-TENSOR-CLASSIFICATION-v1:shared_expert,ALWAYS_NEEDED_CANDIDATE,
model.language_model.layers.47.mlp.shared_expert.gate_proj.weight,model-00120-of-00131.safetensors,BF16,640x2560,2,1638400,3276800,text,shared_expert,47,,REQUIRED_INITIAL_TEXT,KQ-TENSOR-CLASSIFICATION-v1:shared_expert,ALWAYS_NEEDED_CANDIDATE,
model.language_model.layers.47.mlp.shared_expert.up_proj.weight,model-00120-of-00131.safetensors,BF16,640x2560,2,1638400,3276800,text,shared_expert,47,,REQUIRED_INITIAL_TEXT,KQ-TENSOR-CLASSIFICATION-v1:shared_expert,ALWAYS_NEEDED_CANDIDATE,
model.language_model.layers.47.mlp.shared_expert_gate.weight,model-00120-of-00131.safetensors,BF16,1x2560,2,2560,5120,text,shared_expert,47,,REQUIRED_INITIAL_TEXT,KQ-TENSOR-CLASSIFICATION-v1:shared_expert,ALWAYS_NEEDED_CANDIDATE,
model.language_model.layers.47.mlp_hyper_connection.block_inject_weight.weight,model-00120-of-00131.safetensors,BF16,4x10240,2,40960,81920,text,gated_residual,47,,REQUIRED_INITIAL_TEXT,KQ-TENSOR-CLASSIFICATION-v1:gated_residual,ALWAYS_NEEDED_CANDIDATE,
model.language_model.layers.47.mlp_hyper_connection.hc_norm.weight,model-00120-of-00131.safetensors,BF16,10240,1,10240,20480,text,gated_residual,47,,REQUIRED_INITIAL_TEXT,KQ-TENSOR-CLASSIFICATION-v1:gated_residual,ALWAYS_NEEDED_CANDIDATE,
model.language_model.layers.47.mlp_hyper_connection.input_mix_weight_down.weight,model-00120-of-00131.safetensors,BF16,320x10240,2,3276800,6553600,text,gated_residual,47,,REQUIRED_INITIAL_TEXT,KQ-TENSOR-CLASSIFICATION-v1:gated_residual,ALWAYS_NEEDED_CANDIDATE,
model.language_model.layers.47.mlp_hyper_connection.input_mix_weight_up.weight,model-00120-of-00131.safetensors,BF16,10240x320,2,3276800,6553600,text,gated_residual,47,,REQUIRED_INITIAL_TEXT,KQ-TENSOR-CLASSIFICATION-v1:gated_residual,ALWAYS_NEEDED_CANDIDATE,
model.language_model.layers.47.self_attn.indexer.index_qk_proj.weight,model-00120-of-00131.safetensors,BF16,640x2560,2,1638400,3276800,text,qsa_indexer,47,,REQUIRED_INITIAL_TEXT,KQ-TENSOR-CLASSIFICATION-v1:qsa_indexer,ALWAYS_NEEDED_CANDIDATE,
model.language_model.layers.47.self_attn.indexer.k_layernorm.weight,model-00120-of-00131.safetensors,BF16,128,1,128,256,text,qsa_indexer,47,,REQUIRED_INITIAL_TEXT,KQ-TENSOR-CLASSIFICATION-v1:qsa_indexer,ALWAYS_NEEDED_CANDIDATE,
model.language_model.layers.47.self_attn.indexer.q_layernorm.weight,model-00120-of-00131.safetensors,BF16,128,1,128,256,text,qsa_indexer,47,,REQUIRED_INITIAL_TEXT,KQ-TENSOR-CLASSIFICATION-v1:qsa_indexer,ALWAYS_NEEDED_CANDIDATE,
model.language_model.layers.47.self_attn.k_norm.weight,model-00120-of-00131.safetensors,BF16,256,1,256,512,text,qsa_attention,47,,REQUIRED_INITIAL_TEXT,KQ-TENSOR-CLASSIFICATION-v1:qsa_attention,ALWAYS_NEEDED_CANDIDATE,
model.language_model.layers.47.self_attn.k_proj.weight,model-00120-of-00131.safetensors,BF16,512x2560,2,1310720,2621440,text,qsa_attention,47,,REQUIRED_INITIAL_TEXT,KQ-TENSOR-CLASSIFICATION-v1:qsa_attention,ALWAYS_NEEDED_CANDIDATE,
model.language_model.layers.47.self_attn.o_proj.weight,model-00120-of-00131.safetensors,BF16,2560x6144,2,15728640,31457280,text,qsa_attention,47,,REQUIRED_INITIAL_TEXT,KQ-TENSOR-CLASSIFICATION-v1:qsa_attention,ALWAYS_NEEDED_CANDIDATE,
model.language_model.layers.47.self_attn.q_norm.weight,model-00120-of-00131.safetensors,BF16,256,1,256,512,text,qsa_attention,47,,REQUIRED_INITIAL_TEXT,KQ-TENSOR-CLASSIFICATION-v1:qsa_attention,ALWAYS_NEEDED_CANDIDATE,
model.language_model.layers.47.self_attn.q_proj.weight,model-00120-of-00131.safetensors,BF16,12288x2560,2,31457280,62914560,text,qsa_attention,47,,REQUIRED_INITIAL_TEXT,KQ-TENSOR-CLASSIFICATION-v1:qsa_attention,ALWAYS_NEEDED_CANDIDATE,
model.language_model.layers.47.self_attn.v_proj.weight,model-00120-of-00131.safetensors,BF16,512x2560,2,1310720,2621440,text,qsa_attention,47,,REQUIRED_INITIAL_TEXT,KQ-TENSOR-CLASSIFICATION-v1:qsa_attention,ALWAYS_NEEDED_CANDIDATE,
model.language_model.layers.5.attn_hyper_connection.block_inject_weight.weight,model-00120-of-00131.safetensors,BF16,4x10240,2,40960,81920,text,gated_residual,5,,REQUIRED_INITIAL_TEXT,KQ-TENSOR-CLASSIFICATION-v1:gated_residual,ALWAYS_NEEDED_CANDIDATE,
model.language_model.layers.5.attn_hyper_connection.hc_norm.weight,model-00120-of-00131.safetensors,BF16,10240,1,10240,20480,text,gated_residual,5,,REQUIRED_INITIAL_TEXT,KQ-TENSOR-CLASSIFICATION-v1:gated_residual,ALWAYS_NEEDED_CANDIDATE,
model.language_model.layers.5.attn_hyper_connection.input_mix_weight_down.weight,model-00120-of-00131.safetensors,BF16,320x10240,2,3276800,6553600,text,gated_residual,5,,REQUIRED_INITIAL_TEXT,KQ-TENSOR-CLASSIFICATION-v1:gated_residual,ALWAYS_NEEDED_CANDIDATE,
model.language_model.layers.5.attn_hyper_connection.input_mix_weight_up.weight,model-00120-of-00131.safetensors,BF16,10240x320,2,3276800,6553600,text,gated_residual,5,,REQUIRED_INITIAL_TEXT,KQ-TENSOR-CLASSIFICATION-v1:gated_residual,ALWAYS_NEEDED_CANDIDATE,
model.language_model.layers.5.linear_attn.A_log,model-00120-of-00131.safetensors,BF16,48,1,48,96,text,gdn,5,,REQUIRED_INITIAL_TEXT,KQ-TENSOR-CLASSIFICATION-v1:gdn,ALWAYS_NEEDED_CANDIDATE,
model.language_model.layers.5.linear_attn.conv1d.weight,model-00120-of-00131.safetensors,BF16,10240x1x4,3,40960,81920,text,gdn,5,,REQUIRED_INITIAL_TEXT,KQ-TENSOR-CLASSIFICATION-v1:gdn,ALWAYS_NEEDED_CANDIDATE,
model.language_model.layers.5.linear_attn.dt_bias,model-00120-of-00131.safetensors,BF16,48,1,48,96,text,gdn,5,,REQUIRED_INITIAL_TEXT,KQ-TENSOR-CLASSIFICATION-v1:gdn,ALWAYS_NEEDED_CANDIDATE,
model.language_model.layers.5.linear_attn.in_proj_a.weight,model-00120-of-00131.safetensors,BF16,48x2560,2,122880,245760,text,gdn,5,,REQUIRED_INITIAL_TEXT,KQ-TENSOR-CLASSIFICATION-v1:gdn,ALWAYS_NEEDED_CANDIDATE,
model.language_model.layers.5.linear_attn.in_proj_b.weight,model-00120-of-00131.safetensors,BF16,48x2560,2,122880,245760,text,gdn,5,,REQUIRED_INITIAL_TEXT,KQ-TENSOR-CLASSIFICATION-v1:gdn,ALWAYS_NEEDED_CANDIDATE,
model.language_model.layers.5.linear_attn.in_proj_qkv.weight,model-00120-of-00131.safetensors,BF16,10240x2560,2,26214400,52428800,text,gdn,5,,REQUIRED_INITIAL_TEXT,KQ-TENSOR-CLASSIFICATION-v1:gdn,ALWAYS_NEEDED_CANDIDATE,
model.language_model.layers.5.linear_attn.in_proj_z.weight,model-00120-of-00131.safetensors,BF16,6144x2560,2,15728640,31457280,text,gdn,5,,REQUIRED_INITIAL_TEXT,KQ-TENSOR-CLASSIFICATION-v1:gdn,ALWAYS_NEEDED_CANDIDATE,
model.language_model.layers.5.linear_attn.norm.weight,model-00120-of-00131.safetensors,BF16,128,1,128,256,text,gdn,5,,REQUIRED_INITIAL_TEXT,KQ-TENSOR-CLASSIFICATION-v1:gdn,ALWAYS_NEEDED_CANDIDATE,
model.language_model.layers.5.linear_attn.out_proj.weight,model-00120-of-00131.safetensors,BF16,2560x6144,2,15728640,31457280,text,gdn,5,,REQUIRED_INITIAL_TEXT,KQ-TENSOR-CLASSIFICATION-v1:gdn,ALWAYS_NEEDED_CANDIDATE,
model.language_model.layers.5.mlp.experts.down_proj,model-00122-of-00131.safetensors,BF16,512x2560x640,3,838860800,1677721600,text,routed_experts,5,STACKED_0_511,REQUIRED_INITIAL_TEXT,KQ-TENSOR-CLASSIFICATION-v1:routed_experts,ROUTED_EXPERT_CACHE_CANDIDATE,canonical tensor stacks all 512 routed experts
model.language_model.layers.5.mlp.experts.gate_up_proj,model-00121-of-00131.safetensors,BF16,512x1280x2560,3,1677721600,3355443200,text,routed_experts,5,STACKED_0_511,REQUIRED_INITIAL_TEXT,KQ-TENSOR-CLASSIFICATION-v1:routed_experts,ROUTED_EXPERT_CACHE_CANDIDATE,canonical tensor stacks all 512 routed experts
model.language_model.layers.5.mlp.gate.weight,model-00122-of-00131.safetensors,BF16,512x2560,2,1310720,2621440,text,router,5,,REQUIRED_INITIAL_TEXT,KQ-TENSOR-CLASSIFICATION-v1:router,ALWAYS_NEEDED_CANDIDATE,
model.language_model.layers.5.mlp.shared_expert.down_proj.weight,model-00122-of-00131.safetensors,BF16,2560x640,2,1638400,3276800,text,shared_expert,5,,REQUIRED_INITIAL_TEXT,KQ-TENSOR-CLASSIFICATION-v1:shared_expert,ALWAYS_NEEDED_CANDIDATE,
model.language_model.layers.5.mlp.shared_expert.gate_proj.weight,model-00122-of-00131.safetensors,BF16,640x2560,2,1638400,3276800,text,shared_expert,5,,REQUIRED_INITIAL_TEXT,KQ-TENSOR-CLASSIFICATION-v1:shared_expert,ALWAYS_NEEDED_CANDIDATE,
model.language_model.layers.5.mlp.shared_expert.up_proj.weight,model-00122-of-00131.safetensors,BF16,640x2560,2,1638400,3276800,text,shared_expert,5,,REQUIRED_INITIAL_TEXT,KQ-TENSOR-CLASSIFICATION-v1:shared_expert,ALWAYS_NEEDED_CANDIDATE,
model.language_model.layers.5.mlp.shared_expert_gate.weight,model-00122-of-00131.safetensors,BF16,1x2560,2,2560,5120,text,shared_expert,5,,REQUIRED_INITIAL_TEXT,KQ-TENSOR-CLASSIFICATION-v1:shared_expert,ALWAYS_NEEDED_CANDIDATE,
model.language_model.layers.5.mlp_hyper_connection.block_inject_weight.weight,model-00122-of-00131.safetensors,BF16,4x10240,2,40960,81920,text,gated_residual,5,,REQUIRED_INITIAL_TEXT,KQ-TENSOR-CLASSIFICATION-v1:gated_residual,ALWAYS_NEEDED_CANDIDATE,
model.language_model.layers.5.mlp_hyper_connection.hc_norm.weight,model-00122-of-00131.safetensors,BF16,10240,1,10240,20480,text,gated_residual,5,,REQUIRED_INITIAL_TEXT,KQ-TENSOR-CLASSIFICATION-v1:gated_residual,ALWAYS_NEEDED_CANDIDATE,
model.language_model.layers.5.mlp_hyper_connection.input_mix_weight_down.weight,model-00122-of-00131.safetensors,BF16,320x10240,2,3276800,6553600,text,gated_residual,5,,REQUIRED_INITIAL_TEXT,KQ-TENSOR-CLASSIFICATION-v1:gated_residual,ALWAYS_NEEDED_CANDIDATE,
model.language_model.layers.5.mlp_hyper_connection.input_mix_weight_up.weight,model-00122-of-00131.safetensors,BF16,10240x320,2,3276800,6553600,text,gated_residual,5,,REQUIRED_INITIAL_TEXT,KQ-TENSOR-CLASSIFICATION-v1:gated_residual,ALWAYS_NEEDED_CANDIDATE,
model.language_model.layers.6.attn_hyper_connection.block_inject_weight.weight,model-00122-of-00131.safetensors,BF16,4x10240,2,40960,81920,text,gated_residual,6,,REQUIRED_INITIAL_TEXT,KQ-TENSOR-CLASSIFICATION-v1:gated_residual,ALWAYS_NEEDED_CANDIDATE,
model.language_model.layers.6.attn_hyper_connection.hc_norm.weight,model-00122-of-00131.safetensors,BF16,10240,1,10240,20480,text,gated_residual,6,,REQUIRED_INITIAL_TEXT,KQ-TENSOR-CLASSIFICATION-v1:gated_residual,ALWAYS_NEEDED_CANDIDATE,
model.language_model.layers.6.attn_hyper_connection.input_mix_weight_down.weight,model-00122-of-00131.safetensors,BF16,320x10240,2,3276800,6553600,text,gated_residual,6,,REQUIRED_INITIAL_TEXT,KQ-TENSOR-CLASSIFICATION-v1:gated_residual,ALWAYS_NEEDED_CANDIDATE,
model.language_model.layers.6.attn_hyper_connection.input_mix_weight_up.weight,model-00122-of-00131.safetensors,BF16,10240x320,2,3276800,6553600,text,gated_residual,6,,REQUIRED_INITIAL_TEXT,KQ-TENSOR-CLASSIFICATION-v1:gated_residual,ALWAYS_NEEDED_CANDIDATE,
model.language_model.layers.6.linear_attn.A_log,model-00122-of-00131.safetensors,BF16,48,1,48,96,text,gdn,6,,REQUIRED_INITIAL_TEXT,KQ-TENSOR-CLASSIFICATION-v1:gdn,ALWAYS_NEEDED_CANDIDATE,
model.language_model.layers.6.linear_attn.conv1d.weight,model-00122-of-00131.safetensors,BF16,10240x1x4,3,40960,81920,text,gdn,6,,REQUIRED_INITIAL_TEXT,KQ-TENSOR-CLASSIFICATION-v1:gdn,ALWAYS_NEEDED_CANDIDATE,
model.language_model.layers.6.linear_attn.dt_bias,model-00122-of-00131.safetensors,BF16,48,1,48,96,text,gdn,6,,REQUIRED_INITIAL_TEXT,KQ-TENSOR-CLASSIFICATION-v1:gdn,ALWAYS_NEEDED_CANDIDATE,
model.language_model.layers.6.linear_attn.in_proj_a.weight,model-00122-of-00131.safetensors,BF16,48x2560,2,122880,245760,text,gdn,6,,REQUIRED_INITIAL_TEXT,KQ-TENSOR-CLASSIFICATION-v1:gdn,ALWAYS_NEEDED_CANDIDATE,
model.language_model.layers.6.linear_attn.in_proj_b.weight,model-00122-of-00131.safetensors,BF16,48x2560,2,122880,245760,text,gdn,6,,REQUIRED_INITIAL_TEXT,KQ-TENSOR-CLASSIFICATION-v1:gdn,ALWAYS_NEEDED_CANDIDATE,
model.language_model.layers.6.linear_attn.in_proj_qkv.weight,model-00122-of-00131.safetensors,BF16,10240x2560,2,26214400,52428800,text,gdn,6,,REQUIRED_INITIAL_TEXT,KQ-TENSOR-CLASSIFICATION-v1:gdn,ALWAYS_NEEDED_CANDIDATE,
model.language_model.layers.6.linear_attn.in_proj_z.weight,model-00122-of-00131.safetensors,BF16,6144x2560,2,15728640,31457280,text,gdn,6,,REQUIRED_INITIAL_TEXT,KQ-TENSOR-CLASSIFICATION-v1:gdn,ALWAYS_NEEDED_CANDIDATE,
model.language_model.layers.6.linear_attn.norm.weight,model-00122-of-00131.safetensors,BF16,128,1,128,256,text,gdn,6,,REQUIRED_INITIAL_TEXT,KQ-TENSOR-CLASSIFICATION-v1:gdn,ALWAYS_NEEDED_CANDIDATE,
model.language_model.layers.6.linear_attn.out_proj.weight,model-00122-of-00131.safetensors,BF16,2560x6144,2,15728640,31457280,text,gdn,6,,REQUIRED_INITIAL_TEXT,KQ-TENSOR-CLASSIFICATION-v1:gdn,ALWAYS_NEEDED_CANDIDATE,
model.language_model.layers.6.mlp.experts.down_proj,model-00124-of-00131.safetensors,BF16,512x2560x640,3,838860800,1677721600,text,routed_experts,6,STACKED_0_511,REQUIRED_INITIAL_TEXT,KQ-TENSOR-CLASSIFICATION-v1:routed_experts,ROUTED_EXPERT_CACHE_CANDIDATE,canonical tensor stacks all 512 routed experts
model.language_model.layers.6.mlp.experts.gate_up_proj,model-00123-of-00131.safetensors,BF16,512x1280x2560,3,1677721600,3355443200,text,routed_experts,6,STACKED_0_511,REQUIRED_INITIAL_TEXT,KQ-TENSOR-CLASSIFICATION-v1:routed_experts,ROUTED_EXPERT_CACHE_CANDIDATE,canonical tensor stacks all 512 routed experts
model.language_model.layers.6.mlp.gate.weight,model-00124-of-00131.safetensors,BF16,512x2560,2,1310720,2621440,text,router,6,,REQUIRED_INITIAL_TEXT,KQ-TENSOR-CLASSIFICATION-v1:router,ALWAYS_NEEDED_CANDIDATE,
model.language_model.layers.6.mlp.shared_expert.down_proj.weight,model-00124-of-00131.safetensors,BF16,2560x640,2,1638400,3276800,text,shared_expert,6,,REQUIRED_INITIAL_TEXT,KQ-TENSOR-CLASSIFICATION-v1:shared_expert,ALWAYS_NEEDED_CANDIDATE,
model.language_model.layers.6.mlp.shared_expert.gate_proj.weight,model-00124-of-00131.safetensors,BF16,640x2560,2,1638400,3276800,text,shared_expert,6,,REQUIRED_INITIAL_TEXT,KQ-TENSOR-CLASSIFICATION-v1:shared_expert,ALWAYS_NEEDED_CANDIDATE,
model.language_model.layers.6.mlp.shared_expert.up_proj.weight,model-00124-of-00131.safetensors,BF16,640x2560,2,1638400,3276800,text,shared_expert,6,,REQUIRED_INITIAL_TEXT,KQ-TENSOR-CLASSIFICATION-v1:shared_expert,ALWAYS_NEEDED_CANDIDATE,
model.language_model.layers.6.mlp.shared_expert_gate.weight,model-00124-of-00131.safetensors,BF16,1x2560,2,2560,5120,text,shared_expert,6,,REQUIRED_INITIAL_TEXT,KQ-TENSOR-CLASSIFICATION-v1:shared_expert,ALWAYS_NEEDED_CANDIDATE,
model.language_model.layers.6.mlp_hyper_connection.block_inject_weight.weight,model-00124-of-00131.safetensors,BF16,4x10240,2,40960,81920,text,gated_residual,6,,REQUIRED_INITIAL_TEXT,KQ-TENSOR-CLASSIFICATION-v1:gated_residual,ALWAYS_NEEDED_CANDIDATE,
model.language_model.layers.6.mlp_hyper_connection.hc_norm.weight,model-00124-of-00131.safetensors,BF16,10240,1,10240,20480,text,gated_residual,6,,REQUIRED_INITIAL_TEXT,KQ-TENSOR-CLASSIFICATION-v1:gated_residual,ALWAYS_NEEDED_CANDIDATE,
model.language_model.layers.6.mlp_hyper_connection.input_mix_weight_down.weight,model-00124-of-00131.safetensors,BF16,320x10240,2,3276800,6553600,text,gated_residual,6,,REQUIRED_INITIAL_TEXT,KQ-TENSOR-CLASSIFICATION-v1:gated_residual,ALWAYS_NEEDED_CANDIDATE,
model.language_model.layers.6.mlp_hyper_connection.input_mix_weight_up.weight,model-00124-of-00131.safetensors,BF16,10240x320,2,3276800,6553600,text,gated_residual,6,,REQUIRED_INITIAL_TEXT,KQ-TENSOR-CLASSIFICATION-v1:gated_residual,ALWAYS_NEEDED_CANDIDATE,
model.language_model.layers.7.attn_hyper_connection.block_inject_weight.weight,model-00124-of-00131.safetensors,BF16,4x10240,2,40960,81920,text,gated_residual,7,,REQUIRED_INITIAL_TEXT,KQ-TENSOR-CLASSIFICATION-v1:gated_residual,ALWAYS_NEEDED_CANDIDATE,
model.language_model.layers.7.attn_hyper_connection.hc_norm.weight,model-00124-of-00131.safetensors,BF16,10240,1,10240,20480,text,gated_residual,7,,REQUIRED_INITIAL_TEXT,KQ-TENSOR-CLASSIFICATION-v1:gated_residual,ALWAYS_NEEDED_CANDIDATE,
model.language_model.layers.7.attn_hyper_connection.input_mix_weight_down.weight,model-00124-of-00131.safetensors,BF16,320x10240,2,3276800,6553600,text,gated_residual,7,,REQUIRED_INITIAL_TEXT,KQ-TENSOR-CLASSIFICATION-v1:gated_residual,ALWAYS_NEEDED_CANDIDATE,
model.language_model.layers.7.attn_hyper_connection.input_mix_weight_up.weight,model-00124-of-00131.safetensors,BF16,10240x320,2,3276800,6553600,text,gated_residual,7,,REQUIRED_INITIAL_TEXT,KQ-TENSOR-CLASSIFICATION-v1:gated_residual,ALWAYS_NEEDED_CANDIDATE,
model.language_model.layers.7.mlp.experts.down_proj,model-00126-of-00131.safetensors,BF16,512x2560x640,3,838860800,1677721600,text,routed_experts,7,STACKED_0_511,REQUIRED_INITIAL_TEXT,KQ-TENSOR-CLASSIFICATION-v1:routed_experts,ROUTED_EXPERT_CACHE_CANDIDATE,canonical tensor stacks all 512 routed experts
model.language_model.layers.7.mlp.experts.gate_up_proj,model-00125-of-00131.safetensors,BF16,512x1280x2560,3,1677721600,3355443200,text,routed_experts,7,STACKED_0_511,REQUIRED_INITIAL_TEXT,KQ-TENSOR-CLASSIFICATION-v1:routed_experts,ROUTED_EXPERT_CACHE_CANDIDATE,canonical tensor stacks all 512 routed experts
model.language_model.layers.7.mlp.gate.weight,model-00126-of-00131.safetensors,BF16,512x2560,2,1310720,2621440,text,router,7,,REQUIRED_INITIAL_TEXT,KQ-TENSOR-CLASSIFICATION-v1:router,ALWAYS_NEEDED_CANDIDATE,
model.language_model.layers.7.mlp.shared_expert.down_proj.weight,model-00126-of-00131.safetensors,BF16,2560x640,2,1638400,3276800,text,shared_expert,7,,REQUIRED_INITIAL_TEXT,KQ-TENSOR-CLASSIFICATION-v1:shared_expert,ALWAYS_NEEDED_CANDIDATE,
model.language_model.layers.7.mlp.shared_expert.gate_proj.weight,model-00126-of-00131.safetensors,BF16,640x2560,2,1638400,3276800,text,shared_expert,7,,REQUIRED_INITIAL_TEXT,KQ-TENSOR-CLASSIFICATION-v1:shared_expert,ALWAYS_NEEDED_CANDIDATE,
model.language_model.layers.7.mlp.shared_expert.up_proj.weight,model-00126-of-00131.safetensors,BF16,640x2560,2,1638400,3276800,text,shared_expert,7,,REQUIRED_INITIAL_TEXT,KQ-TENSOR-CLASSIFICATION-v1:shared_expert,ALWAYS_NEEDED_CANDIDATE,
model.language_model.layers.7.mlp.shared_expert_gate.weight,model-00126-of-00131.safetensors,BF16,1x2560,2,2560,5120,text,shared_expert,7,,REQUIRED_INITIAL_TEXT,KQ-TENSOR-CLASSIFICATION-v1:shared_expert,ALWAYS_NEEDED_CANDIDATE,
model.language_model.layers.7.mlp_hyper_connection.block_inject_weight.weight,model-00126-of-00131.safetensors,BF16,4x10240,2,40960,81920,text,gated_residual,7,,REQUIRED_INITIAL_TEXT,KQ-TENSOR-CLASSIFICATION-v1:gated_residual,ALWAYS_NEEDED_CANDIDATE,
model.language_model.layers.7.mlp_hyper_connection.hc_norm.weight,model-00126-of-00131.safetensors,BF16,10240,1,10240,20480,text,gated_residual,7,,REQUIRED_INITIAL_TEXT,KQ-TENSOR-CLASSIFICATION-v1:gated_residual,ALWAYS_NEEDED_CANDIDATE,
model.language_model.layers.7.mlp_hyper_connection.input_mix_weight_down.weight,model-00126-of-00131.safetensors,BF16,320x10240,2,3276800,6553600,text,gated_residual,7,,REQUIRED_INITIAL_TEXT,KQ-TENSOR-CLASSIFICATION-v1:gated_residual,ALWAYS_NEEDED_CANDIDATE,
model.language_model.layers.7.mlp_hyper_connection.input_mix_weight_up.weight,model-00126-of-00131.safetensors,BF16,10240x320,2,3276800,6553600,text,gated_residual,7,,REQUIRED_INITIAL_TEXT,KQ-TENSOR-CLASSIFICATION-v1:gated_residual,ALWAYS_NEEDED_CANDIDATE,
model.language_model.layers.7.self_attn.indexer.index_qk_proj.weight,model-00126-of-00131.safetensors,BF16,640x2560,2,1638400,3276800,text,qsa_indexer,7,,REQUIRED_INITIAL_TEXT,KQ-TENSOR-CLASSIFICATION-v1:qsa_indexer,ALWAYS_NEEDED_CANDIDATE,
model.language_model.layers.7.self_attn.indexer.k_layernorm.weight,model-00126-of-00131.safetensors,BF16,128,1,128,256,text,qsa_indexer,7,,REQUIRED_INITIAL_TEXT,KQ-TENSOR-CLASSIFICATION-v1:qsa_indexer,ALWAYS_NEEDED_CANDIDATE,
model.language_model.layers.7.self_attn.indexer.q_layernorm.weight,model-00126-of-00131.safetensors,BF16,128,1,128,256,text,qsa_indexer,7,,REQUIRED_INITIAL_TEXT,KQ-TENSOR-CLASSIFICATION-v1:qsa_indexer,ALWAYS_NEEDED_CANDIDATE,
model.language_model.layers.7.self_attn.k_norm.weight,model-00126-of-00131.safetensors,BF16,256,1,256,512,text,qsa_attention,7,,REQUIRED_INITIAL_TEXT,KQ-TENSOR-CLASSIFICATION-v1:qsa_attention,ALWAYS_NEEDED_CANDIDATE,
model.language_model.layers.7.self_attn.k_proj.weight,model-00126-of-00131.safetensors,BF16,512x2560,2,1310720,2621440,text,qsa_attention,7,,REQUIRED_INITIAL_TEXT,KQ-TENSOR-CLASSIFICATION-v1:qsa_attention,ALWAYS_NEEDED_CANDIDATE,
model.language_model.layers.7.self_attn.o_proj.weight,model-00126-of-00131.safetensors,BF16,2560x6144,2,15728640,31457280,text,qsa_attention,7,,REQUIRED_INITIAL_TEXT,KQ-TENSOR-CLASSIFICATION-v1:qsa_attention,ALWAYS_NEEDED_CANDIDATE,
model.language_model.layers.7.self_attn.q_norm.weight,model-00126-of-00131.safetensors,BF16,256,1,256,512,text,qsa_attention,7,,REQUIRED_INITIAL_TEXT,KQ-TENSOR-CLASSIFICATION-v1:qsa_attention,ALWAYS_NEEDED_CANDIDATE,
model.language_model.layers.7.self_attn.q_proj.weight,model-00126-of-00131.safetensors,BF16,12288x2560,2,31457280,62914560,text,qsa_attention,7,,REQUIRED_INITIAL_TEXT,KQ-TENSOR-CLASSIFICATION-v1:qsa_attention,ALWAYS_NEEDED_CANDIDATE,
model.language_model.layers.7.self_attn.v_proj.weight,model-00126-of-00131.safetensors,BF16,512x2560,2,1310720,2621440,text,qsa_attention,7,,REQUIRED_INITIAL_TEXT,KQ-TENSOR-CLASSIFICATION-v1:qsa_attention,ALWAYS_NEEDED_CANDIDATE,
model.language_model.layers.8.attn_hyper_connection.block_inject_weight.weight,model-00126-of-00131.safetensors,BF16,4x10240,2,40960,81920,text,gated_residual,8,,REQUIRED_INITIAL_TEXT,KQ-TENSOR-CLASSIFICATION-v1:gated_residual,ALWAYS_NEEDED_CANDIDATE,
model.language_model.layers.8.attn_hyper_connection.hc_norm.weight,model-00126-of-00131.safetensors,BF16,10240,1,10240,20480,text,gated_residual,8,,REQUIRED_INITIAL_TEXT,KQ-TENSOR-CLASSIFICATION-v1:gated_residual,ALWAYS_NEEDED_CANDIDATE,
model.language_model.layers.8.attn_hyper_connection.input_mix_weight_down.weight,model-00126-of-00131.safetensors,BF16,320x10240,2,3276800,6553600,text,gated_residual,8,,REQUIRED_INITIAL_TEXT,KQ-TENSOR-CLASSIFICATION-v1:gated_residual,ALWAYS_NEEDED_CANDIDATE,
model.language_model.layers.8.attn_hyper_connection.input_mix_weight_up.weight,model-00126-of-00131.safetensors,BF16,10240x320,2,3276800,6553600,text,gated_residual,8,,REQUIRED_INITIAL_TEXT,KQ-TENSOR-CLASSIFICATION-v1:gated_residual,ALWAYS_NEEDED_CANDIDATE,
model.language_model.layers.8.linear_attn.A_log,model-00126-of-00131.safetensors,BF16,48,1,48,96,text,gdn,8,,REQUIRED_INITIAL_TEXT,KQ-TENSOR-CLASSIFICATION-v1:gdn,ALWAYS_NEEDED_CANDIDATE,
model.language_model.layers.8.linear_attn.conv1d.weight,model-00126-of-00131.safetensors,BF16,10240x1x4,3,40960,81920,text,gdn,8,,REQUIRED_INITIAL_TEXT,KQ-TENSOR-CLASSIFICATION-v1:gdn,ALWAYS_NEEDED_CANDIDATE,
model.language_model.layers.8.linear_attn.dt_bias,model-00126-of-00131.safetensors,BF16,48,1,48,96,text,gdn,8,,REQUIRED_INITIAL_TEXT,KQ-TENSOR-CLASSIFICATION-v1:gdn,ALWAYS_NEEDED_CANDIDATE,
model.language_model.layers.8.linear_attn.in_proj_a.weight,model-00126-of-00131.safetensors,BF16,48x2560,2,122880,245760,text,gdn,8,,REQUIRED_INITIAL_TEXT,KQ-TENSOR-CLASSIFICATION-v1:gdn,ALWAYS_NEEDED_CANDIDATE,
model.language_model.layers.8.linear_attn.in_proj_b.weight,model-00126-of-00131.safetensors,BF16,48x2560,2,122880,245760,text,gdn,8,,REQUIRED_INITIAL_TEXT,KQ-TENSOR-CLASSIFICATION-v1:gdn,ALWAYS_NEEDED_CANDIDATE,
model.language_model.layers.8.linear_attn.in_proj_qkv.weight,model-00126-of-00131.safetensors,BF16,10240x2560,2,26214400,52428800,text,gdn,8,,REQUIRED_INITIAL_TEXT,KQ-TENSOR-CLASSIFICATION-v1:gdn,ALWAYS_NEEDED_CANDIDATE,
model.language_model.layers.8.linear_attn.in_proj_z.weight,model-00126-of-00131.safetensors,BF16,6144x2560,2,15728640,31457280,text,gdn,8,,REQUIRED_INITIAL_TEXT,KQ-TENSOR-CLASSIFICATION-v1:gdn,ALWAYS_NEEDED_CANDIDATE,
model.language_model.layers.8.linear_attn.norm.weight,model-00126-of-00131.safetensors,BF16,128,1,128,256,text,gdn,8,,REQUIRED_INITIAL_TEXT,KQ-TENSOR-CLASSIFICATION-v1:gdn,ALWAYS_NEEDED_CANDIDATE,
model.language_model.layers.8.linear_attn.out_proj.weight,model-00126-of-00131.safetensors,BF16,2560x6144,2,15728640,31457280,text,gdn,8,,REQUIRED_INITIAL_TEXT,KQ-TENSOR-CLASSIFICATION-v1:gdn,ALWAYS_NEEDED_CANDIDATE,
model.language_model.layers.8.mlp.experts.down_proj,model-00128-of-00131.safetensors,BF16,512x2560x640,3,838860800,1677721600,text,routed_experts,8,STACKED_0_511,REQUIRED_INITIAL_TEXT,KQ-TENSOR-CLASSIFICATION-v1:routed_experts,ROUTED_EXPERT_CACHE_CANDIDATE,canonical tensor stacks all 512 routed experts
model.language_model.layers.8.mlp.experts.gate_up_proj,model-00127-of-00131.safetensors,BF16,512x1280x2560,3,1677721600,3355443200,text,routed_experts,8,STACKED_0_511,REQUIRED_INITIAL_TEXT,KQ-TENSOR-CLASSIFICATION-v1:routed_experts,ROUTED_EXPERT_CACHE_CANDIDATE,canonical tensor stacks all 512 routed experts
model.language_model.layers.8.mlp.gate.weight,model-00128-of-00131.safetensors,BF16,512x2560,2,1310720,2621440,text,router,8,,REQUIRED_INITIAL_TEXT,KQ-TENSOR-CLASSIFICATION-v1:router,ALWAYS_NEEDED_CANDIDATE,
model.language_model.layers.8.mlp.shared_expert.down_proj.weight,model-00128-of-00131.safetensors,BF16,2560x640,2,1638400,3276800,text,shared_expert,8,,REQUIRED_INITIAL_TEXT,KQ-TENSOR-CLASSIFICATION-v1:shared_expert,ALWAYS_NEEDED_CANDIDATE,
model.language_model.layers.8.mlp.shared_expert.gate_proj.weight,model-00128-of-00131.safetensors,BF16,640x2560,2,1638400,3276800,text,shared_expert,8,,REQUIRED_INITIAL_TEXT,KQ-TENSOR-CLASSIFICATION-v1:shared_expert,ALWAYS_NEEDED_CANDIDATE,
model.language_model.layers.8.mlp.shared_expert.up_proj.weight,model-00128-of-00131.safetensors,BF16,640x2560,2,1638400,3276800,text,shared_expert,8,,REQUIRED_INITIAL_TEXT,KQ-TENSOR-CLASSIFICATION-v1:shared_expert,ALWAYS_NEEDED_CANDIDATE,
model.language_model.layers.8.mlp.shared_expert_gate.weight,model-00128-of-00131.safetensors,BF16,1x2560,2,2560,5120,text,shared_expert,8,,REQUIRED_INITIAL_TEXT,KQ-TENSOR-CLASSIFICATION-v1:shared_expert,ALWAYS_NEEDED_CANDIDATE,
model.language_model.layers.8.mlp_hyper_connection.block_inject_weight.weight,model-00128-of-00131.safetensors,BF16,4x10240,2,40960,81920,text,gated_residual,8,,REQUIRED_INITIAL_TEXT,KQ-TENSOR-CLASSIFICATION-v1:gated_residual,ALWAYS_NEEDED_CANDIDATE,
model.language_model.layers.8.mlp_hyper_connection.hc_norm.weight,model-00128-of-00131.safetensors,BF16,10240,1,10240,20480,text,gated_residual,8,,REQUIRED_INITIAL_TEXT,KQ-TENSOR-CLASSIFICATION-v1:gated_residual,ALWAYS_NEEDED_CANDIDATE,
model.language_model.layers.8.mlp_hyper_connection.input_mix_weight_down.weight,model-00128-of-00131.safetensors,BF16,320x10240,2,3276800,6553600,text,gated_residual,8,,REQUIRED_INITIAL_TEXT,KQ-TENSOR-CLASSIFICATION-v1:gated_residual,ALWAYS_NEEDED_CANDIDATE,
model.language_model.layers.8.mlp_hyper_connection.input_mix_weight_up.weight,model-00128-of-00131.safetensors,BF16,10240x320,2,3276800,6553600,text,gated_residual,8,,REQUIRED_INITIAL_TEXT,KQ-TENSOR-CLASSIFICATION-v1:gated_residual,ALWAYS_NEEDED_CANDIDATE,
model.language_model.layers.9.attn_hyper_connection.block_inject_weight.weight,model-00128-of-00131.safetensors,BF16,4x10240,2,40960,81920,text,gated_residual,9,,REQUIRED_INITIAL_TEXT,KQ-TENSOR-CLASSIFICATION-v1:gated_residual,ALWAYS_NEEDED_CANDIDATE,
model.language_model.layers.9.attn_hyper_connection.hc_norm.weight,model-00128-of-00131.safetensors,BF16,10240,1,10240,20480,text,gated_residual,9,,REQUIRED_INITIAL_TEXT,KQ-TENSOR-CLASSIFICATION-v1:gated_residual,ALWAYS_NEEDED_CANDIDATE,
model.language_model.layers.9.attn_hyper_connection.input_mix_weight_down.weight,model-00128-of-00131.safetensors,BF16,320x10240,2,3276800,6553600,text,gated_residual,9,,REQUIRED_INITIAL_TEXT,KQ-TENSOR-CLASSIFICATION-v1:gated_residual,ALWAYS_NEEDED_CANDIDATE,
model.language_model.layers.9.attn_hyper_connection.input_mix_weight_up.weight,model-00128-of-00131.safetensors,BF16,10240x320,2,3276800,6553600,text,gated_residual,9,,REQUIRED_INITIAL_TEXT,KQ-TENSOR-CLASSIFICATION-v1:gated_residual,ALWAYS_NEEDED_CANDIDATE,
model.language_model.layers.9.linear_attn.A_log,model-00128-of-00131.safetensors,BF16,48,1,48,96,text,gdn,9,,REQUIRED_INITIAL_TEXT,KQ-TENSOR-CLASSIFICATION-v1:gdn,ALWAYS_NEEDED_CANDIDATE,
model.language_model.layers.9.linear_attn.conv1d.weight,model-00128-of-00131.safetensors,BF16,10240x1x4,3,40960,81920,text,gdn,9,,REQUIRED_INITIAL_TEXT,KQ-TENSOR-CLASSIFICATION-v1:gdn,ALWAYS_NEEDED_CANDIDATE,
model.language_model.layers.9.linear_attn.dt_bias,model-00128-of-00131.safetensors,BF16,48,1,48,96,text,gdn,9,,REQUIRED_INITIAL_TEXT,KQ-TENSOR-CLASSIFICATION-v1:gdn,ALWAYS_NEEDED_CANDIDATE,
model.language_model.layers.9.linear_attn.in_proj_a.weight,model-00128-of-00131.safetensors,BF16,48x2560,2,122880,245760,text,gdn,9,,REQUIRED_INITIAL_TEXT,KQ-TENSOR-CLASSIFICATION-v1:gdn,ALWAYS_NEEDED_CANDIDATE,
model.language_model.layers.9.linear_attn.in_proj_b.weight,model-00128-of-00131.safetensors,BF16,48x2560,2,122880,245760,text,gdn,9,,REQUIRED_INITIAL_TEXT,KQ-TENSOR-CLASSIFICATION-v1:gdn,ALWAYS_NEEDED_CANDIDATE,
model.language_model.layers.9.linear_attn.in_proj_qkv.weight,model-00128-of-00131.safetensors,BF16,10240x2560,2,26214400,52428800,text,gdn,9,,REQUIRED_INITIAL_TEXT,KQ-TENSOR-CLASSIFICATION-v1:gdn,ALWAYS_NEEDED_CANDIDATE,
model.language_model.layers.9.linear_attn.in_proj_z.weight,model-00128-of-00131.safetensors,BF16,6144x2560,2,15728640,31457280,text,gdn,9,,REQUIRED_INITIAL_TEXT,KQ-TENSOR-CLASSIFICATION-v1:gdn,ALWAYS_NEEDED_CANDIDATE,
model.language_model.layers.9.linear_attn.norm.weight,model-00128-of-00131.safetensors,BF16,128,1,128,256,text,gdn,9,,REQUIRED_INITIAL_TEXT,KQ-TENSOR-CLASSIFICATION-v1:gdn,ALWAYS_NEEDED_CANDIDATE,
model.language_model.layers.9.linear_attn.out_proj.weight,model-00128-of-00131.safetensors,BF16,2560x6144,2,15728640,31457280,text,gdn,9,,REQUIRED_INITIAL_TEXT,KQ-TENSOR-CLASSIFICATION-v1:gdn,ALWAYS_NEEDED_CANDIDATE,
model.language_model.layers.9.mlp.experts.down_proj,model-00130-of-00131.safetensors,BF16,512x2560x640,3,838860800,1677721600,text,routed_experts,9,STACKED_0_511,REQUIRED_INITIAL_TEXT,KQ-TENSOR-CLASSIFICATION-v1:routed_experts,ROUTED_EXPERT_CACHE_CANDIDATE,canonical tensor stacks all 512 routed experts
model.language_model.layers.9.mlp.experts.gate_up_proj,model-00129-of-00131.safetensors,BF16,512x1280x2560,3,1677721600,3355443200,text,routed_experts,9,STACKED_0_511,REQUIRED_INITIAL_TEXT,KQ-TENSOR-CLASSIFICATION-v1:routed_experts,ROUTED_EXPERT_CACHE_CANDIDATE,canonical tensor stacks all 512 routed experts
model.language_model.layers.9.mlp.gate.weight,model-00130-of-00131.safetensors,BF16,512x2560,2,1310720,2621440,text,router,9,,REQUIRED_INITIAL_TEXT,KQ-TENSOR-CLASSIFICATION-v1:router,ALWAYS_NEEDED_CANDIDATE,
model.language_model.layers.9.mlp.shared_expert.down_proj.weight,model-00130-of-00131.safetensors,BF16,2560x640,2,1638400,3276800,text,shared_expert,9,,REQUIRED_INITIAL_TEXT,KQ-TENSOR-CLASSIFICATION-v1:shared_expert,ALWAYS_NEEDED_CANDIDATE,
model.language_model.layers.9.mlp.shared_expert.gate_proj.weight,model-00130-of-00131.safetensors,BF16,640x2560,2,1638400,3276800,text,shared_expert,9,,REQUIRED_INITIAL_TEXT,KQ-TENSOR-CLASSIFICATION-v1:shared_expert,ALWAYS_NEEDED_CANDIDATE,
model.language_model.layers.9.mlp.shared_expert.up_proj.weight,model-00130-of-00131.safetensors,BF16,640x2560,2,1638400,3276800,text,shared_expert,9,,REQUIRED_INITIAL_TEXT,KQ-TENSOR-CLASSIFICATION-v1:shared_expert,ALWAYS_NEEDED_CANDIDATE,
model.language_model.layers.9.mlp.shared_expert_gate.weight,model-00130-of-00131.safetensors,BF16,1x2560,2,2560,5120,text,shared_expert,9,,REQUIRED_INITIAL_TEXT,KQ-TENSOR-CLASSIFICATION-v1:shared_expert,ALWAYS_NEEDED_CANDIDATE,
model.language_model.layers.9.mlp_hyper_connection.block_inject_weight.weight,model-00130-of-00131.safetensors,BF16,4x10240,2,40960,81920,text,gated_residual,9,,REQUIRED_INITIAL_TEXT,KQ-TENSOR-CLASSIFICATION-v1:gated_residual,ALWAYS_NEEDED_CANDIDATE,
model.language_model.layers.9.mlp_hyper_connection.hc_norm.weight,model-00130-of-00131.safetensors,BF16,10240,1,10240,20480,text,gated_residual,9,,REQUIRED_INITIAL_TEXT,KQ-TENSOR-CLASSIFICATION-v1:gated_residual,ALWAYS_NEEDED_CANDIDATE,
model.language_model.layers.9.mlp_hyper_connection.input_mix_weight_down.weight,model-00130-of-00131.safetensors,BF16,320x10240,2,3276800,6553600,text,gated_residual,9,,REQUIRED_INITIAL_TEXT,KQ-TENSOR-CLASSIFICATION-v1:gated_residual,ALWAYS_NEEDED_CANDIDATE,
model.language_model.layers.9.mlp_hyper_connection.input_mix_weight_up.weight,model-00130-of-00131.safetensors,BF16,10240x320,2,3276800,6553600,text,gated_residual,9,,REQUIRED_INITIAL_TEXT,KQ-TENSOR-CLASSIFICATION-v1:gated_residual,ALWAYS_NEEDED_CANDIDATE,
model.visual.blocks.0.attn.proj.bias,model-00001-of-00131.safetensors,BF16,1152,1,1152,2304,vision,vision_block,0,,EXCLUDED_INITIAL_VISION,KQ-TENSOR-CLASSIFICATION-v1:vision_block,EXCLUDED_INITIAL_SCOPE,
model.visual.blocks.0.attn.proj.weight,model-00001-of-00131.safetensors,BF16,1152x1152,2,1327104,2654208,vision,vision_block,0,,EXCLUDED_INITIAL_VISION,KQ-TENSOR-CLASSIFICATION-v1:vision_block,EXCLUDED_INITIAL_SCOPE,
model.visual.blocks.0.attn.qkv.bias,model-00001-of-00131.safetensors,BF16,3456,1,3456,6912,vision,vision_block,0,,EXCLUDED_INITIAL_VISION,KQ-TENSOR-CLASSIFICATION-v1:vision_block,EXCLUDED_INITIAL_SCOPE,
model.visual.blocks.0.attn.qkv.weight,model-00001-of-00131.safetensors,BF16,3456x1152,2,3981312,7962624,vision,vision_block,0,,EXCLUDED_INITIAL_VISION,KQ-TENSOR-CLASSIFICATION-v1:vision_block,EXCLUDED_INITIAL_SCOPE,
model.visual.blocks.0.mlp.linear_fc1.bias,model-00001-of-00131.safetensors,BF16,4304,1,4304,8608,vision,vision_block,0,,EXCLUDED_INITIAL_VISION,KQ-TENSOR-CLASSIFICATION-v1:vision_block,EXCLUDED_INITIAL_SCOPE,
model.visual.blocks.0.mlp.linear_fc1.weight,model-00001-of-00131.safetensors,BF16,4304x1152,2,4958208,9916416,vision,vision_block,0,,EXCLUDED_INITIAL_VISION,KQ-TENSOR-CLASSIFICATION-v1:vision_block,EXCLUDED_INITIAL_SCOPE,
model.visual.blocks.0.mlp.linear_fc2.bias,model-00001-of-00131.safetensors,BF16,1152,1,1152,2304,vision,vision_block,0,,EXCLUDED_INITIAL_VISION,KQ-TENSOR-CLASSIFICATION-v1:vision_block,EXCLUDED_INITIAL_SCOPE,
model.visual.blocks.0.mlp.linear_fc2.weight,model-00001-of-00131.safetensors,BF16,1152x4304,2,4958208,9916416,vision,vision_block,0,,EXCLUDED_INITIAL_VISION,KQ-TENSOR-CLASSIFICATION-v1:vision_block,EXCLUDED_INITIAL_SCOPE,
model.visual.blocks.0.norm1.bias,model-00001-of-00131.safetensors,BF16,1152,1,1152,2304,vision,vision_block,0,,EXCLUDED_INITIAL_VISION,KQ-TENSOR-CLASSIFICATION-v1:vision_block,EXCLUDED_INITIAL_SCOPE,
model.visual.blocks.0.norm1.weight,model-00001-of-00131.safetensors,BF16,1152,1,1152,2304,vision,vision_block,0,,EXCLUDED_INITIAL_VISION,KQ-TENSOR-CLASSIFICATION-v1:vision_block,EXCLUDED_INITIAL_SCOPE,
model.visual.blocks.0.norm2.bias,model-00001-of-00131.safetensors,BF16,1152,1,1152,2304,vision,vision_block,0,,EXCLUDED_INITIAL_VISION,KQ-TENSOR-CLASSIFICATION-v1:vision_block,EXCLUDED_INITIAL_SCOPE,
model.visual.blocks.0.norm2.weight,model-00001-of-00131.safetensors,BF16,1152,1,1152,2304,vision,vision_block,0,,EXCLUDED_INITIAL_VISION,KQ-TENSOR-CLASSIFICATION-v1:vision_block,EXCLUDED_INITIAL_SCOPE,
model.visual.blocks.1.attn.proj.bias,model-00001-of-00131.safetensors,BF16,1152,1,1152,2304,vision,vision_block,1,,EXCLUDED_INITIAL_VISION,KQ-TENSOR-CLASSIFICATION-v1:vision_block,EXCLUDED_INITIAL_SCOPE,
model.visual.blocks.1.attn.proj.weight,model-00001-of-00131.safetensors,BF16,1152x1152,2,1327104,2654208,vision,vision_block,1,,EXCLUDED_INITIAL_VISION,KQ-TENSOR-CLASSIFICATION-v1:vision_block,EXCLUDED_INITIAL_SCOPE,
model.visual.blocks.1.attn.qkv.bias,model-00001-of-00131.safetensors,BF16,3456,1,3456,6912,vision,vision_block,1,,EXCLUDED_INITIAL_VISION,KQ-TENSOR-CLASSIFICATION-v1:vision_block,EXCLUDED_INITIAL_SCOPE,
model.visual.blocks.1.attn.qkv.weight,model-00001-of-00131.safetensors,BF16,3456x1152,2,3981312,7962624,vision,vision_block,1,,EXCLUDED_INITIAL_VISION,KQ-TENSOR-CLASSIFICATION-v1:vision_block,EXCLUDED_INITIAL_SCOPE,
model.visual.blocks.1.mlp.linear_fc1.bias,model-00001-of-00131.safetensors,BF16,4304,1,4304,8608,vision,vision_block,1,,EXCLUDED_INITIAL_VISION,KQ-TENSOR-CLASSIFICATION-v1:vision_block,EXCLUDED_INITIAL_SCOPE,
model.visual.blocks.1.mlp.linear_fc1.weight,model-00001-of-00131.safetensors,BF16,4304x1152,2,4958208,9916416,vision,vision_block,1,,EXCLUDED_INITIAL_VISION,KQ-TENSOR-CLASSIFICATION-v1:vision_block,EXCLUDED_INITIAL_SCOPE,
model.visual.blocks.1.mlp.linear_fc2.bias,model-00001-of-00131.safetensors,BF16,1152,1,1152,2304,vision,vision_block,1,,EXCLUDED_INITIAL_VISION,KQ-TENSOR-CLASSIFICATION-v1:vision_block,EXCLUDED_INITIAL_SCOPE,
model.visual.blocks.1.mlp.linear_fc2.weight,model-00001-of-00131.safetensors,BF16,1152x4304,2,4958208,9916416,vision,vision_block,1,,EXCLUDED_INITIAL_VISION,KQ-TENSOR-CLASSIFICATION-v1:vision_block,EXCLUDED_INITIAL_SCOPE,
model.visual.blocks.1.norm1.bias,model-00001-of-00131.safetensors,BF16,1152,1,1152,2304,vision,vision_block,1,,EXCLUDED_INITIAL_VISION,KQ-TENSOR-CLASSIFICATION-v1:vision_block,EXCLUDED_INITIAL_SCOPE,
model.visual.blocks.1.norm1.weight,model-00001-of-00131.safetensors,BF16,1152,1,1152,2304,vision,vision_block,1,,EXCLUDED_INITIAL_VISION,KQ-TENSOR-CLASSIFICATION-v1:vision_block,EXCLUDED_INITIAL_SCOPE,
model.visual.blocks.1.norm2.bias,model-00001-of-00131.safetensors,BF16,1152,1,1152,2304,vision,vision_block,1,,EXCLUDED_INITIAL_VISION,KQ-TENSOR-CLASSIFICATION-v1:vision_block,EXCLUDED_INITIAL_SCOPE,
model.visual.blocks.1.norm2.weight,model-00001-of-00131.safetensors,BF16,1152,1,1152,2304,vision,vision_block,1,,EXCLUDED_INITIAL_VISION,KQ-TENSOR-CLASSIFICATION-v1:vision_block,EXCLUDED_INITIAL_SCOPE,
model.visual.blocks.10.attn.proj.bias,model-00001-of-00131.safetensors,BF16,1152,1,1152,2304,vision,vision_block,10,,EXCLUDED_INITIAL_VISION,KQ-TENSOR-CLASSIFICATION-v1:vision_block,EXCLUDED_INITIAL_SCOPE,
model.visual.blocks.10.attn.proj.weight,model-00001-of-00131.safetensors,BF16,1152x1152,2,1327104,2654208,vision,vision_block,10,,EXCLUDED_INITIAL_VISION,KQ-TENSOR-CLASSIFICATION-v1:vision_block,EXCLUDED_INITIAL_SCOPE,
model.visual.blocks.10.attn.qkv.bias,model-00001-of-00131.safetensors,BF16,3456,1,3456,6912,vision,vision_block,10,,EXCLUDED_INITIAL_VISION,KQ-TENSOR-CLASSIFICATION-v1:vision_block,EXCLUDED_INITIAL_SCOPE,
model.visual.blocks.10.attn.qkv.weight,model-00001-of-00131.safetensors,BF16,3456x1152,2,3981312,7962624,vision,vision_block,10,,EXCLUDED_INITIAL_VISION,KQ-TENSOR-CLASSIFICATION-v1:vision_block,EXCLUDED_INITIAL_SCOPE,
model.visual.blocks.10.mlp.linear_fc1.bias,model-00001-of-00131.safetensors,BF16,4304,1,4304,8608,vision,vision_block,10,,EXCLUDED_INITIAL_VISION,KQ-TENSOR-CLASSIFICATION-v1:vision_block,EXCLUDED_INITIAL_SCOPE,
model.visual.blocks.10.mlp.linear_fc1.weight,model-00001-of-00131.safetensors,BF16,4304x1152,2,4958208,9916416,vision,vision_block,10,,EXCLUDED_INITIAL_VISION,KQ-TENSOR-CLASSIFICATION-v1:vision_block,EXCLUDED_INITIAL_SCOPE,
model.visual.blocks.10.mlp.linear_fc2.bias,model-00001-of-00131.safetensors,BF16,1152,1,1152,2304,vision,vision_block,10,,EXCLUDED_INITIAL_VISION,KQ-TENSOR-CLASSIFICATION-v1:vision_block,EXCLUDED_INITIAL_SCOPE,
model.visual.blocks.10.mlp.linear_fc2.weight,model-00001-of-00131.safetensors,BF16,1152x4304,2,4958208,9916416,vision,vision_block,10,,EXCLUDED_INITIAL_VISION,KQ-TENSOR-CLASSIFICATION-v1:vision_block,EXCLUDED_INITIAL_SCOPE,
model.visual.blocks.10.norm1.bias,model-00001-of-00131.safetensors,BF16,1152,1,1152,2304,vision,vision_block,10,,EXCLUDED_INITIAL_VISION,KQ-TENSOR-CLASSIFICATION-v1:vision_block,EXCLUDED_INITIAL_SCOPE,
model.visual.blocks.10.norm1.weight,model-00001-of-00131.safetensors,BF16,1152,1,1152,2304,vision,vision_block,10,,EXCLUDED_INITIAL_VISION,KQ-TENSOR-CLASSIFICATION-v1:vision_block,EXCLUDED_INITIAL_SCOPE,
model.visual.blocks.10.norm2.bias,model-00001-of-00131.safetensors,BF16,1152,1,1152,2304,vision,vision_block,10,,EXCLUDED_INITIAL_VISION,KQ-TENSOR-CLASSIFICATION-v1:vision_block,EXCLUDED_INITIAL_SCOPE,
model.visual.blocks.10.norm2.weight,model-00001-of-00131.safetensors,BF16,1152,1,1152,2304,vision,vision_block,10,,EXCLUDED_INITIAL_VISION,KQ-TENSOR-CLASSIFICATION-v1:vision_block,EXCLUDED_INITIAL_SCOPE,
model.visual.blocks.11.attn.proj.bias,model-00001-of-00131.safetensors,BF16,1152,1,1152,2304,vision,vision_block,11,,EXCLUDED_INITIAL_VISION,KQ-TENSOR-CLASSIFICATION-v1:vision_block,EXCLUDED_INITIAL_SCOPE,
model.visual.blocks.11.attn.proj.weight,model-00001-of-00131.safetensors,BF16,1152x1152,2,1327104,2654208,vision,vision_block,11,,EXCLUDED_INITIAL_VISION,KQ-TENSOR-CLASSIFICATION-v1:vision_block,EXCLUDED_INITIAL_SCOPE,
model.visual.blocks.11.attn.qkv.bias,model-00001-of-00131.safetensors,BF16,3456,1,3456,6912,vision,vision_block,11,,EXCLUDED_INITIAL_VISION,KQ-TENSOR-CLASSIFICATION-v1:vision_block,EXCLUDED_INITIAL_SCOPE,
model.visual.blocks.11.attn.qkv.weight,model-00001-of-00131.safetensors,BF16,3456x1152,2,3981312,7962624,vision,vision_block,11,,EXCLUDED_INITIAL_VISION,KQ-TENSOR-CLASSIFICATION-v1:vision_block,EXCLUDED_INITIAL_SCOPE,
model.visual.blocks.11.mlp.linear_fc1.bias,model-00001-of-00131.safetensors,BF16,4304,1,4304,8608,vision,vision_block,11,,EXCLUDED_INITIAL_VISION,KQ-TENSOR-CLASSIFICATION-v1:vision_block,EXCLUDED_INITIAL_SCOPE,
model.visual.blocks.11.mlp.linear_fc1.weight,model-00001-of-00131.safetensors,BF16,4304x1152,2,4958208,9916416,vision,vision_block,11,,EXCLUDED_INITIAL_VISION,KQ-TENSOR-CLASSIFICATION-v1:vision_block,EXCLUDED_INITIAL_SCOPE,
model.visual.blocks.11.mlp.linear_fc2.bias,model-00001-of-00131.safetensors,BF16,1152,1,1152,2304,vision,vision_block,11,,EXCLUDED_INITIAL_VISION,KQ-TENSOR-CLASSIFICATION-v1:vision_block,EXCLUDED_INITIAL_SCOPE,
model.visual.blocks.11.mlp.linear_fc2.weight,model-00001-of-00131.safetensors,BF16,1152x4304,2,4958208,9916416,vision,vision_block,11,,EXCLUDED_INITIAL_VISION,KQ-TENSOR-CLASSIFICATION-v1:vision_block,EXCLUDED_INITIAL_SCOPE,
model.visual.blocks.11.norm1.bias,model-00001-of-00131.safetensors,BF16,1152,1,1152,2304,vision,vision_block,11,,EXCLUDED_INITIAL_VISION,KQ-TENSOR-CLASSIFICATION-v1:vision_block,EXCLUDED_INITIAL_SCOPE,
model.visual.blocks.11.norm1.weight,model-00001-of-00131.safetensors,BF16,1152,1,1152,2304,vision,vision_block,11,,EXCLUDED_INITIAL_VISION,KQ-TENSOR-CLASSIFICATION-v1:vision_block,EXCLUDED_INITIAL_SCOPE,
model.visual.blocks.11.norm2.bias,model-00001-of-00131.safetensors,BF16,1152,1,1152,2304,vision,vision_block,11,,EXCLUDED_INITIAL_VISION,KQ-TENSOR-CLASSIFICATION-v1:vision_block,EXCLUDED_INITIAL_SCOPE,
model.visual.blocks.11.norm2.weight,model-00001-of-00131.safetensors,BF16,1152,1,1152,2304,vision,vision_block,11,,EXCLUDED_INITIAL_VISION,KQ-TENSOR-CLASSIFICATION-v1:vision_block,EXCLUDED_INITIAL_SCOPE,
model.visual.blocks.12.attn.proj.bias,model-00001-of-00131.safetensors,BF16,1152,1,1152,2304,vision,vision_block,12,,EXCLUDED_INITIAL_VISION,KQ-TENSOR-CLASSIFICATION-v1:vision_block,EXCLUDED_INITIAL_SCOPE,
model.visual.blocks.12.attn.proj.weight,model-00001-of-00131.safetensors,BF16,1152x1152,2,1327104,2654208,vision,vision_block,12,,EXCLUDED_INITIAL_VISION,KQ-TENSOR-CLASSIFICATION-v1:vision_block,EXCLUDED_INITIAL_SCOPE,
model.visual.blocks.12.attn.qkv.bias,model-00001-of-00131.safetensors,BF16,3456,1,3456,6912,vision,vision_block,12,,EXCLUDED_INITIAL_VISION,KQ-TENSOR-CLASSIFICATION-v1:vision_block,EXCLUDED_INITIAL_SCOPE,
model.visual.blocks.12.attn.qkv.weight,model-00001-of-00131.safetensors,BF16,3456x1152,2,3981312,7962624,vision,vision_block,12,,EXCLUDED_INITIAL_VISION,KQ-TENSOR-CLASSIFICATION-v1:vision_block,EXCLUDED_INITIAL_SCOPE,
model.visual.blocks.12.mlp.linear_fc1.bias,model-00001-of-00131.safetensors,BF16,4304,1,4304,8608,vision,vision_block,12,,EXCLUDED_INITIAL_VISION,KQ-TENSOR-CLASSIFICATION-v1:vision_block,EXCLUDED_INITIAL_SCOPE,
model.visual.blocks.12.mlp.linear_fc1.weight,model-00001-of-00131.safetensors,BF16,4304x1152,2,4958208,9916416,vision,vision_block,12,,EXCLUDED_INITIAL_VISION,KQ-TENSOR-CLASSIFICATION-v1:vision_block,EXCLUDED_INITIAL_SCOPE,
model.visual.blocks.12.mlp.linear_fc2.bias,model-00001-of-00131.safetensors,BF16,1152,1,1152,2304,vision,vision_block,12,,EXCLUDED_INITIAL_VISION,KQ-TENSOR-CLASSIFICATION-v1:vision_block,EXCLUDED_INITIAL_SCOPE,
model.visual.blocks.12.mlp.linear_fc2.weight,model-00001-of-00131.safetensors,BF16,1152x4304,2,4958208,9916416,vision,vision_block,12,,EXCLUDED_INITIAL_VISION,KQ-TENSOR-CLASSIFICATION-v1:vision_block,EXCLUDED_INITIAL_SCOPE,
model.visual.blocks.12.norm1.bias,model-00001-of-00131.safetensors,BF16,1152,1,1152,2304,vision,vision_block,12,,EXCLUDED_INITIAL_VISION,KQ-TENSOR-CLASSIFICATION-v1:vision_block,EXCLUDED_INITIAL_SCOPE,
model.visual.blocks.12.norm1.weight,model-00001-of-00131.safetensors,BF16,1152,1,1152,2304,vision,vision_block,12,,EXCLUDED_INITIAL_VISION,KQ-TENSOR-CLASSIFICATION-v1:vision_block,EXCLUDED_INITIAL_SCOPE,
model.visual.blocks.12.norm2.bias,model-00001-of-00131.safetensors,BF16,1152,1,1152,2304,vision,vision_block,12,,EXCLUDED_INITIAL_VISION,KQ-TENSOR-CLASSIFICATION-v1:vision_block,EXCLUDED_INITIAL_SCOPE,
model.visual.blocks.12.norm2.weight,model-00001-of-00131.safetensors,BF16,1152,1,1152,2304,vision,vision_block,12,,EXCLUDED_INITIAL_VISION,KQ-TENSOR-CLASSIFICATION-v1:vision_block,EXCLUDED_INITIAL_SCOPE,
model.visual.blocks.13.attn.proj.bias,model-00001-of-00131.safetensors,BF16,1152,1,1152,2304,vision,vision_block,13,,EXCLUDED_INITIAL_VISION,KQ-TENSOR-CLASSIFICATION-v1:vision_block,EXCLUDED_INITIAL_SCOPE,
model.visual.blocks.13.attn.proj.weight,model-00001-of-00131.safetensors,BF16,1152x1152,2,1327104,2654208,vision,vision_block,13,,EXCLUDED_INITIAL_VISION,KQ-TENSOR-CLASSIFICATION-v1:vision_block,EXCLUDED_INITIAL_SCOPE,
model.visual.blocks.13.attn.qkv.bias,model-00001-of-00131.safetensors,BF16,3456,1,3456,6912,vision,vision_block,13,,EXCLUDED_INITIAL_VISION,KQ-TENSOR-CLASSIFICATION-v1:vision_block,EXCLUDED_INITIAL_SCOPE,
model.visual.blocks.13.attn.qkv.weight,model-00001-of-00131.safetensors,BF16,3456x1152,2,3981312,7962624,vision,vision_block,13,,EXCLUDED_INITIAL_VISION,KQ-TENSOR-CLASSIFICATION-v1:vision_block,EXCLUDED_INITIAL_SCOPE,
model.visual.blocks.13.mlp.linear_fc1.bias,model-00001-of-00131.safetensors,BF16,4304,1,4304,8608,vision,vision_block,13,,EXCLUDED_INITIAL_VISION,KQ-TENSOR-CLASSIFICATION-v1:vision_block,EXCLUDED_INITIAL_SCOPE,
model.visual.blocks.13.mlp.linear_fc1.weight,model-00001-of-00131.safetensors,BF16,4304x1152,2,4958208,9916416,vision,vision_block,13,,EXCLUDED_INITIAL_VISION,KQ-TENSOR-CLASSIFICATION-v1:vision_block,EXCLUDED_INITIAL_SCOPE,
model.visual.blocks.13.mlp.linear_fc2.bias,model-00001-of-00131.safetensors,BF16,1152,1,1152,2304,vision,vision_block,13,,EXCLUDED_INITIAL_VISION,KQ-TENSOR-CLASSIFICATION-v1:vision_block,EXCLUDED_INITIAL_SCOPE,
model.visual.blocks.13.mlp.linear_fc2.weight,model-00001-of-00131.safetensors,BF16,1152x4304,2,4958208,9916416,vision,vision_block,13,,EXCLUDED_INITIAL_VISION,KQ-TENSOR-CLASSIFICATION-v1:vision_block,EXCLUDED_INITIAL_SCOPE,
model.visual.blocks.13.norm1.bias,model-00001-of-00131.safetensors,BF16,1152,1,1152,2304,vision,vision_block,13,,EXCLUDED_INITIAL_VISION,KQ-TENSOR-CLASSIFICATION-v1:vision_block,EXCLUDED_INITIAL_SCOPE,
model.visual.blocks.13.norm1.weight,model-00001-of-00131.safetensors,BF16,1152,1,1152,2304,vision,vision_block,13,,EXCLUDED_INITIAL_VISION,KQ-TENSOR-CLASSIFICATION-v1:vision_block,EXCLUDED_INITIAL_SCOPE,
model.visual.blocks.13.norm2.bias,model-00001-of-00131.safetensors,BF16,1152,1,1152,2304,vision,vision_block,13,,EXCLUDED_INITIAL_VISION,KQ-TENSOR-CLASSIFICATION-v1:vision_block,EXCLUDED_INITIAL_SCOPE,
model.visual.blocks.13.norm2.weight,model-00001-of-00131.safetensors,BF16,1152,1,1152,2304,vision,vision_block,13,,EXCLUDED_INITIAL_VISION,KQ-TENSOR-CLASSIFICATION-v1:vision_block,EXCLUDED_INITIAL_SCOPE,
model.visual.blocks.14.attn.proj.bias,model-00001-of-00131.safetensors,BF16,1152,1,1152,2304,vision,vision_block,14,,EXCLUDED_INITIAL_VISION,KQ-TENSOR-CLASSIFICATION-v1:vision_block,EXCLUDED_INITIAL_SCOPE,
model.visual.blocks.14.attn.proj.weight,model-00001-of-00131.safetensors,BF16,1152x1152,2,1327104,2654208,vision,vision_block,14,,EXCLUDED_INITIAL_VISION,KQ-TENSOR-CLASSIFICATION-v1:vision_block,EXCLUDED_INITIAL_SCOPE,
model.visual.blocks.14.attn.qkv.bias,model-00001-of-00131.safetensors,BF16,3456,1,3456,6912,vision,vision_block,14,,EXCLUDED_INITIAL_VISION,KQ-TENSOR-CLASSIFICATION-v1:vision_block,EXCLUDED_INITIAL_SCOPE,
model.visual.blocks.14.attn.qkv.weight,model-00001-of-00131.safetensors,BF16,3456x1152,2,3981312,7962624,vision,vision_block,14,,EXCLUDED_INITIAL_VISION,KQ-TENSOR-CLASSIFICATION-v1:vision_block,EXCLUDED_INITIAL_SCOPE,
model.visual.blocks.14.mlp.linear_fc1.bias,model-00001-of-00131.safetensors,BF16,4304,1,4304,8608,vision,vision_block,14,,EXCLUDED_INITIAL_VISION,KQ-TENSOR-CLASSIFICATION-v1:vision_block,EXCLUDED_INITIAL_SCOPE,
model.visual.blocks.14.mlp.linear_fc1.weight,model-00001-of-00131.safetensors,BF16,4304x1152,2,4958208,9916416,vision,vision_block,14,,EXCLUDED_INITIAL_VISION,KQ-TENSOR-CLASSIFICATION-v1:vision_block,EXCLUDED_INITIAL_SCOPE,
model.visual.blocks.14.mlp.linear_fc2.bias,model-00001-of-00131.safetensors,BF16,1152,1,1152,2304,vision,vision_block,14,,EXCLUDED_INITIAL_VISION,KQ-TENSOR-CLASSIFICATION-v1:vision_block,EXCLUDED_INITIAL_SCOPE,
model.visual.blocks.14.mlp.linear_fc2.weight,model-00001-of-00131.safetensors,BF16,1152x4304,2,4958208,9916416,vision,vision_block,14,,EXCLUDED_INITIAL_VISION,KQ-TENSOR-CLASSIFICATION-v1:vision_block,EXCLUDED_INITIAL_SCOPE,
model.visual.blocks.14.norm1.bias,model-00001-of-00131.safetensors,BF16,1152,1,1152,2304,vision,vision_block,14,,EXCLUDED_INITIAL_VISION,KQ-TENSOR-CLASSIFICATION-v1:vision_block,EXCLUDED_INITIAL_SCOPE,
model.visual.blocks.14.norm1.weight,model-00001-of-00131.safetensors,BF16,1152,1,1152,2304,vision,vision_block,14,,EXCLUDED_INITIAL_VISION,KQ-TENSOR-CLASSIFICATION-v1:vision_block,EXCLUDED_INITIAL_SCOPE,
model.visual.blocks.14.norm2.bias,model-00001-of-00131.safetensors,BF16,1152,1,1152,2304,vision,vision_block,14,,EXCLUDED_INITIAL_VISION,KQ-TENSOR-CLASSIFICATION-v1:vision_block,EXCLUDED_INITIAL_SCOPE,
model.visual.blocks.14.norm2.weight,model-00001-of-00131.safetensors,BF16,1152,1,1152,2304,vision,vision_block,14,,EXCLUDED_INITIAL_VISION,KQ-TENSOR-CLASSIFICATION-v1:vision_block,EXCLUDED_INITIAL_SCOPE,
model.visual.blocks.15.attn.proj.bias,model-00001-of-00131.safetensors,BF16,1152,1,1152,2304,vision,vision_block,15,,EXCLUDED_INITIAL_VISION,KQ-TENSOR-CLASSIFICATION-v1:vision_block,EXCLUDED_INITIAL_SCOPE,
model.visual.blocks.15.attn.proj.weight,model-00001-of-00131.safetensors,BF16,1152x1152,2,1327104,2654208,vision,vision_block,15,,EXCLUDED_INITIAL_VISION,KQ-TENSOR-CLASSIFICATION-v1:vision_block,EXCLUDED_INITIAL_SCOPE,
model.visual.blocks.15.attn.qkv.bias,model-00001-of-00131.safetensors,BF16,3456,1,3456,6912,vision,vision_block,15,,EXCLUDED_INITIAL_VISION,KQ-TENSOR-CLASSIFICATION-v1:vision_block,EXCLUDED_INITIAL_SCOPE,
model.visual.blocks.15.attn.qkv.weight,model-00001-of-00131.safetensors,BF16,3456x1152,2,3981312,7962624,vision,vision_block,15,,EXCLUDED_INITIAL_VISION,KQ-TENSOR-CLASSIFICATION-v1:vision_block,EXCLUDED_INITIAL_SCOPE,
model.visual.blocks.15.mlp.linear_fc1.bias,model-00001-of-00131.safetensors,BF16,4304,1,4304,8608,vision,vision_block,15,,EXCLUDED_INITIAL_VISION,KQ-TENSOR-CLASSIFICATION-v1:vision_block,EXCLUDED_INITIAL_SCOPE,
model.visual.blocks.15.mlp.linear_fc1.weight,model-00001-of-00131.safetensors,BF16,4304x1152,2,4958208,9916416,vision,vision_block,15,,EXCLUDED_INITIAL_VISION,KQ-TENSOR-CLASSIFICATION-v1:vision_block,EXCLUDED_INITIAL_SCOPE,
model.visual.blocks.15.mlp.linear_fc2.bias,model-00001-of-00131.safetensors,BF16,1152,1,1152,2304,vision,vision_block,15,,EXCLUDED_INITIAL_VISION,KQ-TENSOR-CLASSIFICATION-v1:vision_block,EXCLUDED_INITIAL_SCOPE,
model.visual.blocks.15.mlp.linear_fc2.weight,model-00001-of-00131.safetensors,BF16,1152x4304,2,4958208,9916416,vision,vision_block,15,,EXCLUDED_INITIAL_VISION,KQ-TENSOR-CLASSIFICATION-v1:vision_block,EXCLUDED_INITIAL_SCOPE,
model.visual.blocks.15.norm1.bias,model-00001-of-00131.safetensors,BF16,1152,1,1152,2304,vision,vision_block,15,,EXCLUDED_INITIAL_VISION,KQ-TENSOR-CLASSIFICATION-v1:vision_block,EXCLUDED_INITIAL_SCOPE,
model.visual.blocks.15.norm1.weight,model-00001-of-00131.safetensors,BF16,1152,1,1152,2304,vision,vision_block,15,,EXCLUDED_INITIAL_VISION,KQ-TENSOR-CLASSIFICATION-v1:vision_block,EXCLUDED_INITIAL_SCOPE,
model.visual.blocks.15.norm2.bias,model-00001-of-00131.safetensors,BF16,1152,1,1152,2304,vision,vision_block,15,,EXCLUDED_INITIAL_VISION,KQ-TENSOR-CLASSIFICATION-v1:vision_block,EXCLUDED_INITIAL_SCOPE,
model.visual.blocks.15.norm2.weight,model-00001-of-00131.safetensors,BF16,1152,1,1152,2304,vision,vision_block,15,,EXCLUDED_INITIAL_VISION,KQ-TENSOR-CLASSIFICATION-v1:vision_block,EXCLUDED_INITIAL_SCOPE,
model.visual.blocks.16.attn.proj.bias,model-00001-of-00131.safetensors,BF16,1152,1,1152,2304,vision,vision_block,16,,EXCLUDED_INITIAL_VISION,KQ-TENSOR-CLASSIFICATION-v1:vision_block,EXCLUDED_INITIAL_SCOPE,
model.visual.blocks.16.attn.proj.weight,model-00001-of-00131.safetensors,BF16,1152x1152,2,1327104,2654208,vision,vision_block,16,,EXCLUDED_INITIAL_VISION,KQ-TENSOR-CLASSIFICATION-v1:vision_block,EXCLUDED_INITIAL_SCOPE,
model.visual.blocks.16.attn.qkv.bias,model-00001-of-00131.safetensors,BF16,3456,1,3456,6912,vision,vision_block,16,,EXCLUDED_INITIAL_VISION,KQ-TENSOR-CLASSIFICATION-v1:vision_block,EXCLUDED_INITIAL_SCOPE,
model.visual.blocks.16.attn.qkv.weight,model-00001-of-00131.safetensors,BF16,3456x1152,2,3981312,7962624,vision,vision_block,16,,EXCLUDED_INITIAL_VISION,KQ-TENSOR-CLASSIFICATION-v1:vision_block,EXCLUDED_INITIAL_SCOPE,
model.visual.blocks.16.mlp.linear_fc1.bias,model-00001-of-00131.safetensors,BF16,4304,1,4304,8608,vision,vision_block,16,,EXCLUDED_INITIAL_VISION,KQ-TENSOR-CLASSIFICATION-v1:vision_block,EXCLUDED_INITIAL_SCOPE,
model.visual.blocks.16.mlp.linear_fc1.weight,model-00001-of-00131.safetensors,BF16,4304x1152,2,4958208,9916416,vision,vision_block,16,,EXCLUDED_INITIAL_VISION,KQ-TENSOR-CLASSIFICATION-v1:vision_block,EXCLUDED_INITIAL_SCOPE,
model.visual.blocks.16.mlp.linear_fc2.bias,model-00001-of-00131.safetensors,BF16,1152,1,1152,2304,vision,vision_block,16,,EXCLUDED_INITIAL_VISION,KQ-TENSOR-CLASSIFICATION-v1:vision_block,EXCLUDED_INITIAL_SCOPE,
model.visual.blocks.16.mlp.linear_fc2.weight,model-00001-of-00131.safetensors,BF16,1152x4304,2,4958208,9916416,vision,vision_block,16,,EXCLUDED_INITIAL_VISION,KQ-TENSOR-CLASSIFICATION-v1:vision_block,EXCLUDED_INITIAL_SCOPE,
model.visual.blocks.16.norm1.bias,model-00001-of-00131.safetensors,BF16,1152,1,1152,2304,vision,vision_block,16,,EXCLUDED_INITIAL_VISION,KQ-TENSOR-CLASSIFICATION-v1:vision_block,EXCLUDED_INITIAL_SCOPE,
model.visual.blocks.16.norm1.weight,model-00001-of-00131.safetensors,BF16,1152,1,1152,2304,vision,vision_block,16,,EXCLUDED_INITIAL_VISION,KQ-TENSOR-CLASSIFICATION-v1:vision_block,EXCLUDED_INITIAL_SCOPE,
model.visual.blocks.16.norm2.bias,model-00001-of-00131.safetensors,BF16,1152,1,1152,2304,vision,vision_block,16,,EXCLUDED_INITIAL_VISION,KQ-TENSOR-CLASSIFICATION-v1:vision_block,EXCLUDED_INITIAL_SCOPE,
model.visual.blocks.16.norm2.weight,model-00001-of-00131.safetensors,BF16,1152,1,1152,2304,vision,vision_block,16,,EXCLUDED_INITIAL_VISION,KQ-TENSOR-CLASSIFICATION-v1:vision_block,EXCLUDED_INITIAL_SCOPE,
model.visual.blocks.17.attn.proj.bias,model-00001-of-00131.safetensors,BF16,1152,1,1152,2304,vision,vision_block,17,,EXCLUDED_INITIAL_VISION,KQ-TENSOR-CLASSIFICATION-v1:vision_block,EXCLUDED_INITIAL_SCOPE,
model.visual.blocks.17.attn.proj.weight,model-00001-of-00131.safetensors,BF16,1152x1152,2,1327104,2654208,vision,vision_block,17,,EXCLUDED_INITIAL_VISION,KQ-TENSOR-CLASSIFICATION-v1:vision_block,EXCLUDED_INITIAL_SCOPE,
model.visual.blocks.17.attn.qkv.bias,model-00001-of-00131.safetensors,BF16,3456,1,3456,6912,vision,vision_block,17,,EXCLUDED_INITIAL_VISION,KQ-TENSOR-CLASSIFICATION-v1:vision_block,EXCLUDED_INITIAL_SCOPE,
model.visual.blocks.17.attn.qkv.weight,model-00001-of-00131.safetensors,BF16,3456x1152,2,3981312,7962624,vision,vision_block,17,,EXCLUDED_INITIAL_VISION,KQ-TENSOR-CLASSIFICATION-v1:vision_block,EXCLUDED_INITIAL_SCOPE,
model.visual.blocks.17.mlp.linear_fc1.bias,model-00001-of-00131.safetensors,BF16,4304,1,4304,8608,vision,vision_block,17,,EXCLUDED_INITIAL_VISION,KQ-TENSOR-CLASSIFICATION-v1:vision_block,EXCLUDED_INITIAL_SCOPE,
model.visual.blocks.17.mlp.linear_fc1.weight,model-00001-of-00131.safetensors,BF16,4304x1152,2,4958208,9916416,vision,vision_block,17,,EXCLUDED_INITIAL_VISION,KQ-TENSOR-CLASSIFICATION-v1:vision_block,EXCLUDED_INITIAL_SCOPE,
model.visual.blocks.17.mlp.linear_fc2.bias,model-00001-of-00131.safetensors,BF16,1152,1,1152,2304,vision,vision_block,17,,EXCLUDED_INITIAL_VISION,KQ-TENSOR-CLASSIFICATION-v1:vision_block,EXCLUDED_INITIAL_SCOPE,
model.visual.blocks.17.mlp.linear_fc2.weight,model-00001-of-00131.safetensors,BF16,1152x4304,2,4958208,9916416,vision,vision_block,17,,EXCLUDED_INITIAL_VISION,KQ-TENSOR-CLASSIFICATION-v1:vision_block,EXCLUDED_INITIAL_SCOPE,
model.visual.blocks.17.norm1.bias,model-00001-of-00131.safetensors,BF16,1152,1,1152,2304,vision,vision_block,17,,EXCLUDED_INITIAL_VISION,KQ-TENSOR-CLASSIFICATION-v1:vision_block,EXCLUDED_INITIAL_SCOPE,
model.visual.blocks.17.norm1.weight,model-00001-of-00131.safetensors,BF16,1152,1,1152,2304,vision,vision_block,17,,EXCLUDED_INITIAL_VISION,KQ-TENSOR-CLASSIFICATION-v1:vision_block,EXCLUDED_INITIAL_SCOPE,
model.visual.blocks.17.norm2.bias,model-00001-of-00131.safetensors,BF16,1152,1,1152,2304,vision,vision_block,17,,EXCLUDED_INITIAL_VISION,KQ-TENSOR-CLASSIFICATION-v1:vision_block,EXCLUDED_INITIAL_SCOPE,
model.visual.blocks.17.norm2.weight,model-00001-of-00131.safetensors,BF16,1152,1,1152,2304,vision,vision_block,17,,EXCLUDED_INITIAL_VISION,KQ-TENSOR-CLASSIFICATION-v1:vision_block,EXCLUDED_INITIAL_SCOPE,
model.visual.blocks.18.attn.proj.bias,model-00001-of-00131.safetensors,BF16,1152,1,1152,2304,vision,vision_block,18,,EXCLUDED_INITIAL_VISION,KQ-TENSOR-CLASSIFICATION-v1:vision_block,EXCLUDED_INITIAL_SCOPE,
model.visual.blocks.18.attn.proj.weight,model-00001-of-00131.safetensors,BF16,1152x1152,2,1327104,2654208,vision,vision_block,18,,EXCLUDED_INITIAL_VISION,KQ-TENSOR-CLASSIFICATION-v1:vision_block,EXCLUDED_INITIAL_SCOPE,
model.visual.blocks.18.attn.qkv.bias,model-00001-of-00131.safetensors,BF16,3456,1,3456,6912,vision,vision_block,18,,EXCLUDED_INITIAL_VISION,KQ-TENSOR-CLASSIFICATION-v1:vision_block,EXCLUDED_INITIAL_SCOPE,
model.visual.blocks.18.attn.qkv.weight,model-00001-of-00131.safetensors,BF16,3456x1152,2,3981312,7962624,vision,vision_block,18,,EXCLUDED_INITIAL_VISION,KQ-TENSOR-CLASSIFICATION-v1:vision_block,EXCLUDED_INITIAL_SCOPE,
model.visual.blocks.18.mlp.linear_fc1.bias,model-00001-of-00131.safetensors,BF16,4304,1,4304,8608,vision,vision_block,18,,EXCLUDED_INITIAL_VISION,KQ-TENSOR-CLASSIFICATION-v1:vision_block,EXCLUDED_INITIAL_SCOPE,
model.visual.blocks.18.mlp.linear_fc1.weight,model-00001-of-00131.safetensors,BF16,4304x1152,2,4958208,9916416,vision,vision_block,18,,EXCLUDED_INITIAL_VISION,KQ-TENSOR-CLASSIFICATION-v1:vision_block,EXCLUDED_INITIAL_SCOPE,
model.visual.blocks.18.mlp.linear_fc2.bias,model-00001-of-00131.safetensors,BF16,1152,1,1152,2304,vision,vision_block,18,,EXCLUDED_INITIAL_VISION,KQ-TENSOR-CLASSIFICATION-v1:vision_block,EXCLUDED_INITIAL_SCOPE,
model.visual.blocks.18.mlp.linear_fc2.weight,model-00001-of-00131.safetensors,BF16,1152x4304,2,4958208,9916416,vision,vision_block,18,,EXCLUDED_INITIAL_VISION,KQ-TENSOR-CLASSIFICATION-v1:vision_block,EXCLUDED_INITIAL_SCOPE,
model.visual.blocks.18.norm1.bias,model-00001-of-00131.safetensors,BF16,1152,1,1152,2304,vision,vision_block,18,,EXCLUDED_INITIAL_VISION,KQ-TENSOR-CLASSIFICATION-v1:vision_block,EXCLUDED_INITIAL_SCOPE,
model.visual.blocks.18.norm1.weight,model-00001-of-00131.safetensors,BF16,1152,1,1152,2304,vision,vision_block,18,,EXCLUDED_INITIAL_VISION,KQ-TENSOR-CLASSIFICATION-v1:vision_block,EXCLUDED_INITIAL_SCOPE,
model.visual.blocks.18.norm2.bias,model-00001-of-00131.safetensors,BF16,1152,1,1152,2304,vision,vision_block,18,,EXCLUDED_INITIAL_VISION,KQ-TENSOR-CLASSIFICATION-v1:vision_block,EXCLUDED_INITIAL_SCOPE,
model.visual.blocks.18.norm2.weight,model-00001-of-00131.safetensors,BF16,1152,1,1152,2304,vision,vision_block,18,,EXCLUDED_INITIAL_VISION,KQ-TENSOR-CLASSIFICATION-v1:vision_block,EXCLUDED_INITIAL_SCOPE,
model.visual.blocks.19.attn.proj.bias,model-00001-of-00131.safetensors,BF16,1152,1,1152,2304,vision,vision_block,19,,EXCLUDED_INITIAL_VISION,KQ-TENSOR-CLASSIFICATION-v1:vision_block,EXCLUDED_INITIAL_SCOPE,
model.visual.blocks.19.attn.proj.weight,model-00001-of-00131.safetensors,BF16,1152x1152,2,1327104,2654208,vision,vision_block,19,,EXCLUDED_INITIAL_VISION,KQ-TENSOR-CLASSIFICATION-v1:vision_block,EXCLUDED_INITIAL_SCOPE,
model.visual.blocks.19.attn.qkv.bias,model-00001-of-00131.safetensors,BF16,3456,1,3456,6912,vision,vision_block,19,,EXCLUDED_INITIAL_VISION,KQ-TENSOR-CLASSIFICATION-v1:vision_block,EXCLUDED_INITIAL_SCOPE,
model.visual.blocks.19.attn.qkv.weight,model-00001-of-00131.safetensors,BF16,3456x1152,2,3981312,7962624,vision,vision_block,19,,EXCLUDED_INITIAL_VISION,KQ-TENSOR-CLASSIFICATION-v1:vision_block,EXCLUDED_INITIAL_SCOPE,
model.visual.blocks.19.mlp.linear_fc1.bias,model-00001-of-00131.safetensors,BF16,4304,1,4304,8608,vision,vision_block,19,,EXCLUDED_INITIAL_VISION,KQ-TENSOR-CLASSIFICATION-v1:vision_block,EXCLUDED_INITIAL_SCOPE,
model.visual.blocks.19.mlp.linear_fc1.weight,model-00001-of-00131.safetensors,BF16,4304x1152,2,4958208,9916416,vision,vision_block,19,,EXCLUDED_INITIAL_VISION,KQ-TENSOR-CLASSIFICATION-v1:vision_block,EXCLUDED_INITIAL_SCOPE,
model.visual.blocks.19.mlp.linear_fc2.bias,model-00001-of-00131.safetensors,BF16,1152,1,1152,2304,vision,vision_block,19,,EXCLUDED_INITIAL_VISION,KQ-TENSOR-CLASSIFICATION-v1:vision_block,EXCLUDED_INITIAL_SCOPE,
model.visual.blocks.19.mlp.linear_fc2.weight,model-00001-of-00131.safetensors,BF16,1152x4304,2,4958208,9916416,vision,vision_block,19,,EXCLUDED_INITIAL_VISION,KQ-TENSOR-CLASSIFICATION-v1:vision_block,EXCLUDED_INITIAL_SCOPE,
model.visual.blocks.19.norm1.bias,model-00001-of-00131.safetensors,BF16,1152,1,1152,2304,vision,vision_block,19,,EXCLUDED_INITIAL_VISION,KQ-TENSOR-CLASSIFICATION-v1:vision_block,EXCLUDED_INITIAL_SCOPE,
model.visual.blocks.19.norm1.weight,model-00001-of-00131.safetensors,BF16,1152,1,1152,2304,vision,vision_block,19,,EXCLUDED_INITIAL_VISION,KQ-TENSOR-CLASSIFICATION-v1:vision_block,EXCLUDED_INITIAL_SCOPE,
model.visual.blocks.19.norm2.bias,model-00001-of-00131.safetensors,BF16,1152,1,1152,2304,vision,vision_block,19,,EXCLUDED_INITIAL_VISION,KQ-TENSOR-CLASSIFICATION-v1:vision_block,EXCLUDED_INITIAL_SCOPE,
model.visual.blocks.19.norm2.weight,model-00001-of-00131.safetensors,BF16,1152,1,1152,2304,vision,vision_block,19,,EXCLUDED_INITIAL_VISION,KQ-TENSOR-CLASSIFICATION-v1:vision_block,EXCLUDED_INITIAL_SCOPE,
model.visual.blocks.2.attn.proj.bias,model-00001-of-00131.safetensors,BF16,1152,1,1152,2304,vision,vision_block,2,,EXCLUDED_INITIAL_VISION,KQ-TENSOR-CLASSIFICATION-v1:vision_block,EXCLUDED_INITIAL_SCOPE,
model.visual.blocks.2.attn.proj.weight,model-00001-of-00131.safetensors,BF16,1152x1152,2,1327104,2654208,vision,vision_block,2,,EXCLUDED_INITIAL_VISION,KQ-TENSOR-CLASSIFICATION-v1:vision_block,EXCLUDED_INITIAL_SCOPE,
model.visual.blocks.2.attn.qkv.bias,model-00001-of-00131.safetensors,BF16,3456,1,3456,6912,vision,vision_block,2,,EXCLUDED_INITIAL_VISION,KQ-TENSOR-CLASSIFICATION-v1:vision_block,EXCLUDED_INITIAL_SCOPE,
model.visual.blocks.2.attn.qkv.weight,model-00001-of-00131.safetensors,BF16,3456x1152,2,3981312,7962624,vision,vision_block,2,,EXCLUDED_INITIAL_VISION,KQ-TENSOR-CLASSIFICATION-v1:vision_block,EXCLUDED_INITIAL_SCOPE,
model.visual.blocks.2.mlp.linear_fc1.bias,model-00001-of-00131.safetensors,BF16,4304,1,4304,8608,vision,vision_block,2,,EXCLUDED_INITIAL_VISION,KQ-TENSOR-CLASSIFICATION-v1:vision_block,EXCLUDED_INITIAL_SCOPE,
model.visual.blocks.2.mlp.linear_fc1.weight,model-00001-of-00131.safetensors,BF16,4304x1152,2,4958208,9916416,vision,vision_block,2,,EXCLUDED_INITIAL_VISION,KQ-TENSOR-CLASSIFICATION-v1:vision_block,EXCLUDED_INITIAL_SCOPE,
model.visual.blocks.2.mlp.linear_fc2.bias,model-00001-of-00131.safetensors,BF16,1152,1,1152,2304,vision,vision_block,2,,EXCLUDED_INITIAL_VISION,KQ-TENSOR-CLASSIFICATION-v1:vision_block,EXCLUDED_INITIAL_SCOPE,
model.visual.blocks.2.mlp.linear_fc2.weight,model-00001-of-00131.safetensors,BF16,1152x4304,2,4958208,9916416,vision,vision_block,2,,EXCLUDED_INITIAL_VISION,KQ-TENSOR-CLASSIFICATION-v1:vision_block,EXCLUDED_INITIAL_SCOPE,
model.visual.blocks.2.norm1.bias,model-00001-of-00131.safetensors,BF16,1152,1,1152,2304,vision,vision_block,2,,EXCLUDED_INITIAL_VISION,KQ-TENSOR-CLASSIFICATION-v1:vision_block,EXCLUDED_INITIAL_SCOPE,
model.visual.blocks.2.norm1.weight,model-00001-of-00131.safetensors,BF16,1152,1,1152,2304,vision,vision_block,2,,EXCLUDED_INITIAL_VISION,KQ-TENSOR-CLASSIFICATION-v1:vision_block,EXCLUDED_INITIAL_SCOPE,
model.visual.blocks.2.norm2.bias,model-00001-of-00131.safetensors,BF16,1152,1,1152,2304,vision,vision_block,2,,EXCLUDED_INITIAL_VISION,KQ-TENSOR-CLASSIFICATION-v1:vision_block,EXCLUDED_INITIAL_SCOPE,
model.visual.blocks.2.norm2.weight,model-00001-of-00131.safetensors,BF16,1152,1,1152,2304,vision,vision_block,2,,EXCLUDED_INITIAL_VISION,KQ-TENSOR-CLASSIFICATION-v1:vision_block,EXCLUDED_INITIAL_SCOPE,
model.visual.blocks.20.attn.proj.bias,model-00001-of-00131.safetensors,BF16,1152,1,1152,2304,vision,vision_block,20,,EXCLUDED_INITIAL_VISION,KQ-TENSOR-CLASSIFICATION-v1:vision_block,EXCLUDED_INITIAL_SCOPE,
model.visual.blocks.20.attn.proj.weight,model-00001-of-00131.safetensors,BF16,1152x1152,2,1327104,2654208,vision,vision_block,20,,EXCLUDED_INITIAL_VISION,KQ-TENSOR-CLASSIFICATION-v1:vision_block,EXCLUDED_INITIAL_SCOPE,
model.visual.blocks.20.attn.qkv.bias,model-00001-of-00131.safetensors,BF16,3456,1,3456,6912,vision,vision_block,20,,EXCLUDED_INITIAL_VISION,KQ-TENSOR-CLASSIFICATION-v1:vision_block,EXCLUDED_INITIAL_SCOPE,
model.visual.blocks.20.attn.qkv.weight,model-00001-of-00131.safetensors,BF16,3456x1152,2,3981312,7962624,vision,vision_block,20,,EXCLUDED_INITIAL_VISION,KQ-TENSOR-CLASSIFICATION-v1:vision_block,EXCLUDED_INITIAL_SCOPE,
model.visual.blocks.20.mlp.linear_fc1.bias,model-00001-of-00131.safetensors,BF16,4304,1,4304,8608,vision,vision_block,20,,EXCLUDED_INITIAL_VISION,KQ-TENSOR-CLASSIFICATION-v1:vision_block,EXCLUDED_INITIAL_SCOPE,
model.visual.blocks.20.mlp.linear_fc1.weight,model-00001-of-00131.safetensors,BF16,4304x1152,2,4958208,9916416,vision,vision_block,20,,EXCLUDED_INITIAL_VISION,KQ-TENSOR-CLASSIFICATION-v1:vision_block,EXCLUDED_INITIAL_SCOPE,
model.visual.blocks.20.mlp.linear_fc2.bias,model-00001-of-00131.safetensors,BF16,1152,1,1152,2304,vision,vision_block,20,,EXCLUDED_INITIAL_VISION,KQ-TENSOR-CLASSIFICATION-v1:vision_block,EXCLUDED_INITIAL_SCOPE,
model.visual.blocks.20.mlp.linear_fc2.weight,model-00001-of-00131.safetensors,BF16,1152x4304,2,4958208,9916416,vision,vision_block,20,,EXCLUDED_INITIAL_VISION,KQ-TENSOR-CLASSIFICATION-v1:vision_block,EXCLUDED_INITIAL_SCOPE,
model.visual.blocks.20.norm1.bias,model-00001-of-00131.safetensors,BF16,1152,1,1152,2304,vision,vision_block,20,,EXCLUDED_INITIAL_VISION,KQ-TENSOR-CLASSIFICATION-v1:vision_block,EXCLUDED_INITIAL_SCOPE,
model.visual.blocks.20.norm1.weight,model-00001-of-00131.safetensors,BF16,1152,1,1152,2304,vision,vision_block,20,,EXCLUDED_INITIAL_VISION,KQ-TENSOR-CLASSIFICATION-v1:vision_block,EXCLUDED_INITIAL_SCOPE,
model.visual.blocks.20.norm2.bias,model-00001-of-00131.safetensors,BF16,1152,1,1152,2304,vision,vision_block,20,,EXCLUDED_INITIAL_VISION,KQ-TENSOR-CLASSIFICATION-v1:vision_block,EXCLUDED_INITIAL_SCOPE,
model.visual.blocks.20.norm2.weight,model-00001-of-00131.safetensors,BF16,1152,1,1152,2304,vision,vision_block,20,,EXCLUDED_INITIAL_VISION,KQ-TENSOR-CLASSIFICATION-v1:vision_block,EXCLUDED_INITIAL_SCOPE,
model.visual.blocks.21.attn.proj.bias,model-00001-of-00131.safetensors,BF16,1152,1,1152,2304,vision,vision_block,21,,EXCLUDED_INITIAL_VISION,KQ-TENSOR-CLASSIFICATION-v1:vision_block,EXCLUDED_INITIAL_SCOPE,
model.visual.blocks.21.attn.proj.weight,model-00001-of-00131.safetensors,BF16,1152x1152,2,1327104,2654208,vision,vision_block,21,,EXCLUDED_INITIAL_VISION,KQ-TENSOR-CLASSIFICATION-v1:vision_block,EXCLUDED_INITIAL_SCOPE,
model.visual.blocks.21.attn.qkv.bias,model-00001-of-00131.safetensors,BF16,3456,1,3456,6912,vision,vision_block,21,,EXCLUDED_INITIAL_VISION,KQ-TENSOR-CLASSIFICATION-v1:vision_block,EXCLUDED_INITIAL_SCOPE,
model.visual.blocks.21.attn.qkv.weight,model-00001-of-00131.safetensors,BF16,3456x1152,2,3981312,7962624,vision,vision_block,21,,EXCLUDED_INITIAL_VISION,KQ-TENSOR-CLASSIFICATION-v1:vision_block,EXCLUDED_INITIAL_SCOPE,
model.visual.blocks.21.mlp.linear_fc1.bias,model-00001-of-00131.safetensors,BF16,4304,1,4304,8608,vision,vision_block,21,,EXCLUDED_INITIAL_VISION,KQ-TENSOR-CLASSIFICATION-v1:vision_block,EXCLUDED_INITIAL_SCOPE,
model.visual.blocks.21.mlp.linear_fc1.weight,model-00001-of-00131.safetensors,BF16,4304x1152,2,4958208,9916416,vision,vision_block,21,,EXCLUDED_INITIAL_VISION,KQ-TENSOR-CLASSIFICATION-v1:vision_block,EXCLUDED_INITIAL_SCOPE,
model.visual.blocks.21.mlp.linear_fc2.bias,model-00001-of-00131.safetensors,BF16,1152,1,1152,2304,vision,vision_block,21,,EXCLUDED_INITIAL_VISION,KQ-TENSOR-CLASSIFICATION-v1:vision_block,EXCLUDED_INITIAL_SCOPE,
model.visual.blocks.21.mlp.linear_fc2.weight,model-00001-of-00131.safetensors,BF16,1152x4304,2,4958208,9916416,vision,vision_block,21,,EXCLUDED_INITIAL_VISION,KQ-TENSOR-CLASSIFICATION-v1:vision_block,EXCLUDED_INITIAL_SCOPE,
model.visual.blocks.21.norm1.bias,model-00001-of-00131.safetensors,BF16,1152,1,1152,2304,vision,vision_block,21,,EXCLUDED_INITIAL_VISION,KQ-TENSOR-CLASSIFICATION-v1:vision_block,EXCLUDED_INITIAL_SCOPE,
model.visual.blocks.21.norm1.weight,model-00001-of-00131.safetensors,BF16,1152,1,1152,2304,vision,vision_block,21,,EXCLUDED_INITIAL_VISION,KQ-TENSOR-CLASSIFICATION-v1:vision_block,EXCLUDED_INITIAL_SCOPE,
model.visual.blocks.21.norm2.bias,model-00001-of-00131.safetensors,BF16,1152,1,1152,2304,vision,vision_block,21,,EXCLUDED_INITIAL_VISION,KQ-TENSOR-CLASSIFICATION-v1:vision_block,EXCLUDED_INITIAL_SCOPE,
model.visual.blocks.21.norm2.weight,model-00001-of-00131.safetensors,BF16,1152,1,1152,2304,vision,vision_block,21,,EXCLUDED_INITIAL_VISION,KQ-TENSOR-CLASSIFICATION-v1:vision_block,EXCLUDED_INITIAL_SCOPE,
model.visual.blocks.22.attn.proj.bias,model-00001-of-00131.safetensors,BF16,1152,1,1152,2304,vision,vision_block,22,,EXCLUDED_INITIAL_VISION,KQ-TENSOR-CLASSIFICATION-v1:vision_block,EXCLUDED_INITIAL_SCOPE,
model.visual.blocks.22.attn.proj.weight,model-00001-of-00131.safetensors,BF16,1152x1152,2,1327104,2654208,vision,vision_block,22,,EXCLUDED_INITIAL_VISION,KQ-TENSOR-CLASSIFICATION-v1:vision_block,EXCLUDED_INITIAL_SCOPE,
model.visual.blocks.22.attn.qkv.bias,model-00001-of-00131.safetensors,BF16,3456,1,3456,6912,vision,vision_block,22,,EXCLUDED_INITIAL_VISION,KQ-TENSOR-CLASSIFICATION-v1:vision_block,EXCLUDED_INITIAL_SCOPE,
model.visual.blocks.22.attn.qkv.weight,model-00001-of-00131.safetensors,BF16,3456x1152,2,3981312,7962624,vision,vision_block,22,,EXCLUDED_INITIAL_VISION,KQ-TENSOR-CLASSIFICATION-v1:vision_block,EXCLUDED_INITIAL_SCOPE,
model.visual.blocks.22.mlp.linear_fc1.bias,model-00001-of-00131.safetensors,BF16,4304,1,4304,8608,vision,vision_block,22,,EXCLUDED_INITIAL_VISION,KQ-TENSOR-CLASSIFICATION-v1:vision_block,EXCLUDED_INITIAL_SCOPE,
model.visual.blocks.22.mlp.linear_fc1.weight,model-00001-of-00131.safetensors,BF16,4304x1152,2,4958208,9916416,vision,vision_block,22,,EXCLUDED_INITIAL_VISION,KQ-TENSOR-CLASSIFICATION-v1:vision_block,EXCLUDED_INITIAL_SCOPE,
model.visual.blocks.22.mlp.linear_fc2.bias,model-00001-of-00131.safetensors,BF16,1152,1,1152,2304,vision,vision_block,22,,EXCLUDED_INITIAL_VISION,KQ-TENSOR-CLASSIFICATION-v1:vision_block,EXCLUDED_INITIAL_SCOPE,
model.visual.blocks.22.mlp.linear_fc2.weight,model-00001-of-00131.safetensors,BF16,1152x4304,2,4958208,9916416,vision,vision_block,22,,EXCLUDED_INITIAL_VISION,KQ-TENSOR-CLASSIFICATION-v1:vision_block,EXCLUDED_INITIAL_SCOPE,
model.visual.blocks.22.norm1.bias,model-00001-of-00131.safetensors,BF16,1152,1,1152,2304,vision,vision_block,22,,EXCLUDED_INITIAL_VISION,KQ-TENSOR-CLASSIFICATION-v1:vision_block,EXCLUDED_INITIAL_SCOPE,
model.visual.blocks.22.norm1.weight,model-00001-of-00131.safetensors,BF16,1152,1,1152,2304,vision,vision_block,22,,EXCLUDED_INITIAL_VISION,KQ-TENSOR-CLASSIFICATION-v1:vision_block,EXCLUDED_INITIAL_SCOPE,
model.visual.blocks.22.norm2.bias,model-00001-of-00131.safetensors,BF16,1152,1,1152,2304,vision,vision_block,22,,EXCLUDED_INITIAL_VISION,KQ-TENSOR-CLASSIFICATION-v1:vision_block,EXCLUDED_INITIAL_SCOPE,
model.visual.blocks.22.norm2.weight,model-00001-of-00131.safetensors,BF16,1152,1,1152,2304,vision,vision_block,22,,EXCLUDED_INITIAL_VISION,KQ-TENSOR-CLASSIFICATION-v1:vision_block,EXCLUDED_INITIAL_SCOPE,
model.visual.blocks.23.attn.proj.bias,model-00001-of-00131.safetensors,BF16,1152,1,1152,2304,vision,vision_block,23,,EXCLUDED_INITIAL_VISION,KQ-TENSOR-CLASSIFICATION-v1:vision_block,EXCLUDED_INITIAL_SCOPE,
model.visual.blocks.23.attn.proj.weight,model-00001-of-00131.safetensors,BF16,1152x1152,2,1327104,2654208,vision,vision_block,23,,EXCLUDED_INITIAL_VISION,KQ-TENSOR-CLASSIFICATION-v1:vision_block,EXCLUDED_INITIAL_SCOPE,
model.visual.blocks.23.attn.qkv.bias,model-00001-of-00131.safetensors,BF16,3456,1,3456,6912,vision,vision_block,23,,EXCLUDED_INITIAL_VISION,KQ-TENSOR-CLASSIFICATION-v1:vision_block,EXCLUDED_INITIAL_SCOPE,
model.visual.blocks.23.attn.qkv.weight,model-00001-of-00131.safetensors,BF16,3456x1152,2,3981312,7962624,vision,vision_block,23,,EXCLUDED_INITIAL_VISION,KQ-TENSOR-CLASSIFICATION-v1:vision_block,EXCLUDED_INITIAL_SCOPE,
model.visual.blocks.23.mlp.linear_fc1.bias,model-00001-of-00131.safetensors,BF16,4304,1,4304,8608,vision,vision_block,23,,EXCLUDED_INITIAL_VISION,KQ-TENSOR-CLASSIFICATION-v1:vision_block,EXCLUDED_INITIAL_SCOPE,
model.visual.blocks.23.mlp.linear_fc1.weight,model-00001-of-00131.safetensors,BF16,4304x1152,2,4958208,9916416,vision,vision_block,23,,EXCLUDED_INITIAL_VISION,KQ-TENSOR-CLASSIFICATION-v1:vision_block,EXCLUDED_INITIAL_SCOPE,
model.visual.blocks.23.mlp.linear_fc2.bias,model-00001-of-00131.safetensors,BF16,1152,1,1152,2304,vision,vision_block,23,,EXCLUDED_INITIAL_VISION,KQ-TENSOR-CLASSIFICATION-v1:vision_block,EXCLUDED_INITIAL_SCOPE,
model.visual.blocks.23.mlp.linear_fc2.weight,model-00001-of-00131.safetensors,BF16,1152x4304,2,4958208,9916416,vision,vision_block,23,,EXCLUDED_INITIAL_VISION,KQ-TENSOR-CLASSIFICATION-v1:vision_block,EXCLUDED_INITIAL_SCOPE,
model.visual.blocks.23.norm1.bias,model-00001-of-00131.safetensors,BF16,1152,1,1152,2304,vision,vision_block,23,,EXCLUDED_INITIAL_VISION,KQ-TENSOR-CLASSIFICATION-v1:vision_block,EXCLUDED_INITIAL_SCOPE,
model.visual.blocks.23.norm1.weight,model-00001-of-00131.safetensors,BF16,1152,1,1152,2304,vision,vision_block,23,,EXCLUDED_INITIAL_VISION,KQ-TENSOR-CLASSIFICATION-v1:vision_block,EXCLUDED_INITIAL_SCOPE,
model.visual.blocks.23.norm2.bias,model-00001-of-00131.safetensors,BF16,1152,1,1152,2304,vision,vision_block,23,,EXCLUDED_INITIAL_VISION,KQ-TENSOR-CLASSIFICATION-v1:vision_block,EXCLUDED_INITIAL_SCOPE,
model.visual.blocks.23.norm2.weight,model-00001-of-00131.safetensors,BF16,1152,1,1152,2304,vision,vision_block,23,,EXCLUDED_INITIAL_VISION,KQ-TENSOR-CLASSIFICATION-v1:vision_block,EXCLUDED_INITIAL_SCOPE,
model.visual.blocks.24.attn.proj.bias,model-00001-of-00131.safetensors,BF16,1152,1,1152,2304,vision,vision_block,24,,EXCLUDED_INITIAL_VISION,KQ-TENSOR-CLASSIFICATION-v1:vision_block,EXCLUDED_INITIAL_SCOPE,
model.visual.blocks.24.attn.proj.weight,model-00001-of-00131.safetensors,BF16,1152x1152,2,1327104,2654208,vision,vision_block,24,,EXCLUDED_INITIAL_VISION,KQ-TENSOR-CLASSIFICATION-v1:vision_block,EXCLUDED_INITIAL_SCOPE,
model.visual.blocks.24.attn.qkv.bias,model-00001-of-00131.safetensors,BF16,3456,1,3456,6912,vision,vision_block,24,,EXCLUDED_INITIAL_VISION,KQ-TENSOR-CLASSIFICATION-v1:vision_block,EXCLUDED_INITIAL_SCOPE,
model.visual.blocks.24.attn.qkv.weight,model-00001-of-00131.safetensors,BF16,3456x1152,2,3981312,7962624,vision,vision_block,24,,EXCLUDED_INITIAL_VISION,KQ-TENSOR-CLASSIFICATION-v1:vision_block,EXCLUDED_INITIAL_SCOPE,
model.visual.blocks.24.mlp.linear_fc1.bias,model-00001-of-00131.safetensors,BF16,4304,1,4304,8608,vision,vision_block,24,,EXCLUDED_INITIAL_VISION,KQ-TENSOR-CLASSIFICATION-v1:vision_block,EXCLUDED_INITIAL_SCOPE,
model.visual.blocks.24.mlp.linear_fc1.weight,model-00001-of-00131.safetensors,BF16,4304x1152,2,4958208,9916416,vision,vision_block,24,,EXCLUDED_INITIAL_VISION,KQ-TENSOR-CLASSIFICATION-v1:vision_block,EXCLUDED_INITIAL_SCOPE,
model.visual.blocks.24.mlp.linear_fc2.bias,model-00001-of-00131.safetensors,BF16,1152,1,1152,2304,vision,vision_block,24,,EXCLUDED_INITIAL_VISION,KQ-TENSOR-CLASSIFICATION-v1:vision_block,EXCLUDED_INITIAL_SCOPE,
model.visual.blocks.24.mlp.linear_fc2.weight,model-00001-of-00131.safetensors,BF16,1152x4304,2,4958208,9916416,vision,vision_block,24,,EXCLUDED_INITIAL_VISION,KQ-TENSOR-CLASSIFICATION-v1:vision_block,EXCLUDED_INITIAL_SCOPE,
model.visual.blocks.24.norm1.bias,model-00001-of-00131.safetensors,BF16,1152,1,1152,2304,vision,vision_block,24,,EXCLUDED_INITIAL_VISION,KQ-TENSOR-CLASSIFICATION-v1:vision_block,EXCLUDED_INITIAL_SCOPE,
model.visual.blocks.24.norm1.weight,model-00001-of-00131.safetensors,BF16,1152,1,1152,2304,vision,vision_block,24,,EXCLUDED_INITIAL_VISION,KQ-TENSOR-CLASSIFICATION-v1:vision_block,EXCLUDED_INITIAL_SCOPE,
model.visual.blocks.24.norm2.bias,model-00001-of-00131.safetensors,BF16,1152,1,1152,2304,vision,vision_block,24,,EXCLUDED_INITIAL_VISION,KQ-TENSOR-CLASSIFICATION-v1:vision_block,EXCLUDED_INITIAL_SCOPE,
model.visual.blocks.24.norm2.weight,model-00001-of-00131.safetensors,BF16,1152,1,1152,2304,vision,vision_block,24,,EXCLUDED_INITIAL_VISION,KQ-TENSOR-CLASSIFICATION-v1:vision_block,EXCLUDED_INITIAL_SCOPE,
model.visual.blocks.25.attn.proj.bias,model-00001-of-00131.safetensors,BF16,1152,1,1152,2304,vision,vision_block,25,,EXCLUDED_INITIAL_VISION,KQ-TENSOR-CLASSIFICATION-v1:vision_block,EXCLUDED_INITIAL_SCOPE,
model.visual.blocks.25.attn.proj.weight,model-00001-of-00131.safetensors,BF16,1152x1152,2,1327104,2654208,vision,vision_block,25,,EXCLUDED_INITIAL_VISION,KQ-TENSOR-CLASSIFICATION-v1:vision_block,EXCLUDED_INITIAL_SCOPE,
model.visual.blocks.25.attn.qkv.bias,model-00001-of-00131.safetensors,BF16,3456,1,3456,6912,vision,vision_block,25,,EXCLUDED_INITIAL_VISION,KQ-TENSOR-CLASSIFICATION-v1:vision_block,EXCLUDED_INITIAL_SCOPE,
model.visual.blocks.25.attn.qkv.weight,model-00001-of-00131.safetensors,BF16,3456x1152,2,3981312,7962624,vision,vision_block,25,,EXCLUDED_INITIAL_VISION,KQ-TENSOR-CLASSIFICATION-v1:vision_block,EXCLUDED_INITIAL_SCOPE,
model.visual.blocks.25.mlp.linear_fc1.bias,model-00001-of-00131.safetensors,BF16,4304,1,4304,8608,vision,vision_block,25,,EXCLUDED_INITIAL_VISION,KQ-TENSOR-CLASSIFICATION-v1:vision_block,EXCLUDED_INITIAL_SCOPE,
model.visual.blocks.25.mlp.linear_fc1.weight,model-00001-of-00131.safetensors,BF16,4304x1152,2,4958208,9916416,vision,vision_block,25,,EXCLUDED_INITIAL_VISION,KQ-TENSOR-CLASSIFICATION-v1:vision_block,EXCLUDED_INITIAL_SCOPE,
model.visual.blocks.25.mlp.linear_fc2.bias,model-00001-of-00131.safetensors,BF16,1152,1,1152,2304,vision,vision_block,25,,EXCLUDED_INITIAL_VISION,KQ-TENSOR-CLASSIFICATION-v1:vision_block,EXCLUDED_INITIAL_SCOPE,
model.visual.blocks.25.mlp.linear_fc2.weight,model-00001-of-00131.safetensors,BF16,1152x4304,2,4958208,9916416,vision,vision_block,25,,EXCLUDED_INITIAL_VISION,KQ-TENSOR-CLASSIFICATION-v1:vision_block,EXCLUDED_INITIAL_SCOPE,
model.visual.blocks.25.norm1.bias,model-00001-of-00131.safetensors,BF16,1152,1,1152,2304,vision,vision_block,25,,EXCLUDED_INITIAL_VISION,KQ-TENSOR-CLASSIFICATION-v1:vision_block,EXCLUDED_INITIAL_SCOPE,
model.visual.blocks.25.norm1.weight,model-00001-of-00131.safetensors,BF16,1152,1,1152,2304,vision,vision_block,25,,EXCLUDED_INITIAL_VISION,KQ-TENSOR-CLASSIFICATION-v1:vision_block,EXCLUDED_INITIAL_SCOPE,
model.visual.blocks.25.norm2.bias,model-00001-of-00131.safetensors,BF16,1152,1,1152,2304,vision,vision_block,25,,EXCLUDED_INITIAL_VISION,KQ-TENSOR-CLASSIFICATION-v1:vision_block,EXCLUDED_INITIAL_SCOPE,
model.visual.blocks.25.norm2.weight,model-00001-of-00131.safetensors,BF16,1152,1,1152,2304,vision,vision_block,25,,EXCLUDED_INITIAL_VISION,KQ-TENSOR-CLASSIFICATION-v1:vision_block,EXCLUDED_INITIAL_SCOPE,
model.visual.blocks.26.attn.proj.bias,model-00001-of-00131.safetensors,BF16,1152,1,1152,2304,vision,vision_block,26,,EXCLUDED_INITIAL_VISION,KQ-TENSOR-CLASSIFICATION-v1:vision_block,EXCLUDED_INITIAL_SCOPE,
model.visual.blocks.26.attn.proj.weight,model-00001-of-00131.safetensors,BF16,1152x1152,2,1327104,2654208,vision,vision_block,26,,EXCLUDED_INITIAL_VISION,KQ-TENSOR-CLASSIFICATION-v1:vision_block,EXCLUDED_INITIAL_SCOPE,
model.visual.blocks.26.attn.qkv.bias,model-00001-of-00131.safetensors,BF16,3456,1,3456,6912,vision,vision_block,26,,EXCLUDED_INITIAL_VISION,KQ-TENSOR-CLASSIFICATION-v1:vision_block,EXCLUDED_INITIAL_SCOPE,
model.visual.blocks.26.attn.qkv.weight,model-00001-of-00131.safetensors,BF16,3456x1152,2,3981312,7962624,vision,vision_block,26,,EXCLUDED_INITIAL_VISION,KQ-TENSOR-CLASSIFICATION-v1:vision_block,EXCLUDED_INITIAL_SCOPE,
model.visual.blocks.26.mlp.linear_fc1.bias,model-00001-of-00131.safetensors,BF16,4304,1,4304,8608,vision,vision_block,26,,EXCLUDED_INITIAL_VISION,KQ-TENSOR-CLASSIFICATION-v1:vision_block,EXCLUDED_INITIAL_SCOPE,
model.visual.blocks.26.mlp.linear_fc1.weight,model-00001-of-00131.safetensors,BF16,4304x1152,2,4958208,9916416,vision,vision_block,26,,EXCLUDED_INITIAL_VISION,KQ-TENSOR-CLASSIFICATION-v1:vision_block,EXCLUDED_INITIAL_SCOPE,
model.visual.blocks.26.mlp.linear_fc2.bias,model-00001-of-00131.safetensors,BF16,1152,1,1152,2304,vision,vision_block,26,,EXCLUDED_INITIAL_VISION,KQ-TENSOR-CLASSIFICATION-v1:vision_block,EXCLUDED_INITIAL_SCOPE,
model.visual.blocks.26.mlp.linear_fc2.weight,model-00001-of-00131.safetensors,BF16,1152x4304,2,4958208,9916416,vision,vision_block,26,,EXCLUDED_INITIAL_VISION,KQ-TENSOR-CLASSIFICATION-v1:vision_block,EXCLUDED_INITIAL_SCOPE,
model.visual.blocks.26.norm1.bias,model-00001-of-00131.safetensors,BF16,1152,1,1152,2304,vision,vision_block,26,,EXCLUDED_INITIAL_VISION,KQ-TENSOR-CLASSIFICATION-v1:vision_block,EXCLUDED_INITIAL_SCOPE,
model.visual.blocks.26.norm1.weight,model-00001-of-00131.safetensors,BF16,1152,1,1152,2304,vision,vision_block,26,,EXCLUDED_INITIAL_VISION,KQ-TENSOR-CLASSIFICATION-v1:vision_block,EXCLUDED_INITIAL_SCOPE,
model.visual.blocks.26.norm2.bias,model-00001-of-00131.safetensors,BF16,1152,1,1152,2304,vision,vision_block,26,,EXCLUDED_INITIAL_VISION,KQ-TENSOR-CLASSIFICATION-v1:vision_block,EXCLUDED_INITIAL_SCOPE,
model.visual.blocks.26.norm2.weight,model-00001-of-00131.safetensors,BF16,1152,1,1152,2304,vision,vision_block,26,,EXCLUDED_INITIAL_VISION,KQ-TENSOR-CLASSIFICATION-v1:vision_block,EXCLUDED_INITIAL_SCOPE,
model.visual.blocks.3.attn.proj.bias,model-00001-of-00131.safetensors,BF16,1152,1,1152,2304,vision,vision_block,3,,EXCLUDED_INITIAL_VISION,KQ-TENSOR-CLASSIFICATION-v1:vision_block,EXCLUDED_INITIAL_SCOPE,
model.visual.blocks.3.attn.proj.weight,model-00001-of-00131.safetensors,BF16,1152x1152,2,1327104,2654208,vision,vision_block,3,,EXCLUDED_INITIAL_VISION,KQ-TENSOR-CLASSIFICATION-v1:vision_block,EXCLUDED_INITIAL_SCOPE,
model.visual.blocks.3.attn.qkv.bias,model-00001-of-00131.safetensors,BF16,3456,1,3456,6912,vision,vision_block,3,,EXCLUDED_INITIAL_VISION,KQ-TENSOR-CLASSIFICATION-v1:vision_block,EXCLUDED_INITIAL_SCOPE,
model.visual.blocks.3.attn.qkv.weight,model-00001-of-00131.safetensors,BF16,3456x1152,2,3981312,7962624,vision,vision_block,3,,EXCLUDED_INITIAL_VISION,KQ-TENSOR-CLASSIFICATION-v1:vision_block,EXCLUDED_INITIAL_SCOPE,
model.visual.blocks.3.mlp.linear_fc1.bias,model-00001-of-00131.safetensors,BF16,4304,1,4304,8608,vision,vision_block,3,,EXCLUDED_INITIAL_VISION,KQ-TENSOR-CLASSIFICATION-v1:vision_block,EXCLUDED_INITIAL_SCOPE,
model.visual.blocks.3.mlp.linear_fc1.weight,model-00001-of-00131.safetensors,BF16,4304x1152,2,4958208,9916416,vision,vision_block,3,,EXCLUDED_INITIAL_VISION,KQ-TENSOR-CLASSIFICATION-v1:vision_block,EXCLUDED_INITIAL_SCOPE,
model.visual.blocks.3.mlp.linear_fc2.bias,model-00001-of-00131.safetensors,BF16,1152,1,1152,2304,vision,vision_block,3,,EXCLUDED_INITIAL_VISION,KQ-TENSOR-CLASSIFICATION-v1:vision_block,EXCLUDED_INITIAL_SCOPE,
model.visual.blocks.3.mlp.linear_fc2.weight,model-00001-of-00131.safetensors,BF16,1152x4304,2,4958208,9916416,vision,vision_block,3,,EXCLUDED_INITIAL_VISION,KQ-TENSOR-CLASSIFICATION-v1:vision_block,EXCLUDED_INITIAL_SCOPE,
model.visual.blocks.3.norm1.bias,model-00001-of-00131.safetensors,BF16,1152,1,1152,2304,vision,vision_block,3,,EXCLUDED_INITIAL_VISION,KQ-TENSOR-CLASSIFICATION-v1:vision_block,EXCLUDED_INITIAL_SCOPE,
model.visual.blocks.3.norm1.weight,model-00001-of-00131.safetensors,BF16,1152,1,1152,2304,vision,vision_block,3,,EXCLUDED_INITIAL_VISION,KQ-TENSOR-CLASSIFICATION-v1:vision_block,EXCLUDED_INITIAL_SCOPE,
model.visual.blocks.3.norm2.bias,model-00001-of-00131.safetensors,BF16,1152,1,1152,2304,vision,vision_block,3,,EXCLUDED_INITIAL_VISION,KQ-TENSOR-CLASSIFICATION-v1:vision_block,EXCLUDED_INITIAL_SCOPE,
model.visual.blocks.3.norm2.weight,model-00001-of-00131.safetensors,BF16,1152,1,1152,2304,vision,vision_block,3,,EXCLUDED_INITIAL_VISION,KQ-TENSOR-CLASSIFICATION-v1:vision_block,EXCLUDED_INITIAL_SCOPE,
model.visual.blocks.4.attn.proj.bias,model-00001-of-00131.safetensors,BF16,1152,1,1152,2304,vision,vision_block,4,,EXCLUDED_INITIAL_VISION,KQ-TENSOR-CLASSIFICATION-v1:vision_block,EXCLUDED_INITIAL_SCOPE,
model.visual.blocks.4.attn.proj.weight,model-00001-of-00131.safetensors,BF16,1152x1152,2,1327104,2654208,vision,vision_block,4,,EXCLUDED_INITIAL_VISION,KQ-TENSOR-CLASSIFICATION-v1:vision_block,EXCLUDED_INITIAL_SCOPE,
model.visual.blocks.4.attn.qkv.bias,model-00001-of-00131.safetensors,BF16,3456,1,3456,6912,vision,vision_block,4,,EXCLUDED_INITIAL_VISION,KQ-TENSOR-CLASSIFICATION-v1:vision_block,EXCLUDED_INITIAL_SCOPE,
model.visual.blocks.4.attn.qkv.weight,model-00001-of-00131.safetensors,BF16,3456x1152,2,3981312,7962624,vision,vision_block,4,,EXCLUDED_INITIAL_VISION,KQ-TENSOR-CLASSIFICATION-v1:vision_block,EXCLUDED_INITIAL_SCOPE,
model.visual.blocks.4.mlp.linear_fc1.bias,model-00001-of-00131.safetensors,BF16,4304,1,4304,8608,vision,vision_block,4,,EXCLUDED_INITIAL_VISION,KQ-TENSOR-CLASSIFICATION-v1:vision_block,EXCLUDED_INITIAL_SCOPE,
model.visual.blocks.4.mlp.linear_fc1.weight,model-00001-of-00131.safetensors,BF16,4304x1152,2,4958208,9916416,vision,vision_block,4,,EXCLUDED_INITIAL_VISION,KQ-TENSOR-CLASSIFICATION-v1:vision_block,EXCLUDED_INITIAL_SCOPE,
model.visual.blocks.4.mlp.linear_fc2.bias,model-00001-of-00131.safetensors,BF16,1152,1,1152,2304,vision,vision_block,4,,EXCLUDED_INITIAL_VISION,KQ-TENSOR-CLASSIFICATION-v1:vision_block,EXCLUDED_INITIAL_SCOPE,
model.visual.blocks.4.mlp.linear_fc2.weight,model-00001-of-00131.safetensors,BF16,1152x4304,2,4958208,9916416,vision,vision_block,4,,EXCLUDED_INITIAL_VISION,KQ-TENSOR-CLASSIFICATION-v1:vision_block,EXCLUDED_INITIAL_SCOPE,
model.visual.blocks.4.norm1.bias,model-00001-of-00131.safetensors,BF16,1152,1,1152,2304,vision,vision_block,4,,EXCLUDED_INITIAL_VISION,KQ-TENSOR-CLASSIFICATION-v1:vision_block,EXCLUDED_INITIAL_SCOPE,
model.visual.blocks.4.norm1.weight,model-00001-of-00131.safetensors,BF16,1152,1,1152,2304,vision,vision_block,4,,EXCLUDED_INITIAL_VISION,KQ-TENSOR-CLASSIFICATION-v1:vision_block,EXCLUDED_INITIAL_SCOPE,
model.visual.blocks.4.norm2.bias,model-00001-of-00131.safetensors,BF16,1152,1,1152,2304,vision,vision_block,4,,EXCLUDED_INITIAL_VISION,KQ-TENSOR-CLASSIFICATION-v1:vision_block,EXCLUDED_INITIAL_SCOPE,
model.visual.blocks.4.norm2.weight,model-00001-of-00131.safetensors,BF16,1152,1,1152,2304,vision,vision_block,4,,EXCLUDED_INITIAL_VISION,KQ-TENSOR-CLASSIFICATION-v1:vision_block,EXCLUDED_INITIAL_SCOPE,
model.visual.blocks.5.attn.proj.bias,model-00001-of-00131.safetensors,BF16,1152,1,1152,2304,vision,vision_block,5,,EXCLUDED_INITIAL_VISION,KQ-TENSOR-CLASSIFICATION-v1:vision_block,EXCLUDED_INITIAL_SCOPE,
model.visual.blocks.5.attn.proj.weight,model-00001-of-00131.safetensors,BF16,1152x1152,2,1327104,2654208,vision,vision_block,5,,EXCLUDED_INITIAL_VISION,KQ-TENSOR-CLASSIFICATION-v1:vision_block,EXCLUDED_INITIAL_SCOPE,
model.visual.blocks.5.attn.qkv.bias,model-00001-of-00131.safetensors,BF16,3456,1,3456,6912,vision,vision_block,5,,EXCLUDED_INITIAL_VISION,KQ-TENSOR-CLASSIFICATION-v1:vision_block,EXCLUDED_INITIAL_SCOPE,
model.visual.blocks.5.attn.qkv.weight,model-00001-of-00131.safetensors,BF16,3456x1152,2,3981312,7962624,vision,vision_block,5,,EXCLUDED_INITIAL_VISION,KQ-TENSOR-CLASSIFICATION-v1:vision_block,EXCLUDED_INITIAL_SCOPE,
model.visual.blocks.5.mlp.linear_fc1.bias,model-00001-of-00131.safetensors,BF16,4304,1,4304,8608,vision,vision_block,5,,EXCLUDED_INITIAL_VISION,KQ-TENSOR-CLASSIFICATION-v1:vision_block,EXCLUDED_INITIAL_SCOPE,
model.visual.blocks.5.mlp.linear_fc1.weight,model-00001-of-00131.safetensors,BF16,4304x1152,2,4958208,9916416,vision,vision_block,5,,EXCLUDED_INITIAL_VISION,KQ-TENSOR-CLASSIFICATION-v1:vision_block,EXCLUDED_INITIAL_SCOPE,
model.visual.blocks.5.mlp.linear_fc2.bias,model-00001-of-00131.safetensors,BF16,1152,1,1152,2304,vision,vision_block,5,,EXCLUDED_INITIAL_VISION,KQ-TENSOR-CLASSIFICATION-v1:vision_block,EXCLUDED_INITIAL_SCOPE,
model.visual.blocks.5.mlp.linear_fc2.weight,model-00001-of-00131.safetensors,BF16,1152x4304,2,4958208,9916416,vision,vision_block,5,,EXCLUDED_INITIAL_VISION,KQ-TENSOR-CLASSIFICATION-v1:vision_block,EXCLUDED_INITIAL_SCOPE,
model.visual.blocks.5.norm1.bias,model-00001-of-00131.safetensors,BF16,1152,1,1152,2304,vision,vision_block,5,,EXCLUDED_INITIAL_VISION,KQ-TENSOR-CLASSIFICATION-v1:vision_block,EXCLUDED_INITIAL_SCOPE,
model.visual.blocks.5.norm1.weight,model-00001-of-00131.safetensors,BF16,1152,1,1152,2304,vision,vision_block,5,,EXCLUDED_INITIAL_VISION,KQ-TENSOR-CLASSIFICATION-v1:vision_block,EXCLUDED_INITIAL_SCOPE,
model.visual.blocks.5.norm2.bias,model-00001-of-00131.safetensors,BF16,1152,1,1152,2304,vision,vision_block,5,,EXCLUDED_INITIAL_VISION,KQ-TENSOR-CLASSIFICATION-v1:vision_block,EXCLUDED_INITIAL_SCOPE,
model.visual.blocks.5.norm2.weight,model-00001-of-00131.safetensors,BF16,1152,1,1152,2304,vision,vision_block,5,,EXCLUDED_INITIAL_VISION,KQ-TENSOR-CLASSIFICATION-v1:vision_block,EXCLUDED_INITIAL_SCOPE,
model.visual.blocks.6.attn.proj.bias,model-00001-of-00131.safetensors,BF16,1152,1,1152,2304,vision,vision_block,6,,EXCLUDED_INITIAL_VISION,KQ-TENSOR-CLASSIFICATION-v1:vision_block,EXCLUDED_INITIAL_SCOPE,
model.visual.blocks.6.attn.proj.weight,model-00001-of-00131.safetensors,BF16,1152x1152,2,1327104,2654208,vision,vision_block,6,,EXCLUDED_INITIAL_VISION,KQ-TENSOR-CLASSIFICATION-v1:vision_block,EXCLUDED_INITIAL_SCOPE,
model.visual.blocks.6.attn.qkv.bias,model-00001-of-00131.safetensors,BF16,3456,1,3456,6912,vision,vision_block,6,,EXCLUDED_INITIAL_VISION,KQ-TENSOR-CLASSIFICATION-v1:vision_block,EXCLUDED_INITIAL_SCOPE,
model.visual.blocks.6.attn.qkv.weight,model-00001-of-00131.safetensors,BF16,3456x1152,2,3981312,7962624,vision,vision_block,6,,EXCLUDED_INITIAL_VISION,KQ-TENSOR-CLASSIFICATION-v1:vision_block,EXCLUDED_INITIAL_SCOPE,
model.visual.blocks.6.mlp.linear_fc1.bias,model-00001-of-00131.safetensors,BF16,4304,1,4304,8608,vision,vision_block,6,,EXCLUDED_INITIAL_VISION,KQ-TENSOR-CLASSIFICATION-v1:vision_block,EXCLUDED_INITIAL_SCOPE,
model.visual.blocks.6.mlp.linear_fc1.weight,model-00001-of-00131.safetensors,BF16,4304x1152,2,4958208,9916416,vision,vision_block,6,,EXCLUDED_INITIAL_VISION,KQ-TENSOR-CLASSIFICATION-v1:vision_block,EXCLUDED_INITIAL_SCOPE,
model.visual.blocks.6.mlp.linear_fc2.bias,model-00001-of-00131.safetensors,BF16,1152,1,1152,2304,vision,vision_block,6,,EXCLUDED_INITIAL_VISION,KQ-TENSOR-CLASSIFICATION-v1:vision_block,EXCLUDED_INITIAL_SCOPE,
model.visual.blocks.6.mlp.linear_fc2.weight,model-00001-of-00131.safetensors,BF16,1152x4304,2,4958208,9916416,vision,vision_block,6,,EXCLUDED_INITIAL_VISION,KQ-TENSOR-CLASSIFICATION-v1:vision_block,EXCLUDED_INITIAL_SCOPE,
model.visual.blocks.6.norm1.bias,model-00001-of-00131.safetensors,BF16,1152,1,1152,2304,vision,vision_block,6,,EXCLUDED_INITIAL_VISION,KQ-TENSOR-CLASSIFICATION-v1:vision_block,EXCLUDED_INITIAL_SCOPE,
model.visual.blocks.6.norm1.weight,model-00001-of-00131.safetensors,BF16,1152,1,1152,2304,vision,vision_block,6,,EXCLUDED_INITIAL_VISION,KQ-TENSOR-CLASSIFICATION-v1:vision_block,EXCLUDED_INITIAL_SCOPE,
model.visual.blocks.6.norm2.bias,model-00001-of-00131.safetensors,BF16,1152,1,1152,2304,vision,vision_block,6,,EXCLUDED_INITIAL_VISION,KQ-TENSOR-CLASSIFICATION-v1:vision_block,EXCLUDED_INITIAL_SCOPE,
model.visual.blocks.6.norm2.weight,model-00001-of-00131.safetensors,BF16,1152,1,1152,2304,vision,vision_block,6,,EXCLUDED_INITIAL_VISION,KQ-TENSOR-CLASSIFICATION-v1:vision_block,EXCLUDED_INITIAL_SCOPE,
model.visual.blocks.7.attn.proj.bias,model-00001-of-00131.safetensors,BF16,1152,1,1152,2304,vision,vision_block,7,,EXCLUDED_INITIAL_VISION,KQ-TENSOR-CLASSIFICATION-v1:vision_block,EXCLUDED_INITIAL_SCOPE,
model.visual.blocks.7.attn.proj.weight,model-00001-of-00131.safetensors,BF16,1152x1152,2,1327104,2654208,vision,vision_block,7,,EXCLUDED_INITIAL_VISION,KQ-TENSOR-CLASSIFICATION-v1:vision_block,EXCLUDED_INITIAL_SCOPE,
model.visual.blocks.7.attn.qkv.bias,model-00001-of-00131.safetensors,BF16,3456,1,3456,6912,vision,vision_block,7,,EXCLUDED_INITIAL_VISION,KQ-TENSOR-CLASSIFICATION-v1:vision_block,EXCLUDED_INITIAL_SCOPE,
model.visual.blocks.7.attn.qkv.weight,model-00001-of-00131.safetensors,BF16,3456x1152,2,3981312,7962624,vision,vision_block,7,,EXCLUDED_INITIAL_VISION,KQ-TENSOR-CLASSIFICATION-v1:vision_block,EXCLUDED_INITIAL_SCOPE,
model.visual.blocks.7.mlp.linear_fc1.bias,model-00001-of-00131.safetensors,BF16,4304,1,4304,8608,vision,vision_block,7,,EXCLUDED_INITIAL_VISION,KQ-TENSOR-CLASSIFICATION-v1:vision_block,EXCLUDED_INITIAL_SCOPE,
model.visual.blocks.7.mlp.linear_fc1.weight,model-00001-of-00131.safetensors,BF16,4304x1152,2,4958208,9916416,vision,vision_block,7,,EXCLUDED_INITIAL_VISION,KQ-TENSOR-CLASSIFICATION-v1:vision_block,EXCLUDED_INITIAL_SCOPE,
model.visual.blocks.7.mlp.linear_fc2.bias,model-00001-of-00131.safetensors,BF16,1152,1,1152,2304,vision,vision_block,7,,EXCLUDED_INITIAL_VISION,KQ-TENSOR-CLASSIFICATION-v1:vision_block,EXCLUDED_INITIAL_SCOPE,
model.visual.blocks.7.mlp.linear_fc2.weight,model-00001-of-00131.safetensors,BF16,1152x4304,2,4958208,9916416,vision,vision_block,7,,EXCLUDED_INITIAL_VISION,KQ-TENSOR-CLASSIFICATION-v1:vision_block,EXCLUDED_INITIAL_SCOPE,
model.visual.blocks.7.norm1.bias,model-00001-of-00131.safetensors,BF16,1152,1,1152,2304,vision,vision_block,7,,EXCLUDED_INITIAL_VISION,KQ-TENSOR-CLASSIFICATION-v1:vision_block,EXCLUDED_INITIAL_SCOPE,
model.visual.blocks.7.norm1.weight,model-00001-of-00131.safetensors,BF16,1152,1,1152,2304,vision,vision_block,7,,EXCLUDED_INITIAL_VISION,KQ-TENSOR-CLASSIFICATION-v1:vision_block,EXCLUDED_INITIAL_SCOPE,
model.visual.blocks.7.norm2.bias,model-00001-of-00131.safetensors,BF16,1152,1,1152,2304,vision,vision_block,7,,EXCLUDED_INITIAL_VISION,KQ-TENSOR-CLASSIFICATION-v1:vision_block,EXCLUDED_INITIAL_SCOPE,
model.visual.blocks.7.norm2.weight,model-00001-of-00131.safetensors,BF16,1152,1,1152,2304,vision,vision_block,7,,EXCLUDED_INITIAL_VISION,KQ-TENSOR-CLASSIFICATION-v1:vision_block,EXCLUDED_INITIAL_SCOPE,
model.visual.blocks.8.attn.proj.bias,model-00001-of-00131.safetensors,BF16,1152,1,1152,2304,vision,vision_block,8,,EXCLUDED_INITIAL_VISION,KQ-TENSOR-CLASSIFICATION-v1:vision_block,EXCLUDED_INITIAL_SCOPE,
model.visual.blocks.8.attn.proj.weight,model-00001-of-00131.safetensors,BF16,1152x1152,2,1327104,2654208,vision,vision_block,8,,EXCLUDED_INITIAL_VISION,KQ-TENSOR-CLASSIFICATION-v1:vision_block,EXCLUDED_INITIAL_SCOPE,
model.visual.blocks.8.attn.qkv.bias,model-00001-of-00131.safetensors,BF16,3456,1,3456,6912,vision,vision_block,8,,EXCLUDED_INITIAL_VISION,KQ-TENSOR-CLASSIFICATION-v1:vision_block,EXCLUDED_INITIAL_SCOPE,
model.visual.blocks.8.attn.qkv.weight,model-00001-of-00131.safetensors,BF16,3456x1152,2,3981312,7962624,vision,vision_block,8,,EXCLUDED_INITIAL_VISION,KQ-TENSOR-CLASSIFICATION-v1:vision_block,EXCLUDED_INITIAL_SCOPE,
model.visual.blocks.8.mlp.linear_fc1.bias,model-00001-of-00131.safetensors,BF16,4304,1,4304,8608,vision,vision_block,8,,EXCLUDED_INITIAL_VISION,KQ-TENSOR-CLASSIFICATION-v1:vision_block,EXCLUDED_INITIAL_SCOPE,
model.visual.blocks.8.mlp.linear_fc1.weight,model-00001-of-00131.safetensors,BF16,4304x1152,2,4958208,9916416,vision,vision_block,8,,EXCLUDED_INITIAL_VISION,KQ-TENSOR-CLASSIFICATION-v1:vision_block,EXCLUDED_INITIAL_SCOPE,
model.visual.blocks.8.mlp.linear_fc2.bias,model-00001-of-00131.safetensors,BF16,1152,1,1152,2304,vision,vision_block,8,,EXCLUDED_INITIAL_VISION,KQ-TENSOR-CLASSIFICATION-v1:vision_block,EXCLUDED_INITIAL_SCOPE,
model.visual.blocks.8.mlp.linear_fc2.weight,model-00001-of-00131.safetensors,BF16,1152x4304,2,4958208,9916416,vision,vision_block,8,,EXCLUDED_INITIAL_VISION,KQ-TENSOR-CLASSIFICATION-v1:vision_block,EXCLUDED_INITIAL_SCOPE,
model.visual.blocks.8.norm1.bias,model-00001-of-00131.safetensors,BF16,1152,1,1152,2304,vision,vision_block,8,,EXCLUDED_INITIAL_VISION,KQ-TENSOR-CLASSIFICATION-v1:vision_block,EXCLUDED_INITIAL_SCOPE,
model.visual.blocks.8.norm1.weight,model-00001-of-00131.safetensors,BF16,1152,1,1152,2304,vision,vision_block,8,,EXCLUDED_INITIAL_VISION,KQ-TENSOR-CLASSIFICATION-v1:vision_block,EXCLUDED_INITIAL_SCOPE,
model.visual.blocks.8.norm2.bias,model-00001-of-00131.safetensors,BF16,1152,1,1152,2304,vision,vision_block,8,,EXCLUDED_INITIAL_VISION,KQ-TENSOR-CLASSIFICATION-v1:vision_block,EXCLUDED_INITIAL_SCOPE,
model.visual.blocks.8.norm2.weight,model-00001-of-00131.safetensors,BF16,1152,1,1152,2304,vision,vision_block,8,,EXCLUDED_INITIAL_VISION,KQ-TENSOR-CLASSIFICATION-v1:vision_block,EXCLUDED_INITIAL_SCOPE,
model.visual.blocks.9.attn.proj.bias,model-00001-of-00131.safetensors,BF16,1152,1,1152,2304,vision,vision_block,9,,EXCLUDED_INITIAL_VISION,KQ-TENSOR-CLASSIFICATION-v1:vision_block,EXCLUDED_INITIAL_SCOPE,
model.visual.blocks.9.attn.proj.weight,model-00001-of-00131.safetensors,BF16,1152x1152,2,1327104,2654208,vision,vision_block,9,,EXCLUDED_INITIAL_VISION,KQ-TENSOR-CLASSIFICATION-v1:vision_block,EXCLUDED_INITIAL_SCOPE,
model.visual.blocks.9.attn.qkv.bias,model-00001-of-00131.safetensors,BF16,3456,1,3456,6912,vision,vision_block,9,,EXCLUDED_INITIAL_VISION,KQ-TENSOR-CLASSIFICATION-v1:vision_block,EXCLUDED_INITIAL_SCOPE,
model.visual.blocks.9.attn.qkv.weight,model-00001-of-00131.safetensors,BF16,3456x1152,2,3981312,7962624,vision,vision_block,9,,EXCLUDED_INITIAL_VISION,KQ-TENSOR-CLASSIFICATION-v1:vision_block,EXCLUDED_INITIAL_SCOPE,
model.visual.blocks.9.mlp.linear_fc1.bias,model-00001-of-00131.safetensors,BF16,4304,1,4304,8608,vision,vision_block,9,,EXCLUDED_INITIAL_VISION,KQ-TENSOR-CLASSIFICATION-v1:vision_block,EXCLUDED_INITIAL_SCOPE,
model.visual.blocks.9.mlp.linear_fc1.weight,model-00001-of-00131.safetensors,BF16,4304x1152,2,4958208,9916416,vision,vision_block,9,,EXCLUDED_INITIAL_VISION,KQ-TENSOR-CLASSIFICATION-v1:vision_block,EXCLUDED_INITIAL_SCOPE,
model.visual.blocks.9.mlp.linear_fc2.bias,model-00001-of-00131.safetensors,BF16,1152,1,1152,2304,vision,vision_block,9,,EXCLUDED_INITIAL_VISION,KQ-TENSOR-CLASSIFICATION-v1:vision_block,EXCLUDED_INITIAL_SCOPE,
model.visual.blocks.9.mlp.linear_fc2.weight,model-00001-of-00131.safetensors,BF16,1152x4304,2,4958208,9916416,vision,vision_block,9,,EXCLUDED_INITIAL_VISION,KQ-TENSOR-CLASSIFICATION-v1:vision_block,EXCLUDED_INITIAL_SCOPE,
model.visual.blocks.9.norm1.bias,model-00001-of-00131.safetensors,BF16,1152,1,1152,2304,vision,vision_block,9,,EXCLUDED_INITIAL_VISION,KQ-TENSOR-CLASSIFICATION-v1:vision_block,EXCLUDED_INITIAL_SCOPE,
model.visual.blocks.9.norm1.weight,model-00001-of-00131.safetensors,BF16,1152,1,1152,2304,vision,vision_block,9,,EXCLUDED_INITIAL_VISION,KQ-TENSOR-CLASSIFICATION-v1:vision_block,EXCLUDED_INITIAL_SCOPE,
model.visual.blocks.9.norm2.bias,model-00001-of-00131.safetensors,BF16,1152,1,1152,2304,vision,vision_block,9,,EXCLUDED_INITIAL_VISION,KQ-TENSOR-CLASSIFICATION-v1:vision_block,EXCLUDED_INITIAL_SCOPE,
model.visual.blocks.9.norm2.weight,model-00001-of-00131.safetensors,BF16,1152,1,1152,2304,vision,vision_block,9,,EXCLUDED_INITIAL_VISION,KQ-TENSOR-CLASSIFICATION-v1:vision_block,EXCLUDED_INITIAL_SCOPE,
model.visual.merger.linear_fc1.bias,model-00001-of-00131.safetensors,BF16,4608,1,4608,9216,vision,multimodal_merger,,,EXCLUDED_INITIAL_VISION,KQ-TENSOR-CLASSIFICATION-v1:multimodal_merger,EXCLUDED_INITIAL_SCOPE,
model.visual.merger.linear_fc1.weight,model-00001-of-00131.safetensors,BF16,4608x4608,2,21233664,42467328,vision,multimodal_merger,,,EXCLUDED_INITIAL_VISION,KQ-TENSOR-CLASSIFICATION-v1:multimodal_merger,EXCLUDED_INITIAL_SCOPE,
model.visual.merger.linear_fc2.bias,model-00001-of-00131.safetensors,BF16,2560,1,2560,5120,vision,multimodal_merger,,,EXCLUDED_INITIAL_VISION,KQ-TENSOR-CLASSIFICATION-v1:multimodal_merger,EXCLUDED_INITIAL_SCOPE,
model.visual.merger.linear_fc2.weight,model-00001-of-00131.safetensors,BF16,2560x4608,2,11796480,23592960,vision,multimodal_merger,,,EXCLUDED_INITIAL_VISION,KQ-TENSOR-CLASSIFICATION-v1:multimodal_merger,EXCLUDED_INITIAL_SCOPE,
model.visual.merger.norm.bias,model-00001-of-00131.safetensors,BF16,1152,1,1152,2304,vision,multimodal_merger,,,EXCLUDED_INITIAL_VISION,KQ-TENSOR-CLASSIFICATION-v1:multimodal_merger,EXCLUDED_INITIAL_SCOPE,
model.visual.merger.norm.weight,model-00001-of-00131.safetensors,BF16,1152,1,1152,2304,vision,multimodal_merger,,,EXCLUDED_INITIAL_VISION,KQ-TENSOR-CLASSIFICATION-v1:multimodal_merger,EXCLUDED_INITIAL_SCOPE,
model.visual.patch_embed.proj.bias,model-00001-of-00131.safetensors,BF16,1152,1,1152,2304,vision,vision_patch_embedding,,,EXCLUDED_INITIAL_VISION,KQ-TENSOR-CLASSIFICATION-v1:vision_patch_embedding,EXCLUDED_INITIAL_SCOPE,
model.visual.patch_embed.proj.weight,model-00001-of-00131.safetensors,BF16,1152x3x2x16x16,5,1769472,3538944,vision,vision_patch_embedding,,,EXCLUDED_INITIAL_VISION,KQ-TENSOR-CLASSIFICATION-v1:vision_patch_embedding,EXCLUDED_INITIAL_SCOPE,
model.visual.pos_embed.weight,model-00001-of-00131.safetensors,BF16,2304x1152,2,2654208,5308416,vision,vision_position_embedding,,,EXCLUDED_INITIAL_VISION,KQ-TENSOR-CLASSIFICATION-v1:vision_position_embedding,EXCLUDED_INITIAL_SCOPE,
mtp.fc_embedding.weight,model-00120-of-00131.safetensors,BF16,2560x2560,2,6553600,13107200,mtp,mtp_input_fusion,,,EXCLUDED_INITIAL_MTP,KQ-TENSOR-CLASSIFICATION-v1:mtp_input_fusion,EXCLUDED_INITIAL_SCOPE,
mtp.fc_hidden.weight,model-00124-of-00131.safetensors,BF16,2560x2560,2,6553600,13107200,mtp,mtp_input_fusion,,,EXCLUDED_INITIAL_MTP,KQ-TENSOR-CLASSIFICATION-v1:mtp_input_fusion,EXCLUDED_INITIAL_SCOPE,
mtp.hyper_connection_mixer.hc_norm.weight,model-00037-of-00131.safetensors,BF16,10240,1,10240,20480,mtp,mtp_gated_residual,,,EXCLUDED_INITIAL_MTP,KQ-TENSOR-CLASSIFICATION-v1:mtp_gated_residual,EXCLUDED_INITIAL_SCOPE,
mtp.hyper_connection_mixer.input_mix_weight_down.weight,model-00041-of-00131.safetensors,BF16,320x10240,2,3276800,6553600,mtp,mtp_gated_residual,,,EXCLUDED_INITIAL_MTP,KQ-TENSOR-CLASSIFICATION-v1:mtp_gated_residual,EXCLUDED_INITIAL_SCOPE,
mtp.hyper_connection_mixer.input_mix_weight_up.weight,model-00043-of-00131.safetensors,BF16,10240x320,2,3276800,6553600,mtp,mtp_gated_residual,,,EXCLUDED_INITIAL_MTP,KQ-TENSOR-CLASSIFICATION-v1:mtp_gated_residual,EXCLUDED_INITIAL_SCOPE,
mtp.layers.0.attn_hyper_connection.block_inject_weight.weight,model-00047-of-00131.safetensors,BF16,4x10240,2,40960,81920,mtp,mtp_gated_residual,0,,EXCLUDED_INITIAL_MTP,KQ-TENSOR-CLASSIFICATION-v1:mtp_gated_residual,EXCLUDED_INITIAL_SCOPE,
mtp.layers.0.attn_hyper_connection.hc_norm.weight,model-00049-of-00131.safetensors,BF16,10240,1,10240,20480,mtp,mtp_gated_residual,0,,EXCLUDED_INITIAL_MTP,KQ-TENSOR-CLASSIFICATION-v1:mtp_gated_residual,EXCLUDED_INITIAL_SCOPE,
mtp.layers.0.attn_hyper_connection.input_mix_weight_down.weight,model-00053-of-00131.safetensors,BF16,320x10240,2,3276800,6553600,mtp,mtp_gated_residual,0,,EXCLUDED_INITIAL_MTP,KQ-TENSOR-CLASSIFICATION-v1:mtp_gated_residual,EXCLUDED_INITIAL_SCOPE,
mtp.layers.0.attn_hyper_connection.input_mix_weight_up.weight,model-00057-of-00131.safetensors,BF16,10240x320,2,3276800,6553600,mtp,mtp_gated_residual,0,,EXCLUDED_INITIAL_MTP,KQ-TENSOR-CLASSIFICATION-v1:mtp_gated_residual,EXCLUDED_INITIAL_SCOPE,
mtp.layers.0.mlp.experts.down_proj,model-00062-of-00131.safetensors,BF16,512x2560x640,3,838860800,1677721600,mtp,mtp_routed_experts,0,STACKED_0_511,EXCLUDED_INITIAL_MTP,KQ-TENSOR-CLASSIFICATION-v1:mtp_routed_experts,EXCLUDED_INITIAL_SCOPE,canonical tensor stacks all 512 routed experts
mtp.layers.0.mlp.experts.gate_up_proj,model-00060-of-00131.safetensors,BF16,512x1280x2560,3,1677721600,3355443200,mtp,mtp_routed_experts,0,STACKED_0_511,EXCLUDED_INITIAL_MTP,KQ-TENSOR-CLASSIFICATION-v1:mtp_routed_experts,EXCLUDED_INITIAL_SCOPE,canonical tensor stacks all 512 routed experts
mtp.layers.0.mlp.gate.weight,model-00066-of-00131.safetensors,BF16,512x2560,2,1310720,2621440,mtp,mtp_router,0,,EXCLUDED_INITIAL_MTP,KQ-TENSOR-CLASSIFICATION-v1:mtp_router,EXCLUDED_INITIAL_SCOPE,
mtp.layers.0.mlp.shared_expert.down_proj.weight,model-00076-of-00131.safetensors,BF16,2560x640,2,1638400,3276800,mtp,mtp_shared_expert,0,,EXCLUDED_INITIAL_MTP,KQ-TENSOR-CLASSIFICATION-v1:mtp_shared_expert,EXCLUDED_INITIAL_SCOPE,
mtp.layers.0.mlp.shared_expert.gate_proj.weight,model-00072-of-00131.safetensors,BF16,640x2560,2,1638400,3276800,mtp,mtp_shared_expert,0,,EXCLUDED_INITIAL_MTP,KQ-TENSOR-CLASSIFICATION-v1:mtp_shared_expert,EXCLUDED_INITIAL_SCOPE,
mtp.layers.0.mlp.shared_expert.up_proj.weight,model-00072-of-00131.safetensors,BF16,640x2560,2,1638400,3276800,mtp,mtp_shared_expert,0,,EXCLUDED_INITIAL_MTP,KQ-TENSOR-CLASSIFICATION-v1:mtp_shared_expert,EXCLUDED_INITIAL_SCOPE,
mtp.layers.0.mlp.shared_expert_gate.weight,model-00070-of-00131.safetensors,BF16,1x2560,2,2560,5120,mtp,mtp_shared_expert,0,,EXCLUDED_INITIAL_MTP,KQ-TENSOR-CLASSIFICATION-v1:mtp_shared_expert,EXCLUDED_INITIAL_SCOPE,
mtp.layers.0.mlp_hyper_connection.block_inject_weight.weight,model-00078-of-00131.safetensors,BF16,4x10240,2,40960,81920,mtp,mtp_gated_residual,0,,EXCLUDED_INITIAL_MTP,KQ-TENSOR-CLASSIFICATION-v1:mtp_gated_residual,EXCLUDED_INITIAL_SCOPE,
mtp.layers.0.mlp_hyper_connection.hc_norm.weight,model-00082-of-00131.safetensors,BF16,10240,1,10240,20480,mtp,mtp_gated_residual,0,,EXCLUDED_INITIAL_MTP,KQ-TENSOR-CLASSIFICATION-v1:mtp_gated_residual,EXCLUDED_INITIAL_SCOPE,
mtp.layers.0.mlp_hyper_connection.input_mix_weight_down.weight,model-00086-of-00131.safetensors,BF16,320x10240,2,3276800,6553600,mtp,mtp_gated_residual,0,,EXCLUDED_INITIAL_MTP,KQ-TENSOR-CLASSIFICATION-v1:mtp_gated_residual,EXCLUDED_INITIAL_SCOPE,
mtp.layers.0.mlp_hyper_connection.input_mix_weight_up.weight,model-00088-of-00131.safetensors,BF16,10240x320,2,3276800,6553600,mtp,mtp_gated_residual,0,,EXCLUDED_INITIAL_MTP,KQ-TENSOR-CLASSIFICATION-v1:mtp_gated_residual,EXCLUDED_INITIAL_SCOPE,
mtp.layers.0.self_attn.indexer.index_qk_proj.weight,model-00090-of-00131.safetensors,BF16,640x2560,2,1638400,3276800,mtp,mtp_qsa_indexer,0,,EXCLUDED_INITIAL_MTP,KQ-TENSOR-CLASSIFICATION-v1:mtp_qsa_indexer,EXCLUDED_INITIAL_SCOPE,
mtp.layers.0.self_attn.indexer.k_layernorm.weight,model-00094-of-00131.safetensors,BF16,128,1,128,256,mtp,mtp_qsa_indexer,0,,EXCLUDED_INITIAL_MTP,KQ-TENSOR-CLASSIFICATION-v1:mtp_qsa_indexer,EXCLUDED_INITIAL_SCOPE,
mtp.layers.0.self_attn.indexer.q_layernorm.weight,model-00100-of-00131.safetensors,BF16,128,1,128,256,mtp,mtp_qsa_indexer,0,,EXCLUDED_INITIAL_MTP,KQ-TENSOR-CLASSIFICATION-v1:mtp_qsa_indexer,EXCLUDED_INITIAL_SCOPE,
mtp.layers.0.self_attn.k_norm.weight,model-00102-of-00131.safetensors,BF16,256,1,256,512,mtp,mtp_qsa_attention,0,,EXCLUDED_INITIAL_MTP,KQ-TENSOR-CLASSIFICATION-v1:mtp_qsa_attention,EXCLUDED_INITIAL_SCOPE,
mtp.layers.0.self_attn.k_proj.weight,model-00108-of-00131.safetensors,BF16,512x2560,2,1310720,2621440,mtp,mtp_qsa_attention,0,,EXCLUDED_INITIAL_MTP,KQ-TENSOR-CLASSIFICATION-v1:mtp_qsa_attention,EXCLUDED_INITIAL_SCOPE,
mtp.layers.0.self_attn.o_proj.weight,model-00106-of-00131.safetensors,BF16,2560x6144,2,15728640,31457280,mtp,mtp_qsa_attention,0,,EXCLUDED_INITIAL_MTP,KQ-TENSOR-CLASSIFICATION-v1:mtp_qsa_attention,EXCLUDED_INITIAL_SCOPE,
mtp.layers.0.self_attn.q_norm.weight,model-00112-of-00131.safetensors,BF16,256,1,256,512,mtp,mtp_qsa_attention,0,,EXCLUDED_INITIAL_MTP,KQ-TENSOR-CLASSIFICATION-v1:mtp_qsa_attention,EXCLUDED_INITIAL_SCOPE,
mtp.layers.0.self_attn.q_proj.weight,model-00108-of-00131.safetensors,BF16,12288x2560,2,31457280,62914560,mtp,mtp_qsa_attention,0,,EXCLUDED_INITIAL_MTP,KQ-TENSOR-CLASSIFICATION-v1:mtp_qsa_attention,EXCLUDED_INITIAL_SCOPE,
mtp.layers.0.self_attn.v_proj.weight,model-00108-of-00131.safetensors,BF16,512x2560,2,1310720,2621440,mtp,mtp_qsa_attention,0,,EXCLUDED_INITIAL_MTP,KQ-TENSOR-CLASSIFICATION-v1:mtp_qsa_attention,EXCLUDED_INITIAL_SCOPE,
mtp.pre_fc_norm_embedding.weight,model-00114-of-00131.safetensors,BF16,2560,1,2560,5120,mtp,mtp_input_fusion,,,EXCLUDED_INITIAL_MTP,KQ-TENSOR-CLASSIFICATION-v1:mtp_input_fusion,EXCLUDED_INITIAL_SCOPE,
mtp.pre_fc_norm_hidden.weight,model-00118-of-00131.safetensors,BF16,10240,1,10240,20480,mtp,mtp_input_fusion,,,EXCLUDED_INITIAL_MTP,KQ-TENSOR-CLASSIFICATION-v1:mtp_input_fusion,EXCLUDED_INITIAL_SCOPE,
